name,record,height,weight,reach,stance,dob,SLpM,Str. Acc.,SApM,Str. Def,TD Avg.,TD Acc.,TD Def.,Sub. Avg.,url
Scott Ferrozzo,4-2-0,"5' 11""",323 lbs.,--,Orthodox,"Apr 26, 1965",:0.00,:0%,:0.00,:0%,:0.00,:0%,:0%,:0.0,http://ufcstats.com/fighter-details/977081bc01197656
Carl Seumanutafa,10-8-0,"6' 1""",255 lbs.,--,Orthodox,"Jun 15, 1983",:0.00,:0%,:3.33,:75%,:0.00,:0%,:0%,:0.0,http://ufcstats.com/fighter-details/dadaeb402526dca5
Carlton Jones,1-4-0,"6' 1""",225 lbs.,--,Orthodox,--,:2.32,:41%,:3.58,:56%,:4.02,:50%,:57%,:2.7,http://ufcstats.com/fighter-details/f117c3e8c1aa7b9e
Julia Avila,9-4-0,"5' 7""",135 lbs.,"68""",Orthodox,"May 11, 1988",:2.81,:42%,:3.28,:55%,:0.63,:37%,:52%,:0.2,http://ufcstats.com/fighter-details/86d9dbe1bfcbade7
Jason Witt,19-9-0,"5' 10""",170 lbs.,"70""",Orthodox,"Nov 07, 1986",:2.15,:44%,:2.54,:52%,:6.90,:48%,:100%,:0.9,http://ufcstats.com/fighter-details/5f3805dda9661cba
Ti Haitao,16-6-0,--,135 lbs.,--,,--,:0.00,:0%,:0.00,:0%,:0.00,:0%,:0%,:0.0,http://ufcstats.com/fighter-details/3848cd6cac73e091
Deiveson Figueiredo,24-5-1,"5' 5""",135 lbs.,"68""",Orthodox,"Dec 18, 1987",:2.82,:54%,:3.64,:49%,:1.69,:35%,:58%,:1.4,http://ufcstats.com/fighter-details/aa72b0f831d0bfe5
Jim Alers,13-3-0 (1 NC),"5' 9""",145 lbs.,"71""",Orthodox,"Oct 14, 1986",:2.90,:40%,:4.38,:56%,:2.26,:41%,:80%,:0.3,http://ufcstats.com/fighter-details/fe5a9547479396ab
Ryan Janes,10-3-0,"6' 3""",185 lbs.,"76""",Orthodox,"Aug 22, 1981",:7.69,:48%,:5.53,:59%,:0.35,:100%,:58%,:0.0,http://ufcstats.com/fighter-details/b59037262c8fe060
Sean O'Malley,18-3-0 (1 NC),"5' 11""",135 lbs.,"72""",Switch,"Oct 24, 1994",:6.30,:61%,:3.48,:60%,:0.27,:42%,:61%,:0.3,http://ufcstats.com/fighter-details/b50a426a33da0012
Gustavo Lopez,12-6-1,"5' 5""",135 lbs.,"67""",Orthodox,"Jun 27, 1989",:2.48,:40%,:3.87,:57%,:1.74,:41%,:31%,:0.7,http://ufcstats.com/fighter-details/93b62c5f2ba18e51
Tim Catalfo,4-2-0,"5' 11""",235 lbs.,--,Orthodox,--,:0.39,:100%,:0.77,:33%,:0.00,:0%,:0%,:0.0,http://ufcstats.com/fighter-details/6ca68b636fbc1f18
Corey Anderson,14-5-0,"6' 3""",205 lbs.,"79""",Orthodox,"Sep 22, 1989",:4.43,:46%,:2.22,:59%,:4.89,:50%,:83%,:0.0,http://ufcstats.com/fighter-details/5e4eec08896c9423
David Mgoyan,7-1-0,"5' 9""",145 lbs.,"70""",Orthodox,"Jun 25, 2004",:5.67,:44%,:7.53,:48%,:2.00,:16%,:100%,:1.0,http://ufcstats.com/fighter-details/8f003ef7e0d9a139
Ahmad Hassanzada,11-3-0,"6' 1""",155 lbs.,"75""",Orthodox,"Nov 20, 1996",:3.16,:39%,:4.42,:38%,:2.43,:19%,:0%,:1.2,http://ufcstats.com/fighter-details/bf7a64d9ae343e86
Kaynan Kruschewsky,15-3-0 (1 NC),"6' 0""",155 lbs.,"73""",Orthodox,"Apr 04, 1991",:5.67,:50%,:5.71,:46%,:2.74,:100%,:75%,:2.1,http://ufcstats.com/fighter-details/ca36633b80be4a78
Ricky Rainey,12-6-0,"6' 1""",170 lbs.,"77""",Switch,"Jun 29, 1983",:2.55,:48%,:2.62,:46%,:0.95,:18%,:55%,:0.0,http://ufcstats.com/fighter-details/9b1e3fb4f8cbd5b7
Joe Cason,9-1-0,"6' 3""",205 lbs.,--,,"Jan 19, 1988",:4.17,:55%,:10.83,:23%,:0.00,:0%,:0%,:0.0,http://ufcstats.com/fighter-details/2b1c6f28039efe36
John Kelly,5-4-0,"5' 9""",170 lbs.,--,,"Aug 02, 1978",:0.00,:0%,:0.00,:0%,:0.00,:0%,:0%,:0.0,http://ufcstats.com/fighter-details/ace83095105dd205
Roberto Romero,8-5-1,"5' 8""",145 lbs.,"70""",Orthodox,"Jan 30, 2000",:4.56,:49%,:6.44,:44%,:0.00,:0%,:71%,:0.0,http://ufcstats.com/fighter-details/15ea371202eb25e1
Loopy Godinez,14-5-0,"5' 2""",115 lbs.,"61""",Orthodox,"Sep 06, 1993",:4.51,:49%,:4.03,:62%,:2.96,:41%,:81%,:0.9,http://ufcstats.com/fighter-details/8e5d953bdb9ae5e7
Landon Showalter,11-19-1,"6' 0""",185 lbs.,--,,"Jun 14, 1976",:0.00,:0%,:0.00,:0%,:0.00,:0%,:0%,:0.0,http://ufcstats.com/fighter-details/35cc17760b06f36d
Frank Hamaker,1-0-0,--,--,--,,--,:0.00,:0%,:0.00,:0%,:0.00,:0%,:0%,:0.0,http://ufcstats.com/fighter-details/c3c23c99477c041b
Rafael Freitas,3-6-0 (1 NC),--,205 lbs.,--,Orthodox,--,:2.00,:29%,:8.00,:51%,:11.25,:50%,:0%,:0.0,http://ufcstats.com/fighter-details/14b9e0f2679a2205
Dave Dalgliesh,30-19-2,"6' 2""",205 lbs.,--,Orthodox,"Apr 05, 1978",:0.00,:0%,:1.85,:50%,:0.00,:0%,:0%,:0.0,http://ufcstats.com/fighter-details/ddbd0d6259ce57cc
Leandro Issa,13-6-0,"5' 7""",135 lbs.,"69""",Orthodox,"Sep 19, 1983",:2.08,:37%,:3.17,:58%,:2.38,:22%,:50%,:1.2,http://ufcstats.com/fighter-details/d1e1fdcea7c8a90a
Dustin Neace,25-21-1 (1 NC),"5' 9""",145 lbs.,"69""",,"Sep 12, 1986",:2.08,:32%,:2.66,:56%,:0.00,:0%,:0%,:1.7,http://ufcstats.com/fighter-details/e503aa5c252a1b4d
Mario Sousa,15-3-0,"6' 3""",185 lbs.,"79""",Orthodox,"Oct 20, 1996",:2.82,:50%,:2.99,:28%,:0.52,:25%,:37%,:0.5,http://ufcstats.com/fighter-details/72782745eb47161a
Cameron VanCamp,15-7-1 (1 NC),"6' 2""",155 lbs.,"74""",Switch,"Apr 27, 1993",:5.31,:47%,:6.41,:40%,:0.00,:0%,:0%,:0.0,http://ufcstats.com/fighter-details/87e2468b986ebb79
Eli Aronov,6-1-0,"5' 10""",185 lbs.,"72""",Orthodox,"Jun 06, 1996",:8.92,:68%,:6.49,:38%,:12.16,:100%,:0%,:0.0,http://ufcstats.com/fighter-details/a90c200c3fbb22c4
Dominic Brown,16-23-0,"5' 11""",190 lbs.,--,,"Jun 04, 1982",:0.00,:0%,:0.00,:0%,:0.00,:0%,:0%,:0.0,http://ufcstats.com/fighter-details/52b3ec072ad497a4
Mark Godbeer,13-4-0,"6' 4""",240 lbs.,"77""",Orthodox,"Nov 22, 1983",:3.97,:53%,:3.30,:54%,:0.00,:0%,:28%,:0.0,http://ufcstats.com/fighter-details/ad56b3f00ca38dfd
Craig Jones,0-0-0,--,205 lbs.,--,,"Jul 17, 1991",:0.00,:0%,:0.00,:0%,:0.00,:0%,:0%,:0.0,http://ufcstats.com/fighter-details/e947b563eb744a21
Yaotzin Meza,21-11-0 (1 NC),"5' 9""",145 lbs.,"71""",Orthodox,"Feb 04, 1981",:1.43,:41%,:1.62,:64%,:1.06,:20%,:18%,:1.4,http://ufcstats.com/fighter-details/3623bd267a2eef2e
Garrett Mueller,3-3-0,"5' 9""",135 lbs.,--,,"Jan 29, 1989",:0.00,:0%,:0.00,:0%,:0.00,:0%,:0%,:0.0,http://ufcstats.com/fighter-details/d0c325dfefdde31f
Tomasz Drwal,21-5-1,"6' 1""",205 lbs.,"76""",Orthodox,"Jan 22, 1982",:3.29,:38%,:2.26,:57%,:3.55,:60%,:82%,:0.4,http://ufcstats.com/fighter-details/679a9054e2815943
Artenus Young,10-12-0,--,205 lbs.,--,,"Jul 16, 1980",:0.00,:0%,:0.00,:0%,:0.00,:0%,:0%,:0.0,http://ufcstats.com/fighter-details/8d4943a9ce9f521b
Lucas Lopes,29-19-0,"6' 2""",185 lbs.,--,,"Oct 05, 1979",:0.00,:0%,:0.00,:0%,:0.00,:0%,:0%,:0.0,http://ufcstats.com/fighter-details/1f70dd67ad507990
Aaron Miller,14-10-0 (1 NC),"5' 9""",145 lbs.,--,,--,:0.00,:0%,:0.00,:0%,:0.00,:0%,:0%,:0.0,http://ufcstats.com/fighter-details/a4d055f1435d6d75
Zachary Reese,9-2-0 (1 NC),"6' 4""",185 lbs.,"77""",Switch,"Mar 24, 1994",:4.24,:53%,:3.00,:45%,:2.82,:58%,:57%,:1.2,http://ufcstats.com/fighter-details/23dec7c47cb418f8
Mack Brewer,0-1-0,--,205 lbs.,--,,--,:0.00,:0%,:6.67,:36%,:0.00,:0%,:0%,:0.0,http://ufcstats.com/fighter-details/106a925d947a0de9
Shamil Abdurakhimov,20-8-0,"6' 3""",235 lbs.,"76""",Orthodox,"Sep 02, 1981",:2.41,:44%,:3.02,:55%,:1.01,:23%,:45%,:0.1,http://ufcstats.com/fighter-details/2f5cbecbbe18bac4
Melchor Manibusan,2-4-0,"5' 5""",154 lbs.,--,Southpaw,"Dec 27, 1976",:1.58,:54%,:5.79,:15%,:0.00,:0%,:0%,:0.0,http://ufcstats.com/fighter-details/b6c6d1731ff00eeb
Matt Sayles,8-4-0,"5' 7""",155 lbs.,"68""",Orthodox,"Feb 21, 1994",:4.83,:41%,:2.81,:61%,:0.36,:16%,:81%,:0.7,http://ufcstats.com/fighter-details/5b8ba8f5512893b1
Joe Warren,15-6-0,"5' 6""",135 lbs.,--,Orthodox,"Oct 31, 1976",:2.15,:46%,:2.39,:52%,:6.14,:46%,:60%,:0.0,http://ufcstats.com/fighter-details/c0c1bc0766df4c00
Anthony Do,4-2-0,"5' 4""",125 lbs.,--,,--,:0.00,:0%,:0.00,:0%,:0.00,:0%,:0%,:0.0,http://ufcstats.com/fighter-details/7c9aeba0c4d4bd78
Takashi Sugiura,1-3-0,"5' 11""",225 lbs.,--,Southpaw,"May 31, 1970",:1.37,:40%,:2.08,:53%,:1.33,:66%,:0%,:0.0,http://ufcstats.com/fighter-details/06c60fc2c8dcd7bd
Victoria Leonardo,9-7-0,"5' 5""",125 lbs.,"64""",Orthodox,"Feb 16, 1990",:3.22,:38%,:4.81,:47%,:1.57,:27%,:71%,:0.0,http://ufcstats.com/fighter-details/9dedfdd91070ddd8
Marco Polo Reyes,8-7-0,"5' 11""",155 lbs.,"71""",Orthodox,"Nov 07, 1984",:6.00,:37%,:5.52,:59%,:0.00,:0%,:46%,:0.0,http://ufcstats.com/fighter-details/edd02825c29028fe
Liana Jojua,8-5-0,"5' 4""",125 lbs.,"62""",Orthodox,"Mar 22, 1995",:2.42,:30%,:5.32,:54%,:1.71,:66%,:50%,:1.3,http://ufcstats.com/fighter-details/eebc23626e38f5dc
Eric Bedard,6-7-0,"6' 2""",239 lbs.,--,,"Sep 11, 1984",:6.37,:35%,:8.54,:52%,:0.00,:0%,:0%,:0.0,http://ufcstats.com/fighter-details/ce05955c26c3c090
Nurullo Aliev,10-0-0,"5' 10""",155 lbs.,"72""",Orthodox,"Dec 08, 2000",:2.43,:45%,:1.07,:58%,:2.60,:54%,:0%,:0.0,http://ufcstats.com/fighter-details/ca28cdf526d6b6e9
Spike Carlyle,9-3-0,"5' 8""",145 lbs.,"71""",Switch,"May 06, 1993",:2.55,:54%,:3.85,:30%,:3.34,:36%,:57%,:0.5,http://ufcstats.com/fighter-details/be68b375707dcb85
Ross Pointon,6-17-0,"5' 8""",170 lbs.,--,Orthodox,"Feb 18, 1980",:2.62,:23%,:2.77,:58%,:1.19,:100%,:0%,:0.0,http://ufcstats.com/fighter-details/7215953cd5c6254d
Raul Castillo,7-1-0,"5' 11""",185 lbs.,--,Orthodox,--,:1.47,:48%,:3.27,:60%,:0.00,:0%,:0%,:0.0,http://ufcstats.com/fighter-details/feeae92f951f49a9
Yusaku Nakamura,14-4-1,"5' 5""",145 lbs.,--,,"Jun 21, 1986",:1.72,:45%,:3.67,:55%,:0.00,:0%,:83%,:0.0,http://ufcstats.com/fighter-details/03e8df49c4a059ba
Petr Yan,19-5-0,"5' 7""",135 lbs.,"67""",Switch,"Feb 11, 1993",:5.12,:54%,:4.14,:58%,:1.58,:48%,:85%,:0.1,http://ufcstats.com/fighter-details/d661ce4da776fc20
Sirwan Kakai,12-5-0,"5' 5""",135 lbs.,--,Orthodox,"Oct 03, 1989",:3.57,:41%,:4.63,:62%,:4.00,:42%,:83%,:0.0,http://ufcstats.com/fighter-details/2525a853486ee670
Charlie Kohler,8-4-1,"5' 9""",155 lbs.,--,Orthodox,"Jul 16, 1976",:0.81,:33%,:4.31,:46%,:0.00,:0%,:0%,:4.0,http://ufcstats.com/fighter-details/5717efc6f271cd52
Giacomo Lemos,6-0-0,"6' 3""",247 lbs.,"75""",Orthodox,"Jun 23, 1989",:0.00,:0%,:0.00,:0%,:0.00,:0%,:0%,:0.0,http://ufcstats.com/fighter-details/f37822d5b3e47517
Teruto Ishihara,10-7-2,"5' 7""",135 lbs.,"69""",Southpaw,"Jul 23, 1991",:3.26,:44%,:3.63,:53%,:0.50,:16%,:30%,:0.0,http://ufcstats.com/fighter-details/88cd34d836b4ebcd
Pedro Otavio,19-8-0,"6' 3""",245 lbs.,--,Orthodox,"Dec 17, 1967",:0.00,:0%,:0.00,:0%,:0.00,:0%,:0%,:0.0,http://ufcstats.com/fighter-details/4512e46543b960ad
Michael Kuiper,15-5-0,"6' 0""",185 lbs.,"73""",Orthodox,"Jun 07, 1989",:3.28,:54%,:3.62,:54%,:2.30,:55%,:79%,:0.0,http://ufcstats.com/fighter-details/b7f38813485745da
Elias Garcia,6-2-0,"5' 5""",125 lbs.,"67""",Southpaw,"Sep 13, 1992",:1.59,:27%,:5.05,:50%,:0.68,:14%,:33%,:1.4,http://ufcstats.com/fighter-details/ac5a7400da3a9a41
Luke Barnatt,13-4-0,"6' 6""",185 lbs.,"77""",Orthodox,"Apr 13, 1988",:4.43,:36%,:3.87,:59%,:0.63,:42%,:63%,:0.4,http://ufcstats.com/fighter-details/172c2135e70f87b7
Dan Barrera,3-1-0,"5' 9""",170 lbs.,--,Orthodox,"Dec 23, 1980",:0.80,:70%,:1.20,:28%,:1.00,:8%,:0%,:0.0,http://ufcstats.com/fighter-details/f12f979b657ab876
Gabriel Benitez,23-13-0,"5' 8""",155 lbs.,"71""",Southpaw,"Jun 15, 1988",:5.26,:41%,:4.49,:63%,:0.22,:50%,:55%,:0.9,http://ufcstats.com/fighter-details/436f970c9ea9169c
Stipe Miocic,20-5-0,"6' 4""",240 lbs.,"80""",Orthodox,"Aug 19, 1982",:4.67,:52%,:4.01,:52%,:1.74,:34%,:65%,:0.0,http://ufcstats.com/fighter-details/d28dee5c705991df
Alex Higley,4-3-0,"5' 10""",145 lbs.,--,,--,:0.29,:100%,:1.74,:60%,:0.00,:0%,:0%,:0.0,http://ufcstats.com/fighter-details/2af2d675f7d847e3
Warlley Alves,15-8-0,"5' 11""",185 lbs.,"72""",Orthodox,"Jan 04, 1991",:3.04,:48%,:3.95,:50%,:1.22,:50%,:62%,:0.8,http://ufcstats.com/fighter-details/d317a5e2b3f88c5f
Stephan Bonnar,15-9-0,"6' 4""",205 lbs.,"79""",Orthodox,"Apr 04, 1977",:2.76,:38%,:3.01,:52%,:1.32,:40%,:60%,:1.0,http://ufcstats.com/fighter-details/c6a33ff198aaaeeb
Jake Hadley,11-4-0,"5' 7""",135 lbs.,"70""",Southpaw,"Aug 03, 1996",:3.80,:43%,:4.16,:61%,:0.33,:11%,:54%,:1.1,http://ufcstats.com/fighter-details/60a42bf82447c919
Christian Uflacker,5-0-0,"5' 11""",170 lbs.,--,,"Aug 04, 1985",:0.00,:0%,:0.00,:0%,:0.00,:0%,:0%,:0.0,http://ufcstats.com/fighter-details/10ccf4ec9913cadc
Karine Gevorgyan,3-3-0,"5' 4""",125 lbs.,"63""",,"Mar 09, 1989",:1.20,:20%,:1.80,:76%,:0.00,:0%,:0%,:0.0,http://ufcstats.com/fighter-details/2db0c114414d4f06
Anthony Romero,8-0-0,"5' 11""",155 lbs.,"70""",Orthodox,"Feb 25, 1997",:5.87,:52%,:4.00,:65%,:2.00,:22%,:100%,:0.0,http://ufcstats.com/fighter-details/6f81399074fcdbba
Brandon Polcare,1-1-0,--,125 lbs.,--,,--,:0.43,:50%,:0.00,:0%,:0.00,:0%,:0%,:0.0,http://ufcstats.com/fighter-details/543cd2258f4fa339
Antonio Carlos Junior,11-5-0 (1 NC),"6' 2""",185 lbs.,"79""",Orthodox,"Mar 16, 1990",:1.95,:42%,:2.14,:52%,:3.42,:39%,:53%,:0.8,http://ufcstats.com/fighter-details/52e76bb4b3e852f3
Claudia Gadelha,18-5-0,"5' 4""",115 lbs.,"63""",Orthodox,"Dec 07, 1988",:3.31,:41%,:4.57,:57%,:3.03,:42%,:58%,:0.7,http://ufcstats.com/fighter-details/ec34349e7dffcde7
Jack Hermansson,24-9-0,"6' 1""",170 lbs.,"77""",Orthodox,"Jun 10, 1988",:5.13,:45%,:3.70,:57%,:1.50,:29%,:80%,:0.4,http://ufcstats.com/fighter-details/0a1942069c9ad6b6
Ido Pariente,13-6-0,"5' 8""",155 lbs.,--,Orthodox,"Aug 31, 1978",:0.00,:0%,:2.86,:45%,:0.00,:0%,:0%,:0.0,http://ufcstats.com/fighter-details/7573d25a078b5732
Caol Uno,33-19-5,"5' 7""",155 lbs.,"70""",Southpaw,"May 08, 1975",:1.91,:49%,:1.90,:50%,:1.95,:31%,:37%,:0.5,http://ufcstats.com/fighter-details/eb1723480fa2f96c
Mike King,5-1-0,"6' 3""",185 lbs.,--,,"Aug 04, 1983",:4.44,:58%,:1.29,:72%,:1.75,:25%,:40%,:3.5,http://ufcstats.com/fighter-details/564c2f5f9eb45d67
Christopher Lopez,9-1-0 (1 NC),"5' 10""",170 lbs.,--,,"Jan 30, 1986",:0.00,:0%,:0.00,:0%,:0.00,:0%,:0%,:0.0,http://ufcstats.com/fighter-details/5148a665aa527865
Rafael Rios,4-2-0,--,150 lbs.,--,,--,:0.00,:0%,:0.00,:0%,:0.00,:0%,:0%,:0.0,http://ufcstats.com/fighter-details/2f5754b48eab1486
Floyd Sword,12-3-0,"6' 0""",185 lbs.,--,Orthodox,"Aug 24, 1976",:0.78,:42%,:1.57,:40%,:0.00,:0%,:33%,:0.0,http://ufcstats.com/fighter-details/5330fe7e4c3af81c
Yanal Ashmouz,8-2-0,"5' 9""",155 lbs.,"69""",Orthodox,"Mar 31, 1995",:2.88,:50%,:4.78,:50%,:3.24,:38%,:64%,:0.0,http://ufcstats.com/fighter-details/c739c2995a275314
Dennis Bryant,5-2-0,"6' 0""",205 lbs.,--,Orthodox,"Oct 18, 1985",:10.56,:59%,:10.56,:13%,:0.00,:0%,:0%,:0.0,http://ufcstats.com/fighter-details/3b17353b8002c7d0
Cynthia Calvillo,9-6-1,"5' 4""",115 lbs.,"64""",Orthodox,"Jul 13, 1987",:4.41,:38%,:4.12,:64%,:1.80,:44%,:77%,:0.8,http://ufcstats.com/fighter-details/98215d037be5bcb7
Wesley Correira,20-16-0,"6' 3""",260 lbs.,--,Orthodox,"Nov 11, 1978",:2.60,:36%,:8.80,:40%,:0.00,:0%,:90%,:0.0,http://ufcstats.com/fighter-details/4e9fb05d7e5e61b8
Brandon Thatch,11-5-0,"6' 2""",170 lbs.,"74""",Switch,"Jul 11, 1985",:2.70,:42%,:3.63,:52%,:1.36,:66%,:50%,:0.7,http://ufcstats.com/fighter-details/638cfec7ec559d6e
Masanori Tonooka,1-2-0,"5' 8""",185 lbs.,--,Orthodox,"May 25, 1973",:0.16,:5%,:1.09,:36%,:0.00,:0%,:0%,:0.0,http://ufcstats.com/fighter-details/9de7c97e1c0d7927
Ronald Jhun,24-26-2,"5' 11""",170 lbs.,--,Orthodox,"Sep 21, 1970",:1.45,:57%,:3.01,:50%,:1.81,:100%,:100%,:0.0,http://ufcstats.com/fighter-details/b9e871af730f826c
Jeremiah Metcalf,13-7-0,"6' 1""",185 lbs.,--,Orthodox,"Jul 09, 1981",:1.74,:59%,:0.27,:60%,:4.02,:66%,:100%,:2.0,http://ufcstats.com/fighter-details/5bdcbd8dd681a257
Nikolajus Cilkinas,2-6-0,--,--,--,Orthodox,--,:0.00,:0%,:5.88,:16%,:0.00,:0%,:0%,:0.0,http://ufcstats.com/fighter-details/3f3550bf126a5721
Eiji Ishikawa,29-24-3,"5' 10""",170 lbs.,--,,"Oct 12, 1979",:1.20,:29%,:4.07,:60%,:1.00,:9%,:0%,:0.0,http://ufcstats.com/fighter-details/eb89dc31949a1427
Azamat Nuftillaev,17-1-1,--,265 lbs.,--,,"Jan 01, 1994",:0.00,:0%,:0.00,:0%,:0.00,:0%,:0%,:0.0,http://ufcstats.com/fighter-details/b37321c0bb9e8570
Eric Schambari,15-6-0,"5' 11""",185 lbs.,--,Orthodox,"Apr 22, 1978",:1.43,:42%,:1.07,:54%,:3.00,:42%,:0%,:1.0,http://ufcstats.com/fighter-details/66e981516e2476d1
Reuben Duran,11-7-1,"5' 7""",135 lbs.,"71""",Orthodox,"Jul 02, 1983",:3.19,:49%,:2.61,:50%,:0.98,:23%,:25%,:0.7,http://ufcstats.com/fighter-details/4417980b3e798abf
Carlos Mota,8-2-0,"5' 4""",125 lbs.,"69""",Orthodox,"Apr 15, 1995",:0.80,:41%,:1.13,:54%,:0.00,:0%,:50%,:1.0,http://ufcstats.com/fighter-details/b15862fcd6ded451
Linton Vassell,18-5-0 (1 NC),"6' 4""",205 lbs.,--,,"Jun 03, 1983",:3.39,:37%,:2.13,:54%,:2.46,:50%,:50%,:0.0,http://ufcstats.com/fighter-details/a148dfe3485be79d
Thomas Almeida,22-5-0,"5' 7""",145 lbs.,"70""",Southpaw,"Jul 31, 1991",:4.84,:43%,:4.93,:61%,:0.17,:14%,:75%,:0.0,http://ufcstats.com/fighter-details/2b074403b7c6cdb4
Marcos Conrado Jr.,5-1-0,"6' 2""",220 lbs.,--,Orthodox,"Mar 14, 1982",:1.60,:34%,:9.69,:35%,:1.84,:14%,:0%,:0.0,http://ufcstats.com/fighter-details/d450769115a193c2
Dustin Hazelett,12-7-0,"6' 1""",170 lbs.,"76""",Orthodox,"Apr 29, 1986",:2.24,:40%,:3.51,:46%,:0.55,:50%,:25%,:4.1,http://ufcstats.com/fighter-details/a149d6bc670cdb60
Luiz Azeredo,15-10-0,"5' 9""",154 lbs.,--,Orthodox,"Jun 10, 1976",:2.16,:39%,:2.76,:57%,:1.07,:50%,:45%,:0.3,http://ufcstats.com/fighter-details/063649e21bc9d6d5
Amir Sadollah,6-5-0,"5' 10""",170 lbs.,"75""",Orthodox,"Aug 27, 1980",:4.71,:46%,:3.55,:60%,:0.57,:27%,:60%,:0.3,http://ufcstats.com/fighter-details/2650e2f846a30f64
Cedric Doumbe,2-0-0,"5' 10""",170 lbs.,--,,"Aug 13, 1992",:0.00,:0%,:0.00,:0%,:0.00,:0%,:0%,:0.0,http://ufcstats.com/fighter-details/5159e6ee100c717e
Cortez Coleman,13-8-0,"6' 1""",185 lbs.,--,,"Jan 28, 1982",:0.00,:0%,:0.00,:0%,:0.00,:0%,:0%,:0.0,http://ufcstats.com/fighter-details/ffb20ae0db47ebe6
Jamie Varner,21-11-1 (2 NC),"5' 8""",155 lbs.,"71""",Orthodox,"Oct 12, 1984",:2.92,:34%,:2.55,:58%,:3.49,:53%,:66%,:0.8,http://ufcstats.com/fighter-details/a54fc2d6fc224dc3
Ciryl Gane,13-2-0,"6' 4""",245 lbs.,"81""",Orthodox,"Apr 12, 1990",:5.26,:61%,:2.23,:61%,:0.70,:25%,:43%,:0.6,http://ufcstats.com/fighter-details/787bb1f087ccff8a
Jim Mullen,0-2-0,"6' 1""",215 lbs.,--,Southpaw,--,:0.00,:0%,:0.00,:0%,:0.00,:0%,:0%,:0.0,http://ufcstats.com/fighter-details/1a49e0670dfaca31
Israel Delgado,0-2-0,"5' 10""",155 lbs.,--,,--,:0.00,:0%,:0.00,:0%,:0.00,:0%,:0%,:0.0,http://ufcstats.com/fighter-details/01f4bcd26ac08ad5
Jaimelene Nievera,7-4-0,"5' 5""",125 lbs.,--,Orthodox,"Oct 28, 1984",:1.67,:53%,:8.73,:33%,:1.79,:16%,:0%,:0.0,http://ufcstats.com/fighter-details/3edf45e1717fa764
Jason DeLucia,33-21-1,"5' 11""",190 lbs.,--,Southpaw,"Jul 24, 1969",:0.00,:0%,:0.00,:0%,:0.00,:0%,:0%,:0.0,http://ufcstats.com/fighter-details/6ceff86fae4f6b3b
David Bielkheden,24-12-0,"5' 10""",155 lbs.,"71""",Orthodox,"Jun 06, 1979",:1.11,:57%,:1.64,:54%,:2.65,:63%,:14%,:0.0,http://ufcstats.com/fighter-details/1efa064872f089d0
Darrell Horcher,13-4-0,"5' 10""",155 lbs.,"70""",Southpaw,"Jul 28, 1987",:2.05,:44%,:4.21,:39%,:0.35,:50%,:47%,:0.7,http://ufcstats.com/fighter-details/18e8b7070228e728
Arisa Matsuda,7-0-0,"5' 3""",115 lbs.,"64""",Orthodox,"Dec 15, 1994",:1.00,:75%,:1.87,:56%,:3.00,:42%,:0%,:1.0,http://ufcstats.com/fighter-details/4c33b3d37955aa85
Daiki Hata,17-11-7,"5' 6""",139 lbs.,--,Orthodox,"Aug 24, 1982",:1.44,:39%,:1.42,:55%,:0.67,:100%,:35%,:0.7,http://ufcstats.com/fighter-details/c76ceda100ac0fad
Mitch Ramirez,8-3-0,"5' 11""",155 lbs.,"71""",Orthodox,"Nov 03, 1992",:3.51,:44%,:3.98,:37%,:0.59,:33%,:25%,:0.0,http://ufcstats.com/fighter-details/e99eb0ef25885de5
Roger Narvaez,8-3-0,"6' 3""",185 lbs.,--,Southpaw,"Sep 09, 1983",:2.12,:37%,:3.32,:64%,:0.00,:0%,:50%,:0.9,http://ufcstats.com/fighter-details/3a12a2f096a6d975
Drako Rodriguez,7-3-0,"5' 8""",135 lbs.,"69""",Orthodox,"Jun 16, 1996",:3.37,:36%,:4.40,:58%,:2.93,:66%,:75%,:0.7,http://ufcstats.com/fighter-details/dc3b9cf7641b7ab6
Mike Swick,15-6-0,"6' 1""",170 lbs.,"77""",Orthodox,"Jun 19, 1979",:2.36,:37%,:2.29,:54%,:1.06,:50%,:61%,:0.6,http://ufcstats.com/fighter-details/9fe85152f351e737
Ilia Topuria,17-0-0,"5' 7""",155 lbs.,"69""",Orthodox,"Jan 21, 1997",:4.81,:48%,:3.83,:64%,:1.96,:61%,:93%,:1.1,http://ufcstats.com/fighter-details/54f64b5e283b0ce7
Takeshi Inoue,23-10-0,"5' 8""",145 lbs.,--,,"Mar 18, 1980",:2.54,:44%,:3.32,:61%,:0.00,:0%,:47%,:0.0,http://ufcstats.com/fighter-details/a61a0cd2829e5d4e
Jarno Errens,14-6-1,"5' 11""",145 lbs.,"73""",Orthodox,"Nov 17, 1994",:3.29,:44%,:3.29,:61%,:0.00,:0%,:33%,:0.3,http://ufcstats.com/fighter-details/082eba4cd80f736f
Eric Spicely,12-6-0,"6' 1""",185 lbs.,"73""",Orthodox,"Sep 29, 1986",:3.71,:45%,:5.72,:55%,:1.31,:20%,:75%,:1.0,http://ufcstats.com/fighter-details/b9664eae2ac75262
Matt Van Buren,7-6-0,"6' 5""",205 lbs.,--,,"Jun 12, 1986",:7.73,:45%,:6.82,:49%,:0.00,:0%,:50%,:0.0,http://ufcstats.com/fighter-details/7b39035fae7268b8
Josh Thomson,22-9-0 (1 NC),"5' 10""",155 lbs.,"71""",Orthodox,"Sep 21, 1978",:2.59,:47%,:2.12,:64%,:1.92,:39%,:54%,:1.3,http://ufcstats.com/fighter-details/a566371ba2ad7152
Dennis Olson,14-11-0,"6' 0""",170 lbs.,--,,--,:1.02,:42%,:5.27,:38%,:2.77,:40%,:0%,:0.0,http://ufcstats.com/fighter-details/8e0709784259402d
Colby Thicknesse,8-1-0,"5' 7""",135 lbs.,"69""",Orthodox,"Jun 23, 1999",:3.33,:42%,:2.80,:50%,:1.00,:9%,:50%,:0.5,http://ufcstats.com/fighter-details/ed7d329d7c29428d
Jon Olav Einemo,6-3-0,"6' 6""",253 lbs.,--,Orthodox,"Dec 10, 1975",:2.15,:52%,:3.05,:52%,:1.73,:55%,:43%,:0.0,http://ufcstats.com/fighter-details/0577808d22dfe79c
Branden Lee Hinkle,17-11-0 (1 NC),"6' 3""",235 lbs.,--,Orthodox,"Jul 29, 1973",:2.61,:69%,:3.91,:26%,:4.34,:57%,:66%,:4.3,http://ufcstats.com/fighter-details/06f0ffa6446c5b6d
Colton Smith,7-4-0,"6' 0""",155 lbs.,"71""",Orthodox,"Aug 14, 1987",:1.64,:41%,:2.30,:51%,:4.09,:36%,:25%,:1.4,http://ufcstats.com/fighter-details/2e25c1d983c26311
Jai Herbert,13-6-1,"6' 1""",155 lbs.,"77""",Orthodox,"May 13, 1988",:3.07,:40%,:3.26,:53%,:0.43,:21%,:66%,:0.0,http://ufcstats.com/fighter-details/4c88a1db5a46c6a4
Stefan Klever,6-1-0,--,185 lbs.,--,Orthodox,--,:0.82,:50%,:3.84,:58%,:0.00,:0%,:0%,:0.0,http://ufcstats.com/fighter-details/bc3876891e155bb5
Desmond Green,23-8-0,"5' 10""",155 lbs.,"73""",Southpaw,"Oct 11, 1989",:3.70,:46%,:2.51,:69%,:1.62,:50%,:75%,:0.0,http://ufcstats.com/fighter-details/f046d724d2a84ac5
Stevie Lynch,5-2-0,"5' 10""",170 lbs.,--,Orthodox,--,:2.47,:25%,:7.06,:41%,:0.00,:0%,:0%,:0.0,http://ufcstats.com/fighter-details/710d93f1508f7104
Jorge Patino,38-19-2 (2 NC),"5' 8""",170 lbs.,--,Orthodox,"Aug 05, 1973",:1.33,:30%,:3.14,:53%,:0.54,:25%,:50%,:0.0,http://ufcstats.com/fighter-details/c8cca8f3de5be4b4
Ketlen Vieira,15-4-0,"5' 8""",135 lbs.,"68""",Orthodox,"Aug 26, 1991",:2.84,:41%,:3.72,:51%,:1.28,:43%,:90%,:0.5,http://ufcstats.com/fighter-details/b9706f80d005036c
Aleksa Camur,6-3-0,"6' 1""",205 lbs.,"74""",Orthodox,"Sep 25, 1995",:4.73,:57%,:4.26,:54%,:0.46,:22%,:50%,:0.0,http://ufcstats.com/fighter-details/c2a670b22d2e196f
Arman Ashimov,11-3-1,"5' 6""",125 lbs.,--,,"Jan 14, 1992",:0.00,:0%,:0.00,:0%,:0.00,:0%,:0%,:0.0,http://ufcstats.com/fighter-details/d26a0988c9dc9886
Andre Gusmao,6-3-0,"6' 0""",205 lbs.,--,Orthodox,"May 19, 1977",:2.79,:43%,:3.28,:60%,:0.00,:0%,:60%,:0.0,http://ufcstats.com/fighter-details/cc300e9aa3063431
Nick Urso,10-3-0 (1 NC),"5' 6""",125 lbs.,"66""",Southpaw,"Sep 26, 1985",:3.61,:45%,:5.06,:36%,:0.00,:0%,:0%,:0.0,http://ufcstats.com/fighter-details/e78c4c3d329c531b
Brahyam Zurcher,9-1-0,"5' 10""",145 lbs.,"70""",Orthodox,"Mar 10, 1996",:1.86,:15%,:5.57,:59%,:0.00,:0%,:0%,:0.0,http://ufcstats.com/fighter-details/392878af4680849f
Shayilan Nuerdanbieke,39-12-0,"5' 8""",145 lbs.,"69""",Orthodox,"May 04, 1994",:1.95,:45%,:2.64,:50%,:3.30,:35%,:28%,:0.2,http://ufcstats.com/fighter-details/0a73acff6325c1e2
Michael Bravo,7-4-0,--,155 lbs.,--,,--,:0.00,:0%,:0.00,:0%,:0.00,:0%,:0%,:0.0,http://ufcstats.com/fighter-details/dc63542668295c23
Justin McElfresh,6-4-0,"6' 6""",205 lbs.,--,Orthodox,"Jan 04, 1980",:4.59,:26%,:12.79,:41%,:0.00,:0%,:0%,:0.0,http://ufcstats.com/fighter-details/49c29e57d4e2be6f
Rodrigo Gracie,6-2-1,"6' 0""",183 lbs.,--,Orthodox,"Apr 11, 1975",:1.34,:51%,:0.86,:46%,:1.49,:50%,:75%,:0.4,http://ufcstats.com/fighter-details/36877f0e62b25b96
Mara Romero Borella,12-9-0 (2 NC),"5' 6""",125 lbs.,"69""",Orthodox,"Jun 03, 1986",:2.54,:37%,:2.48,:71%,:1.83,:44%,:66%,:0.2,http://ufcstats.com/fighter-details/82cbb809d5ee565c
Brandon Holmes,5-1-0,"6' 2""",185 lbs.,"74""",Orthodox,"Feb 05, 1997",:4.72,:45%,:8.76,:50%,:0.00,:0%,:50%,:0.0,http://ufcstats.com/fighter-details/f295d50c56339ab6
Hannah Goldy,6-4-0,"5' 4""",115 lbs.,"61""",Orthodox,"May 18, 1992",:5.19,:47%,:4.67,:50%,:0.66,:12%,:54%,:0.2,http://ufcstats.com/fighter-details/26e3f3928b1891d9
Haven Torres,0-0-0,--,125 lbs.,--,,--,:0.00,:0%,:0.00,:0%,:0.00,:0%,:0%,:0.0,http://ufcstats.com/fighter-details/1ff10dee2f7ae60c
Todd Gouwenberg,9-5-0,"6' 1""",205 lbs.,--,Orthodox,"Sep 25, 1974",:0.52,:23%,:2.93,:42%,:1.57,:33%,:50%,:0.0,http://ufcstats.com/fighter-details/c44acf87e376c62b
Jeremie Holloway,8-3-0,"6' 0""",170 lbs.,--,,"Sep 29, 1984",:0.81,:50%,:0.51,:79%,:0.00,:0%,:0%,:0.0,http://ufcstats.com/fighter-details/ee28aa7f1043756c
Cheick Kongo,27-10-2,"6' 4""",240 lbs.,"82""",Orthodox,"May 17, 1975",:3.33,:56%,:1.28,:54%,:2.30,:56%,:52%,:0.2,http://ufcstats.com/fighter-details/1eacf73d6a0055dc
Ebenezer Fontes Braga,13-7-2,"6' 0""",199 lbs.,--,Orthodox,"Apr 14, 1969",:2.42,:50%,:0.42,:71%,:0.00,:0%,:90%,:0.6,http://ufcstats.com/fighter-details/dc950d59dc590aca
Diego Brandao,22-11-0,"5' 7""",145 lbs.,"64""",Orthodox,"May 27, 1987",:2.94,:47%,:3.38,:62%,:3.21,:68%,:80%,:0.6,http://ufcstats.com/fighter-details/c2e3e67b5911bfb7
Leonardo Guimaraes,11-5-0 (1 NC),"6' 0""",185 lbs.,--,Orthodox,"Apr 15, 1982",:2.35,:56%,:2.99,:44%,:0.00,:0%,:52%,:1.0,http://ufcstats.com/fighter-details/cc98d857b148e33a
Luc Bondole,5-2-2,"6' 2""",205 lbs.,--,,--,:3.35,:51%,:2.04,:62%,:0.00,:0%,:0%,:1.8,http://ufcstats.com/fighter-details/8691881b31c16b88
William Gomis,15-3-0,"6' 0""",145 lbs.,"73""",Southpaw,"Jun 13, 1997",:3.48,:49%,:2.76,:61%,:0.86,:38%,:72%,:0.3,http://ufcstats.com/fighter-details/e1d40e8782d80bc2
Damir Mirenic,9-4-0,"6' 0""",185 lbs.,--,Orthodox,"Aug 02, 1974",:0.84,:50%,:9.86,:35%,:0.00,:0%,:0%,:0.0,http://ufcstats.com/fighter-details/992c82450d96f726
Luigi Vendramini,9-3-0,"5' 8""",155 lbs.,"73""",Orthodox,"Jan 16, 1996",:2.82,:40%,:3.82,:57%,:1.11,:15%,:100%,:0.6,http://ufcstats.com/fighter-details/2f1a257d6777096d
Craig Zellner,4-3-0,"6' 2""",205 lbs.,--,Orthodox,"Sep 09, 1976",:0.61,:9%,:4.65,:61%,:0.00,:0%,:0%,:0.0,http://ufcstats.com/fighter-details/3794e5e0bb0defb6
Damir Hadzovic,14-8-0,"5' 9""",155 lbs.,"70""",Orthodox,"Aug 08, 1986",:3.34,:47%,:3.74,:59%,:0.91,:54%,:34%,:0.1,http://ufcstats.com/fighter-details/38c626ca912c7bac
Jarred Brooks,13-2-0,"5' 3""",125 lbs.,"62""",Switch,"May 02, 1993",:2.12,:46%,:1.66,:62%,:4.54,:57%,:69%,:0.6,http://ufcstats.com/fighter-details/81d9df19e255b8b6
Robert Bryczek,18-6-0,"6' 0""",185 lbs.,"75""",Orthodox,"Jul 04, 1990",:3.74,:36%,:4.08,:59%,:0.56,:100%,:85%,:0.0,http://ufcstats.com/fighter-details/f96856f9d69fd7e4
Trevor Smith,15-10-0,"6' 3""",185 lbs.,"75""",Orthodox,"Jan 05, 1981",:3.29,:55%,:3.31,:51%,:1.70,:32%,:60%,:0.7,http://ufcstats.com/fighter-details/f797f0c57a83353e
Rafael Carvalho,14-1-0,"6' 3""",185 lbs.,--,,"Jul 27, 1986",:1.94,:50%,:1.84,:54%,:2.77,:40%,:70%,:0.0,http://ufcstats.com/fighter-details/620d8710e89cfeae
Troy Mandaloniz,3-2-0,"5' 9""",170 lbs.,--,Orthodox,"Feb 01, 1980",:3.52,:56%,:4.71,:63%,:3.10,:66%,:57%,:0.0,http://ufcstats.com/fighter-details/725a834930c2b5bf
Mark Hominick,20-12-0,"5' 8""",145 lbs.,"68""",Orthodox,"Jul 22, 1982",:4.08,:42%,:4.18,:69%,:0.25,:66%,:71%,:0.9,http://ufcstats.com/fighter-details/0a97691039c4bbfb
Mark Choinski,8-1-0,"5' 8""",155 lbs.,"69""",Orthodox,"Oct 22, 1995",:3.87,:50%,:7.33,:33%,:2.00,:18%,:0%,:0.0,http://ufcstats.com/fighter-details/001eb2ab0f30e7ea
Mike Ciesnolevicz,19-4-0 (1 NC),"6' 0""",235 lbs.,--,Orthodox,"Oct 28, 1979",:0.51,:50%,:4.62,:57%,:0.00,:0%,:20%,:5.1,http://ufcstats.com/fighter-details/51b0bb73a1da34bc
Gabriel Bonfim,18-1-0,"6' 1""",170 lbs.,"72""",Orthodox,"Aug 20, 1997",:4.54,:45%,:3.53,:63%,:4.03,:55%,:76%,:1.6,http://ufcstats.com/fighter-details/01641ba5df0c69b0
Fedor Nikolov,0-0-0,--,--,--,,--,:0.00,:0%,:0.00,:0%,:0.00,:0%,:0%,:0.0,http://ufcstats.com/fighter-details/346f789951e85f3f
Matheus Scheffel,14-7-0,"6' 2""",205 lbs.,"75""",Orthodox,"Nov 04, 1992",:1.33,:36%,:3.00,:47%,:0.00,:0%,:100%,:0.0,http://ufcstats.com/fighter-details/a296ad1d238d97df
Shara Magomedov,16-1-0,"6' 2""",185 lbs.,"73""",Orthodox,"May 16, 1994",:5.93,:62%,:3.85,:43%,:0.00,:0%,:71%,:0.0,http://ufcstats.com/fighter-details/06734ca9d88dec3a
Fatima Kline,8-1-0,"5' 6""",115 lbs.,"67""",Orthodox,"Jul 12, 2000",:3.94,:49%,:2.29,:59%,:1.21,:60%,:50%,:0.0,http://ufcstats.com/fighter-details/745fa7b605f8e2da
Silvana Gomez Juarez,11-5-0,"5' 3""",115 lbs.,"65""",Orthodox,"Dec 06, 1984",:4.26,:32%,:4.04,:61%,:0.00,:0%,:30%,:0.0,http://ufcstats.com/fighter-details/b4880ef2f838d4e1
Eddie Mendez,8-3-1 (1 NC),"5' 10""",185 lbs.,--,,"Jan 16, 1984",:1.71,:33%,:3.43,:11%,:0.00,:0%,:0%,:0.0,http://ufcstats.com/fighter-details/49e49b54e5901d0d
Milana Dudieva,11-6-0,"5' 3""",135 lbs.,--,Orthodox,"Aug 04, 1989",:0.87,:31%,:3.43,:58%,:2.34,:45%,:0%,:0.0,http://ufcstats.com/fighter-details/072a10e85f7d4bff
Toby Misech,9-5-0,"5' 8""",145 lbs.,--,Southpaw,"Mar 07, 1988",:3.27,:40%,:7.73,:46%,:0.00,:0%,:0%,:0.0,http://ufcstats.com/fighter-details/3f87218a7aca84c4
Karolina Wojcik,9-2-0,"5' 2""",115 lbs.,--,Orthodox,"Dec 09, 1994",:2.67,:65%,:0.87,:62%,:2.00,:66%,:100%,:1.0,http://ufcstats.com/fighter-details/b99b3620839ea911
Travis Johnson,0-1-0,--,205 lbs.,--,,--,:0.00,:0%,:0.00,:0%,:0.00,:0%,:0%,:0.0,http://ufcstats.com/fighter-details/443835675e8fc6ca
Jason Knight,20-5-0,"5' 10""",145 lbs.,"71""",Orthodox,"Jul 14, 1992",:2.95,:33%,:3.02,:51%,:1.31,:31%,:47%,:1.7,http://ufcstats.com/fighter-details/bb1a2cdad6ff34db
Lucrezia Ria,8-2-0,"5' 6""",125 lbs.,--,Orthodox,"Jun 24, 1992",:4.07,:46%,:4.40,:45%,:1.00,:33%,:0%,:0.0,http://ufcstats.com/fighter-details/042cc07ad5a53a33
Cory Walmsley,8-2-0,"6' 0""",205 lbs.,--,Orthodox,--,:0.79,:100%,:1.18,:50%,:0.00,:0%,:0%,:0.0,http://ufcstats.com/fighter-details/83c6c3e0f8bde8ee
Will Brooks,18-4-0,"5' 10""",155 lbs.,"72""",Orthodox,"Oct 08, 1986",:4.26,:59%,:2.54,:56%,:2.08,:51%,:82%,:0.3,http://ufcstats.com/fighter-details/b6e6c3b1dcaae0a1
Micah Miller,20-8-0 (1 NC),"6' 0""",145 lbs.,--,Orthodox,"Feb 14, 1987",:1.33,:33%,:2.15,:54%,:0.98,:37%,:21%,:2.0,http://ufcstats.com/fighter-details/3ff0d0dc7a14bb50
Marco Tulio,14-1-0,"6' 0""",185 lbs.,"74""",Orthodox,"Jun 13, 1994",:7.54,:60%,:2.53,:61%,:0.88,:20%,:0%,:0.4,http://ufcstats.com/fighter-details/9384e71bca6c409d
Brian Davidson,13-4-0,"5' 6""",145 lbs.,--,,"Nov 22, 1975",:0.00,:0%,:0.00,:0%,:0.00,:0%,:0%,:0.0,http://ufcstats.com/fighter-details/42775dc893603154
Brandon Davis,14-10-0,"5' 10""",135 lbs.,"72""",Orthodox,"May 08, 1990",:4.68,:35%,:4.62,:58%,:0.74,:42%,:57%,:0.1,http://ufcstats.com/fighter-details/cc351e408bbb7d43
Tommy Gantt,11-0-0 (1 NC),"5' 11""",155 lbs.,"76""",Orthodox,"Jan 09, 1993",:1.08,:100%,:0.36,:66%,:10.78,:40%,:0%,:5.4,http://ufcstats.com/fighter-details/de83f920fd302871
Jamall Emmers,21-8-0,"5' 10""",145 lbs.,"74""",Orthodox,"Jul 24, 1989",:5.45,:49%,:4.07,:56%,:1.74,:40%,:80%,:0.2,http://ufcstats.com/fighter-details/e00a3dee329a51f7
Marcel Fortuna,9-3-0,"6' 1""",205 lbs.,"74""",Orthodox,"Oct 22, 1985",:3.83,:46%,:4.52,:64%,:0.45,:8%,:75%,:0.5,http://ufcstats.com/fighter-details/d761b3766e38c5db
Randy Costa,6-4-0,"5' 9""",135 lbs.,"73""",Switch,"Jul 06, 1994",:6.53,:46%,:7.58,:58%,:0.00,:0%,:50%,:0.0,http://ufcstats.com/fighter-details/325ad0dd9126d3df
Ashley Yoder,8-9-0,"5' 7""",115 lbs.,"69""",Southpaw,"Oct 20, 1987",:3.42,:39%,:4.13,:47%,:1.09,:27%,:66%,:0.6,http://ufcstats.com/fighter-details/b4c6c904a9ffc5e8
Jason Reinhardt,20-3-0,"5' 6""",135 lbs.,--,Orthodox,"Oct 31, 1969",:0.51,:40%,:4.07,:43%,:1.91,:12%,:50%,:0.0,http://ufcstats.com/fighter-details/02500fb9fd79a974
Patryk Grabowski,5-1-0,--,205 lbs.,--,,"Nov 12, 1995",:0.00,:0%,:0.00,:0%,:0.00,:0%,:0%,:0.0,http://ufcstats.com/fighter-details/4e163b53d1de1fbc
Matt Skelton,0-1-0,"6' 3""",265 lbs.,--,Orthodox,"Jan 23, 1967",:0.00,:0%,:0.54,:0%,:0.00,:0%,:66%,:0.0,http://ufcstats.com/fighter-details/caced97768818230
Kevin Roddy,15-16-1 (1 NC),"5' 11""",145 lbs.,--,,--,:2.64,:30%,:2.38,:60%,:0.00,:0%,:50%,:0.0,http://ufcstats.com/fighter-details/1abf785143f8d5ec
Jamal Pogues,11-5-0,"6' 3""",205 lbs.,"77""",Orthodox,"Dec 01, 1995",:3.57,:46%,:3.97,:49%,:2.00,:46%,:70%,:0.0,http://ufcstats.com/fighter-details/f41b9f5efc7162d6
Tom Breese,12-3-0,"6' 3""",185 lbs.,"73""",Southpaw,"Sep 26, 1991",:3.34,:50%,:2.81,:60%,:0.00,:0%,:70%,:1.1,http://ufcstats.com/fighter-details/1588b787bda7b540
Rinat Fakhretdinov,24-1-1,"6' 0""",170 lbs.,"74""",Orthodox,"Sep 28, 1991",:5.03,:52%,:3.61,:54%,:3.91,:34%,:91%,:0.2,http://ufcstats.com/fighter-details/8f765fd5775a8873
Sarah Frota,9-2-0,"5' 6""",125 lbs.,"69""",Southpaw,"Apr 14, 1987",:4.52,:52%,:2.57,:55%,:0.00,:0%,:53%,:0.0,http://ufcstats.com/fighter-details/1641ef250e9de19b
Seth Petruzelli,14-8-0,"6' 0""",205 lbs.,"76""",Orthodox,"Dec 03, 1979",:2.17,:41%,:2.08,:55%,:0.46,:50%,:47%,:2.3,http://ufcstats.com/fighter-details/93b9496275bbbf80
Jin Soo Son,9-4-0,"5' 6""",135 lbs.,"69""",Orthodox,"Apr 01, 1993",:5.10,:36%,:7.63,:52%,:1.50,:25%,:100%,:0.0,http://ufcstats.com/fighter-details/7c9c6a884be167fe
Carlos Ulberg,14-1-0,"6' 4""",205 lbs.,"77""",Orthodox,"Nov 07, 1990",:6.54,:55%,:4.04,:51%,:0.55,:60%,:85%,:0.2,http://ufcstats.com/fighter-details/9014c02eff8b3d62
Adam Meredith,5-3-0,"6' 2""",170 lbs.,--,,--,:2.63,:50%,:2.11,:55%,:7.89,:100%,:100%,:7.9,http://ufcstats.com/fighter-details/c1135a6892e916db
Rob MacDonald,5-4-0,"6' 3""",205 lbs.,"78""",Orthodox,"Sep 05, 1978",:1.80,:50%,:2.04,:46%,:7.19,:80%,:80%,:5.4,http://ufcstats.com/fighter-details/f3388d2cf7ab3f64
Aaron Wilkinson,11-7-0,"5' 10""",155 lbs.,--,Orthodox,"Jan 31, 1987",:0.00,:0%,:0.00,:100%,:7.32,:100%,:0%,:0.0,http://ufcstats.com/fighter-details/338a11d3674eb2d4
Ante Delija,26-6-0,"6' 3""",239 lbs.,"78""",Orthodox,"Aug 07, 1990",:6.34,:46%,:1.95,:55%,:0.00,:0%,:0%,:0.0,http://ufcstats.com/fighter-details/7d8435c56043b0ae
Hans Stringer,22-8-3,"6' 3""",205 lbs.,--,Orthodox,"Jul 06, 1987",:3.16,:61%,:2.84,:41%,:2.40,:36%,:62%,:0.0,http://ufcstats.com/fighter-details/523f6ad11dbe9b53
Carlos Prates,22-7-0,"6' 1""",170 lbs.,"78""",Switch,"Aug 17, 1993",:3.82,:54%,:4.80,:48%,:0.23,:100%,:84%,:0.0,http://ufcstats.com/fighter-details/7ee0fd831c0fe7c3
Kier Gooch,2-7-0,--,155 lbs.,--,,"Apr 21, 1986",:0.00,:0%,:0.00,:0%,:0.00,:0%,:0%,:0.0,http://ufcstats.com/fighter-details/1bda4867f1baceac
Kurt Pellegrino,16-7-0,"5' 8""",155 lbs.,"70""",Orthodox,"May 07, 1979",:2.45,:43%,:1.94,:63%,:2.90,:54%,:69%,:0.8,http://ufcstats.com/fighter-details/aa1952ec0b3dd8e1
Yuhi Sano,0-4-0,"5' 11""",243 lbs.,--,Orthodox,"Feb 02, 1965",:0.00,:0%,:0.00,:0%,:0.00,:0%,:0%,:0.0,http://ufcstats.com/fighter-details/4c12aa7ca246e7a4
Hector Sandoval,14-4-0,"5' 2""",125 lbs.,"64""",Orthodox,"Jul 19, 1986",:3.31,:52%,:2.33,:65%,:3.49,:25%,:71%,:1.4,http://ufcstats.com/fighter-details/449c890bd90f3374
Jonathan Wilson,7-3-0,"6' 2""",205 lbs.,"75""",Southpaw,"Jul 17, 1987",:2.92,:48%,:5.65,:56%,:0.37,:100%,:80%,:0.0,http://ufcstats.com/fighter-details/cd01f0b768a32475
John Elam,2-0-0,--,--,--,,--,:0.00,:0%,:0.00,:0%,:0.00,:0%,:0%,:0.0,http://ufcstats.com/fighter-details/22d80fb67e50ab0b
Xiao Long,27-10-0,"5' 8""",135 lbs.,"70""",Orthodox,"Apr 13, 1998",:5.25,:46%,:4.20,:50%,:0.69,:25%,:79%,:0.0,http://ufcstats.com/fighter-details/86bace9e4ad85542
Paul Capaldo,6-0-0,"5' 7""",135 lbs.,--,,"Dec 27, 1996",:0.00,:0%,:0.00,:0%,:0.00,:0%,:0%,:0.0,http://ufcstats.com/fighter-details/83b8fe74224dd642
Chi Lewis-Parry,7-0-1 (2 NC),"6' 9""",243 lbs.,--,,"Aug 10, 1983",:0.00,:0%,:0.00,:0%,:0.00,:0%,:0%,:0.0,http://ufcstats.com/fighter-details/a307a10414d0ad00
Anshul Jubli,7-2-0,"6' 0""",155 lbs.,"69""",Switch,"Jan 13, 1995",:6.42,:46%,:5.72,:50%,:0.81,:18%,:63%,:0.4,http://ufcstats.com/fighter-details/a72a2a769fa5a2be
Poppies Martinez,29-11-0,"5' 9""",145 lbs.,--,,"Aug 19, 1983",:2.88,:50%,:2.16,:51%,:1.54,:33%,:50%,:9.2,http://ufcstats.com/fighter-details/8851bb0418d27d28
Andy Ologun,3-1-0,"6' 0""",154 lbs.,--,Orthodox,"Jun 12, 1983",:2.36,:57%,:0.32,:85%,:0.68,:100%,:80%,:0.0,http://ufcstats.com/fighter-details/e96d8538d3f9d0ed
Grigory Popov,13-3-0,"5' 7""",135 lbs.,"68""",Switch,"Apr 18, 1984",:3.63,:37%,:4.20,:55%,:0.00,:0%,:45%,:0.0,http://ufcstats.com/fighter-details/d3fa5c5955397532
Patricia Alujas,9-3-0,"5' 4""",115 lbs.,"64""",Orthodox,"May 08, 1996",:5.83,:31%,:9.25,:44%,:0.00,:0%,:0%,:0.0,http://ufcstats.com/fighter-details/430c533614d45813
Scott Smith,18-11-0 (1 NC),"6' 0""",185 lbs.,"70""",Orthodox,"May 21, 1979",:1.90,:27%,:5.87,:50%,:0.12,:6%,:58%,:0.5,http://ufcstats.com/fighter-details/3410cf010558dc8b
Chase Gibson,9-5-0,"5' 10""",155 lbs.,"72""",Orthodox,"Feb 07, 1990",:3.13,:54%,:6.40,:52%,:0.00,:0%,:0%,:0.0,http://ufcstats.com/fighter-details/09439946214993bc
John Lewis,3-4-3,"6' 0""",155 lbs.,--,Southpaw,--,:0.00,:0%,:4.00,:66%,:0.00,:0%,:0%,:0.0,http://ufcstats.com/fighter-details/4a01dc8376736ef5
Samuel Silva,13-5-1,"6' 0""",155 lbs.,"72""",Orthodox,"Jan 02, 1996",:2.58,:27%,:8.61,:37%,:0.00,:0%,:0%,:0.0,http://ufcstats.com/fighter-details/04e0507b94014dbb
Sheymon Moraes,11-4-0,"5' 8""",145 lbs.,"72""",Orthodox,"Oct 11, 1990",:3.00,:42%,:3.64,:63%,:0.00,:0%,:53%,:0.0,http://ufcstats.com/fighter-details/0d62719b1dcf7c40
Brad Imes,13-7-0,"6' 7""",265 lbs.,--,Orthodox,"Mar 13, 1977",:2.73,:31%,:4.24,:49%,:1.72,:71%,:0%,:1.0,http://ufcstats.com/fighter-details/4908c5ee68a50ee5
Brett Rogers,17-10-0 (1 NC),"6' 5""",265 lbs.,"81""",Orthodox,"Feb 17, 1981",:3.17,:44%,:3.20,:46%,:0.00,:0%,:58%,:0.0,http://ufcstats.com/fighter-details/9141bb39310773c7
Andrei Kopylov,6-11-0,"6' 2""",265 lbs.,--,Orthodox,"Jul 16, 1965",:0.33,:66%,:4.31,:40%,:0.00,:0%,:0%,:0.0,http://ufcstats.com/fighter-details/dd39f1ca787a3d9d
Joe Lauzon,28-16-0,"5' 10""",155 lbs.,"71""",Orthodox,"May 22, 1984",:2.84,:39%,:5.39,:54%,:2.39,:45%,:54%,:2.0,http://ufcstats.com/fighter-details/3bad7ef643840f67
Josh Fremd,11-6-0,"6' 4""",185 lbs.,"76""",Orthodox,"Jan 15, 1994",:2.52,:44%,:2.23,:47%,:0.66,:25%,:30%,:1.1,http://ufcstats.com/fighter-details/ca43de99b07b6b40
Yoshihiro Takayama,1-4-0,"6' 5""",280 lbs.,--,Orthodox,"Sep 19, 1968",:3.40,:54%,:5.69,:29%,:0.67,:33%,:55%,:0.0,http://ufcstats.com/fighter-details/d856a0080ac09ed7
Chris Drumm,0-1-0 (1 NC),"5' 8""",145 lbs.,--,,--,:0.00,:0%,:0.00,:0%,:0.00,:0%,:0%,:0.0,http://ufcstats.com/fighter-details/5fd834edd92c9e50
Andre Fialho,16-8-0 (1 NC),"6' 0""",170 lbs.,"74""",Orthodox,"Apr 07, 1994",:3.30,:41%,:6.26,:45%,:0.25,:100%,:66%,:0.0,http://ufcstats.com/fighter-details/33efaf2d0941cfcf
Natan Levy,8-2-0,"5' 9""",155 lbs.,"71""",Southpaw,"Sep 30, 1991",:3.70,:52%,:3.19,:58%,:5.03,:58%,:41%,:0.5,http://ufcstats.com/fighter-details/a29db9cd4f9ccea5
Allen Berube,4-3-0,"5' 8""",155 lbs.,--,Orthodox,"Aug 25, 1974",:0.92,:80%,:0.92,:33%,:6.87,:100%,:0%,:3.4,http://ufcstats.com/fighter-details/aebfb84d1f6d2d8c
Michael Oliveira,8-0-0,--,170 lbs.,--,,"Jan 21, 1998",:0.00,:0%,:0.00,:0%,:0.00,:0%,:0%,:0.0,http://ufcstats.com/fighter-details/037cfd34a27d59e9
Damonte Robinson,6-1-1,"6' 0""",155 lbs.,"77""",,"Jun 10, 1995",:0.00,:0%,:0.00,:0%,:0.00,:0%,:0%,:0.0,http://ufcstats.com/fighter-details/2782235b078b72a7
Mark Cherico,11-1-0,"5' 7""",145 lbs.,"69""",Orthodox,"May 12, 1986",:3.69,:34%,:7.37,:56%,:5.03,:50%,:0%,:0.0,http://ufcstats.com/fighter-details/79a193111e3bc99b
Hiroyuki Takaya,21-14-2,"5' 6""",139 lbs.,--,Orthodox,"Jun 10, 1977",:3.18,:33%,:3.16,:60%,:0.90,:45%,:66%,:0.0,http://ufcstats.com/fighter-details/0d16bdb7d32e88e9
Rei Tsuruya,10-1-0,"5' 6""",125 lbs.,"68""",Orthodox,"Jun 22, 2002",:2.24,:52%,:2.01,:42%,:5.06,:37%,:50%,:1.9,http://ufcstats.com/fighter-details/2f43a3e82661fa99
Antonio Jones,6-1-0,"5' 11""",185 lbs.,--,Orthodox,"Apr 12, 1985",:7.50,:55%,:30.00,:42%,:0.00,:0%,:0%,:0.0,http://ufcstats.com/fighter-details/f1fd494586ab8d5f
Eric Schwartz,2-0-0,--,205 lbs.,--,,--,:0.00,:0%,:0.00,:0%,:0.00,:0%,:0%,:0.0,http://ufcstats.com/fighter-details/79cbdf233e5e0496
Jay Hieron,23-7-0,"6' 0""",170 lbs.,"75""",Orthodox,"Jul 29, 1976",:1.66,:32%,:1.89,:61%,:4.05,:60%,:66%,:1.0,http://ufcstats.com/fighter-details/5bb0a618ad03ac64
Donavon Frelow,6-3-0,"5' 7""",135 lbs.,--,Orthodox,"Jan 20, 1985",:2.40,:27%,:3.20,:52%,:1.00,:100%,:26%,:0.0,http://ufcstats.com/fighter-details/9aa56f004b2bca07
Valerie Letourneau,8-6-0,"5' 7""",115 lbs.,"68""",Orthodox,"Apr 29, 1983",:4.51,:37%,:5.40,:58%,:0.77,:45%,:66%,:0.3,http://ufcstats.com/fighter-details/46a2f24feb258ae0
Abner Lloveras,20-9-1,"5' 11""",155 lbs.,--,,"Sep 04, 1982",:6.27,:49%,:6.87,:43%,:2.00,:20%,:0%,:0.0,http://ufcstats.com/fighter-details/6448e57a9533b7e4
Taylor Roberts,3-12-0,"5' 11""",170 lbs.,--,,--,:0.00,:0%,:0.00,:0%,:0.00,:0%,:0%,:0.0,http://ufcstats.com/fighter-details/c5ec23983dc2d8f4
Steve Montgomery,9-5-0,"6' 4""",185 lbs.,--,Southpaw,"Dec 19, 1990",:4.85,:39%,:4.12,:47%,:0.00,:0%,:64%,:0.0,http://ufcstats.com/fighter-details/6e92eb1242b46636
George Sotiropoulos,14-7-0,"5' 10""",155 lbs.,"71""",Orthodox,"Jul 09, 1977",:2.61,:27%,:2.52,:67%,:2.32,:31%,:53%,:1.6,http://ufcstats.com/fighter-details/896c322f56b8be5a
Yohan Lainesse,9-3-0,"6' 1""",170 lbs.,"76""",Orthodox,"Aug 14, 1992",:2.22,:41%,:3.38,:58%,:0.94,:28%,:72%,:0.5,http://ufcstats.com/fighter-details/f998f5c102250d6e
Geane Herrera,9-3-0,"5' 5""",125 lbs.,"66""",Orthodox,"May 27, 1990",:1.51,:31%,:5.07,:52%,:0.83,:37%,:38%,:0.6,http://ufcstats.com/fighter-details/c169545ab0825f44
Nikola Joksovic,16-0-0 (1 NC),--,170 lbs.,--,,"Sep 11, 1994",:0.00,:0%,:0.00,:0%,:0.00,:0%,:0%,:0.0,http://ufcstats.com/fighter-details/a6aa3157e1a1d104
Uran Satybaldiev,9-1-0,"6' 4""",205 lbs.,"79""",Orthodox,"Aug 10, 1994",:2.14,:25%,:3.66,:44%,:0.00,:0%,:50%,:1.7,http://ufcstats.com/fighter-details/02f484417a6fa69d
Brandon Lewis,6-2-0,"5' 4""",135 lbs.,"70""",Orthodox,"Aug 02, 1997",:2.17,:29%,:3.63,:53%,:1.00,:15%,:20%,:0.0,http://ufcstats.com/fighter-details/6623cb1c27025634
Joe Riggs,44-17-0 (1 NC),"6' 0""",185 lbs.,"70""",Southpaw,"Sep 23, 1982",:2.41,:51%,:1.69,:57%,:2.45,:55%,:62%,:0.6,http://ufcstats.com/fighter-details/d512d9f204059f57
Javy Ayala,10-5-0,"6' 1""",265 lbs.,--,,"Aug 20, 1988",:0.83,:25%,:5.00,:33%,:0.00,:0%,:0%,:0.0,http://ufcstats.com/fighter-details/26387c19f32dda0f
Tiago dos Santos e Silva,20-7-2 (1 NC),"5' 9""",145 lbs.,"70""",Orthodox,"Apr 12, 1987",:3.69,:35%,:4.23,:59%,:0.63,:11%,:33%,:0.3,http://ufcstats.com/fighter-details/8ce87f7e3a9baed2
Chad George,16-8-0,"5' 6""",135 lbs.,"68""",Southpaw,"Apr 30, 1982",:1.26,:50%,:1.11,:65%,:3.08,:46%,:0%,:1.3,http://ufcstats.com/fighter-details/14e797332ea32cdb
Naoki Inoue,11-1-0,"5' 9""",125 lbs.,"71""",Orthodox,"Jun 14, 1997",:3.67,:35%,:3.37,:60%,:0.00,:0%,:60%,:2.5,http://ufcstats.com/fighter-details/199eb7cf6ae90294
Hirotaka Yokoi,11-5-0,"5' 11""",205 lbs.,--,Orthodox,"Jun 08, 1978",:1.52,:33%,:3.42,:38%,:1.87,:41%,:66%,:0.4,http://ufcstats.com/fighter-details/35585d970300d45a
Albert Rios,13-6-0,"5' 8""",145 lbs.,--,,--,:0.00,:0%,:0.00,:0%,:0.00,:0%,:0%,:0.0,http://ufcstats.com/fighter-details/868a78f2e810a837
Sora Rakhmonova,4-1-0,--,125 lbs.,--,,"Jun 21, 1998",:0.00,:0%,:0.00,:0%,:0.00,:0%,:0%,:0.0,http://ufcstats.com/fighter-details/63ff619c52ff7976
Jailton Almeida,22-3-0,"6' 3""",205 lbs.,"79""",Orthodox,"Jun 26, 1991",:2.62,:65%,:0.89,:41%,:6.58,:60%,:60%,:2.4,http://ufcstats.com/fighter-details/41e83a89929d1327
Michael McDonald,17-4-0,"5' 9""",135 lbs.,"70""",Orthodox,"Jan 15, 1991",:2.69,:42%,:2.76,:57%,:1.09,:66%,:52%,:1.4,http://ufcstats.com/fighter-details/d0314416a7f26527
J.T Taylor,7-7-0,"5' 10""",--,--,,--,:3.17,:80%,:3.70,:26%,:3.96,:100%,:0%,:7.9,http://ufcstats.com/fighter-details/17c6e35e4da505b0
Calen Born,7-1-0,"5' 8""",170 lbs.,"72""",Switch,"May 24, 1988",:0.00,:0%,:0.00,:0%,:0.00,:0%,:0%,:0.0,http://ufcstats.com/fighter-details/3c85e04b08a05751
DeAnna Bennett,8-3-1,"5' 4""",125 lbs.,"68""",Orthodox,"Nov 18, 1984",:3.13,:58%,:3.27,:58%,:0.00,:0%,:0%,:1.0,http://ufcstats.com/fighter-details/404ecb2700844072
Alexander Munoz,7-2-0,"5' 9""",155 lbs.,"72""",Switch,"Feb 27, 1990",:3.70,:42%,:4.73,:55%,:3.00,:40%,:100%,:0.0,http://ufcstats.com/fighter-details/f8f1ec513bcfef43
Quentin Pasley,3-0-0,--,205 lbs.,--,,--,:0.00,:0%,:0.00,:0%,:0.00,:0%,:0%,:0.0,http://ufcstats.com/fighter-details/15b1f83a90302adf
Virgil Zwicker,15-6-1,"6' 2""",205 lbs.,"74""",,"Jun 26, 1982",:3.34,:48%,:4.87,:39%,:1.31,:30%,:50%,:0.0,http://ufcstats.com/fighter-details/0c277f3ff66b0208
Justin Guthrie,18-9-0,"6' 1""",170 lbs.,--,,"Jan 19, 1981",:0.16,:33%,:3.74,:14%,:2.44,:25%,:0%,:4.9,http://ufcstats.com/fighter-details/a789defa9086da46
Carlos Newton,16-14-0,"5' 9""",170 lbs.,--,Orthodox,"Aug 17, 1976",:0.65,:41%,:1.55,:44%,:2.47,:70%,:43%,:0.9,http://ufcstats.com/fighter-details/952f6fa06f25a0ec
Fabio Cherant,7-4-0,"6' 1""",205 lbs.,"74""",Southpaw,"Nov 25, 1994",:1.35,:40%,:4.89,:38%,:0.00,:0%,:0%,:0.0,http://ufcstats.com/fighter-details/78a68f1dade6aaf7
TJ Hepburn,4-2-0,"5' 7""",155 lbs.,--,,--,:0.73,:37%,:0.13,:81%,:2.00,:40%,:60%,:0.0,http://ufcstats.com/fighter-details/e1acbb6352ca3551
JungHyun Lee,8-1-0,"5' 5""",125 lbs.,"65""",Orthodox,"Sep 10, 2002",:4.27,:39%,:6.20,:38%,:0.00,:0%,:64%,:0.0,http://ufcstats.com/fighter-details/b6033505c245e28b
Nair Melikyan,11-0-0,"5' 6""",155 lbs.,--,,"Aug 08, 1997",:0.00,:0%,:0.00,:0%,:0.00,:0%,:0%,:0.0,http://ufcstats.com/fighter-details/64b8561624d3b15e
Aalon Cruz,8-4-0,"6' 0""",145 lbs.,"78""",Switch,"Sep 20, 1989",:7.58,:39%,:8.88,:58%,:0.00,:0%,:0%,:0.0,http://ufcstats.com/fighter-details/003d82fa384ca1d0
Daniel Schmitt,2-3-0,--,185 lbs.,--,,--,:0.00,:0%,:0.00,:0%,:0.00,:0%,:0%,:0.0,http://ufcstats.com/fighter-details/bd02e222a6166d50
Josh McDonald,9-5-0 (1 NC),--,185 lbs.,--,,--,:0.80,:57%,:3.40,:33%,:9.00,:50%,:0%,:0.0,http://ufcstats.com/fighter-details/b507a76087e3ed9f
Dayana Silva,7-4-0,"5' 7""",135 lbs.,--,Orthodox,"Aug 27, 1990",:6.33,:51%,:5.93,:57%,:0.00,:0%,:42%,:0.0,http://ufcstats.com/fighter-details/b19aecbfbb5508cc
CM Punk,0-1-0 (1 NC),"6' 1""",170 lbs.,"73""",Orthodox,"Oct 26, 1978",:1.10,:23%,:4.87,:40%,:0.87,:11%,:0%,:0.0,http://ufcstats.com/fighter-details/a8c9d16fe2a14d72
Joe Hernandez,0-1-0,--,--,--,,--,:0.00,:0%,:0.00,:0%,:0.00,:0%,:0%,:0.0,http://ufcstats.com/fighter-details/4a76daef28549957
Gasan Umalatov,17-4-2,"5' 11""",170 lbs.,"71""",Orthodox,"Sep 11, 1982",:2.23,:39%,:4.10,:59%,:0.75,:17%,:90%,:0.0,http://ufcstats.com/fighter-details/7a39bbac8cc0fa70
Larry Cureton,0-2-0,"6' 2""",240 lbs.,--,Orthodox,--,:0.00,:0%,:0.00,:0%,:0.00,:0%,:0%,:0.0,http://ufcstats.com/fighter-details/46f11d15c0134fe3
Colley  Bradford,0-1-0,"5' 7""",145 lbs.,--,,--,:0.43,:25%,:1.73,:50%,:19.42,:50%,:100%,:0.0,http://ufcstats.com/fighter-details/1433786ac76cf777
Ivan Erslan,14-6-0 (1 NC),"6' 2""",205 lbs.,"72""",Orthodox,"Nov 15, 1991",:2.55,:46%,:5.01,:53%,:0.45,:20%,:61%,:0.0,http://ufcstats.com/fighter-details/64ad3e3b0efa30bb
Rousimar Palhares,19-8-0,"5' 8""",170 lbs.,"71""",Orthodox,"Feb 26, 1980",:1.75,:51%,:2.04,:59%,:3.93,:45%,:0%,:4.1,http://ufcstats.com/fighter-details/8ddf9c51c5fdea75
Jason Suttie,0-1-0,"6' 0""",210 lbs.,--,Orthodox,"Aug 07, 1973",:2.07,:83%,:4.97,:36%,:0.00,:0%,:0%,:0.0,http://ufcstats.com/fighter-details/cc5834a495d1ea08
Norifumi Yamamoto,18-6-0 (2 NC),"5' 4""",135 lbs.,"66""",Southpaw,"Mar 15, 1977",:2.09,:45%,:2.01,:57%,:0.41,:22%,:45%,:0.0,http://ufcstats.com/fighter-details/4834ff149dc9542a
Sage Northcutt,11-2-0,"6' 0""",170 lbs.,"71""",Orthodox,"Mar 01, 1996",:3.58,:52%,:1.96,:58%,:1.81,:34%,:41%,:0.6,http://ufcstats.com/fighter-details/ed9d8ee3a4239b1c
Will Campuzano,14-6-0,"5' 9""",125 lbs.,"70""",Orthodox,"May 27, 1986",:2.43,:31%,:3.82,:57%,:0.88,:45%,:48%,:0.2,http://ufcstats.com/fighter-details/901cddcbfa079097
Brian Kelleher,24-16-0,"5' 6""",135 lbs.,"66""",Switch,"Aug 19, 1986",:3.31,:41%,:4.59,:54%,:1.68,:41%,:60%,:0.7,http://ufcstats.com/fighter-details/7be14eaed4c74856
Lyman Good,21-6-0 (1 NC),"6' 0""",170 lbs.,"74""",Orthodox,"May 26, 1985",:5.34,:48%,:4.01,:63%,:0.27,:100%,:75%,:0.0,http://ufcstats.com/fighter-details/4e0692ad070976e4
Byron Bloodworth,6-3-0,"5' 8""",135 lbs.,--,Orthodox,"Aug 16, 1983",:1.82,:28%,:5.18,:50%,:0.00,:0%,:0%,:0.0,http://ufcstats.com/fighter-details/ecdf14f4f8643d39
Anthony Guarascio,3-1-0 (1 NC),"6' 2""",233 lbs.,"72""",Orthodox,"Feb 26, 1994",:7.50,:28%,:41.25,:35%,:0.00,:0%,:0%,:0.0,http://ufcstats.com/fighter-details/dc052ab64be66e1d
Andrew Ramm,4-4-0,"6' 1""",160 lbs.,--,,--,:0.00,:0%,:0.00,:0%,:0.00,:0%,:0%,:0.0,http://ufcstats.com/fighter-details/3b5f2faaa2f2c1f6
Sean Pierson,14-6-0,"6' 0""",170 lbs.,"76""",Southpaw,"Mar 10, 1976",:3.84,:39%,:3.73,:64%,:0.39,:18%,:66%,:0.4,http://ufcstats.com/fighter-details/0d506315895efffc
SuYoung You,16-3-0 (2 NC),"5' 6""",135 lbs.,"65""",Orthodox,"Dec 11, 1995",:2.28,:46%,:1.96,:70%,:3.80,:47%,:66%,:0.4,http://ufcstats.com/fighter-details/a474aade8eb3a8f0
Joe Taimanglo,23-7-1,"5' 4""",135 lbs.,--,,"Jun 27, 1984",:4.18,:42%,:4.55,:59%,:5.45,:40%,:100%,:1.4,http://ufcstats.com/fighter-details/9bf126927843e184
Juan Cabrera,9-1-0,--,185 lbs.,--,,"Feb 19, 2004",:0.00,:0%,:0.00,:0%,:0.00,:0%,:0%,:0.0,http://ufcstats.com/fighter-details/601f8439a0277670
Dave Herman,22-6-0,"6' 4""",242 lbs.,"77""",Orthodox,"Oct 03, 1984",:4.98,:60%,:3.78,:48%,:1.49,:100%,:58%,:0.0,http://ufcstats.com/fighter-details/cbd6f1abf955e628
Morgan Charriere,21-11-1,"5' 8""",145 lbs.,"69""",Orthodox,"Oct 26, 1995",:4.08,:50%,:4.54,:53%,:2.11,:46%,:83%,:0.3,http://ufcstats.com/fighter-details/5b03b61f9d90125e
Anthony Birchak,16-8-0,"5' 8""",135 lbs.,"69""",Orthodox,"May 16, 1986",:3.93,:36%,:3.67,:56%,:0.48,:14%,:61%,:0.5,http://ufcstats.com/fighter-details/c5a126ace82a6025
Shonie Carter,51-31-7 (1 NC),"5' 10""",170 lbs.,--,Southpaw,"May 03, 1972",:1.62,:36%,:2.32,:47%,:0.75,:66%,:75%,:0.0,http://ufcstats.com/fighter-details/7b6e40a73b567072
Sterling Ford,15-7-0,"5' 10""",155 lbs.,--,,"Mar 12, 1986",:0.00,:0%,:0.00,:0%,:0.00,:0%,:0%,:0.0,http://ufcstats.com/fighter-details/a71ce6ff0b4a9dbb
Joe Neal,6-2-0,"5' 6""",135 lbs.,--,,"Jul 29, 1986",:1.87,:19%,:3.80,:66%,:0.00,:0%,:0%,:0.0,http://ufcstats.com/fighter-details/5751267660c734cb
Diana Belbita,15-10-0,"5' 7""",125 lbs.,"68""",Orthodox,"Jun 26, 1996",:6.45,:41%,:6.55,:51%,:0.86,:62%,:64%,:0.0,http://ufcstats.com/fighter-details/d7e40dca3ae125be
Roosevelt Roberts,12-6-0 (1 NC),"6' 2""",155 lbs.,"73""",Orthodox,"Feb 11, 1994",:2.84,:43%,:3.10,:52%,:1.18,:26%,:50%,:0.7,http://ufcstats.com/fighter-details/37c5366d18ed6c05
Roshan Mainam,6-3-0,--,135 lbs.,--,,--,:0.00,:0%,:0.00,:0%,:0.00,:0%,:0%,:0.0,http://ufcstats.com/fighter-details/b301292b1bc92bdb
Dino Pezao,1-3-0,--,205 lbs.,--,Orthodox,--,:0.66,:30%,:3.28,:31%,:0.00,:0%,:0%,:0.0,http://ufcstats.com/fighter-details/81b57acd6975ac06
Francesco Mazzeo,4-1-0,"6' 3""",205 lbs.,"75""",Orthodox,"Sep 23, 1997",:1.83,:44%,:0.75,:65%,:3.23,:50%,:0%,:0.0,http://ufcstats.com/fighter-details/7b3c13fe33556a21
Heath Herring,28-16-0 (1 NC),"6' 4""",250 lbs.,"78""",Orthodox,"Mar 02, 1978",:2.37,:50%,:1.77,:54%,:1.22,:50%,:32%,:0.7,http://ufcstats.com/fighter-details/7450525c7ba032a0
Raphael Uchegbu,10-2-0,"5' 9""",135 lbs.,"73""",Orthodox,"Aug 16, 1995",:2.46,:48%,:2.85,:50%,:1.48,:16%,:0%,:0.0,http://ufcstats.com/fighter-details/cb680d85b84cbfd9
David Avellan,2-1-0,"5' 9""",185 lbs.,--,Orthodox,"Jul 07, 1981",:3.33,:25%,:10.00,:57%,:0.00,:0%,:0%,:0.0,http://ufcstats.com/fighter-details/956dcac65e7b34d6
Amir Albazi,17-2-0,"5' 5""",125 lbs.,"68""",Orthodox,"Oct 27, 1993",:2.72,:34%,:3.71,:61%,:1.39,:32%,:50%,:0.5,http://ufcstats.com/fighter-details/6d35bf94f7d30241
Clint Coronel,2-5-0,--,155 lbs.,--,,--,:4.93,:32%,:5.60,:66%,:0.00,:0%,:66%,:0.0,http://ufcstats.com/fighter-details/fe67cd6423f7a8ad
Mateus Mendonca,10-3-0,"5' 6""",125 lbs.,"71""",Orthodox,"Jan 17, 1999",:1.66,:40%,:4.14,:30%,:2.54,:27%,:55%,:0.4,http://ufcstats.com/fighter-details/48812daf291a4e23
Joe Jordan,49-14-2,"5' 6""",155 lbs.,--,Orthodox,"Jul 27, 1978",:1.85,:25%,:4.27,:59%,:0.00,:0%,:66%,:0.0,http://ufcstats.com/fighter-details/712c4db78b9373d1
JooSang Yoo,9-1-0,"5' 7""",145 lbs.,"71""",Orthodox,"Jan 21, 1994",:6.36,:58%,:4.99,:56%,:0.00,:0%,:50%,:0.0,http://ufcstats.com/fighter-details/a44020ea2e8cd026
Jason Dent,22-13-0,"5' 10""",155 lbs.,"71""",Orthodox,"Jun 12, 1980",:2.01,:39%,:3.70,:62%,:0.00,:0%,:26%,:1.4,http://ufcstats.com/fighter-details/fa8b9e6b0c2269f8
Jimmy Lawson,4-2-0,"6' 0""",265 lbs.,"77""",Orthodox,"Nov 13, 1991",:0.07,:8%,:1.60,:44%,:0.00,:0%,:0%,:0.0,http://ufcstats.com/fighter-details/e43eefb10d440cb0
Sergio Moraes,14-6-1,"6' 0""",170 lbs.,"72""",Orthodox,"Jul 23, 1982",:2.42,:42%,:3.73,:59%,:1.20,:38%,:75%,:0.4,http://ufcstats.com/fighter-details/1bcaac2d99b90fce
Sanae Kikuta,31-9-3 (1 NC),"5' 9""",200 lbs.,--,Orthodox,"Sep 10, 1971",:0.70,:45%,:0.90,:52%,:1.60,:63%,:25%,:1.8,http://ufcstats.com/fighter-details/e4bde462b043d3e1
Dave Berry,0-1-0,--,--,--,,--,:0.00,:0%,:0.00,:0%,:0.00,:0%,:0%,:0.0,http://ufcstats.com/fighter-details/b3bbe88fecd6a0d2
Claudio Ribeiro,11-5-0,"6' 1""",185 lbs.,"77""",Orthodox,"Jul 17, 1992",:3.59,:51%,:4.90,:30%,:0.56,:50%,:66%,:0.0,http://ufcstats.com/fighter-details/972c456ff38b2015
Derek Bohi,8-5-0,"6' 4""",260 lbs.,--,,--,:0.00,:0%,:0.00,:0%,:0.00,:0%,:0%,:0.0,http://ufcstats.com/fighter-details/70a1c7626b5e0599
David Barrios,4-8-0,"5' 6""",145 lbs.,--,,--,:0.00,:0%,:0.00,:0%,:0.00,:0%,:0%,:0.0,http://ufcstats.com/fighter-details/e6015889f50075d2
Maurice Greene,9-7-0,"6' 7""",258 lbs.,"80""",Orthodox,"Jul 05, 1986",:3.28,:45%,:3.61,:45%,:0.00,:0%,:27%,:0.4,http://ufcstats.com/fighter-details/068f8a189a47fea6
Chris Weidman,16-8-0,"6' 2""",185 lbs.,"78""",Orthodox,"Jun 17, 1984",:3.11,:45%,:3.37,:51%,:3.27,:42%,:72%,:0.8,http://ufcstats.com/fighter-details/3a8176e15b9887c1
Kyron Bowen,9-5-0,"6' 3""",185 lbs.,"73""",Orthodox,"Dec 22, 1993",:2.73,:57%,:2.05,:40%,:0.00,:0%,:0%,:0.0,http://ufcstats.com/fighter-details/5488b3c67600333a
Samuel Sanches,11-1-0,"5' 10""",155 lbs.,"74""",Orthodox,"Jan 28, 2003",:5.95,:75%,:0.00,:100%,:0.00,:0%,:100%,:0.0,http://ufcstats.com/fighter-details/438d497617ecb16e
Jimmie Pace,7-2-0,--,185 lbs.,--,,"Apr 09, 1996",:0.00,:0%,:0.00,:0%,:0.00,:0%,:0%,:0.0,http://ufcstats.com/fighter-details/4652b685fa11e7fd
Kalindra Faria,18-8-1,"5' 7""",125 lbs.,--,Switch,"Jul 23, 1986",:2.23,:56%,:1.44,:45%,:1.31,:66%,:20%,:0.7,http://ufcstats.com/fighter-details/27b164b0d1833df0
Jocelyn Jones-Lybarger,6-4-0,"5' 7""",115 lbs.,"64""",Orthodox,"Oct 04, 1985",:2.96,:31%,:4.83,:56%,:0.34,:25%,:81%,:0.0,http://ufcstats.com/fighter-details/1a98c9dbb7fc3959
Jesse Strader,5-3-0,"5' 7""",135 lbs.,"70""",Orthodox,"May 29, 1991",:5.03,:51%,:5.28,:47%,:3.87,:57%,:100%,:0.0,http://ufcstats.com/fighter-details/8c39367b53eadf8a
Nikk Covert,3-4-0,"5' 8""",185 lbs.,--,,"Aug 04, 1969",:0.00,:0%,:0.00,:0%,:0.00,:0%,:0%,:0.0,http://ufcstats.com/fighter-details/400c7b43c86d27d3
Kenny Florian,14-6-0,"5' 10""",145 lbs.,"74""",Southpaw,"May 26, 1976",:2.41,:40%,:1.85,:63%,:2.22,:33%,:60%,:1.3,http://ufcstats.com/fighter-details/cb139171ed1b69fe
Maurice Mitchell,11-2-0,"5' 9""",145 lbs.,--,Orthodox,"Jun 29, 1987",:3.80,:55%,:3.54,:60%,:0.00,:0%,:100%,:0.0,http://ufcstats.com/fighter-details/568bebed6366b667
Kiefer Crosbie,10-6-0,"5' 11""",170 lbs.,"70""",Switch,"Apr 05, 1990",:4.46,:64%,:5.80,:46%,:0.00,:0%,:40%,:0.0,http://ufcstats.com/fighter-details/4729c93ba705a3bf
Otari Tanzilovi,9-1-0,"5' 10""",135 lbs.,"70""",Orthodox,"Apr 09, 1998",:4.53,:72%,:3.33,:55%,:4.00,:25%,:0%,:0.0,http://ufcstats.com/fighter-details/b9124c308671e303
Jeremiah Constant,11-8-0 (1 NC),"6' 1""",240 lbs.,--,Orthodox,"Jul 19, 1974",:1.50,:75%,:3.25,:43%,:0.00,:0%,:0%,:7.5,http://ufcstats.com/fighter-details/18f5669a92e99d92
Derek Brunson,23-9-0,"6' 1""",185 lbs.,"77""",Southpaw,"Jan 04, 1984",:3.51,:47%,:3.05,:51%,:3.14,:33%,:85%,:0.6,http://ufcstats.com/fighter-details/b1a3e0aca758b322
Trevor Harris,2-2-0,"5' 6""",145 lbs.,--,,--,:1.73,:50%,:0.43,:75%,:0.00,:0%,:50%,:6.5,http://ufcstats.com/fighter-details/0e98b05d3cf6d271
Pete Sell,10-7-0,"5' 11""",170 lbs.,"75""",Orthodox,"Aug 05, 1982",:2.60,:42%,:3.65,:51%,:0.91,:21%,:47%,:0.9,http://ufcstats.com/fighter-details/0359313549d230a1
Christian Wellisch,8-5-0,"6' 2""",234 lbs.,"77""",Orthodox,"Sep 13, 1975",:3.12,:27%,:3.04,:56%,:1.22,:42%,:45%,:1.2,http://ufcstats.com/fighter-details/f1b2a4365799c48b
Jordan Williams,9-6-0 (1 NC),"6' 1""",185 lbs.,"75""",Southpaw,"Oct 13, 1990",:5.83,:50%,:5.46,:35%,:1.11,:50%,:85%,:0.0,http://ufcstats.com/fighter-details/e26bd53b751d61d9
Cat Zingano,10-4-0,"5' 6""",145 lbs.,"68""",Southpaw,"Jul 01, 1982",:2.57,:61%,:1.63,:47%,:2.77,:65%,:42%,:0.8,http://ufcstats.com/fighter-details/3ecd936bd8814108
Chris Hofmann,9-2-0,"6' 0""",170 lbs.,"72""",Orthodox,"Nov 18, 1989",:4.78,:45%,:4.63,:35%,:3.42,:42%,:0%,:0.0,http://ufcstats.com/fighter-details/33fb306278dbb3e5
Jason Miller,23-10-0 (1 NC),"6' 1""",185 lbs.,--,Orthodox,"Dec 24, 1980",:1.83,:43%,:2.30,:49%,:1.31,:28%,:43%,:1.3,http://ufcstats.com/fighter-details/b2f88c04c4dd43ce
Lu Zhengyong,12-7-0,--,125 lbs.,--,,--,:0.00,:0%,:0.00,:0%,:0.00,:0%,:0%,:0.0,http://ufcstats.com/fighter-details/dc1bfd47c3b21ad3
Steve Garcia,18-5-0,"6' 0""",145 lbs.,"75""",Southpaw,"May 22, 1992",:5.18,:48%,:2.20,:57%,:0.90,:40%,:88%,:0.5,http://ufcstats.com/fighter-details/97cf1a2c7c5e7889
Clint Godfrey,13-3-0,"5' 6""",135 lbs.,--,Southpaw,"Oct 21, 1982",:0.57,:31%,:0.96,:65%,:0.85,:25%,:50%,:0.0,http://ufcstats.com/fighter-details/bd85ca0bb4f26cfc
Kyle Reyes,15-7-0,"5' 8""",145 lbs.,--,,--,:0.00,:0%,:0.00,:0%,:0.00,:0%,:0%,:0.0,http://ufcstats.com/fighter-details/7333d6e0f6428acb
Daniel Allen,5-0-0,"6' 0""",155 lbs.,"75""",Southpaw,"Aug 10, 1992",:7.60,:51%,:5.87,:53%,:2.00,:66%,:100%,:0.0,http://ufcstats.com/fighter-details/adf9a901308fb8e3
Ben Wall,8-7-1,"5' 10""",155 lbs.,--,Orthodox,"Mar 25, 1989",:1.47,:29%,:8.53,:29%,:0.00,:0%,:100%,:0.0,http://ufcstats.com/fighter-details/1ad381c8994c4e5b
Bill Mahood,20-7-1 (1 NC),"6' 3""",200 lbs.,--,Orthodox,"Feb 01, 1967",:1.54,:85%,:3.59,:17%,:0.00,:0%,:0%,:3.9,http://ufcstats.com/fighter-details/ae58685caf8e4a0d
Miika Mehmet,3-5-0,--,205 lbs.,--,Orthodox,--,:0.33,:12%,:7.29,:24%,:0.00,:0%,:0%,:0.0,http://ufcstats.com/fighter-details/41dca66f9dadfc86
Ho Taek Oh,7-2-1,--,155 lbs.,--,,"Jul 20, 1993",:0.00,:0%,:0.00,:0%,:0.00,:0%,:0%,:0.0,http://ufcstats.com/fighter-details/5c020ee6ab450870
Murad Chunkaiev,8-4-0,"5' 11""",185 lbs.,--,Orthodox,--,:0.85,:16%,:3.41,:66%,:8.53,:100%,:0%,:0.0,http://ufcstats.com/fighter-details/d4a12dfa4067742f
Scott Jorgensen,15-12-0,"5' 5""",135 lbs.,"66""",Orthodox,"Sep 17, 1982",:3.37,:40%,:3.41,:65%,:2.61,:45%,:59%,:0.7,http://ufcstats.com/fighter-details/0b64d0fed453ef7f
Andre Pederneiras,1-1-2,"5' 8""",155 lbs.,--,Orthodox,"Mar 22, 1967",:0.00,:0%,:0.00,:0%,:0.00,:0%,:0%,:0.0,http://ufcstats.com/fighter-details/bba678d312590087
Jerrod Sanders,16-3-0 (1 NC),"5' 8""",135 lbs.,"72""",Orthodox,"Oct 01, 1979",:0.88,:64%,:1.14,:46%,:2.20,:33%,:50%,:1.6,http://ufcstats.com/fighter-details/12f1b140e248bdb9
Rich Franklin,29-7-0 (1 NC),"6' 1""",185 lbs.,"76""",Southpaw,"Oct 05, 1974",:4.10,:44%,:2.07,:62%,:1.31,:66%,:63%,:0.7,http://ufcstats.com/fighter-details/d897897060f10a3a
Rafael Pergentino,5-1-0,"6' 1""",205 lbs.,"76""",Orthodox,"Jan 08, 2002",:0.00,:0%,:32.00,:0%,:0.00,:0%,:0%,:0.0,http://ufcstats.com/fighter-details/8d3b4a630b1bf1e6
Victor Jones,1-3-0,--,145 lbs.,--,,--,:0.00,:0%,:0.00,:0%,:0.00,:0%,:0%,:0.0,http://ufcstats.com/fighter-details/04f0471f221db717
Rolando Delgado,11-6-1,"6' 3""",155 lbs.,"77""",Orthodox,"Nov 22, 1981",:1.56,:40%,:1.83,:62%,:1.17,:22%,:0%,:3.5,http://ufcstats.com/fighter-details/37b1696e6d115957
Luana Carolina,11-5-0,"5' 6""",135 lbs.,"69""",Orthodox,"Jun 11, 1993",:4.65,:51%,:3.46,:51%,:0.30,:37%,:68%,:0.6,http://ufcstats.com/fighter-details/528b071cf3da7c56
Ludovit Klein,23-5-1,"5' 7""",155 lbs.,"72""",Southpaw,"Feb 22, 1995",:3.57,:52%,:3.34,:52%,:1.52,:51%,:76%,:0.0,http://ufcstats.com/fighter-details/5b86d491d63890c5
Mike Seal,13-15-1 (1 NC),"6' 4""",185 lbs.,--,Orthodox,"Jul 30, 1977",:5.50,:68%,:3.33,:50%,:0.00,:0%,:33%,:0.0,http://ufcstats.com/fighter-details/0c01568b1ac77bff
James Hammortree,6-3-0,"6' 3""",185 lbs.,--,Orthodox,"Nov 29, 1983",:1.93,:30%,:4.13,:44%,:2.00,:50%,:100%,:1.0,http://ufcstats.com/fighter-details/1f77fce698e80488
Rani Yahya,28-12-1 (1 NC),"5' 6""",135 lbs.,"67""",Orthodox,"Sep 12, 1984",:1.71,:38%,:2.08,:50%,:2.73,:30%,:29%,:1.8,http://ufcstats.com/fighter-details/94527830000ab715
Maka Watson,4-2-0,--,155 lbs.,--,,"Sep 22, 1984",:0.93,:37%,:1.60,:22%,:2.00,:100%,:33%,:0.0,http://ufcstats.com/fighter-details/a31dfd9e8b2dc6ca
Ashkan Mokhtarian,13-3-0,"5' 6""",125 lbs.,"67""",Southpaw,"Sep 15, 1985",:1.95,:43%,:3.66,:43%,:0.54,:16%,:33%,:0.0,http://ufcstats.com/fighter-details/e9bc5748e6a76bb6
Bertrand Amoussou,1-1-0,"5' 8""",190 lbs.,--,Orthodox,"May 28, 1966",:6.75,:39%,:2.01,:83%,:0.00,:0%,:0%,:0.0,http://ufcstats.com/fighter-details/53adf5b845d91e4a
Adriano Santos,0-1-0,--,--,--,,--,:0.00,:0%,:0.00,:0%,:0.00,:0%,:0%,:0.0,http://ufcstats.com/fighter-details/c6e6926a81adcd00
Takayo Hashi,15-6-1,"5' 4""",135 lbs.,--,Orthodox,"Oct 02, 1977",:2.84,:26%,:6.56,:61%,:0.00,:0%,:0%,:0.0,http://ufcstats.com/fighter-details/ae4343d29c68e9d0
Victor Henry,25-7-0 (1 NC),"5' 7""",135 lbs.,"68""",Switch,"May 04, 1987",:7.17,:53%,:5.19,:48%,:1.04,:42%,:81%,:0.3,http://ufcstats.com/fighter-details/eb8d8c2a95cfccb8
Chepe Mariscal,18-6-0 (1 NC),"5' 7""",145 lbs.,"69""",Orthodox,"Oct 27, 1992",:4.95,:56%,:3.07,:51%,:2.85,:39%,:73%,:0.2,http://ufcstats.com/fighter-details/e0c6edcb5b5d0b90
Henrique Da Silva Lopes,5-2-0,"6' 3""",240 lbs.,--,,"Mar 08, 1985",:0.00,:0%,:0.00,:0%,:0.00,:0%,:0%,:0.0,http://ufcstats.com/fighter-details/1f8cd7634e8286ff
Andre Fili,25-12-0 (1 NC),"5' 11""",145 lbs.,"74""",Orthodox,"Jun 25, 1990",:3.87,:37%,:4.23,:51%,:2.22,:45%,:71%,:0.2,http://ufcstats.com/fighter-details/8fd808923cffff82
Jesse Fujarczyk,2-2-0,"6' 4""",225 lbs.,--,Southpaw,"Jan 28, 1983",:1.03,:33%,:4.91,:38%,:0.00,:0%,:25%,:0.0,http://ufcstats.com/fighter-details/c3c38c86f5ab9b5c
Mike van Arsdale,8-5-0,"6' 2""",205 lbs.,--,Switch,"Jun 20, 1965",:1.52,:41%,:1.91,:41%,:1.06,:14%,:37%,:0.0,http://ufcstats.com/fighter-details/2ee09ec2a0695eb9
Maximo Blanco,12-8-1 (1 NC),"5' 8""",145 lbs.,"71""",Orthodox,"Oct 16, 1983",:4.11,:44%,:3.19,:66%,:1.85,:36%,:63%,:0.3,http://ufcstats.com/fighter-details/4a1329cc8eb0928a
Erik Koch,16-6-0,"5' 10""",170 lbs.,"71""",Southpaw,"Oct 04, 1988",:2.33,:42%,:2.82,:47%,:1.02,:42%,:81%,:1.0,http://ufcstats.com/fighter-details/99bd87a300079ed9
Ricardo Morais,10-4-1,"6' 8""",270 lbs.,--,Orthodox,"Feb 26, 1967",:2.86,:37%,:2.39,:53%,:0.00,:0%,:0%,:0.0,http://ufcstats.com/fighter-details/2dc7f1762dc0a7ef
Codale Ford,11-9-0,"5' 9""",170 lbs.,--,,"May 13, 1979",:0.00,:0%,:0.00,:0%,:0.00,:0%,:0%,:0.0,http://ufcstats.com/fighter-details/5340123d826ceadb
Nick Meregali,0-0-0,--,--,--,,--,:0.00,:0%,:0.00,:0%,:0.00,:0%,:0%,:0.0,http://ufcstats.com/fighter-details/2f6dc878d653c442
Rick Roufus,4-6-0,"6' 0""",207 lbs.,--,Southpaw,"Jun 03, 1966",:0.53,:33%,:1.06,:33%,:0.00,:0%,:50%,:0.0,http://ufcstats.com/fighter-details/872b018076f831b0
Feng Xiaocan,10-4-0,"5' 7""",115 lbs.,"67""",Southpaw,"Oct 27, 2001",:4.18,:49%,:1.49,:68%,:0.70,:100%,:63%,:0.0,http://ufcstats.com/fighter-details/c940b42df95bbd28
Justin Wilcox,14-7-0 (1 NC),"5' 6""",155 lbs.,--,Orthodox,"Mar 12, 1979",:3.82,:28%,:2.63,:71%,:1.43,:16%,:100%,:0.0,http://ufcstats.com/fighter-details/4a482a0100cfcd0a
Gregory Bouchelaghem,5-4-0,"6' 2""",183 lbs.,--,Switch,"Mar 23, 1978",:0.27,:21%,:1.53,:36%,:0.00,:0%,:50%,:0.0,http://ufcstats.com/fighter-details/59851163aaf1aed8
Mayra Bueno Silva,10-5-1 (1 NC),"5' 6""",135 lbs.,"66""",Orthodox,"Aug 22, 1991",:3.83,:58%,:4.85,:51%,:0.57,:29%,:63%,:1.5,http://ufcstats.com/fighter-details/cc8c623cca88f54f
Sheila Gaff,9-7-0,"5' 5""",135 lbs.,--,Orthodox,"Dec 29, 1989",:1.60,:50%,:2.89,:28%,:0.00,:0%,:20%,:0.0,http://ufcstats.com/fighter-details/837d30395faca41e
Benjamin Bennett,7-1-0,"6' 0""",170 lbs.,"73""",Switch,"May 08, 1994",:4.53,:54%,:4.53,:65%,:6.00,:60%,:0%,:0.0,http://ufcstats.com/fighter-details/7030c27fc9778964
Nick Denis,11-3-0,"5' 7""",135 lbs.,--,Orthodox,"Oct 11, 1983",:6.54,:53%,:5.42,:36%,:2.80,:100%,:80%,:0.0,http://ufcstats.com/fighter-details/e4aaaa34535e32b6
Bryan Vetell,4-3-0,"6' 3""",265 lbs.,--,Southpaw,"Jul 26, 1977",:2.74,:60%,:2.13,:41%,:0.00,:0%,:0%,:0.0,http://ufcstats.com/fighter-details/13a0fb8fbdafb54f
Brian Lo-A-Njoe,6-10-3,"5' 7""",155 lbs.,--,Orthodox,--,:3.87,:42%,:0.00,:0%,:0.00,:0%,:66%,:0.0,http://ufcstats.com/fighter-details/7abce81b72fbbd9b
Eduardo Chapolin,15-2-0,"5' 7""",125 lbs.,"67""",Orthodox,"Nov 23, 1995",:2.47,:40%,:1.60,:64%,:5.00,:83%,:75%,:0.0,http://ufcstats.com/fighter-details/62f3039da2f92a8c
Junya Kudo,10-7-2,--,135 lbs.,--,Orthodox,--,:1.85,:71%,:4.44,:33%,:0.00,:0%,:0%,:0.0,http://ufcstats.com/fighter-details/487c170da059857d
Forrest Petz,26-10-0,"5' 9""",170 lbs.,"71""",Orthodox,"Sep 22, 1975",:2.27,:29%,:2.20,:57%,:1.30,:100%,:66%,:0.0,http://ufcstats.com/fighter-details/e86bc32f5997a8f7
Paul Taylor,11-6-1 (1 NC),"6' 0""",155 lbs.,"72""",Orthodox,"Dec 15, 1979",:4.44,:47%,:4.47,:55%,:0.27,:25%,:56%,:0.5,http://ufcstats.com/fighter-details/9b74de674c355425
Mark Kerr,15-11-0 (1 NC),"6' 3""",266 lbs.,--,Switch,"Dec 21, 1968",:0.28,:41%,:0.89,:28%,:2.92,:77%,:0%,:0.4,http://ufcstats.com/fighter-details/a7b48e18ca27795d
Dominique Steele,14-9-0,"5' 10""",170 lbs.,"74""",Orthodox,"Jan 27, 1988",:2.32,:49%,:2.42,:50%,:2.95,:42%,:76%,:0.0,http://ufcstats.com/fighter-details/68c11c27d4d56572
Yoko Takahashi,15-12-2,"5' 8""",150 lbs.,--,,"Apr 20, 1973",:5.11,:54%,:8.78,:48%,:0.00,:0%,:0%,:0.0,http://ufcstats.com/fighter-details/01f86e2d604e2f3c
Anthony Johnson,22-6-0,"6' 2""",205 lbs.,"78""",Orthodox,"Mar 06, 1984",:3.25,:47%,:1.83,:60%,:2.43,:57%,:77%,:0.6,http://ufcstats.com/fighter-details/365fee2da473b177
Jordan Goodwin,0-0-0,--,155 lbs.,--,,--,:0.00,:0%,:0.00,:0%,:0.00,:0%,:0%,:0.0,http://ufcstats.com/fighter-details/7f98d9d5a10fa25c
James Moontasri,9-5-0,"5' 10""",170 lbs.,"71""",Switch,"Apr 10, 1988",:2.39,:48%,:3.86,:40%,:0.00,:0%,:79%,:0.2,http://ufcstats.com/fighter-details/c06a9b48d4132c8e
Alexandr Romanov,18-3-0,"6' 2""",262 lbs.,"75""",Southpaw,"Dec 11, 1990",:3.78,:51%,:2.13,:54%,:4.49,:55%,:28%,:0.9,http://ufcstats.com/fighter-details/c0badf3243907e59
DongHun Choi,9-0-0,"5' 5""",125 lbs.,"66""",Switch,"Jan 02, 1999",:4.54,:66%,:3.13,:58%,:0.46,:14%,:81%,:0.0,http://ufcstats.com/fighter-details/3be16d817b36098b
Nate Schroeder,11-10-0,"6' 1""",230 lbs.,--,,"Jun 02, 1973",:0.00,:0%,:0.00,:0%,:0.00,:0%,:0%,:0.0,http://ufcstats.com/fighter-details/040426baba8a45e8
Joao Pierini,4-1-0,"6' 1""",155 lbs.,--,Switch,"Dec 11, 1971",:0.76,:14%,:4.56,:33%,:0.00,:0%,:0%,:0.0,http://ufcstats.com/fighter-details/9a967e8e43dcef63
Mandel Nallo,14-3-0 (1 NC),"6' 0""",155 lbs.,"75""",Orthodox,"Jul 26, 1989",:8.61,:62%,:2.58,:72%,:0.00,:0%,:100%,:0.0,http://ufcstats.com/fighter-details/8f4528c10bd34fab
Tatsuya Ando,14-4-1,"5' 4""",145 lbs.,"68""",Southpaw,"Apr 26, 1990",:0.93,:19%,:4.93,:50%,:0.00,:0%,:0%,:0.0,http://ufcstats.com/fighter-details/17615148dd4be6f6
Ilian Bouafia,7-0-0,"6' 5""",185 lbs.,"78""",Southpaw,"Nov 13, 1996",:2.00,:47%,:1.67,:65%,:0.00,:0%,:100%,:0.0,http://ufcstats.com/fighter-details/d5e929c26f25f0d3
Ariel Beck,4-5-0,"5' 6""",125 lbs.,"66""",Southpaw,"Sep 16, 1990",:4.44,:34%,:4.31,:64%,:0.00,:0%,:0%,:0.0,http://ufcstats.com/fighter-details/b96939f2b8d88e82
Israel Giron,19-5-0,"5' 8""",155 lbs.,--,,"Jan 16, 1974",:0.00,:0%,:0.00,:0%,:0.00,:0%,:0%,:0.0,http://ufcstats.com/fighter-details/4b4f6abdce986be6
Theo Rlayang,5-1-0,"5' 7""",145 lbs.,"65""",Orthodox,"Aug 10, 1994",:5.93,:48%,:8.40,:40%,:2.00,:40%,:0%,:0.0,http://ufcstats.com/fighter-details/8aabef76351401d0
Christian Morecraft,8-3-0,"6' 6""",260 lbs.,"81""",Orthodox,"Sep 08, 1986",:2.82,:34%,:2.46,:46%,:3.26,:66%,:50%,:2.2,http://ufcstats.com/fighter-details/80779d7441af1b52
Carol Foro,9-1-0,"5' 2""",115 lbs.,"61""",Orthodox,"Mar 21, 1997",:7.80,:55%,:7.67,:58%,:0.00,:0%,:100%,:0.0,http://ufcstats.com/fighter-details/77ba5b2939c4018b
Bartosz Szewczyk,8-3-1,"6' 4""",205 lbs.,"73""",Orthodox,"Sep 18, 1997",:2.70,:33%,:3.52,:47%,:0.00,:0%,:0%,:0.0,http://ufcstats.com/fighter-details/224050896306f00c
Dwight Grant,11-6-0,"6' 1""",185 lbs.,"76""",Switch,"Sep 14, 1984",:3.29,:36%,:2.66,:60%,:0.61,:100%,:66%,:0.0,http://ufcstats.com/fighter-details/8be158ca1e5ea6a0
Rory MacDonald,19-4-0,"6' 0""",170 lbs.,"76""",Orthodox,"Jul 22, 1989",:3.75,:42%,:2.80,:62%,:1.77,:47%,:88%,:0.4,http://ufcstats.com/fighter-details/cbd5d3cdd862e90e
Domingo Pilarte,8-3-0 (1 NC),"6' 0""",135 lbs.,"73""",Southpaw,"Jan 05, 1990",:1.31,:47%,:2.96,:40%,:1.20,:42%,:54%,:0.8,http://ufcstats.com/fighter-details/4bf6b225ff6099c4
Mark Weir,21-18-1,"6' 2""",185 lbs.,--,Southpaw,"Sep 19, 1967",:1.54,:56%,:2.50,:38%,:0.80,:50%,:25%,:2.4,http://ufcstats.com/fighter-details/9ccdd2ce45903f34
Gerric Hayes,8-11-0,"5' 10""",--,--,,"Oct 29, 1980",:0.00,:0%,:0.00,:0%,:0.00,:0%,:0%,:0.0,http://ufcstats.com/fighter-details/7d6a3546c988cdc0
Luis Henrique,10-5-0 (1 NC),"6' 2""",243 lbs.,"74""",Orthodox,"Aug 21, 1993",:1.81,:43%,:2.22,:47%,:3.09,:36%,:50%,:1.0,http://ufcstats.com/fighter-details/e5bda12faabfc850
Jorge Ortiz,18-9-1 (1 NC),"6' 0""",185 lbs.,--,Orthodox,--,:3.53,:58%,:2.80,:73%,:0.00,:0%,:0%,:0.0,http://ufcstats.com/fighter-details/9c5828c6fd9dc948
Ivan Cole,2-3-0,"5' 9""",135 lbs.,--,,"Nov 30, 1990",:2.68,:36%,:4.69,:46%,:0.00,:0%,:0%,:0.0,http://ufcstats.com/fighter-details/987b80f57190d6d0
Jackson McVey,6-1-0,"6' 4""",185 lbs.,"77""",Southpaw,"Mar 25, 1999",:1.12,:26%,:1.95,:22%,:0.00,:0%,:0%,:0.0,http://ufcstats.com/fighter-details/3eeec2f53cebdf12
Ryan Gracie,5-2-0,"5' 9""",200 lbs.,--,Orthodox,"Aug 14, 1974",:0.82,:61%,:0.50,:40%,:2.83,:75%,:25%,:0.9,http://ufcstats.com/fighter-details/0c3838c8f7c620c2
Rui Imura,12-5-0,"5' 10""",135 lbs.,"69""",Southpaw,"Mar 24, 1999",:1.65,:33%,:4.19,:33%,:1.65,:20%,:0%,:0.0,http://ufcstats.com/fighter-details/bb56173e2275e622
Dale Hartt,6-3-0,"5' 10""",155 lbs.,"69""",Orthodox,"Apr 04, 1979",:1.14,:35%,:1.55,:66%,:1.22,:100%,:25%,:2.5,http://ufcstats.com/fighter-details/058e4e08a1ad8aba
Mike Malott,12-2-1,"6' 1""",170 lbs.,"73""",Orthodox,"Nov 07, 1991",:4.09,:47%,:2.96,:54%,:2.08,:56%,:16%,:0.7,http://ufcstats.com/fighter-details/dd6103dd7127db1d
Nick Barnes,11-2-0,"5' 11""",170 lbs.,--,,--,:2.86,:29%,:8.93,:51%,:5.36,:100%,:100%,:5.4,http://ufcstats.com/fighter-details/78a5eea49638685d
Ronal Siahaan,7-1-0,"5' 7""",125 lbs.,"71""",Southpaw,"May 05, 1996",:0.63,:66%,:6.17,:25%,:0.00,:0%,:25%,:0.0,http://ufcstats.com/fighter-details/762226efa2b01654
Marlon Sims,3-4-0,--,170 lbs.,--,,--,:0.00,:0%,:0.00,:0%,:0.00,:0%,:0%,:0.0,http://ufcstats.com/fighter-details/9eedac48b497de5a
Tagir Ulanbekov,17-2-0,"5' 7""",125 lbs.,"70""",Southpaw,"Aug 07, 1991",:3.37,:49%,:3.36,:52%,:2.94,:38%,:62%,:1.6,http://ufcstats.com/fighter-details/f00ac08ab056af5d
Justin Scoggins,11-5-0,"5' 7""",125 lbs.,"66""",Southpaw,"May 02, 1992",:3.56,:51%,:2.16,:55%,:3.42,:63%,:82%,:0.5,http://ufcstats.com/fighter-details/9fa568ad2bf2cb0b
Daniel Weichel,39-9-0,"5' 10""",145 lbs.,"70""",,"Nov 22, 1984",:5.71,:42%,:4.05,:61%,:0.84,:50%,:83%,:0.0,http://ufcstats.com/fighter-details/7b9dade6bedaabbe
Wilson Gouveia,14-8-0,"6' 1""",185 lbs.,"76""",Orthodox,"Oct 03, 1978",:3.02,:39%,:4.06,:56%,:0.90,:66%,:57%,:2.2,http://ufcstats.com/fighter-details/af5b208e97f5d382
Ivan Shtyrkov,15-0-1,"6' 0""",205 lbs.,"74""",Orthodox,"Jun 09, 1988",:0.00,:0%,:0.00,:0%,:0.00,:0%,:0%,:0.0,http://ufcstats.com/fighter-details/1f4b1d7d12601c5f
Adam Antolin,12-3-0,"5' 5""",125 lbs.,"63""",Orthodox,"Feb 28, 1982",:5.73,:52%,:5.00,:69%,:0.00,:0%,:100%,:0.0,http://ufcstats.com/fighter-details/25b31165758402dd
Satoshi Honma,4-6-3,"6' 1""",205 lbs.,--,Orthodox,"May 19, 1968",:0.00,:0%,:0.00,:0%,:0.00,:0%,:0%,:0.0,http://ufcstats.com/fighter-details/d2b1c1317a39f6c6
Anthony Ruiz,33-22-0,"6' 2""",205 lbs.,--,Orthodox,"Nov 03, 1977",:2.56,:64%,:1.67,:28%,:1.43,:31%,:21%,:0.0,http://ufcstats.com/fighter-details/657c21cb133f1445
Wanderlei Silva,35-13-1 (1 NC),"5' 11""",205 lbs.,"74""",Orthodox,"Jul 03, 1976",:2.79,:40%,:2.19,:60%,:0.97,:53%,:62%,:0.6,http://ufcstats.com/fighter-details/a1f6999fe57236e0
Kaitlin Young,7-9-1,"5' 9""",135 lbs.,--,Orthodox,"Sep 15, 1985",:2.83,:26%,:6.33,:51%,:2.50,:100%,:0%,:0.0,http://ufcstats.com/fighter-details/79ff6545b0abc685
Tiffany Masters,2-1-0,"5' 3""",115 lbs.,"65""",Orthodox,"Jul 31, 1994",:3.53,:62%,:2.58,:50%,:3.06,:60%,:0%,:0.0,http://ufcstats.com/fighter-details/ca743f96dd2063d5
Cory Devela,16-7-0,"5' 0""",185 lbs.,--,Orthodox,--,:4.07,:41%,:4.00,:47%,:1.07,:12%,:62%,:0.0,http://ufcstats.com/fighter-details/48544433372ecfa6
Josh Copeland,12-4-0,"6' 1""",265 lbs.,--,Orthodox,"Oct 20, 1982",:1.03,:31%,:3.01,:55%,:0.00,:0%,:57%,:0.0,http://ufcstats.com/fighter-details/3aa794cbe1e3484b
Sam Patterson,14-2-1,"6' 3""",170 lbs.,"78""",Orthodox,"Apr 30, 1996",:3.89,:43%,:3.93,:49%,:1.39,:100%,:33%,:2.8,http://ufcstats.com/fighter-details/8b6e5dc2ba1edbe7
Mikey Gonzalez,7-2-0,"5' 11""",155 lbs.,"74""",Orthodox,"Aug 13, 1985",:0.91,:16%,:14.55,:11%,:0.00,:0%,:0%,:0.0,http://ufcstats.com/fighter-details/de47c33e48b0ce38
Gilbert Aldana,6-2-0,"6' 1""",250 lbs.,--,Orthodox,"Aug 25, 1977",:2.91,:54%,:6.26,:26%,:2.57,:40%,:33%,:0.0,http://ufcstats.com/fighter-details/d26934530dc5b248
Josh Burns,8-10-0,"6' 1""",244 lbs.,--,,"May 15, 1978",:2.40,:48%,:5.73,:32%,:0.00,:0%,:100%,:0.0,http://ufcstats.com/fighter-details/1e092415a7eeaf65
Darrius Flowers,12-8-1,"5' 9""",155 lbs.,"71""",Orthodox,"Aug 25, 1994",:3.07,:49%,:5.49,:44%,:0.98,:28%,:63%,:0.0,http://ufcstats.com/fighter-details/65db4065e2bc107d
Maycee Barber,14-2-0,"5' 5""",125 lbs.,"65""",Switch,"May 18, 1998",:4.70,:53%,:2.90,:54%,:1.44,:43%,:53%,:0.1,http://ufcstats.com/fighter-details/6a740daf1b279661
Alonzo Martinez,42-20-1,"5' 10""",155 lbs.,--,,"Apr 22, 1984",:3.07,:27%,:7.33,:52%,:0.00,:0%,:0%,:0.0,http://ufcstats.com/fighter-details/feffee4fc6da3aa3
Jordan Rinaldi,14-7-0,"5' 10""",145 lbs.,"72""",Orthodox,"Sep 25, 1987",:1.56,:35%,:2.32,:59%,:1.45,:35%,:20%,:1.2,http://ufcstats.com/fighter-details/c07efc18b231f170
Genaro Valdez,10-3-0,"5' 9""",155 lbs.,"72""",Orthodox,"Jan 16, 1992",:4.08,:30%,:7.16,:48%,:1.54,:44%,:36%,:0.4,http://ufcstats.com/fighter-details/cda1099995b46cc2
Ikuhisa Minowa,60-42-8,"5' 9""",181 lbs.,--,Orthodox,"Jan 12, 1976",:0.88,:40%,:1.66,:49%,:1.82,:41%,:5%,:1.9,http://ufcstats.com/fighter-details/ce6065baef021cf3
Daniel Puder,8-0-0,"6' 3""",235 lbs.,--,Orthodox,"Oct 09, 1981",:2.77,:68%,:1.17,:38%,:1.21,:50%,:81%,:9.0,http://ufcstats.com/fighter-details/66e0a70352fef46a
Rashid Magomedov,20-2-0,"5' 9""",155 lbs.,"70""",Orthodox,"Nov 29, 1984",:4.40,:49%,:3.05,:54%,:0.67,:57%,:89%,:0.2,http://ufcstats.com/fighter-details/7ea1f74cef32f906
Yibugele,24-13-1 (1 NC),"5' 7""",145 lbs.,"69""",Southpaw,"Nov 13, 1989",:2.87,:41%,:5.50,:54%,:0.00,:0%,:81%,:0.0,http://ufcstats.com/fighter-details/cc2fcae2c0dc501d
Chris Dempsey,11-5-0,"5' 10""",185 lbs.,"72""",Orthodox,"Sep 08, 1987",:2.25,:32%,:2.82,:65%,:2.64,:23%,:16%,:0.0,http://ufcstats.com/fighter-details/dfae5da5676e4194
Denis Kang,35-16-2 (2 NC),"5' 11""",185 lbs.,"77""",Orthodox,"Sep 17, 1977",:2.27,:35%,:1.65,:67%,:2.51,:65%,:38%,:1.2,http://ufcstats.com/fighter-details/3c241737a6069b9f
Manny Tapia,12-14-1,"5' 5""",135 lbs.,"67""",Orthodox,"Mar 14, 1981",:2.69,:21%,:4.74,:58%,:0.49,:40%,:66%,:0.2,http://ufcstats.com/fighter-details/0eec866a077889f0
Jack Congdon,7-2-0,"6' 2""",170 lbs.,"75""",Switch,"May 21, 1997",:5.29,:35%,:9.71,:21%,:0.00,:0%,:100%,:0.0,http://ufcstats.com/fighter-details/c44530d3969134a3
Stephen Banaszak,5-5-0,"6' 0""",145 lbs.,--,,"Dec 07, 1990",:4.20,:47%,:1.15,:66%,:0.00,:0%,:100%,:1.9,http://ufcstats.com/fighter-details/4c4b44e3cf5815b3
Curtis Millender,17-5-0,"6' 2""",170 lbs.,"76""",Orthodox,"Dec 01, 1987",:3.86,:46%,:2.95,:61%,:0.43,:100%,:57%,:0.0,http://ufcstats.com/fighter-details/f1928a52590c5532
Mike Richman,18-7-0,"5' 8""",135 lbs.,--,,"Jun 23, 1985",:4.06,:44%,:3.49,:43%,:0.00,:0%,:76%,:0.0,http://ufcstats.com/fighter-details/d6a740cf6e898e27
James Llontop,14-5-0,"6' 0""",155 lbs.,"73""",Orthodox,"Aug 02, 1999",:5.57,:41%,:4.12,:57%,:0.00,:0%,:54%,:0.0,http://ufcstats.com/fighter-details/93b2b7caa457cbea
Erik Perez,17-6-0,"5' 8""",135 lbs.,"68""",Orthodox,"Nov 19, 1989",:3.16,:40%,:2.09,:66%,:3.16,:55%,:69%,:0.2,http://ufcstats.com/fighter-details/af62f99eb7606308
Michael McBride,8-3-0,"6' 1""",155 lbs.,--,Orthodox,"Mar 09, 1986",:4.08,:48%,:5.85,:40%,:1.85,:42%,:30%,:1.2,http://ufcstats.com/fighter-details/443f60bec7c3c3d5
Alfonso Alcarez,1-3-1,"5' 3""",145 lbs.,--,,"Jun 10, 1970",:0.00,:0%,:0.00,:0%,:0.00,:0%,:0%,:0.0,http://ufcstats.com/fighter-details/1e38bba6738b7b10
Jan Blachowicz,29-11-1,"6' 2""",205 lbs.,"78""",Orthodox,"Feb 24, 1983",:3.44,:49%,:3.03,:52%,:1.03,:48%,:69%,:0.3,http://ufcstats.com/fighter-details/99df7d0a2a08a8a8
Jason McLean,6-7-0,"5' 5""",145 lbs.,--,,"Jun 03, 1977",:0.00,:0%,:0.00,:0%,:0.00,:0%,:0%,:0.0,http://ufcstats.com/fighter-details/8336d7a85ce45481
Erick Montano,7-5-0,"6' 0""",170 lbs.,"73""",Orthodox,"Nov 19, 1985",:2.79,:44%,:2.06,:64%,:2.29,:36%,:66%,:0.0,http://ufcstats.com/fighter-details/8163cd7de0342652
Jose Landi-Jons,29-16-0,"5' 11""",170 lbs.,--,Orthodox,"Sep 09, 1973",:0.99,:40%,:0.77,:43%,:2.20,:80%,:40%,:2.2,http://ufcstats.com/fighter-details/7e062824c175f975
Anthony Njokuani,16-12-0 (1 NC),"6' 1""",155 lbs.,"75""",Orthodox,"Mar 01, 1980",:3.94,:46%,:2.41,:65%,:0.50,:45%,:53%,:0.2,http://ufcstats.com/fighter-details/6bf5a7d3e081ade2
Sumudaerji,18-7-0,"5' 8""",125 lbs.,"72""",Southpaw,"Jan 20, 1996",:4.48,:52%,:2.39,:60%,:0.16,:11%,:71%,:0.6,http://ufcstats.com/fighter-details/3cf18e01cb6cbde3
Rickson Zenidim,14-2-0,"5' 7""",125 lbs.,"67""",Orthodox,"Feb 17, 1999",:1.67,:32%,:4.07,:33%,:0.00,:0%,:0%,:0.0,http://ufcstats.com/fighter-details/c879d8620261b1a3
Shannon Clark,5-1-0,"5' 5""",125 lbs.,"64""",Orthodox,"Jul 07, 1992",:11.51,:58%,:20.55,:35%,:0.00,:0%,:0%,:0.0,http://ufcstats.com/fighter-details/7ae36b3791e0969a
Razak Al-Hassan,13-5-0,"6' 2""",205 lbs.,--,Orthodox,"May 14, 1982",:3.27,:39%,:3.14,:60%,:0.65,:14%,:57%,:0.0,http://ufcstats.com/fighter-details/38b50fd1e1b5b656
Josh Sampo,11-5-0,"5' 4""",125 lbs.,"64""",Orthodox,"Jul 24, 1984",:1.99,:36%,:2.96,:55%,:1.06,:33%,:40%,:2.1,http://ufcstats.com/fighter-details/f65dcb22dada2223
Paul Redmond,12-7-0,"5' 10""",145 lbs.,--,Orthodox,"Oct 20, 1986",:0.72,:34%,:2.99,:41%,:0.00,:0%,:50%,:0.0,http://ufcstats.com/fighter-details/3f56b99447f00607
Charlie Ontiveros,11-9-0,"6' 2""",155 lbs.,"74""",Switch,"Jul 04, 1991",:1.89,:41%,:5.86,:31%,:0.00,:0%,:30%,:0.0,http://ufcstats.com/fighter-details/318572f6f74b760d
Jesse Sanders,23-7-0,"6' 0""",170 lbs.,--,Orthodox,--,:0.00,:0%,:6.45,:35%,:0.00,:0%,:50%,:0.0,http://ufcstats.com/fighter-details/59aaf2730b84698a
Tanner Boser,21-10-1,"6' 2""",205 lbs.,"75""",Orthodox,"Aug 02, 1991",:4.70,:52%,:2.75,:58%,:0.00,:0%,:63%,:0.0,http://ufcstats.com/fighter-details/04c8b08b16a5b99e
Torrance Taylor,13-8-1,"5' 7""",155 lbs.,--,,"Oct 11, 1987",:0.00,:0%,:0.00,:0%,:0.00,:0%,:0%,:0.0,http://ufcstats.com/fighter-details/88e53ec16b801740
Edilberto de Oliveira,29-15-2,"6' 0""",170 lbs.,--,Orthodox,"Nov 22, 1982",:4.12,:32%,:6.79,:61%,:0.00,:0%,:0%,:0.0,http://ufcstats.com/fighter-details/afdb76fbd86f6d11
Carter Williams,4-5-0,"6' 1""",265 lbs.,--,Orthodox,"Mar 30, 1980",:1.55,:36%,:2.32,:58%,:2.90,:33%,:100%,:0.0,http://ufcstats.com/fighter-details/b8e2f10efb6eca85
Daniel Omielanczuk,19-8-1 (1 NC),"6' 0""",247 lbs.,"74""",Southpaw,"Aug 31, 1982",:3.09,:57%,:3.29,:47%,:0.56,:26%,:68%,:0.1,http://ufcstats.com/fighter-details/470fedbc8563ac47
Philipe Lins,18-5-0,"6' 2""",205 lbs.,"78""",Orthodox,"Aug 17, 1985",:3.80,:49%,:3.59,:46%,:1.65,:33%,:100%,:0.0,http://ufcstats.com/fighter-details/53c943c873cffe90
Wes Schultz,6-2-0,"6' 2""",185 lbs.,"77""",Orthodox,"Aug 09, 1996",:5.16,:45%,:5.38,:46%,:3.36,:25%,:0%,:0.0,http://ufcstats.com/fighter-details/b4443fae47e7eb9d
Motonobu Tezuka,28-12-7,"5' 7""",135 lbs.,--,Southpaw,"Aug 29, 1987",:0.87,:23%,:2.80,:51%,:1.50,:11%,:0%,:0.5,http://ufcstats.com/fighter-details/d34636a85f0f4c90
David Baron,17-4-1,"5' 6""",155 lbs.,--,Switch,"Feb 15, 1973",:1.17,:30%,:2.10,:56%,:0.00,:0%,:14%,:0.7,http://ufcstats.com/fighter-details/80c0bed43da0e27b
Rafael Dias,17-12-2,"5' 9""",145 lbs.,--,Orthodox,"Oct 20, 1979",:1.13,:27%,:2.19,:60%,:3.17,:47%,:100%,:1.2,http://ufcstats.com/fighter-details/b5abaa65f87938eb
Chris Duncan,14-2-0,"5' 10""",155 lbs.,"71""",Orthodox,"May 10, 1993",:4.64,:44%,:4.53,:51%,:3.17,:42%,:50%,:0.5,http://ufcstats.com/fighter-details/fd406a32a6fb3a29
Vitaly Minakov,20-0-0,"6' 2""",249 lbs.,--,,"Feb 06, 1985",:0.00,:0%,:0.00,:0%,:0.00,:0%,:0%,:0.0,http://ufcstats.com/fighter-details/56c975c4a2b357a5
Bendy Casimir,20-14-2,"5' 5""",145 lbs.,--,Southpaw,"Jun 10, 1980",:0.74,:27%,:3.42,:54%,:0.00,:0%,:100%,:0.0,http://ufcstats.com/fighter-details/ec7ac09293d26c05
Joe Merritt,7-2-0,"6' 0""",170 lbs.,--,Orthodox,"Mar 07, 1984",:1.53,:58%,:0.73,:66%,:0.00,:0%,:68%,:0.0,http://ufcstats.com/fighter-details/e82d5f54daa85a7e
Jonathan Brookins,16-10-0,"6' 0""",145 lbs.,"74""",Southpaw,"Aug 13, 1985",:2.69,:39%,:3.63,:56%,:1.94,:17%,:80%,:0.3,http://ufcstats.com/fighter-details/b0a6124751a56bc4
Gary Frazier,3-3-0,"6' 0""",245 lbs.,--,Orthodox,"Mar 31, 1988",:1.50,:39%,:2.77,:46%,:0.00,:0%,:100%,:0.0,http://ufcstats.com/fighter-details/3beeeafcbc8b4cbc
Scott McDonald,1-0-0,--,--,--,,--,:0.00,:0%,:0.00,:0%,:0.00,:0%,:0%,:0.0,http://ufcstats.com/fighter-details/08ae3100bf2100ed
Salvador Woods,8-17-0,"5' 11""",170 lbs.,--,,"Feb 05, 1985",:0.00,:0%,:0.00,:0%,:0.00,:0%,:0%,:0.0,http://ufcstats.com/fighter-details/8de471543d9c933e
CB Dollaway,17-9-0,"6' 2""",185 lbs.,"76""",Orthodox,"Aug 10, 1983",:2.65,:47%,:2.58,:54%,:3.55,:54%,:62%,:1.2,http://ufcstats.com/fighter-details/5d7bdab5e03e3216
Dominic Waters,9-5-0,"6' 1""",170 lbs.,"79""",Orthodox,"Apr 11, 1989",:0.48,:23%,:2.53,:39%,:4.07,:52%,:28%,:0.0,http://ufcstats.com/fighter-details/2de91c2244ad7e89
Art Santore,18-8-0,"6' 2""",185 lbs.,--,,"Oct 26, 1972",:1.40,:12%,:7.31,:52%,:0.00,:0%,:100%,:0.0,http://ufcstats.com/fighter-details/012fc7cd0779c09a
Felipe Colares,10-4-0,"5' 8""",145 lbs.,"69""",Orthodox,"Mar 31, 1994",:2.17,:45%,:4.65,:36%,:1.88,:24%,:43%,:0.5,http://ufcstats.com/fighter-details/dbac0a413af64bbe
Quinn Mulhern,18-4-0,"6' 3""",155 lbs.,--,Orthodox,"Sep 20, 1984",:1.48,:28%,:2.09,:51%,:1.36,:20%,:33%,:0.0,http://ufcstats.com/fighter-details/16af2d5a6f28bee2
Diego Rivas,10-2-0,"5' 8""",145 lbs.,"69""",Orthodox,"Nov 11, 1991",:1.37,:40%,:2.14,:52%,:1.79,:60%,:64%,:0.9,http://ufcstats.com/fighter-details/09f579be4520394a
Yukio Sakaguchi,6-7-0,"5' 9""",185 lbs.,--,Orthodox,"Jul 26, 1973",:0.30,:25%,:2.40,:50%,:4.50,:100%,:0%,:9.0,http://ufcstats.com/fighter-details/94a5aaf573f780ad
Kevin Engel,5-1-0,"6' 2""",170 lbs.,--,,--,:0.00,:0%,:0.00,:0%,:0.00,:0%,:0%,:0.0,http://ufcstats.com/fighter-details/d2f310b5b072e986
David Velasquez,10-10-0,"5' 5""",145 lbs.,--,Orthodox,"Oct 19, 1966",:0.00,:0%,:0.00,:0%,:0.00,:0%,:0%,:0.0,http://ufcstats.com/fighter-details/09c44b317c98bf96
Tommy Speer,21-7-0,"5' 10""",170 lbs.,"71""",Orthodox,"Aug 20, 1984",:2.56,:51%,:5.12,:35%,:2.02,:33%,:33%,:0.0,http://ufcstats.com/fighter-details/1411c630ba711b64
Kamaru Usman,21-4-0,"6' 0""",170 lbs.,"76""",Switch,"May 11, 1987",:4.16,:51%,:2.67,:55%,:2.79,:44%,:89%,:0.1,http://ufcstats.com/fighter-details/f1b2aa7853d1ed6e
Rob Font,22-9-0,"5' 8""",135 lbs.,"71""",Orthodox,"Jun 25, 1987",:5.36,:45%,:3.70,:57%,:0.74,:30%,:43%,:0.3,http://ufcstats.com/fighter-details/05339613bf8e9808
Julija Stoliarenko,11-10-2,"5' 7""",125 lbs.,"66""",Orthodox,"Apr 08, 1993",:2.74,:38%,:4.45,:46%,:0.78,:20%,:54%,:1.4,http://ufcstats.com/fighter-details/a78a87d8c2bbb1cb
Tony Ferguson,26-11-0,"5' 11""",170 lbs.,"76""",Orthodox,"Feb 12, 1984",:4.91,:45%,:4.37,:55%,:0.39,:35%,:66%,:0.9,http://ufcstats.com/fighter-details/22a92d7f62195791
Jack Becker,13-6-0,"5' 10""",155 lbs.,"71""",Orthodox,"Dec 20, 1992",:1.01,:39%,:5.82,:26%,:1.68,:50%,:0%,:0.0,http://ufcstats.com/fighter-details/b5a379583673510a
Gabriel Checco,10-2-0,"6' 1""",185 lbs.,--,Switch,"Apr 03, 1986",:0.00,:0%,:0.00,:0%,:0.00,:0%,:0%,:0.0,http://ufcstats.com/fighter-details/9c5f7d5c6d084b35
Cyborg Abreu,0-0-0,--,--,--,,"Dec 20, 1980",:0.00,:0%,:0.00,:0%,:0.00,:0%,:0%,:0.0,http://ufcstats.com/fighter-details/f689bd7bbd14b392
Bryson Kamaka,12-20-1 (1 NC),"5' 11""",170 lbs.,--,Orthodox,--,:9.47,:60%,:12.63,:0%,:0.00,:0%,:100%,:0.0,http://ufcstats.com/fighter-details/9336e86cfd4ceaa1
Issac DeJesus,12-7-1 (1 NC),--,145 lbs.,--,,--,:0.00,:0%,:0.00,:0%,:0.00,:0%,:0%,:0.0,http://ufcstats.com/fighter-details/0e2c2daf11b5d8f2
Jeremy Larsen,8-5-0,"5' 10""",145 lbs.,"70""",Orthodox,"May 18, 1984",:4.87,:48%,:5.75,:57%,:2.49,:33%,:0%,:0.0,http://ufcstats.com/fighter-details/c3bd649a9194e50c
Luke Zachrich,14-4-0,"6' 2""",185 lbs.,"74""",Orthodox,"Dec 19, 1981",:4.56,:32%,:4.46,:62%,:0.74,:33%,:80%,:0.0,http://ufcstats.com/fighter-details/2284092f8b63273b
Vinny Magalhaes,14-9-0 (1 NC),"6' 3""",205 lbs.,"75""",Orthodox,"Jul 02, 1984",:2.14,:24%,:3.97,:68%,:1.55,:44%,:66%,:0.8,http://ufcstats.com/fighter-details/88a9bc81271ccd89
TJ Dillashaw,18-5-0,"5' 6""",135 lbs.,"67""",Orthodox,"Feb 07, 1986",:5.09,:41%,:3.47,:62%,:1.56,:30%,:77%,:0.8,http://ufcstats.com/fighter-details/c849740a3ff51931
Jake Lindsey,12-7-0,"5' 11""",155 lbs.,--,Switch,"Jun 21, 1986",:3.44,:52%,:4.01,:46%,:0.65,:33%,:50%,:0.0,http://ufcstats.com/fighter-details/33e00249ef08d3a4
Austin Springer,12-4-0,"5' 8""",145 lbs.,"71""",Orthodox,"May 12, 1987",:3.54,:57%,:3.15,:41%,:3.37,:40%,:100%,:0.8,http://ufcstats.com/fighter-details/37cc294027f55e4d
Mabelly Lima,7-1-0,"5' 2""",135 lbs.,--,Orthodox,"Jan 25, 1994",:3.07,:63%,:5.67,:44%,:0.00,:0%,:100%,:0.0,http://ufcstats.com/fighter-details/6135fd9665fbb74e
Anthony Torres,5-3-0,"5' 8""",170 lbs.,--,Orthodox,"Jul 31, 1978",:3.54,:48%,:7.52,:45%,:0.00,:0%,:100%,:2.2,http://ufcstats.com/fighter-details/918d9d89d4d52acc
Brian Geraghty,26-18-1,"5' 7""",155 lbs.,--,Orthodox,"Nov 04, 1980",:0.47,:25%,:9.77,:36%,:0.00,:0%,:50%,:0.0,http://ufcstats.com/fighter-details/15edcf67ccf5be84
Cheyanne Vlismas,7-3-0,"5' 3""",115 lbs.,"63""",Switch,"Jun 25, 1995",:4.93,:50%,:2.57,:64%,:0.25,:33%,:66%,:0.2,http://ufcstats.com/fighter-details/4959f10a62f3fec3
Westin Wilson,17-10-0,"6' 1""",145 lbs.,"73""",Southpaw,"Jan 24, 1989",:1.57,:31%,:6.71,:30%,:1.57,:16%,:33%,:7.9,http://ufcstats.com/fighter-details/7b3503352cd53abb
David Heath,18-7-0,"5' 11""",205 lbs.,"72""",Orthodox,"Feb 10, 1976",:1.48,:30%,:5.16,:49%,:0.33,:50%,:57%,:1.0,http://ufcstats.com/fighter-details/4f95f74620a6b7a4
Angelo Antonio,1-4-0,--,205 lbs.,--,Orthodox,--,:1.09,:50%,:7.64,:50%,:0.00,:0%,:0%,:0.0,http://ufcstats.com/fighter-details/dbd198f780286aca
Alain Van der Merckt,8-0-0,--,185 lbs.,--,,"Jun 11, 1993",:0.00,:0%,:0.00,:0%,:0.00,:0%,:0%,:0.0,http://ufcstats.com/fighter-details/f6bbc6ba4f06ad60
Dave Cochran,26-29-1,"5' 6""",155 lbs.,--,,"May 10, 1973",:0.00,:0%,:0.00,:0%,:0.00,:0%,:0%,:0.0,http://ufcstats.com/fighter-details/6dbb1107de9a4a08
Sarah D'alelio,11-7-0,"5' 7""",145 lbs.,--,,"Dec 13, 1980",:2.40,:33%,:0.00,:100%,:0.00,:0%,:100%,:0.0,http://ufcstats.com/fighter-details/ac45450f75d14f16
Sho Patrick Usami,4-1-0,"5' 9""",155 lbs.,"70""",Orthodox,"May 08, 2000",:0.00,:0%,:0.00,:0%,:0.00,:0%,:0%,:0.0,http://ufcstats.com/fighter-details/fe30c5f5cc3e028b
Nohelin Hernandez,9-4-0,"5' 10""",135 lbs.,"71""",Orthodox,"Mar 01, 1994",:1.32,:34%,:2.63,:52%,:0.71,:50%,:37%,:0.0,http://ufcstats.com/fighter-details/f97c5433c77522d3
Miki Motono,8-5-0,"5' 2""",115 lbs.,"63""",Southpaw,"May 18, 1994",:1.27,:27%,:4.20,:57%,:3.00,:30%,:0%,:1.0,http://ufcstats.com/fighter-details/a5fa51a81d0c5ed9
Rony Jason,14-7-0 (1 NC),"5' 7""",145 lbs.,"73""",Orthodox,"Mar 21, 1984",:2.04,:44%,:3.14,:53%,:0.59,:30%,:36%,:0.8,http://ufcstats.com/fighter-details/b71ce838b01f2cad
Ren Ozaki,6-1-2,"5' 7""",135 lbs.,"68""",Orthodox,"Dec 15, 2001",:1.20,:35%,:1.07,:55%,:0.00,:0%,:36%,:0.0,http://ufcstats.com/fighter-details/8997ee20b6a43d76
Humberto DeLeon,7-7-0,--,135 lbs.,--,,"Nov 12, 1989",:0.00,:0%,:0.00,:0%,:0.00,:0%,:0%,:0.0,http://ufcstats.com/fighter-details/bfaf4c87936b4fae
Toshiomi Kazama,11-5-0,"5' 7""",135 lbs.,"69""",Orthodox,"May 15, 1997",:1.49,:53%,:4.56,:38%,:1.94,:16%,:66%,:1.0,http://ufcstats.com/fighter-details/148bb103cfbf123e
Vinicius Moreira,9-5-0,"6' 4""",205 lbs.,"76""",Orthodox,"Feb 28, 1989",:3.15,:59%,:5.07,:43%,:1.97,:18%,:0%,:1.3,http://ufcstats.com/fighter-details/acb36c908d415c4a
Jose Daniel Medina,11-6-0,"6' 0""",185 lbs.,"74""",Orthodox,"May 17, 1991",:2.16,:36%,:5.07,:46%,:0.40,:33%,:27%,:0.0,http://ufcstats.com/fighter-details/baa9be02c3e3e038
Dillon Smith,0-0-0,"6' 0""",170 lbs.,--,,"Jan 07, 1984",:0.00,:0%,:0.00,:0%,:0.00,:0%,:0%,:0.0,http://ufcstats.com/fighter-details/ffee353f55e3aa2c
Steve Lopez,13-6-1,"5' 11""",155 lbs.,--,Orthodox,"Jul 30, 1984",:1.39,:24%,:2.69,:62%,:0.00,:0%,:37%,:0.0,http://ufcstats.com/fighter-details/6085ceb59087514b
Dan Hardy,25-10-0 (1 NC),"6' 0""",170 lbs.,"74""",Orthodox,"May 17, 1982",:2.46,:35%,:3.44,:51%,:0.73,:35%,:35%,:0.4,http://ufcstats.com/fighter-details/473ce3aa581251a2
Kevin Natividad,9-4-0,"5' 6""",135 lbs.,"70""",Orthodox,"Apr 02, 1993",:2.68,:34%,:4.29,:47%,:3.66,:50%,:83%,:0.0,http://ufcstats.com/fighter-details/0c258d1d8e16e5f1
Eric Nolan,8-4-0,"6' 2""",185 lbs.,"74""",Orthodox,"Sep 13, 1997",:3.14,:39%,:5.13,:41%,:0.00,:0%,:71%,:0.0,http://ufcstats.com/fighter-details/64b12fe31be7560c
Mike Rio,10-5-0,"5' 10""",155 lbs.,"70""",Orthodox,"Jul 06, 1981",:1.68,:39%,:2.99,:53%,:2.58,:27%,:0%,:1.0,http://ufcstats.com/fighter-details/af90b10c785ced3e
Bubba Pugh,3-3-0,"5' 10""",185 lbs.,--,,--,:2.87,:67%,:2.60,:23%,:4.00,:57%,:80%,:0.0,http://ufcstats.com/fighter-details/6cf2352cdb3de59d
Coltin Cole,4-5-0,--,185 lbs.,--,,"Apr 24, 1989",:0.00,:0%,:0.00,:0%,:0.00,:0%,:0%,:0.0,http://ufcstats.com/fighter-details/cecd72feb0d640e3
Krzysztof Soszynski,26-12-1,"6' 1""",205 lbs.,"77""",Open Stance,"Aug 02, 1977",:3.37,:39%,:3.13,:58%,:0.52,:25%,:71%,:1.0,http://ufcstats.com/fighter-details/59583ff832fe9d68
Joe Giannetti,6-1-0,"6' 0""",155 lbs.,"74""",Southpaw,"Jul 05, 1995",:1.93,:38%,:2.80,:40%,:1.00,:16%,:0%,:0.0,http://ufcstats.com/fighter-details/946db8a378903cc3
Wayne Phillips,7-7-0,--,185 lbs.,--,,"Jun 17, 1983",:0.00,:0%,:0.00,:0%,:0.00,:0%,:0%,:0.0,http://ufcstats.com/fighter-details/09a82bd51ff61376
Enrique Watson,3-1-0,--,185 lbs.,--,,--,:0.00,:0%,:0.00,:0%,:0.00,:0%,:0%,:0.0,http://ufcstats.com/fighter-details/a99d4aa689bdca18
Ryan Quinn,13-7-1,"5' 8""",145 lbs.,--,,--,:2.31,:41%,:1.67,:48%,:0.00,:0%,:0%,:1.9,http://ufcstats.com/fighter-details/cc23ed51619421a3
Alex White,13-6-0,"6' 0""",155 lbs.,"71""",Southpaw,"Oct 22, 1988",:3.76,:42%,:3.07,:60%,:0.92,:28%,:71%,:0.5,http://ufcstats.com/fighter-details/c17041f1bb5768d8
Antonio Trocoli,12-5-0 (1 NC),"6' 6""",185 lbs.,"79""",Orthodox,"Dec 06, 1990",:1.29,:50%,:5.79,:23%,:0.84,:11%,:50%,:0.8,http://ufcstats.com/fighter-details/6d48a2df51749d91
Zelg Galesic,11-9-0,"6' 2""",185 lbs.,--,Orthodox,"Feb 16, 1979",:4.86,:62%,:0.61,:66%,:1.30,:100%,:20%,:1.3,http://ufcstats.com/fighter-details/8a1b4330c7957961
Matt Kovacs,12-16-0,"6' 0""",244 lbs.,--,Orthodox,"May 09, 1981",:1.47,:22%,:4.87,:44%,:1.00,:25%,:0%,:0.0,http://ufcstats.com/fighter-details/8fbcd82bf7f352bf
David Loiseau,23-11-0,"6' 0""",185 lbs.,"76""",Orthodox,"Dec 17, 1979",:1.59,:44%,:3.64,:43%,:0.43,:42%,:36%,:0.1,http://ufcstats.com/fighter-details/22e47b53e4ceb27c
Nghiem Van Y,6-2-0,"5' 7""",135 lbs.,"68""",Orthodox,"May 15, 1999",:3.84,:54%,:1.83,:71%,:0.00,:0%,:90%,:0.0,http://ufcstats.com/fighter-details/fd08d6536b7b91f0
Seth Kleinbeck,8-4-0,"6' 2""",185 lbs.,--,,"Jul 25, 1973",:2.55,:33%,:2.42,:40%,:0.98,:25%,:90%,:0.0,http://ufcstats.com/fighter-details/8ad022dd81224f61
Alex Zuniga,6-3-0,--,145 lbs.,--,,--,:0.00,:0%,:0.00,:0%,:0.00,:0%,:0%,:0.0,http://ufcstats.com/fighter-details/02d808afb96669de
Dan O'Connor,6-6-0 (1 NC),"5' 4""",115 lbs.,--,,"Nov 17, 1982",:4.00,:56%,:5.10,:54%,:0.00,:0%,:100%,:0.0,http://ufcstats.com/fighter-details/69ea0119f6f0dfe0
Kultar Gill,12-8-0,"6' 0""",154 lbs.,--,Orthodox,"Mar 24, 1979",:1.14,:50%,:0.40,:41%,:1.71,:66%,:38%,:0.0,http://ufcstats.com/fighter-details/42c96a9c4802e2e1
Christian Ocon,2-1-0,"5' 8""",135 lbs.,"69""",Orthodox,"Feb 05, 1996",:1.73,:53%,:5.27,:34%,:0.00,:0%,:63%,:0.0,http://ufcstats.com/fighter-details/2d6d6ffe5a446ea2
Tyrone Roberts,43-12-1,"5' 9""",185 lbs.,--,Orthodox,"Jul 14, 1972",:0.00,:0%,:0.00,:0%,:0.00,:0%,:0%,:0.0,http://ufcstats.com/fighter-details/d1e6a6536ee62517
Jong Won Kim,0-1-0,"5' 7""",139 lbs.,--,Orthodox,"Nov 20, 1976",:0.84,:15%,:3.28,:63%,:2.81,:100%,:0%,:0.0,http://ufcstats.com/fighter-details/9e0f28d1f639ad73
Daniel Santos,14-2-0,"5' 7""",145 lbs.,"67""",Orthodox,"Mar 12, 1995",:4.76,:40%,:5.03,:51%,:3.01,:40%,:73%,:0.0,http://ufcstats.com/fighter-details/b67d6bacc68d4c92
Muhsin Corbbrey,17-9-0,"5' 10""",155 lbs.,--,Orthodox,"May 18, 1978",:2.02,:34%,:5.41,:53%,:0.00,:0%,:80%,:0.4,http://ufcstats.com/fighter-details/1f9344211ca7fd60
Joao Zaiden,10-3-0,--,205 lbs.,--,,"Mar 16, 1993",:0.00,:0%,:0.00,:0%,:0.00,:0%,:0%,:0.0,http://ufcstats.com/fighter-details/6b614bda982f5214
Christian Colombo,8-3-1,"6' 5""",265 lbs.,--,Orthodox,"Jul 01, 1980",:2.76,:44%,:4.02,:42%,:0.00,:0%,:33%,:0.0,http://ufcstats.com/fighter-details/9123c54d0a2b72dd
John Hosman,18-8-1,"5' 10""",135 lbs.,--,Southpaw,"Nov 13, 1980",:1.11,:38%,:1.52,:45%,:0.00,:0%,:46%,:0.0,http://ufcstats.com/fighter-details/57591bbf1623574e
Craig Oxley,0-3-0,"5' 9""",155 lbs.,--,,"Feb 14, 1973",:0.00,:0%,:0.00,:0%,:0.00,:0%,:0%,:0.0,http://ufcstats.com/fighter-details/4bb9d7a32d02a03e
DongHyun Seo,7-3-1,"5' 7""",145 lbs.,"67""",Orthodox,"Aug 22, 1990",:4.91,:63%,:3.35,:41%,:0.00,:0%,:0%,:0.0,http://ufcstats.com/fighter-details/0505e27a5d00704a
Thomas Denny,27-21-1,"5' 10""",170 lbs.,--,Orthodox,"Apr 19, 1971",:2.36,:45%,:4.69,:40%,:1.48,:17%,:42%,:1.5,http://ufcstats.com/fighter-details/a11a6ee8eeb03c18
Rob Sinclair,13-5-0,"5' 8""",155 lbs.,--,,"Feb 20, 1980",:1.20,:33%,:1.73,:73%,:0.00,:0%,:50%,:0.0,http://ufcstats.com/fighter-details/3b65c9dd39741bc4
Adrian Luna Martinetti,17-1-0,"5' 8""",135 lbs.,"71""",,"Aug 20, 1995",:11.00,:65%,:7.80,:48%,:3.00,:42%,:100%,:0.0,http://ufcstats.com/fighter-details/e3b30b573e7f0d19
Javid Basharat,14-2-0 (1 NC),"5' 9""",135 lbs.,"69""",Orthodox,"Sep 07, 1995",:5.41,:53%,:2.96,:61%,:1.62,:40%,:83%,:0.2,http://ufcstats.com/fighter-details/bbab3baf66128ae2
Johnny Cisneros,9-6-0,"5' 11""",170 lbs.,--,,"Feb 05, 1980",:0.00,:0%,:0.00,:0%,:0.00,:0%,:0%,:0.0,http://ufcstats.com/fighter-details/42611508ba8c3298
Mario Bautista,16-2-0,"5' 9""",135 lbs.,"69""",Switch,"Jul 01, 1993",:6.13,:49%,:4.45,:55%,:1.67,:33%,:67%,:0.8,http://ufcstats.com/fighter-details/bc711b6dd95c1af6
Georgi Karakhanyan,26-7-1,"5' 8""",145 lbs.,--,,"May 29, 1985",:4.49,:39%,:5.00,:54%,:1.41,:50%,:33%,:1.9,http://ufcstats.com/fighter-details/43292ecf0e72c143
Juan Andres Luna,12-1-0,"5' 7""",125 lbs.,"72""",Orthodox,"Aug 20, 1995",:3.27,:31%,:3.00,:65%,:0.00,:0%,:0%,:0.0,http://ufcstats.com/fighter-details/1fd9f744105024a8
Greg Scott,3-4-0,"5' 9""",145 lbs.,--,,--,:3.90,:55%,:7.79,:37%,:11.69,:100%,:0%,:0.0,http://ufcstats.com/fighter-details/0b235384fe23fc9c
Aleksandre Topuria,6-1-0,"5' 7""",135 lbs.,"68""",Orthodox,"Jan 28, 1996",:2.73,:51%,:2.53,:70%,:1.00,:50%,:100%,:0.0,http://ufcstats.com/fighter-details/4a6dff1b260bcf61
Gabriel Arges,0-0-0,--,170 lbs.,--,,"Jan 29, 1993",:0.00,:0%,:0.00,:0%,:0.00,:0%,:0%,:0.0,http://ufcstats.com/fighter-details/db3c4a884d704efe
Jamie Yager,8-4-0,"6' 1""",185 lbs.,--,Orthodox,"Nov 29, 1983",:3.08,:39%,:2.55,:63%,:0.00,:0%,:66%,:0.0,http://ufcstats.com/fighter-details/85248da6e9e2f7e7
Denis Sobolev,4-7-0,"6' 3""",216 lbs.,--,Orthodox,"Aug 26, 1975",:0.00,:0%,:5.45,:33%,:0.00,:0%,:0%,:0.0,http://ufcstats.com/fighter-details/03b1e846b09f721d
Jorge Oliveira,5-3-1 (1 NC),"6' 1""",205 lbs.,--,,--,:0.00,:0%,:0.00,:0%,:0.00,:0%,:0%,:0.0,http://ufcstats.com/fighter-details/bec2746f033802c3
Dan Lauzon,17-6-0,"5' 10""",155 lbs.,--,Orthodox,"Mar 30, 1988",:1.34,:25%,:4.09,:61%,:1.63,:33%,:80%,:2.7,http://ufcstats.com/fighter-details/4c8d6fde2dde07c4
Chandler Cole,10-4-0,"5' 10""",264 lbs.,"72""",Orthodox,"Jan 09, 1995",:2.45,:60%,:3.59,:26%,:0.00,:0%,:0%,:0.0,http://ufcstats.com/fighter-details/5d8a9c95af50280a
Kevin Christian,9-2-0,"6' 7""",205 lbs.,"80""",Orthodox,"Jan 21, 1995",:0.75,:35%,:1.83,:55%,:0.00,:0%,:50%,:3.2,http://ufcstats.com/fighter-details/7e9b36a9847db116
Luan Chagas,15-3-1,"6' 0""",170 lbs.,"75""",Orthodox,"Jun 17, 1993",:4.16,:47%,:3.19,:62%,:0.32,:12%,:85%,:0.3,http://ufcstats.com/fighter-details/9ccf8371fd80d45d
Leonardo Damiani,10-3-1,"5' 10""",170 lbs.,"69""",Orthodox,"Aug 30, 1990",:1.67,:23%,:4.17,:37%,:0.00,:0%,:50%,:0.0,http://ufcstats.com/fighter-details/acd870570949d8a2
Cameron Dollar,11-5-0,"5' 11""",155 lbs.,--,Orthodox,"May 12, 1987",:5.04,:38%,:2.94,:61%,:0.00,:0%,:0%,:0.0,http://ufcstats.com/fighter-details/3bbcd63a016d9715
Ryuki Ueyama,12-18-5 (1 NC),"5' 11""",180 lbs.,--,Southpaw,"Apr 17, 1976",:0.13,:21%,:1.40,:46%,:0.50,:100%,:0%,:1.5,http://ufcstats.com/fighter-details/bcd124bcd3d5be46
Patricio Freire,37-8-0,"5' 6""",145 lbs.,"67""",Orthodox,"Jul 07, 1987",:2.68,:43%,:4.23,:57%,:1.49,:33%,:88%,:0.6,http://ufcstats.com/fighter-details/98a58c26c5b1ed17
Tomohiko Hashimoto,1-4-0,"6' 0""",250 lbs.,--,Orthodox,"Aug 16, 1977",:0.00,:0%,:11.67,:30%,:0.00,:0%,:0%,:0.0,http://ufcstats.com/fighter-details/a890f9a791ed615d
David Onama,14-2-0,"5' 11""",145 lbs.,"74""",Orthodox,"Jun 07, 1994",:5.24,:50%,:4.73,:52%,:1.08,:30%,:52%,:0.5,http://ufcstats.com/fighter-details/ffe9703408fb5964
Russell Doane,15-8-0,"5' 7""",135 lbs.,"70""",Orthodox,"Aug 13, 1986",:1.75,:40%,:1.68,:53%,:2.11,:45%,:52%,:0.8,http://ufcstats.com/fighter-details/f50d95223751e6ca
Rilley Dutro,11-4-0,"5' 8""",125 lbs.,--,Orthodox,"Sep 03, 1987",:4.74,:54%,:5.95,:33%,:0.00,:0%,:83%,:0.0,http://ufcstats.com/fighter-details/43db649da89fac4b
Chris Coggins,7-10-0,--,--,--,,--,:0.00,:0%,:0.00,:0%,:0.00,:0%,:0%,:0.0,http://ufcstats.com/fighter-details/a0c29b13f7a5df32
Paul Rodriguez,10-9-2,"5' 7""",155 lbs.,--,Orthodox,"May 18, 1975",:0.84,:100%,:1.68,:68%,:0.00,:0%,:50%,:0.0,http://ufcstats.com/fighter-details/26eddcda9d6b2ffe
Takashi Sato,16-7-0,"5' 10""",170 lbs.,"73""",Southpaw,"Jun 09, 1990",:2.21,:41%,:3.73,:44%,:0.76,:37%,:60%,:0.0,http://ufcstats.com/fighter-details/8abac218746e04ca
Khusein Askhabov,23-1-0,"5' 8""",145 lbs.,"69""",Orthodox,"Feb 13, 1995",:2.00,:26%,:4.13,:56%,:0.00,:0%,:66%,:0.0,http://ufcstats.com/fighter-details/5c10da56d712ac9c
Max Griffin,20-12-0,"5' 11""",170 lbs.,"76""",Orthodox,"Nov 29, 1985",:3.76,:47%,:3.70,:58%,:1.28,:40%,:70%,:0.3,http://ufcstats.com/fighter-details/b0d6a1d8ac3d563d
Kurt Holobaugh,22-10-0 (1 NC),"5' 11""",155 lbs.,"70""",Orthodox,"Sep 08, 1986",:4.58,:44%,:4.24,:49%,:0.65,:33%,:38%,:0.8,http://ufcstats.com/fighter-details/a7151778b3381036
Yusaku Kinoshita,6-3-0,"6' 0""",170 lbs.,"71""",Southpaw,"Aug 21, 2000",:4.65,:50%,:5.12,:51%,:0.00,:0%,:50%,:0.0,http://ufcstats.com/fighter-details/21b5c82c1b89dab1
Emilio Cuellar,6-1-0,--,125 lbs.,--,,--,:0.00,:0%,:0.00,:0%,:0.00,:0%,:0%,:0.0,http://ufcstats.com/fighter-details/3aeb69b4a13ff0e8
Pablo Garza,12-4-0,"6' 1""",145 lbs.,"73""",Orthodox,"Sep 16, 1983",:3.37,:44%,:2.70,:50%,:0.94,:25%,:15%,:1.3,http://ufcstats.com/fighter-details/8e5bfd4e82352340
Trey Houston,11-4-0,"5' 11""",185 lbs.,--,,"Jun 08, 1988",:0.00,:0%,:0.00,:0%,:0.00,:0%,:0%,:0.0,http://ufcstats.com/fighter-details/c6668eeb261588d3
Ryan MacDonald,10-2-0,"5' 11""",135 lbs.,"71""",Switch,"Mar 18, 1993",:2.28,:29%,:6.49,:45%,:0.00,:0%,:0%,:0.0,http://ufcstats.com/fighter-details/35e1f9984ed64206
Dorian Ramos,8-3-0,"5' 8""",145 lbs.,"70""",Orthodox,"Dec 31, 1993",:2.30,:52%,:2.67,:47%,:1.82,:25%,:33%,:0.0,http://ufcstats.com/fighter-details/fa4dcb2c8de482ee
Karl Roberson,9-6-0,"6' 1""",205 lbs.,"74""",Southpaw,"Oct 04, 1990",:2.57,:51%,:2.42,:57%,:0.72,:40%,:40%,:0.5,http://ufcstats.com/fighter-details/37d5b176d438d2a5
Mairon Santos,17-1-0,"5' 7""",155 lbs.,"72""",Orthodox,"Jun 10, 2000",:3.53,:46%,:2.38,:66%,:0.00,:0%,:50%,:0.0,http://ufcstats.com/fighter-details/480779d7f9a424d3
James Head,9-4-0,"6' 1""",170 lbs.,"73""",Orthodox,"Feb 09, 1984",:2.75,:48%,:3.11,:49%,:0.41,:100%,:66%,:0.8,http://ufcstats.com/fighter-details/19a8cce18a1cef9e
Jon Hess,1-1-0,"6' 7""",295 lbs.,--,,--,:0.00,:0%,:0.00,:0%,:0.00,:0%,:0%,:0.0,http://ufcstats.com/fighter-details/32a3025d5db456ae
Zach Makovsky,20-8-0,"5' 4""",125 lbs.,"64""",Southpaw,"Apr 19, 1983",:1.94,:43%,:2.24,:62%,:3.71,:30%,:56%,:0.3,http://ufcstats.com/fighter-details/57ab4d7c0bc09a30
Brad Tavares,21-12-0,"6' 1""",185 lbs.,"74""",Orthodox,"Dec 21, 1987",:3.42,:43%,:3.36,:54%,:0.73,:26%,:81%,:0.0,http://ufcstats.com/fighter-details/0c6d9ea8306c029e
Josh Janousek,8-1-0,"5' 11""",185 lbs.,--,Orthodox,"Sep 25, 1980",:0.00,:0%,:0.00,:0%,:0.00,:0%,:0%,:0.0,http://ufcstats.com/fighter-details/8f7380fb0916dc77
Yasuhiro Urushitani,21-8-6,"5' 5""",125 lbs.,--,Southpaw,"Sep 08, 1976",:3.47,:39%,:4.71,:65%,:0.00,:0%,:80%,:0.0,http://ufcstats.com/fighter-details/c34e5849184b08c3
Antonio Silva,19-12-1,"6' 4""",264 lbs.,"82""",Orthodox,"Sep 14, 1979",:2.89,:45%,:3.09,:50%,:0.82,:29%,:66%,:0.8,http://ufcstats.com/fighter-details/8349d55cdecd393a
Carl Toomey,3-3-0,--,--,--,,--,:0.00,:0%,:0.00,:0%,:0.00,:0%,:0%,:0.0,http://ufcstats.com/fighter-details/5ee87e0432205755
Daniel Jolly,5-3-0,"6' 1""",205 lbs.,"75""",Orthodox,"Sep 03, 1984",:1.32,:46%,:3.39,:44%,:2.83,:33%,:50%,:0.0,http://ufcstats.com/fighter-details/eeabcd4dc6619129
Danilo Suzart,9-2-0,"6' 0""",260 lbs.,--,Orthodox,"Dec 04, 1991",:4.09,:55%,:11.73,:51%,:0.00,:0%,:0%,:0.0,http://ufcstats.com/fighter-details/3d99e5aa85d7576a
Antoni Hardonk,8-6-0,"6' 4""",245 lbs.,"78""",Orthodox,"Feb 05, 1976",:3.40,:61%,:3.07,:46%,:0.00,:0%,:40%,:0.9,http://ufcstats.com/fighter-details/69b69c0178c4004d
Nariman Abbasov,28-4-0,"5' 8""",155 lbs.,"66""",Orthodox,"Feb 01, 1994",:3.00,:20%,:5.67,:46%,:0.00,:0%,:66%,:0.0,http://ufcstats.com/fighter-details/59a9d6dac61c2540
Navajo Stirling,8-0-0,"6' 4""",205 lbs.,"79""",Orthodox,"Nov 07, 1997",:6.13,:52%,:2.60,:58%,:1.15,:28%,:75%,:0.0,http://ufcstats.com/fighter-details/b4b496ec2197ee3e
Adam Yandiev,9-1-0,"5' 9""",185 lbs.,"74""",Orthodox,"Aug 07, 1988",:0.18,:8%,:6.14,:36%,:0.00,:0%,:25%,:0.0,http://ufcstats.com/fighter-details/0a95c474e61a6c44
Paul Creighton,3-1-0,"5' 6""",155 lbs.,--,Southpaw,"Jun 04, 1970",:0.72,:75%,:4.65,:30%,:5.37,:37%,:0%,:0.0,http://ufcstats.com/fighter-details/ed73c85164a5f5a4
Andrei Arlovski,34-24-0 (2 NC),"6' 3""",240 lbs.,"77""",Orthodox,"Feb 04, 1979",:3.82,:45%,:3.22,:57%,:0.37,:35%,:76%,:0.2,http://ufcstats.com/fighter-details/3738e68d2261e60f
Derek Getzel,8-5-0,"6' 0""",155 lbs.,--,,--,:0.00,:0%,:0.00,:0%,:0.00,:0%,:0%,:0.0,http://ufcstats.com/fighter-details/42883268854b78be
David Mitchell,22-7-0,"6' 0""",170 lbs.,"75""",Orthodox,"Oct 24, 1979",:1.74,:32%,:2.06,:55%,:0.66,:50%,:29%,:2.0,http://ufcstats.com/fighter-details/8f3df4c579cfbb69
Saparbeg Safarov,9-3-0,"6' 1""",185 lbs.,"78""",Orthodox,"Oct 14, 1986",:4.03,:48%,:2.96,:47%,:2.52,:41%,:33%,:0.0,http://ufcstats.com/fighter-details/88d7b6d8230e1f3f
SeungWoo Choi,11-8-0,"6' 0""",145 lbs.,"74""",Orthodox,"Nov 03, 1992",:3.56,:38%,:3.16,:47%,:0.83,:54%,:70%,:0.0,http://ufcstats.com/fighter-details/a68575214ecad140
Edwin Aguilar,26-19-0 (1 NC),"5' 10""",185 lbs.,--,,"Jan 01, 1972",:0.00,:0%,:0.00,:0%,:0.00,:0%,:0%,:0.0,http://ufcstats.com/fighter-details/6cadc0a0ba7dc015
Dongi Yang,13-3-0,"5' 10""",185 lbs.,"73""",Southpaw,"Dec 07, 1984",:3.55,:51%,:3.21,:63%,:1.70,:41%,:61%,:0.5,http://ufcstats.com/fighter-details/aed06011bf62237b
Marcus Silveira,6-4-0 (1 NC),"6' 3""",242 lbs.,--,Orthodox,"Dec 09, 1964",:0.00,:0%,:0.00,:0%,:0.00,:0%,:0%,:0.0,http://ufcstats.com/fighter-details/f717b6002486f73f
Stanislav Nedkov,12-2-0 (1 NC),"5' 11""",205 lbs.,"71""",Orthodox,"Dec 09, 1981",:3.33,:43%,:5.39,:43%,:2.77,:41%,:0%,:0.0,http://ufcstats.com/fighter-details/1d4bbaabd8b60173
Francisco Trevino,13-3-0,"5' 9""",155 lbs.,"70""",Orthodox,"Dec 17, 1981",:2.65,:42%,:2.42,:64%,:0.97,:22%,:41%,:0.0,http://ufcstats.com/fighter-details/97a6bbe6e6566a94
Jin Bala,23-3-0,"5' 9""",155 lbs.,--,,--,:0.00,:0%,:0.00,:0%,:0.00,:0%,:0%,:0.0,http://ufcstats.com/fighter-details/371efa53bd0cf669
Edgar Garcia,14-5-0,"5' 10""",170 lbs.,"71""",Orthodox,"Feb 22, 1984",:3.16,:29%,:4.23,:60%,:2.21,:57%,:50%,:0.6,http://ufcstats.com/fighter-details/8d49545dadf9b919
Dmitri Stepanov,0-1-0,"6' 3""",217 lbs.,--,Orthodox,--,:0.00,:0%,:0.00,:0%,:0.00,:0%,:0%,:0.0,http://ufcstats.com/fighter-details/738acab0c6934dd8
Greg Wilson,2-3-0,--,155 lbs.,--,,"Oct 02, 1988",:0.00,:0%,:0.00,:0%,:0.00,:0%,:0%,:0.0,http://ufcstats.com/fighter-details/9cc84087ee768342
Azunna Anyanwu,14-5-0,"6' 1""",251 lbs.,--,Orthodox,"Aug 05, 1981",:2.47,:42%,:2.47,:69%,:0.65,:100%,:0%,:0.0,http://ufcstats.com/fighter-details/78d48d3874dacafd
Kim Couture,3-8-0,"5' 8""",135 lbs.,--,Orthodox,"Dec 18, 1975",:12.12,:80%,:2.31,:69%,:0.00,:0%,:0%,:0.0,http://ufcstats.com/fighter-details/84c43f0d25f15b0b
Max Mustaki,6-3-0,"6' 0""",155 lbs.,--,Orthodox,"Nov 07, 1987",:8.20,:50%,:13.00,:45%,:0.00,:0%,:0%,:0.0,http://ufcstats.com/fighter-details/f4c40f8a64d3151d
Gerald Harris,23-5-0,"5' 11""",185 lbs.,"77""",Southpaw,"Nov 19, 1979",:1.41,:29%,:1.58,:62%,:2.96,:54%,:72%,:0.0,http://ufcstats.com/fighter-details/c4b81cdecd5d6abe
Kyle Levinton,0-3-0,--,--,--,,--,:0.00,:0%,:0.00,:0%,:0.00,:0%,:0%,:0.0,http://ufcstats.com/fighter-details/81ddc98fceb30086
Top Noi Kiwram,9-5-0,"5' 5""",125 lbs.,"67""",Southpaw,"Aug 15, 1992",:4.47,:59%,:3.23,:66%,:2.72,:85%,:74%,:0.0,http://ufcstats.com/fighter-details/e065b4a42a6c2c79
Miguel Baeza,10-4-0,"6' 2""",170 lbs.,"74""",Orthodox,"Aug 23, 1992",:4.09,:49%,:5.92,:46%,:0.36,:22%,:54%,:2.0,http://ufcstats.com/fighter-details/82d4c957649faf9b
Tom Aspinall,15-3-0,"6' 5""",256 lbs.,"78""",Orthodox,"Apr 11, 1993",:8.07,:67%,:2.89,:65%,:3.27,:100%,:100%,:1.6,http://ufcstats.com/fighter-details/399afbabc02376b5
Gina Carano,7-1-0,"5' 8""",145 lbs.,--,Orthodox,"Apr 16, 1982",:4.50,:47%,:2.66,:64%,:1.24,:66%,:85%,:1.6,http://ufcstats.com/fighter-details/899eaba48fa864a6
Keisuke Fujiwara,17-12-5,"5' 6""",139 lbs.,--,Switch,"Sep 17, 1982",:0.73,:44%,:1.20,:47%,:0.00,:0%,:23%,:2.5,http://ufcstats.com/fighter-details/ccd58ff71e260ed5
Clay French,19-7-0,"5' 7""",161 lbs.,--,Southpaw,"Oct 07, 1980",:1.52,:50%,:1.27,:16%,:0.00,:0%,:100%,:0.0,http://ufcstats.com/fighter-details/73321668ff977f1b
Mike Pierce,17-7-0,"5' 8""",170 lbs.,"71""",Orthodox,"Sep 01, 1980",:2.62,:42%,:2.36,:62%,:3.08,:42%,:71%,:0.2,http://ufcstats.com/fighter-details/236a37d96d476164
Angela Hill,18-15-0,"5' 3""",115 lbs.,"64""",Orthodox,"Jan 12, 1985",:5.43,:50%,:4.92,:60%,:0.78,:30%,:74%,:0.1,http://ufcstats.com/fighter-details/f0feeb2192937424
Joe Lowry,9-2-0,"5' 11""",155 lbs.,"73""",Orthodox,"Dec 12, 1989",:3.97,:34%,:4.25,:63%,:0.00,:0%,:0%,:0.0,http://ufcstats.com/fighter-details/86248c84834238e7
Hideo Tokoro,34-29-2,"5' 7""",135 lbs.,--,Orthodox,"Aug 22, 1977",:1.78,:37%,:2.01,:65%,:0.87,:34%,:44%,:2.3,http://ufcstats.com/fighter-details/2d5fbe2103f97053
Daichi Kamiya,6-1-0 (1 NC),"5' 8""",155 lbs.,"68""",Southpaw,"Apr 19, 1999",:1.69,:53%,:4.50,:35%,:5.07,:27%,:100%,:0.0,http://ufcstats.com/fighter-details/a497e228cce8a64f
Waldo Cortes-Acosta,14-2-0,"6' 4""",260 lbs.,"78""",Orthodox,"Oct 03, 1991",:5.61,:48%,:3.51,:55%,:0.37,:50%,:71%,:0.1,http://ufcstats.com/fighter-details/fc08099550072fe4
Marcus Aurelio,22-10-0,"5' 10""",155 lbs.,"74""",Orthodox,"Aug 18, 1973",:1.42,:33%,:2.27,:59%,:1.69,:27%,:27%,:1.3,http://ufcstats.com/fighter-details/04643fd03d9159cc
Adrian Diaz,11-4-1,"5' 10""",145 lbs.,--,Southpaw,"Apr 26, 1988",:0.48,:42%,:3.84,:51%,:2.40,:50%,:0%,:0.0,http://ufcstats.com/fighter-details/bfa8f263815cfa2e
Bu-Kyung Jung,0-4-0,"5' 7""",154 lbs.,--,Orthodox,"May 26, 1978",:0.63,:36%,:1.85,:56%,:1.10,:75%,:0%,:1.5,http://ufcstats.com/fighter-details/b35d1650c78c2948
Marina Rodriguez,17-6-2,"5' 6""",115 lbs.,"65""",Orthodox,"Apr 29, 1987",:4.51,:46%,:3.01,:55%,:0.27,:50%,:61%,:0.3,http://ufcstats.com/fighter-details/cd2c4d30c6e13b47
Maurice Smith,12-14-0,"6' 2""",221 lbs.,--,Orthodox,"Dec 13, 1961",:0.41,:46%,:0.47,:60%,:0.89,:50%,:20%,:0.9,http://ufcstats.com/fighter-details/33e33d51f289d2a1
Katsuya Inoue,19-9-4,"5' 9""",168 lbs.,--,Southpaw,"Aug 10, 1979",:3.41,:24%,:12.89,:51%,:0.00,:0%,:66%,:0.0,http://ufcstats.com/fighter-details/b5882371e2a3900d
Kengo Ura,14-12-2,"5' 9""",165 lbs.,--,,"Jun 20, 1981",:1.05,:37%,:2.38,:48%,:2.85,:28%,:50%,:1.4,http://ufcstats.com/fighter-details/58258914525740a5
Danny Chavez,11-5-1,"5' 8""",145 lbs.,"67""",Orthodox,"Mar 14, 1987",:2.86,:38%,:3.83,:50%,:1.95,:60%,:87%,:0.0,http://ufcstats.com/fighter-details/0de720c0f1d4ab9c
Jose Santibanez,10-3-0,--,155 lbs.,--,,"Jan 18, 1980",:0.00,:0%,:0.00,:0%,:0.00,:0%,:0%,:0.0,http://ufcstats.com/fighter-details/8299206ccebc44a7
John Halverson,16-8-0 (1 NC),"5' 9""",155 lbs.,--,Southpaw,"Sep 08, 1972",:2.94,:43%,:5.29,:47%,:0.00,:0%,:66%,:2.0,http://ufcstats.com/fighter-details/88c8f47241d90040
Jason MacDonald,25-16-0,"6' 3""",185 lbs.,"80""",Orthodox,"Jun 03, 1975",:1.55,:52%,:2.70,:46%,:1.43,:16%,:35%,:2.0,http://ufcstats.com/fighter-details/2be6596a9db33bf5
Lionel Lanham,5-1-0,--,205 lbs.,--,,"Aug 31, 1980",:0.00,:0%,:0.00,:0%,:0.00,:0%,:0%,:0.0,http://ufcstats.com/fighter-details/b8980dd7e8fc5976
Amanda Lemos,15-5-1,"5' 4""",115 lbs.,"65""",Southpaw,"May 22, 1987",:2.75,:55%,:3.24,:45%,:1.02,:62%,:64%,:0.7,http://ufcstats.com/fighter-details/3df5493bb279226f
Enrique Barzola,17-5-2,"5' 7""",145 lbs.,"70""",Orthodox,"Apr 28, 1989",:3.91,:41%,:2.97,:68%,:4.20,:45%,:66%,:0.3,http://ufcstats.com/fighter-details/be0b310a12eb80b4
Nick Maximov,8-2-0,"6' 0""",185 lbs.,"76""",Southpaw,"Dec 23, 1997",:1.93,:45%,:2.64,:46%,:4.16,:45%,:35%,:0.2,http://ufcstats.com/fighter-details/12585614e0ed2626
Juliana Miller,5-3-0,"5' 7""",125 lbs.,"66""",Orthodox,"May 07, 1996",:2.73,:44%,:3.78,:36%,:2.20,:38%,:44%,:1.3,http://ufcstats.com/fighter-details/aa0c573da7119292
Tommy Petersen,2-3-0,--,155 lbs.,--,,--,:0.00,:0%,:0.00,:0%,:0.00,:0%,:0%,:0.0,http://ufcstats.com/fighter-details/7aabd61419f747d1
Ryan Thomas,20-8-0,"6' 0""",170 lbs.,--,Orthodox,"Nov 05, 1984",:2.01,:36%,:4.17,:30%,:5.59,:33%,:0%,:2.2,http://ufcstats.com/fighter-details/b732b326c362fb62
Tim Williams,15-5-0,"6' 2""",185 lbs.,"76""",Orthodox,"Jul 03, 1986",:3.07,:38%,:3.55,:48%,:1.81,:40%,:100%,:0.0,http://ufcstats.com/fighter-details/990bd63726a577f8
Aoriqileng,25-12-0 (1 NC),"5' 7""",135 lbs.,"69""",Orthodox,"Jun 25, 1993",:4.65,:49%,:5.46,:48%,:1.20,:46%,:58%,:0.0,http://ufcstats.com/fighter-details/7d420039bbfe7c1a
Marilia Santos,10-3-0,"5' 4""",125 lbs.,--,Orthodox,"Dec 12, 1992",:4.40,:54%,:4.07,:53%,:1.00,:100%,:66%,:1.0,http://ufcstats.com/fighter-details/4cb79988b2a9bd07
Rory Markham,17-6-0,"6' 0""",170 lbs.,"71""",Orthodox,"Mar 25, 1982",:1.98,:21%,:10.27,:45%,:0.00,:0%,:0%,:0.0,http://ufcstats.com/fighter-details/23a16ebe733e3041
Chris Leben,22-11-0,"5' 11""",185 lbs.,"73""",Southpaw,"Jul 21, 1980",:2.87,:42%,:2.87,:52%,:1.14,:41%,:53%,:0.8,http://ufcstats.com/fighter-details/d43a048a880efdff
Austin Tweedy,8-2-0,"5' 9""",155 lbs.,--,Orthodox,"Sep 25, 1990",:4.29,:66%,:6.43,:0%,:0.00,:0%,:0%,:0.0,http://ufcstats.com/fighter-details/885adaff8fe15cf7
Fredson Paixao,10-5-0 (1 NC),"5' 6""",145 lbs.,"66""",Orthodox,"May 13, 1979",:1.71,:54%,:2.31,:62%,:0.62,:11%,:10%,:2.2,http://ufcstats.com/fighter-details/320edfb0332b7073
Farid Basharat,14-0-0,"5' 8""",135 lbs.,"71""",Orthodox,"Aug 02, 1997",:4.05,:52%,:2.47,:60%,:3.60,:47%,:72%,:0.4,http://ufcstats.com/fighter-details/a09ed60aa67a3f67
Patrick Smith,20-17-0,"6' 2""",225 lbs.,--,Orthodox,"Aug 28, 1963",:0.00,:0%,:0.00,:0%,:0.00,:0%,:0%,:0.0,http://ufcstats.com/fighter-details/46c8ec317aff28ac
Julian Erosa,31-13-0,"6' 1""",145 lbs.,"74""",Southpaw,"Jul 31, 1989",:6.21,:48%,:6.27,:48%,:1.78,:43%,:61%,:0.7,http://ufcstats.com/fighter-details/902ec2cc48c8ae8a
CJ Fernandes,14-8-3,"6' 2""",170 lbs.,--,,"Nov 13, 1977",:0.00,:0%,:0.00,:0%,:0.00,:0%,:0%,:0.0,http://ufcstats.com/fighter-details/979f7edbb6980b0d
Dave Galera,5-1-0,"5' 11""",135 lbs.,--,Orthodox,"Jan 12, 1978",:1.67,:69%,:0.53,:33%,:0.00,:0%,:14%,:2.0,http://ufcstats.com/fighter-details/0876d21328cf4a45
Alex Ricci,10-5-0,"5' 11""",155 lbs.,--,Orthodox,"Jul 21, 1982",:2.48,:41%,:2.53,:64%,:0.00,:0%,:64%,:0.0,http://ufcstats.com/fighter-details/bf9bc96336922271
David Terrell,6-2-0,"6' 1""",185 lbs.,--,Southpaw,"Jan 09, 1978",:2.34,:63%,:2.71,:37%,:5.54,:50%,:0%,:5.5,http://ufcstats.com/fighter-details/4123fd4dcc1fe937
Angelo Trevino,7-3-0,"5' 11""",170 lbs.,--,Switch,"Jun 10, 1993",:5.19,:54%,:3.90,:47%,:0.00,:0%,:100%,:0.0,http://ufcstats.com/fighter-details/0cf9f5518d6063bb
Brando Pericic,5-1-0,"6' 5""",245 lbs.,"79""",Orthodox,"Aug 03, 1994",:15.13,:59%,:1.57,:66%,:0.00,:0%,:100%,:0.0,http://ufcstats.com/fighter-details/d0fd0d9ee560dae7
Kayla Harrison,19-1-0,"5' 8""",135 lbs.,"66""",Southpaw,"Jul 02, 1990",:4.29,:62%,:1.10,:66%,:2.84,:37%,:100%,:0.9,http://ufcstats.com/fighter-details/1af1170ed937cba7
Eduardo Neves,7-2-0,"6' 2""",263 lbs.,"78""",Orthodox,"Mar 16, 2000",:7.69,:65%,:6.15,:55%,:5.77,:66%,:0%,:0.0,http://ufcstats.com/fighter-details/1d688fa375d9431c
Mike Massenzio,13-9-0,"6' 2""",185 lbs.,"73""",Southpaw,"Nov 01, 1982",:2.08,:45%,:3.59,:54%,:2.74,:24%,:50%,:1.4,http://ufcstats.com/fighter-details/5b2d7906aa894274
Alvin Cacdac,18-13-0,"5' 6""",125 lbs.,--,Orthodox,--,:1.21,:66%,:0.61,:0%,:0.00,:0%,:0%,:0.0,http://ufcstats.com/fighter-details/ce7871949b0ed2bf
Yuji Nagata,0-2-0,"6' 0""",225 lbs.,--,Orthodox,"Apr 24, 1968",:1.45,:40%,:14.46,:4%,:0.00,:0%,:0%,:0.0,http://ufcstats.com/fighter-details/e49c2db95e572dc8
Sam Greco,3-1-1,"6' 2""",205 lbs.,--,Orthodox,"May 03, 1967",:2.40,:75%,:1.33,:53%,:0.00,:0%,:25%,:1.0,http://ufcstats.com/fighter-details/6d12031661db8ac8
Claudio Puelles,13-5-0,"5' 10""",155 lbs.,"72""",Southpaw,"Apr 21, 1996",:1.54,:46%,:2.62,:48%,:3.29,:33%,:60%,:1.0,http://ufcstats.com/fighter-details/d747eb273a40a920
Justin Smitley,10-7-1,--,145 lbs.,--,,--,:0.00,:0%,:0.00,:0%,:0.00,:0%,:0%,:0.0,http://ufcstats.com/fighter-details/c5776fa8f4bf77aa
Jeremy Horn,91-22-5 (1 NC),"6' 1""",185 lbs.,"74""",Orthodox,"Aug 25, 1975",:1.19,:39%,:1.99,:55%,:1.83,:38%,:29%,:1.1,http://ufcstats.com/fighter-details/8d26912cd2aeb366
Bruna Brasil,11-5-1,"5' 6""",115 lbs.,"65""",Orthodox,"Sep 07, 1993",:2.66,:56%,:3.82,:52%,:1.46,:64%,:53%,:0.2,http://ufcstats.com/fighter-details/7138a15258dabf20
Toki Matsui,6-1-0,"5' 6""",125 lbs.,"65""",Orthodox,"Sep 08, 1999",:0.00,:0%,:0.00,:0%,:0.00,:0%,:0%,:0.0,http://ufcstats.com/fighter-details/56cc76c55cee8410
Sergey Ignatov,0-1-0,"5' 9""",210 lbs.,--,Orthodox,"Oct 13, 1971",:0.35,:50%,:3.25,:42%,:0.00,:0%,:0%,:0.0,http://ufcstats.com/fighter-details/df9e9c1f65805d29
Joey Roberts,4-3-0,"6' 2""",200 lbs.,--,,"Nov 11, 1977",:0.00,:0%,:0.00,:0%,:0.00,:0%,:0%,:0.0,http://ufcstats.com/fighter-details/c058823a2595ab09
Corinne Laframboise,8-5-0,"5' 4""",125 lbs.,"65""",Orthodox,"May 25, 1989",:3.16,:68%,:1.89,:47%,:3.16,:100%,:33%,:0.0,http://ufcstats.com/fighter-details/fbe9f4efc2153be2
Melissa Martinez,8-2-0,"5' 2""",115 lbs.,"66""",Southpaw,"Aug 18, 1997",:3.78,:47%,:5.21,:53%,:0.35,:50%,:50%,:0.0,http://ufcstats.com/fighter-details/3f4c3bc822bea45d
Mike Cook,13-13-0,"6' 1""",205 lbs.,--,Orthodox,"Oct 07, 1981",:1.72,:49%,:2.40,:46%,:1.03,:33%,:55%,:2.1,http://ufcstats.com/fighter-details/3ab0df1ddd5f1dc2
Alvin Hines,7-1-0,"6' 2""",265 lbs.,"74""",Orthodox,"Oct 20, 1991",:5.47,:31%,:7.47,:38%,:1.00,:10%,:0%,:0.0,http://ufcstats.com/fighter-details/ab2a4b5e04dc5fe9
Montse Rendon,7-1-0,"5' 8""",135 lbs.,"68""",Orthodox,"Mar 16, 1989",:3.09,:28%,:3.42,:59%,:2.00,:37%,:100%,:0.3,http://ufcstats.com/fighter-details/60193e707634e560
Isaac Vallie-Flagg,16-7-1,"5' 8""",155 lbs.,"70""",Orthodox,"Apr 08, 1978",:5.56,:47%,:5.60,:45%,:0.20,:12%,:58%,:0.0,http://ufcstats.com/fighter-details/c295de4e10acd4c9
Junie Browning,5-6-0,"5' 9""",155 lbs.,--,Orthodox,"May 12, 1984",:3.76,:48%,:1.76,:66%,:3.53,:66%,:0%,:3.5,http://ufcstats.com/fighter-details/d74cba8566291bfa
Dustin West,6-6-0,"5' 11""",170 lbs.,--,,--,:0.00,:0%,:0.00,:0%,:0.00,:0%,:0%,:0.0,http://ufcstats.com/fighter-details/5f5763b3a4de8dd4
Xie Bin,13-5-0,"5' 10""",145 lbs.,"72""",Orthodox,"Feb 28, 1998",:3.99,:43%,:2.73,:60%,:2.71,:42%,:40%,:0.0,http://ufcstats.com/fighter-details/e415ea6f8d41c917
Brandon Michaels,4-14-0,"5' 9""",185 lbs.,--,,"Nov 20, 1982",:0.00,:0%,:0.00,:0%,:0.00,:0%,:0%,:0.0,http://ufcstats.com/fighter-details/f5e4ce11afbdfb61
Mark Hunt,13-14-1 (1 NC),"5' 10""",265 lbs.,"72""",Orthodox,"Mar 23, 1974",:2.81,:43%,:2.90,:51%,:0.51,:55%,:64%,:0.2,http://ufcstats.com/fighter-details/eef9b891edbd4604
Tulio Palhares,2-16-0,--,180 lbs.,--,,--,:0.00,:0%,:0.00,:0%,:0.00,:0%,:0%,:0.0,http://ufcstats.com/fighter-details/e8c170a64dc920ac
Ikram Aliskerov,16-2-0,"6' 0""",185 lbs.,"76""",Southpaw,"Dec 07, 1992",:7.76,:62%,:5.78,:41%,:1.14,:33%,:100%,:1.1,http://ufcstats.com/fighter-details/b07aed698fba8624
Francis Ngannou,17-3-0,"6' 4""",250 lbs.,"83""",Orthodox,"Sep 05, 1986",:2.33,:41%,:2.16,:41%,:0.76,:62%,:71%,:0.3,http://ufcstats.com/fighter-details/8d03ce87ca14e778
Ildemar Alcantara,21-11-0,"6' 2""",185 lbs.,"78""",Orthodox,"Nov 18, 1982",:1.93,:38%,:2.63,:50%,:2.00,:68%,:81%,:0.9,http://ufcstats.com/fighter-details/7c6e87729e824ef4
Joe Doerksen,51-16-0,"6' 0""",185 lbs.,"75""",Orthodox,"Oct 09, 1977",:1.43,:42%,:2.79,:50%,:2.02,:33%,:33%,:2.3,http://ufcstats.com/fighter-details/dbaaf42313af90fa
Ramiro Jimenez,11-0-0,"5' 9""",145 lbs.,"73""",Southpaw,"Jan 16, 1999",:14.22,:65%,:2.43,:82%,:5.20,:100%,:100%,:0.0,http://ufcstats.com/fighter-details/1c02b964466c10e4
Lucas Stark,1-5-0,--,155 lbs.,--,,--,:1.60,:25%,:3.20,:66%,:12.00,:100%,:0%,:0.0,http://ufcstats.com/fighter-details/93e4754d0984c82f
Adam Cella,6-8-0,"6' 2""",170 lbs.,--,,"Jun 26, 1985",:1.91,:42%,:2.61,:51%,:3.92,:75%,:50%,:1.3,http://ufcstats.com/fighter-details/b27b8881d7444114
Lance Lawrence,4-1-0,"6' 1""",145 lbs.,"74""",Orthodox,"Jun 26, 1993",:5.87,:50%,:9.80,:24%,:1.00,:100%,:50%,:0.0,http://ufcstats.com/fighter-details/ce039df1994b18f0
Magnus Cedenblad,14-5-0,"6' 5""",185 lbs.,"79""",Orthodox,"Apr 10, 1982",:2.38,:51%,:3.02,:40%,:2.87,:64%,:66%,:1.0,http://ufcstats.com/fighter-details/0e21976afc92e4d1
Brandon Vera,15-7-0 (1 NC),"6' 3""",230 lbs.,"78""",Orthodox,"Oct 10, 1977",:3.03,:56%,:2.81,:52%,:0.70,:53%,:59%,:0.2,http://ufcstats.com/fighter-details/fa315e6c77eee106
Bryan Pardoe,13-16-0,"6' 1""",205 lbs.,--,Orthodox,"Oct 22, 1968",:1.11,:36%,:4.59,:45%,:4.75,:40%,:33%,:0.0,http://ufcstats.com/fighter-details/56116537d71a578c
Mark Hughes,6-2-0,"5' 9""",205 lbs.,--,Southpaw,"Oct 13, 1973",:0.90,:47%,:0.40,:42%,:3.00,:50%,:0%,:4.5,http://ufcstats.com/fighter-details/d62bb4d84a7267ba
Richard Crunkilton,19-4-0,"5' 7""",155 lbs.,--,Orthodox,"Nov 25, 1979",:1.72,:41%,:1.45,:58%,:4.08,:61%,:65%,:1.3,http://ufcstats.com/fighter-details/22ee260735da0d58
Lyoto Machida,24-8-0,"6' 1""",185 lbs.,"74""",Southpaw,"May 30, 1978",:2.59,:53%,:1.57,:61%,:1.21,:65%,:75%,:0.4,http://ufcstats.com/fighter-details/f7a7f7118d4b01b6
Kazuyuki Fujita,15-12-0,"6' 0""",235 lbs.,--,Orthodox,"Oct 16, 1970",:1.05,:49%,:1.99,:52%,:2.78,:36%,:85%,:0.6,http://ufcstats.com/fighter-details/b1605ea39fba6af6
Jessica Rakoczy,1-5-0 (1 NC),"5' 7""",115 lbs.,--,Orthodox,"Apr 14, 1977",:2.50,:44%,:3.55,:64%,:0.75,:20%,:0%,:0.8,http://ufcstats.com/fighter-details/ffdeb4fbea09ce75
Justin Levens,10-7-0,"5' 11""",185 lbs.,--,Orthodox,"Apr 18, 1980",:1.24,:47%,:3.15,:37%,:1.69,:50%,:33%,:5.1,http://ufcstats.com/fighter-details/8c3f3c43c8ceb778
Aaron Lanfranco,5-1-0,--,155 lbs.,--,,"Aug 26, 1986",:0.00,:0%,:0.00,:0%,:0.00,:0%,:0%,:0.0,http://ufcstats.com/fighter-details/d73e856f150744b2
Miranda Maverick,17-6-0,"5' 3""",125 lbs.,"65""",Southpaw,"Jul 01, 1997",:3.22,:44%,:2.25,:61%,:2.16,:40%,:45%,:0.4,http://ufcstats.com/fighter-details/f29a6350c69f4a33
Luis Saldana,16-7-1,"5' 11""",145 lbs.,"73""",Orthodox,"Jan 27, 1991",:5.16,:50%,:3.65,:60%,:0.64,:17%,:44%,:0.2,http://ufcstats.com/fighter-details/12e0fdc606f7e274
Merritt Warren,3-3-0,"5' 10""",155 lbs.,--,Southpaw,--,:0.00,:0%,:0.00,:0%,:0.00,:0%,:0%,:0.0,http://ufcstats.com/fighter-details/1e47dba648ea438c
Kelly Kobold,19-3-1,"5' 6""",135 lbs.,--,Orthodox,"Feb 25, 1983",:2.33,:21%,:4.11,:59%,:1.67,:11%,:0%,:0.0,http://ufcstats.com/fighter-details/c398235fcaf8d71d
Mike Davis,2-0-0,--,--,--,,--,:0.00,:0%,:0.00,:0%,:0.00,:0%,:0%,:0.0,http://ufcstats.com/fighter-details/c8661e204c66f325
Moise Rimbon,23-11-3,"5' 10""",205 lbs.,--,Orthodox,"Apr 20, 1977",:0.80,:34%,:1.00,:71%,:1.00,:50%,:37%,:0.0,http://ufcstats.com/fighter-details/9be3728f3f7badb2
Vincent Eazelle,9-2-0,"5' 11""",155 lbs.,--,,"Dec 07, 1980",:0.00,:0%,:0.00,:0%,:0.00,:0%,:0%,:0.0,http://ufcstats.com/fighter-details/ec421d5de0aea624
Johnny Sampaio,3-1-0,"5' 8""",170 lbs.,--,Orthodox,"Sep 11, 1975",:1.32,:40%,:2.64,:50%,:9.89,:50%,:0%,:9.9,http://ufcstats.com/fighter-details/b23388ff8ac6637b
Manolo Zecchini,11-4-0,"5' 8""",145 lbs.,"68""",Orthodox,"Oct 22, 1996",:2.34,:21%,:6.75,:46%,:0.00,:0%,:0%,:0.0,http://ufcstats.com/fighter-details/fd7ab338e4953644
Nate Landwehr,18-7-0,"5' 9""",145 lbs.,"72""",Orthodox,"Jun 06, 1988",:5.63,:45%,:5.83,:52%,:0.76,:41%,:71%,:0.8,http://ufcstats.com/fighter-details/583ee11abddfc581
Thibault Gouti,12-5-0,"5' 10""",155 lbs.,"72""",Orthodox,"Feb 27, 1987",:3.68,:34%,:5.64,:50%,:1.23,:80%,:83%,:0.3,http://ufcstats.com/fighter-details/51e86de150ee8be6
Kazunori Yokota,25-7-3,"5' 8""",154 lbs.,--,Orthodox,"Apr 03, 1978",:0.67,:31%,:1.13,:57%,:0.00,:0%,:0%,:0.0,http://ufcstats.com/fighter-details/a8e8587a06e73c87
Chris Liguori,15-10-0,"5' 9""",185 lbs.,--,Orthodox,--,:0.29,:33%,:1.44,:0%,:0.00,:0%,:50%,:0.0,http://ufcstats.com/fighter-details/0e31bfd26cc8c503
Lance Benoist,7-2-0,"5' 11""",170 lbs.,"72""",Southpaw,"Aug 26, 1988",:3.68,:51%,:2.70,:56%,:1.50,:33%,:61%,:0.0,http://ufcstats.com/fighter-details/5431dccc09118234
Pannie Kianzad,17-9-0,"5' 7""",135 lbs.,"66""",Orthodox,"Dec 08, 1991",:4.88,:49%,:4.09,:51%,:0.41,:33%,:65%,:0.1,http://ufcstats.com/fighter-details/91dac5e69e28d5b5
Yoel Romero,13-5-0,"6' 0""",185 lbs.,"73""",Southpaw,"Apr 30, 1977",:3.44,:49%,:3.05,:60%,:1.57,:30%,:78%,:0.0,http://ufcstats.com/fighter-details/f77c68bb4be8516d
Manoel Sousa,13-1-0,"5' 9""",155 lbs.,"70""",Orthodox,"Jun 04, 1997",:3.23,:58%,:1.31,:55%,:0.00,:0%,:62%,:2.3,http://ufcstats.com/fighter-details/5870c541798124ae
Trevor Peek,9-3-0 (1 NC),"5' 9""",145 lbs.,"70""",Switch,"Jan 09, 1995",:4.39,:53%,:3.88,:43%,:1.45,:50%,:52%,:0.0,http://ufcstats.com/fighter-details/0bc697c5936a2d0a
Chas Skelly,19-3-0 (1 NC),"5' 11""",145 lbs.,"72""",Orthodox,"May 11, 1985",:2.01,:40%,:3.21,:49%,:1.74,:34%,:39%,:2.3,http://ufcstats.com/fighter-details/4bd6b4800070b069
Michelle Waterson-Gomez,18-13-0,"5' 3""",115 lbs.,"62""",Orthodox,"Jan 06, 1986",:3.42,:46%,:4.25,:48%,:1.39,:33%,:69%,:0.6,http://ufcstats.com/fighter-details/eb04b9d31e938edb
Dong Sik Yoon,9-9-0,"6' 0""",185 lbs.,--,Orthodox,"Aug 24, 1972",:0.99,:36%,:2.33,:51%,:1.60,:29%,:33%,:1.3,http://ufcstats.com/fighter-details/ad99fa5325519169
Jeremy Kennedy,11-1-0,"5' 11""",145 lbs.,"71""",Orthodox,"Sep 16, 1992",:2.22,:46%,:2.58,:47%,:5.73,:52%,:66%,:0.0,http://ufcstats.com/fighter-details/68f6e96c5fa6e044
Shane Carwin,12-2-0,"6' 2""",265 lbs.,"80""",Orthodox,"Jan 04, 1975",:4.38,:47%,:3.53,:53%,:1.42,:33%,:42%,:0.0,http://ufcstats.com/fighter-details/68dd7b3783c19f9c
Jonathan Piersma,9-3-0 (1 NC),"5' 11""",170 lbs.,"73""",Orthodox,"Mar 03, 1996",:0.40,:42%,:0.87,:31%,:0.00,:0%,:36%,:3.0,http://ufcstats.com/fighter-details/1c7308d2957a12d2
Gaetano Pirrello,15-7-1,"5' 7""",135 lbs.,"65""",Orthodox,"Apr 29, 1992",:0.99,:55%,:2.44,:42%,:0.00,:0%,:30%,:0.0,http://ufcstats.com/fighter-details/8765559b6a29a421
Zubaira Tukhugov,20-6-1,"5' 8""",155 lbs.,"68""",Orthodox,"Jan 15, 1991",:3.17,:39%,:3.07,:63%,:2.13,:39%,:100%,:0.0,http://ufcstats.com/fighter-details/aceffa19749c4dc0
Macy Chiasson,11-5-0,"5' 11""",135 lbs.,"72""",Orthodox,"Jul 27, 1991",:3.50,:46%,:2.86,:45%,:2.07,:37%,:72%,:0.4,http://ufcstats.com/fighter-details/9cdd2da1a9104a0b
Jessamyn Duke,3-5-0 (1 NC),"5' 11""",135 lbs.,"73""",Orthodox,"Jun 24, 1986",:4.83,:53%,:4.43,:57%,:1.27,:36%,:50%,:1.9,http://ufcstats.com/fighter-details/a7ddae0be8b78147
Daniel Gallemore,7-3-0,"6' 5""",265 lbs.,--,,--,:3.10,:41%,:6.00,:52%,:0.00,:0%,:0%,:0.0,http://ufcstats.com/fighter-details/96706c75a2b14164
Alex Torres,5-4-0,"5' 10""",145 lbs.,--,Orthodox,"May 29, 1988",:2.47,:37%,:2.73,:69%,:2.00,:22%,:50%,:0.0,http://ufcstats.com/fighter-details/e4e0f310b3cf23a8
Mike Lullo,8-3-0,"5' 8""",145 lbs.,--,Orthodox,"Jul 24, 1979",:2.48,:36%,:4.84,:40%,:1.18,:11%,:0%,:0.6,http://ufcstats.com/fighter-details/e26882820f9e8df5
Chase Beebe,24-13-1,"5' 7""",135 lbs.,"67""",Orthodox,"Mar 29, 1985",:2.17,:38%,:1.64,:69%,:2.49,:42%,:41%,:0.9,http://ufcstats.com/fighter-details/b16a7e6a627e9789
Zach Rosol,3-2-0,--,243 lbs.,--,,--,:0.00,:0%,:14.21,:25%,:0.00,:0%,:0%,:0.0,http://ufcstats.com/fighter-details/208b6926916867c7
Francisco France,13-5-1,"6' 0""",205 lbs.,--,,"Jan 21, 1983",:0.54,:33%,:3.51,:27%,:0.00,:0%,:0%,:6.1,http://ufcstats.com/fighter-details/ecfdbf38681a59ba
Amilcar Alves,15-12-0,"6' 0""",170 lbs.,--,Southpaw,"Aug 08, 1988",:0.50,:46%,:2.02,:30%,:0.00,:0%,:53%,:0.0,http://ufcstats.com/fighter-details/dc5a6b2fdb27e7dc
Rubin Williams,0-1-0,"6' 1""",185 lbs.,--,Orthodox,"Apr 09, 1976",:0.00,:0%,:1.39,:60%,:0.00,:0%,:0%,:0.0,http://ufcstats.com/fighter-details/6f812143641ceff8
Alberta Cerra Leon,0-1-0,"5' 8""",238 lbs.,--,,--,:0.00,:0%,:0.00,:0%,:0.00,:0%,:0%,:0.0,http://ufcstats.com/fighter-details/6e02c318762f52f1
Jerrel Venetiaan,4-3-0 (1 NC),"6' 1""",195 lbs.,--,Orthodox,"Mar 09, 1971",:0.81,:33%,:1.51,:67%,:0.00,:0%,:60%,:0.0,http://ufcstats.com/fighter-details/602bb270f2bdbf02
Mark Madsen,12-2-0,"5' 8""",155 lbs.,"72""",Orthodox,"Sep 23, 1984",:3.56,:49%,:3.97,:52%,:2.86,:66%,:62%,:0.0,http://ufcstats.com/fighter-details/da0995f19b749cfa
John Kolosci,15-9-0,"5' 11""",185 lbs.,--,Orthodox,"Nov 26, 1974",:0.21,:20%,:0.85,:50%,:0.00,:0%,:0%,:0.0,http://ufcstats.com/fighter-details/5f6038bcdb95e3e4
Yushin Okami,34-12-0,"6' 2""",170 lbs.,"75""",Southpaw,"Jul 21, 1981",:2.06,:38%,:2.25,:60%,:1.98,:39%,:84%,:0.5,http://ufcstats.com/fighter-details/acff437707625fc7
Cindy Dandois,8-3-0,"5' 7""",135 lbs.,--,Orthodox,"Oct 26, 1984",:3.13,:32%,:3.40,:58%,:5.00,:55%,:0%,:0.0,http://ufcstats.com/fighter-details/9eef6584fab21fbb
Wang Guan,20-1-1,"5' 9""",145 lbs.,"71""",Orthodox,"Mar 14, 1986",:4.73,:43%,:3.27,:60%,:0.00,:0%,:0%,:0.0,http://ufcstats.com/fighter-details/dd12382f28296f7b
Shannon Ross,13-9-0,"5' 6""",125 lbs.,"66""",Switch,"May 12, 1989",:5.96,:39%,:7.39,:55%,:0.00,:0%,:100%,:0.0,http://ufcstats.com/fighter-details/51c655162e462ceb
Jessica Andrade,26-15-0,"5' 1""",115 lbs.,"62""",Orthodox,"Sep 25, 1991",:6.37,:48%,:5.58,:54%,:2.10,:54%,:75%,:0.3,http://ufcstats.com/fighter-details/6a1901c62ab3870f
Dong Hyun Ma,16-11-3,"5' 11""",155 lbs.,"70""",Orthodox,"Sep 09, 1988",:2.84,:41%,:4.10,:54%,:1.27,:53%,:33%,:0.0,http://ufcstats.com/fighter-details/98a6b2361045898f
Kaline Medeiros,8-5-0,"5' 3""",115 lbs.,--,,--,:2.06,:70%,:0.29,:83%,:4.41,:100%,:0%,:4.4,http://ufcstats.com/fighter-details/263af068bd986548
Nik Theotikos,6-2-0,--,185 lbs.,--,Orthodox,--,:0.00,:0%,:5.48,:19%,:0.00,:0%,:0%,:4.8,http://ufcstats.com/fighter-details/ca936c67687789e9
Ariane Carnelossi,15-3-0,"5' 2""",115 lbs.,"61""",Orthodox,"Nov 17, 1992",:2.87,:39%,:4.74,:45%,:1.37,:55%,:14%,:0.3,http://ufcstats.com/fighter-details/c0d5c0c95c59050b
Alex Huddleston,6-2-0,"6' 7""",254 lbs.,--,,"Aug 11, 1986",:2.47,:42%,:2.59,:67%,:0.00,:0%,:0%,:0.9,http://ufcstats.com/fighter-details/8b9197746bd3e005
Marcus Jones,4-2-0,"6' 6""",265 lbs.,--,Orthodox,"Aug 15, 1973",:1.94,:52%,:2.71,:58%,:8.71,:75%,:0%,:2.9,http://ufcstats.com/fighter-details/8fa2b06572365321
Jared Cannonier,18-9-0,"5' 11""",185 lbs.,"77""",Switch,"Mar 16, 1984",:4.42,:49%,:4.35,:56%,:0.54,:40%,:64%,:0.0,http://ufcstats.com/fighter-details/13a0275fa13c4d26
Ron Keslar,11-9-0,--,185 lbs.,--,,--,:0.00,:0%,:2.05,:60%,:0.00,:0%,:100%,:7.7,http://ufcstats.com/fighter-details/b84f34b425dfd24b
Mounir Lazzez,11-3-0,"6' 1""",170 lbs.,"76""",Orthodox,"Nov 16, 1987",:7.49,:55%,:5.42,:53%,:1.80,:57%,:71%,:0.0,http://ufcstats.com/fighter-details/49ee5024966efc0d
Eric Martin,0-1-0,--,--,--,,--,:0.00,:0%,:0.00,:0%,:0.00,:0%,:0%,:0.0,http://ufcstats.com/fighter-details/abbc4fc02e0d84b3
Kengo Watanabe,8-13-3 (1 NC),"6' 4""",220 lbs.,--,Orthodox,"Jan 31, 1976",:0.60,:40%,:3.40,:35%,:1.00,:100%,:37%,:0.0,http://ufcstats.com/fighter-details/2abe38b81d68a24a
Marcus McGhee,10-2-0,"5' 8""",135 lbs.,"69""",Orthodox,"May 07, 1990",:5.50,:45%,:3.64,:57%,:0.31,:14%,:90%,:0.3,http://ufcstats.com/fighter-details/c0ac37a4a1133da9
Justin Gonzales,6-0-0,"5' 9""",145 lbs.,"72""",Orthodox,"Apr 28, 1991",:6.67,:80%,:0.87,:43%,:14.00,:73%,:100%,:0.0,http://ufcstats.com/fighter-details/94535f76f43b466a
Lukasz Brzeski,9-7-1 (1 NC),"6' 3""",236 lbs.,"78""",Orthodox,"May 17, 1992",:4.90,:50%,:3.65,:54%,:0.41,:33%,:35%,:0.4,http://ufcstats.com/fighter-details/0c25d0a5e8cdbf19
Liliya Shakirova,8-2-0,"5' 4""",125 lbs.,"65""",Orthodox,"Oct 24, 1991",:2.70,:30%,:2.58,:74%,:0.00,:0%,:0%,:0.0,http://ufcstats.com/fighter-details/f300763147320d12
Damion Douglas,4-1-0,--,170 lbs.,--,,--,:0.00,:0%,:0.00,:0%,:0.00,:0%,:0%,:0.0,http://ufcstats.com/fighter-details/ce3b669e39418414
Jack Jenkins,14-4-0,"5' 7""",145 lbs.,"68""",Switch,"Nov 03, 1993",:4.48,:61%,:2.95,:59%,:1.98,:60%,:71%,:0.2,http://ufcstats.com/fighter-details/a9da3158dd2c2b5a
Jeff Hughes,10-4-0 (1 NC),"6' 2""",250 lbs.,"77""",Orthodox,"May 17, 1988",:3.95,:51%,:3.67,:60%,:0.71,:50%,:45%,:0.0,http://ufcstats.com/fighter-details/6a11e325aa60ad02
Nick Serra,7-3-0,"5' 9""",170 lbs.,--,Orthodox,"Mar 27, 1978",:0.00,:0%,:1.73,:43%,:1.00,:10%,:0%,:2.0,http://ufcstats.com/fighter-details/1975c2272ba40e71
Oscar Cota,11-3-0 (1 NC),"6' 0""",230 lbs.,"72""",Orthodox,"Oct 15, 1984",:0.33,:41%,:2.47,:41%,:0.00,:0%,:60%,:1.0,http://ufcstats.com/fighter-details/f584a6e0b5b74604
Alberto Mina,13-1-0,"6' 0""",170 lbs.,"77""",Orthodox,"May 02, 1982",:3.23,:38%,:3.70,:47%,:1.85,:20%,:50%,:0.0,http://ufcstats.com/fighter-details/4b1d46a1b5c0fd11
Da Woon Jung,15-6-1,"6' 4""",205 lbs.,"78""",Orthodox,"Dec 07, 1993",:3.24,:40%,:4.23,:49%,:1.59,:47%,:75%,:0.2,http://ufcstats.com/fighter-details/74f9448b97bf8bec
Thiago Alves,23-15-0,"5' 9""",170 lbs.,"70""",Orthodox,"Oct 03, 1983",:3.73,:41%,:3.42,:62%,:0.71,:60%,:63%,:0.3,http://ufcstats.com/fighter-details/31ee470ef5dc8d7f
Davi Bittencourt,14-4-0,"5' 5""",135 lbs.,"65""",Orthodox,"Oct 12, 1994",:4.15,:66%,:1.51,:46%,:14.15,:33%,:0%,:0.0,http://ufcstats.com/fighter-details/dd6ec6f941c3a414
Chris Herrera,3-2-1,"5' 10""",185 lbs.,--,,--,:2.04,:37%,:3.35,:48%,:1.80,:100%,:100%,:0.0,http://ufcstats.com/fighter-details/f71028a6e5128856
Ricco Rodriguez,53-25-0 (1 NC),"6' 4""",265 lbs.,--,Orthodox,"Aug 19, 1977",:1.85,:51%,:1.15,:61%,:2.30,:39%,:40%,:1.0,http://ufcstats.com/fighter-details/50cc91ce2982785d
Myles Jury,17-4-0,"5' 10""",145 lbs.,"73""",Orthodox,"Oct 31, 1988",:2.94,:42%,:2.16,:66%,:2.16,:55%,:50%,:0.3,http://ufcstats.com/fighter-details/08e908ed6d18d6a0
Sung Bin Jo,9-1-0,"6' 0""",145 lbs.,"72""",Orthodox,"Jul 17, 1992",:1.40,:33%,:2.67,:51%,:1.00,:33%,:83%,:1.0,http://ufcstats.com/fighter-details/6e0e977beb909837
Julianna Pena,13-6-0,"5' 6""",135 lbs.,"69""",Orthodox,"Aug 19, 1989",:3.10,:44%,:2.56,:57%,:1.70,:54%,:24%,:0.8,http://ufcstats.com/fighter-details/3253b16d38ae087d
Rodolfo Rubio Perez,10-16-1,"5' 5""",145 lbs.,--,Orthodox,"Jan 29, 1987",:1.13,:36%,:1.00,:62%,:2.00,:33%,:33%,:0.0,http://ufcstats.com/fighter-details/c4731f43693b96b8
Cyrillo Padilha,3-3-0,"5' 11""",155 lbs.,--,,"Jan 23, 1978",:0.00,:0%,:0.00,:0%,:0.00,:0%,:0%,:0.0,http://ufcstats.com/fighter-details/856c4d2668a875f9
Ronny Markes,17-5-0,"6' 1""",185 lbs.,"75""",Orthodox,"Apr 21, 1988",:2.17,:53%,:2.43,:45%,:3.13,:40%,:100%,:0.5,http://ufcstats.com/fighter-details/bd21a1e3d41c97ee
Adilet Nurmatov,13-2-0,--,155 lbs.,--,,"Aug 02, 1997",:0.00,:0%,:0.00,:0%,:0.00,:0%,:0%,:0.0,http://ufcstats.com/fighter-details/689502703bbfe5f2
Josh Barnett,35-8-0,"6' 3""",250 lbs.,"78""",Orthodox,"Nov 10, 1977",:3.20,:50%,:2.11,:57%,:1.26,:55%,:55%,:1.4,http://ufcstats.com/fighter-details/ad3f53c454cbbead
Brian McLaughlin,6-2-0,"5' 9""",155 lbs.,--,,"May 12, 1984",:0.00,:0%,:0.00,:0%,:0.00,:0%,:0%,:0.0,http://ufcstats.com/fighter-details/6488729da7ac1c79
Stephanie Frausto,8-7-0,"5' 2""",115 lbs.,"61""",Orthodox,"Sep 20, 1990",:1.43,:21%,:3.57,:60%,:0.00,:0%,:0%,:0.0,http://ufcstats.com/fighter-details/fee02819a271c050
Mark Striegl,18-4-0 (1 NC),"5' 8""",145 lbs.,"70""",Southpaw,"Jun 23, 1988",:1.40,:45%,:4.07,:40%,:0.00,:0%,:66%,:0.0,http://ufcstats.com/fighter-details/ef1182eb28c17d4e
Dusko Todorovic,13-6-0,"6' 1""",185 lbs.,"74""",Orthodox,"May 19, 1994",:4.73,:57%,:4.40,:48%,:1.77,:21%,:42%,:0.3,http://ufcstats.com/fighter-details/866fd7b1a6c90e7f
Nathan Coy,15-7-0,"5' 10""",170 lbs.,"69""",Southpaw,"Jul 24, 1978",:3.88,:52%,:2.40,:61%,:3.17,:47%,:50%,:0.0,http://ufcstats.com/fighter-details/15ec018d144710db
Mike Jackson,1-2-0 (1 NC),"6' 2""",170 lbs.,"74""",Orthodox,"Mar 22, 1985",:4.49,:57%,:3.73,:62%,:0.71,:33%,:88%,:0.0,http://ufcstats.com/fighter-details/0641c21bec209472
Sean Soriano,14-8-0,"5' 9""",145 lbs.,"70""",Orthodox,"Oct 06, 1989",:3.18,:61%,:2.14,:56%,:1.33,:55%,:52%,:0.0,http://ufcstats.com/fighter-details/bd5403efbaa445c0
Henrique da Silva,14-5-0,"6' 3""",205 lbs.,"76""",Orthodox,"Sep 01, 1989",:3.89,:60%,:5.28,:40%,:0.25,:14%,:22%,:0.2,http://ufcstats.com/fighter-details/b0bd0c5425668b8f
Steve Vigneault,12-6-0,"5' 10""",185 lbs.,--,Orthodox,"Feb 14, 1978",:2.19,:28%,:5.75,:44%,:0.00,:0%,:100%,:0.0,http://ufcstats.com/fighter-details/6888e31ce88f5b17
Felipe Portela,9-2-0,--,170 lbs.,--,,"Nov 23, 1987",:0.00,:0%,:0.00,:0%,:0.00,:0%,:0%,:0.0,http://ufcstats.com/fighter-details/303e017a9074f3aa
Matt Schnell,17-9-0 (1 NC),"5' 8""",125 lbs.,"70""",Orthodox,"Jan 15, 1990",:4.13,:40%,:4.17,:55%,:0.49,:40%,:43%,:1.2,http://ufcstats.com/fighter-details/67c1d46f4ed16f9e
Rodney Wallace,26-15-1,"5' 9""",205 lbs.,"72""",Switch,"Nov 21, 1981",:1.13,:46%,:3.44,:45%,:6.00,:54%,:28%,:1.0,http://ufcstats.com/fighter-details/b9415726dc3ec526
Ron Henderson,4-3-0,"5' 10""",125 lbs.,--,,--,:2.53,:25%,:3.60,:48%,:1.00,:20%,:0%,:0.0,http://ufcstats.com/fighter-details/498f0d066396ec59
Cung Le,9-3-0,"5' 9""",185 lbs.,"70""",Southpaw,"May 25, 1972",:4.36,:48%,:2.98,:66%,:1.37,:71%,:88%,:0.3,http://ufcstats.com/fighter-details/d4f364dd076bb0e2
Rainn Guerrero,5-2-0,"5' 6""",125 lbs.,"65""",Orthodox,"May 13, 1992",:0.65,:33%,:0.87,:50%,:3.27,:100%,:0%,:0.0,http://ufcstats.com/fighter-details/8300a47f6fd6fe4f
Jorge Masvidal,35-17-0,"5' 11""",170 lbs.,"74""",Orthodox,"Nov 12, 1984",:4.05,:47%,:3.05,:64%,:1.38,:59%,:72%,:0.3,http://ufcstats.com/fighter-details/47b9e0e7703a4868
Scott Ventimiglia,14-6-1,"5' 11""",185 lbs.,--,,"Nov 17, 1972",:0.00,:0%,:0.00,:0%,:0.00,:0%,:0%,:0.0,http://ufcstats.com/fighter-details/6e62bb64f7cc5026
Darion Abbey,9-5-0,"6' 2""",265 lbs.,"80""",Orthodox,"Feb 25, 1993",:8.44,:50%,:14.06,:28%,:0.00,:0%,:0%,:0.0,http://ufcstats.com/fighter-details/4961467134abd8be
Dan Manasoiu,0-0-0,--,--,--,,--,:0.00,:0%,:0.00,:0%,:0.00,:0%,:0%,:0.0,http://ufcstats.com/fighter-details/eefc73b53d4a05d7
Joe Schilling,2-5-0,"6' 3""",185 lbs.,--,,--,:2.84,:52%,:2.64,:48%,:0.00,:0%,:44%,:0.0,http://ufcstats.com/fighter-details/f41fad444939056b
Collin Anglin,8-3-0,"5' 9""",145 lbs.,"71""",Orthodox,"Feb 20, 1993",:4.59,:48%,:5.54,:51%,:2.28,:66%,:100%,:0.0,http://ufcstats.com/fighter-details/047a91d3d9c79b05
Igor Cavalcanti,9-1-0,"5' 11""",170 lbs.,"79""",Orthodox,"Oct 10, 1997",:3.33,:42%,:3.60,:48%,:1.00,:50%,:66%,:0.0,http://ufcstats.com/fighter-details/9c3de7f8966326de
Antwain Britt,11-6-0,"6' 1""",205 lbs.,"77""",,"May 09, 1978",:1.46,:39%,:2.81,:44%,:1.56,:40%,:50%,:0.0,http://ufcstats.com/fighter-details/2833f50b20e96e52
Brad Katona,16-5-0,"5' 6""",135 lbs.,"64""",Orthodox,"Dec 19, 1991",:4.81,:52%,:4.75,:50%,:1.86,:34%,:61%,:0.0,http://ufcstats.com/fighter-details/7b433309b0fd12aa
Lucas Caldas,6-2-0,"5' 8""",155 lbs.,"70""",Orthodox,"May 22, 1996",:4.80,:41%,:15.67,:39%,:0.00,:0%,:0%,:0.0,http://ufcstats.com/fighter-details/8661578c8bb80f51
Tyson Nam,21-14-1,"5' 7""",125 lbs.,"68""",Orthodox,"Oct 06, 1983",:3.87,:33%,:4.97,:65%,:0.00,:0%,:87%,:0.0,http://ufcstats.com/fighter-details/6e00cfffd54653c4
Tetsuya Seki,14-8-1,"5' 10""",155 lbs.,--,,"Feb 08, 1994",:0.00,:0%,:0.00,:0%,:0.00,:0%,:0%,:0.0,http://ufcstats.com/fighter-details/5e1062e066c601e6
Yoshiaki Yatsu,0-2-0,"6' 1""",165 lbs.,--,Orthodox,"Jul 19, 1956",:0.00,:0%,:5.57,:48%,:0.00,:0%,:0%,:0.0,http://ufcstats.com/fighter-details/620be7e0712d431b
Han Ten Yun,0-1-0,"5' 11""",220 lbs.,--,,--,:0.00,:0%,:0.00,:0%,:0.00,:0%,:0%,:0.0,http://ufcstats.com/fighter-details/67ec58d7cf599835
Andrey Pulyaev,10-3-0,"6' 4""",185 lbs.,"78""",Southpaw,"Sep 10, 1997",:3.81,:60%,:3.51,:48%,:0.41,:16%,:64%,:0.0,http://ufcstats.com/fighter-details/22e07d3da1aa3475
Renan Barao,34-9-0 (1 NC),"5' 6""",145 lbs.,"70""",Orthodox,"Jan 31, 1987",:3.78,:36%,:3.90,:57%,:1.49,:41%,:91%,:0.5,http://ufcstats.com/fighter-details/2c99576fefe53c7c
Cameron Saaiman,9-3-0,"5' 8""",135 lbs.,"67""",Southpaw,"Dec 20, 2000",:5.30,:46%,:4.14,:51%,:0.89,:28%,:47%,:0.7,http://ufcstats.com/fighter-details/3c8a5200436e19f3
John Cofer,8-4-0,"5' 9""",155 lbs.,--,Southpaw,"Apr 29, 1984",:2.73,:41%,:3.43,:62%,:1.22,:50%,:64%,:0.0,http://ufcstats.com/fighter-details/8b260672a21d1fd6
Jennifer Gonzalez,13-5-0,"5' 2""",125 lbs.,--,,"Mar 22, 1986",:0.00,:0%,:0.00,:0%,:0.00,:0%,:0%,:0.0,http://ufcstats.com/fighter-details/4f1a48f4e6ffb007
Takenori Sato,19-11-7 (1 NC),"5' 10""",170 lbs.,--,Southpaw,"Jun 08, 1985",:0.46,:33%,:12.92,:9%,:0.00,:0%,:0%,:0.0,http://ufcstats.com/fighter-details/276c60b14b571dd4
Josh Pulsifer,17-8-0,"5' 10""",145 lbs.,--,,"Mar 16, 1983",:0.00,:0%,:0.00,:0%,:0.00,:0%,:0%,:0.0,http://ufcstats.com/fighter-details/16867810070dc520
Jesse Forbes,15-5-0,"6' 2""",185 lbs.,"75""",Southpaw,"Oct 24, 1984",:2.11,:24%,:4.06,:53%,:1.79,:75%,:66%,:1.2,http://ufcstats.com/fighter-details/947eccadb72f4f6f
Gerald Strebendt,9-7-0,"5' 9""",155 lbs.,--,Orthodox,"Mar 01, 1979",:0.00,:0%,:4.00,:38%,:0.00,:0%,:0%,:16.4,http://ufcstats.com/fighter-details/04f9fe830cf13482
Taneisha Tennant,5-1-0,"5' 7""",145 lbs.,"70""",Orthodox,"Jun 15, 1989",:5.67,:55%,:3.40,:71%,:0.00,:0%,:100%,:0.0,http://ufcstats.com/fighter-details/87911d22a79d3203
Cristiane Justino,21-2-0 (1 NC),"5' 8""",145 lbs.,"68""",Orthodox,"Jul 09, 1985",:7.28,:52%,:2.25,:64%,:0.66,:55%,:94%,:0.4,http://ufcstats.com/fighter-details/634bb0de2eb043b4
Mike Wilkinson,9-4-0,"5' 7""",145 lbs.,"66""",Orthodox,"Sep 15, 1987",:2.35,:38%,:3.70,:35%,:0.92,:14%,:55%,:0.9,http://ufcstats.com/fighter-details/cfaf010d5b389c09
Quinton Jackson,37-12-0,"6' 1""",205 lbs.,"73""",Orthodox,"Jun 20, 1978",:3.25,:54%,:2.51,:55%,:1.52,:56%,:73%,:0.1,http://ufcstats.com/fighter-details/ffc088e64fab57e9
Joshua Burkman,28-16-0 (1 NC),"5' 10""",170 lbs.,"72""",Orthodox,"Apr 10, 1980",:2.69,:43%,:3.13,:51%,:2.53,:36%,:72%,:0.3,http://ufcstats.com/fighter-details/6da99156486ed6c2
Karen Darabedyan,13-6-0,"5' 7""",155 lbs.,"68""",Orthodox,"Dec 18, 1986",:3.43,:51%,:2.62,:67%,:2.14,:75%,:0%,:0.0,http://ufcstats.com/fighter-details/d2fa318f34d0aadc
Lee Brousseau,5-3-0,"6' 1""",205 lbs.,--,,"Oct 04, 1974",:0.00,:0%,:0.00,:0%,:0.00,:0%,:0%,:0.0,http://ufcstats.com/fighter-details/0974d8d4053a7237
Charles Byrd,10-7-0,"5' 10""",185 lbs.,"73""",Orthodox,"Oct 11, 1983",:3.43,:55%,:2.63,:55%,:2.50,:50%,:40%,:1.5,http://ufcstats.com/fighter-details/76ee3d666c648f6b
Ryo Chonan,22-13-0,"5' 9""",170 lbs.,"70""",Orthodox,"Oct 08, 1976",:2.57,:43%,:2.25,:60%,:0.61,:41%,:39%,:0.3,http://ufcstats.com/fighter-details/55a7b2d4e54ffac9
Mark Vologdin,12-4-1,"5' 3""",135 lbs.,"65""",Orthodox,"Apr 18, 2000",:7.80,:52%,:11.00,:34%,:0.00,:0%,:57%,:0.0,http://ufcstats.com/fighter-details/0e6b611451a9a7d8
Sean Bassett,0-4-0,--,155 lbs.,--,,--,:0.00,:0%,:0.00,:0%,:0.00,:0%,:0%,:0.0,http://ufcstats.com/fighter-details/2c733e059462c1dc
Lu Kai,8-5-0 (1 NC),"5' 9""",145 lbs.,"69""",Orthodox,"Mar 01, 1994",:3.76,:43%,:5.51,:55%,:2.62,:50%,:100%,:2.6,http://ufcstats.com/fighter-details/a2d23e684b3db732
Mark Munoz,14-6-0,"6' 0""",185 lbs.,"71""",Orthodox,"Feb 09, 1978",:3.12,:51%,:2.26,:57%,:3.17,:29%,:57%,:0.6,http://ufcstats.com/fighter-details/179f1948dc234f1f
Ron Stallings,14-8-0 (1 NC),"6' 2""",170 lbs.,"75""",Southpaw,"Jan 25, 1983",:3.22,:60%,:3.26,:51%,:0.00,:0%,:71%,:0.0,http://ufcstats.com/fighter-details/6dd758d34da8d254
Israel Albuquerque,0-3-0,--,185 lbs.,--,Orthodox,--,:0.32,:13%,:3.34,:25%,:0.00,:0%,:0%,:0.0,http://ufcstats.com/fighter-details/dd1b90eea08887f6
Ernest Chavez,10-2-0,"5' 8""",145 lbs.,"70""",Orthodox,"Jun 27, 1983",:2.79,:40%,:3.89,:59%,:0.89,:33%,:50%,:0.0,http://ufcstats.com/fighter-details/b406da701c479076
Henry Briones,16-8-1,"5' 8""",135 lbs.,"69""",Orthodox,"Oct 22, 1980",:3.47,:42%,:4.68,:53%,:0.00,:0%,:52%,:0.6,http://ufcstats.com/fighter-details/01fcef7e3d051722
Nate Moore,8-4-0,"6' 0""",170 lbs.,--,,"Apr 06, 1983",:2.21,:25%,:2.87,:42%,:1.23,:16%,:25%,:0.0,http://ufcstats.com/fighter-details/518e5202a91980d4
Cole Smith,7-2-0,"5' 11""",135 lbs.,"67""",Orthodox,"Apr 05, 1989",:1.78,:35%,:1.96,:49%,:1.67,:33%,:45%,:1.7,http://ufcstats.com/fighter-details/56709e66f1c6008f
John Hathaway,17-2-0,"6' 1""",170 lbs.,"75""",Orthodox,"Jul 23, 1987",:3.40,:40%,:1.80,:62%,:2.61,:43%,:60%,:0.9,http://ufcstats.com/fighter-details/28f3c2258a1d8874
Gilbert Jimenez,8-12-1 (1 NC),--,155 lbs.,--,,--,:0.00,:0%,:0.00,:0%,:0.00,:0%,:0%,:0.0,http://ufcstats.com/fighter-details/59d36ddfcb27b7dc
Nissen Osterneck,12-4-0,"6' 2""",185 lbs.,--,Orthodox,"May 01, 1981",:3.15,:58%,:2.90,:41%,:0.63,:12%,:42%,:1.3,http://ufcstats.com/fighter-details/d632d156c0549e07
Joe Soto,18-7-0,"5' 6""",135 lbs.,"65""",Orthodox,"Mar 22, 1987",:3.36,:41%,:5.37,:67%,:0.85,:21%,:70%,:1.9,http://ufcstats.com/fighter-details/a4e85a58fbce64b2
Nick Sanzo,1-1-0,"5' 9""",190 lbs.,--,,"Jan 16, 1963",:0.00,:0%,:0.00,:0%,:0.00,:0%,:0%,:0.0,http://ufcstats.com/fighter-details/1d147d4163a6989b
Chad Cook,10-12-0,"6' 2""",205 lbs.,--,,"Nov 07, 1979",:0.00,:0%,:0.00,:0%,:0.00,:0%,:0%,:0.0,http://ufcstats.com/fighter-details/e6daf9cdbf0da889
Scott Carson,4-2-0,"6' 2""",215 lbs.,--,,--,:0.62,:66%,:6.22,:23%,:0.00,:0%,:0%,:0.0,http://ufcstats.com/fighter-details/1e3302f9ab6f549a
Bailey Schoenfelder,5-1-0,"6' 3""",265 lbs.,"76""",Orthodox,"Sep 22, 1997",:0.00,:0%,:9.86,:53%,:0.00,:0%,:0%,:0.0,http://ufcstats.com/fighter-details/b0353e7f5038dd09
Renato Moicano,20-7-1,"5' 11""",155 lbs.,"72""",Orthodox,"May 21, 1989",:4.17,:48%,:3.57,:59%,:1.67,:41%,:62%,:0.5,http://ufcstats.com/fighter-details/b6452706b373eea1
Michael Knaap,18-22-3,"6' 2""",220 lbs.,--,Orthodox,"Feb 27, 1984",:0.00,:0%,:0.00,:0%,:0.00,:0%,:0%,:0.0,http://ufcstats.com/fighter-details/02f0e04acf102ea9
Michael Lerma,0-1-0,--,--,--,,--,:0.00,:0%,:6.47,:45%,:0.00,:0%,:0%,:0.0,http://ufcstats.com/fighter-details/f1fd8ec1023c89b3
Cub Swanson,30-14-0,"5' 8""",145 lbs.,"70""",Orthodox,"Nov 02, 1983",:4.79,:51%,:4.00,:59%,:1.01,:50%,:63%,:0.4,http://ufcstats.com/fighter-details/d247691a6c0e9034
SeungGuk Choi,7-3-0,"5' 6""",125 lbs.,"64""",Orthodox,"Dec 26, 1996",:2.69,:42%,:2.69,:65%,:1.02,:27%,:74%,:0.0,http://ufcstats.com/fighter-details/adccbc19b22e19af
Alejandro Flores,17-3-0,"5' 10""",145 lbs.,"73""",Orthodox,"Aug 06, 1991",:3.66,:40%,:2.02,:54%,:0.00,:0%,:0%,:0.0,http://ufcstats.com/fighter-details/d23d5960ac5e117c
Maiara Amanajas dos Santos,7-3-0,"5' 5""",115 lbs.,--,Southpaw,"Jul 11, 1987",:5.53,:35%,:24.47,:33%,:0.00,:0%,:100%,:0.0,http://ufcstats.com/fighter-details/247fbbfafea60bb1
Fabio Gurgel,3-2-0,"6' 0""",205 lbs.,--,Orthodox,"Jan 18, 1970",:0.00,:0%,:0.00,:0%,:0.00,:0%,:0%,:0.0,http://ufcstats.com/fighter-details/8377c5572cb356f3
Steve Mann,12-5-0,"6' 1""",170 lbs.,--,,--,:3.18,:70%,:0.66,:57%,:1.64,:100%,:60%,:0.0,http://ufcstats.com/fighter-details/0eef1bf99afd4ff2
Craig White,14-9-0,"6' 2""",170 lbs.,"76""",Orthodox,"Jul 01, 1990",:1.23,:40%,:3.28,:39%,:0.00,:0%,:50%,:0.8,http://ufcstats.com/fighter-details/3dd949593346dbc3
John Allan,13-7-0 (1 NC),"6' 1""",205 lbs.,"75""",Orthodox,"Feb 22, 1993",:3.56,:42%,:5.74,:52%,:1.40,:71%,:50%,:0.8,http://ufcstats.com/fighter-details/6ebe96a116e79e52
John Maguire,24-9-0,"5' 9""",155 lbs.,"69""",Southpaw,"May 19, 1983",:1.41,:41%,:2.44,:65%,:2.80,:46%,:77%,:1.1,http://ufcstats.com/fighter-details/1a7745388839e52b
Bobby Nash,8-4-0,"6' 0""",170 lbs.,"74""",Orthodox,"Mar 26, 1990",:3.42,:37%,:3.95,:51%,:2.37,:33%,:100%,:1.6,http://ufcstats.com/fighter-details/7dfb56f24fe5ddea
Jason Thacker,0-1-0,"5' 10""",185 lbs.,--,Orthodox,"Aug 18, 1975",:0.63,:33%,:17.05,:32%,:0.00,:0%,:0%,:0.0,http://ufcstats.com/fighter-details/f0264252e191da22
Marcin Bandel,15-7-0,"5' 10""",155 lbs.,--,Orthodox,"Oct 10, 1989",:0.79,:50%,:5.26,:23%,:0.00,:0%,:0%,:0.0,http://ufcstats.com/fighter-details/5c2ce761399dc9c5
Vik Grujic,6-6-0,"5' 11""",170 lbs.,"73""",Orthodox,"Feb 06, 1977",:2.24,:48%,:3.39,:41%,:1.18,:33%,:26%,:0.4,http://ufcstats.com/fighter-details/1e7483dbff40b84b
Andy Anderson,0-1-0,"5' 6""",240 lbs.,--,,"Jul 16, 1974",:0.00,:0%,:0.00,:0%,:0.00,:0%,:0%,:0.0,http://ufcstats.com/fighter-details/9199e0735b83dd32
Andrew Holbrook,12-3-0,"5' 11""",155 lbs.,"70""",Southpaw,"Feb 06, 1986",:2.20,:49%,:3.00,:54%,:0.85,:18%,:10%,:2.1,http://ufcstats.com/fighter-details/66ab58d0b3783607
Blagoy Ivanov,19-6-0 (1 NC),"5' 11""",250 lbs.,"73""",Southpaw,"Oct 09, 1986",:3.25,:40%,:4.20,:53%,:0.69,:40%,:61%,:0.1,http://ufcstats.com/fighter-details/1788eee370f077b7
Rich Clementi,45-23-1,"5' 9""",155 lbs.,"72""",Southpaw,"Mar 31, 1976",:1.43,:37%,:2.29,:60%,:1.72,:42%,:25%,:1.1,http://ufcstats.com/fighter-details/7d21de9c6d7c98b2
Paul Ruiz,7-4-0,"5' 6""",135 lbs.,--,,"Jun 23, 1987",:1.40,:33%,:1.40,:75%,:0.00,:0%,:100%,:20.9,http://ufcstats.com/fighter-details/babc0b19e89cec6e
Daniil Donchenko,13-2-0,"5' 11""",170 lbs.,"71""",Orthodox,"Aug 04, 2001",:8.76,:57%,:2.25,:72%,:3.37,:33%,:75%,:0.0,http://ufcstats.com/fighter-details/70dd69b6a703257e
Cody McKenzie,16-10-0,"6' 0""",155 lbs.,"72""",Switch,"Dec 16, 1987",:1.74,:34%,:2.50,:67%,:2.50,:25%,:14%,:2.5,http://ufcstats.com/fighter-details/7be63795363029e8
Eric Wisely,26-9-1,"5' 8""",145 lbs.,--,Southpaw,"Jul 25, 1984",:1.42,:47%,:2.08,:56%,:0.00,:0%,:27%,:0.9,http://ufcstats.com/fighter-details/53f84637dfffab7a
Abdul Rakhman Yakhyaev,7-0-0,"6' 2""",205 lbs.,"78""",Orthodox,"Jan 03, 2001",:32.00,:88%,:2.00,:66%,:0.00,:0%,:100%,:0.0,http://ufcstats.com/fighter-details/95aff2fd8d09a5f0
Liz Carmouche,13-7-0,"5' 6""",125 lbs.,"66""",Orthodox,"Feb 19, 1984",:2.78,:54%,:2.51,:61%,:2.57,:51%,:65%,:0.3,http://ufcstats.com/fighter-details/51a0c09cbe9b8472
Yazmin Jauregui,11-2-0,"5' 3""",115 lbs.,"64""",Orthodox,"Feb 28, 1999",:6.64,:39%,:5.25,:54%,:0.00,:0%,:100%,:0.0,http://ufcstats.com/fighter-details/40cb680ae1cd331f
John Kuhner,1-2-0,--,170 lbs.,--,,"Oct 12, 1982",:0.00,:0%,:0.00,:0%,:0.00,:0%,:0%,:0.0,http://ufcstats.com/fighter-details/a272656ad662ac53
Joe Hurley,12-5-0,"5' 8""",155 lbs.,--,,"Jun 24, 1978",:1.12,:45%,:3.35,:56%,:0.00,:0%,:20%,:0.0,http://ufcstats.com/fighter-details/21b54430c8eeb9cc
Colby Covington,17-5-0,"5' 11""",170 lbs.,"72""",Orthodox,"Feb 22, 1988",:3.81,:38%,:3.09,:54%,:3.64,:42%,:68%,:0.2,http://ufcstats.com/fighter-details/dc9572dd6ec74859
Harry Hardwick,13-4-1,"5' 8""",155 lbs.,"71""",Switch,"Sep 29, 1994",:2.39,:34%,:7.16,:40%,:0.00,:0%,:0%,:0.0,http://ufcstats.com/fighter-details/2dbc60c52de126d8
Matt Hughes,45-9-0,"5' 9""",170 lbs.,"73""",Switch,"Oct 13, 1973",:2.14,:53%,:1.36,:53%,:2.95,:50%,:35%,:1.2,http://ufcstats.com/fighter-details/621a6c59f88a44fe
Paul Song,2-2-0,--,185 lbs.,--,,--,:0.00,:0%,:0.00,:0%,:0.00,:0%,:0%,:0.0,http://ufcstats.com/fighter-details/9775eabcb1be1a00
Jason Glaza,3-2-0,"6' 0""",230 lbs.,--,,--,:4.34,:54%,:0.43,:40%,:4.34,:100%,:0%,:4.3,http://ufcstats.com/fighter-details/fda067e842b07466
Phil Rowe,11-5-0,"6' 3""",170 lbs.,"80""",Orthodox,"Jul 18, 1990",:3.99,:49%,:4.38,:53%,:0.60,:36%,:56%,:0.3,http://ufcstats.com/fighter-details/8e382b585a92affe
Marlon Vera,23-10-1,"5' 8""",135 lbs.,"70""",Switch,"Dec 02, 1992",:4.27,:49%,:5.37,:50%,:0.51,:39%,:72%,:0.8,http://ufcstats.com/fighter-details/7c7332319c14094c
King Green,32-17-1 (1 NC),"5' 10""",155 lbs.,"71""",Orthodox,"Sep 09, 1986",:6.40,:52%,:3.72,:62%,:1.22,:39%,:74%,:0.3,http://ufcstats.com/fighter-details/887961364be5ceb3
Jansey Silva,7-2-0,"6' 2""",185 lbs.,"67""",Orthodox,"May 30, 1995",:0.46,:40%,:2.32,:33%,:0.00,:0%,:0%,:0.0,http://ufcstats.com/fighter-details/0d09efd31eb9fadf
Niko Price,16-9-0 (2 NC),"6' 0""",170 lbs.,"76""",Orthodox,"Sep 29, 1989",:5.13,:43%,:5.55,:48%,:0.98,:28%,:50%,:0.6,http://ufcstats.com/fighter-details/d8da10db80131bec
Stephanie Webber,2-2-0,"5' 6""",135 lbs.,--,,--,:0.91,:80%,:3.85,:15%,:6.79,:40%,:0%,:0.0,http://ufcstats.com/fighter-details/d44a84409bf0da64
Vince Morales,16-10-0,"5' 7""",135 lbs.,"70""",Orthodox,"Nov 12, 1990",:3.57,:37%,:4.00,:53%,:0.59,:40%,:58%,:0.5,http://ufcstats.com/fighter-details/37098a6e6c27fb66
Thomas Campbell,3-3-0,--,--,--,,--,:0.00,:0%,:0.00,:0%,:0.00,:0%,:0%,:0.0,http://ufcstats.com/fighter-details/d060014a5a039829
Kwan Ho Kwak,9-2-0,"5' 5""",135 lbs.,--,Switch,"Jun 18, 1989",:3.29,:41%,:3.45,:47%,:0.78,:100%,:26%,:0.0,http://ufcstats.com/fighter-details/c13042265355a290
Guido Cannetti,10-8-0,"5' 6""",135 lbs.,"68""",Southpaw,"Dec 19, 1979",:3.44,:55%,:2.84,:51%,:2.27,:55%,:64%,:0.4,http://ufcstats.com/fighter-details/d05412b513b19621
Montserrat Conejo Ruiz,10-4-0,"5' 0""",115 lbs.,"61""",Southpaw,"Feb 03, 1993",:0.79,:27%,:4.96,:37%,:2.05,:83%,:33%,:0.8,http://ufcstats.com/fighter-details/1235b31de15d0c6e
Magno Dias,6-2-0,"5' 5""",135 lbs.,"67""",,"Nov 30, 1995",:2.44,:45%,:7.32,:50%,:1.41,:33%,:0%,:1.4,http://ufcstats.com/fighter-details/270e84d8174721d2
Darren Uyenoyama,10-6-0,"5' 6""",125 lbs.,"65""",Orthodox,"Oct 15, 1979",:1.34,:39%,:2.21,:66%,:1.42,:33%,:35%,:0.7,http://ufcstats.com/fighter-details/6546af7ab545b90c
Haisam Rida,0-0-0,--,--,--,,"Jul 25, 1993",:0.00,:0%,:0.00,:0%,:0.00,:0%,:0%,:0.0,http://ufcstats.com/fighter-details/d8a58e797518f011
Aaron Jeffery,10-3-0,"6' 2""",185 lbs.,"73""",Orthodox,"Nov 14, 1992",:3.10,:45%,:4.46,:34%,:0.00,:0%,:50%,:0.0,http://ufcstats.com/fighter-details/ccdcb20370be62a3
Neiman Gracie,6-0-0,"6' 0""",170 lbs.,--,,--,:0.77,:100%,:0.38,:75%,:5.77,:100%,:0%,:5.8,http://ufcstats.com/fighter-details/12d855d12a624da2
Diego Henrique da Silva,8-4-0 (1 NC),"6' 2""",185 lbs.,--,Orthodox,"Aug 22, 1986",:2.53,:57%,:3.27,:30%,:0.00,:0%,:63%,:0.0,http://ufcstats.com/fighter-details/1649770c649db6a5
Chris Spang,6-3-0,"6' 2""",170 lbs.,--,Orthodox,"Nov 26, 1987",:1.83,:36%,:1.95,:60%,:0.00,:0%,:50%,:0.9,http://ufcstats.com/fighter-details/411d012af19ecb59
Paulo Renato Junior,12-3-0,"6' 0""",205 lbs.,"73""",Orthodox,"Jan 25, 1994",:4.89,:45%,:5.18,:56%,:0.00,:0%,:100%,:0.0,http://ufcstats.com/fighter-details/01dfb60661153735
Chuck O'Neil,17-9-0,"6' 2""",170 lbs.,--,,"Sep 22, 1985",:3.13,:37%,:4.40,:72%,:0.00,:0%,:0%,:0.0,http://ufcstats.com/fighter-details/56bc9ccb609df534
Nate Quarry,12-4-0,"6' 0""",185 lbs.,"72""",Open Stance,"Mar 18, 1972",:4.96,:44%,:2.80,:66%,:0.25,:33%,:60%,:0.0,http://ufcstats.com/fighter-details/52cae54377b433b7
Kevin Randleman,17-16-0,"5' 10""",205 lbs.,--,Orthodox,"Aug 10, 1971",:1.26,:54%,:1.12,:57%,:2.00,:56%,:30%,:0.8,http://ufcstats.com/fighter-details/6859f67468ba8489
Brandon Magana,6-2-0,--,170 lbs.,--,Orthodox,--,:0.00,:0%,:0.00,:0%,:0.00,:0%,:0%,:0.0,http://ufcstats.com/fighter-details/2015c944226ad2df
Dan Bobish,17-9-0,"6' 2""",345 lbs.,--,Southpaw,"Jan 26, 1970",:2.06,:44%,:1.74,:34%,:2.44,:42%,:0%,:1.6,http://ufcstats.com/fighter-details/f348d05403fad037
Matt Dwyer,9-4-0,"6' 4""",170 lbs.,"76""",Orthodox,"Dec 17, 1989",:2.57,:34%,:3.24,:54%,:0.44,:10%,:60%,:0.0,http://ufcstats.com/fighter-details/8f0d576beba1cfcd
Josh Epps,6-7-0,--,130 lbs.,--,,"Aug 23, 1986",:0.00,:0%,:0.00,:0%,:0.00,:0%,:0%,:0.0,http://ufcstats.com/fighter-details/984b0c4c6e773a1c
Justine Kish,7-4-0,"5' 5""",125 lbs.,"64""",Orthodox,"Apr 13, 1988",:4.51,:48%,:4.59,:57%,:0.87,:33%,:50%,:0.1,http://ufcstats.com/fighter-details/928ae2e5b5f7a9ec
Chungreng Koren,7-1-0,--,135 lbs.,--,,"Feb 01, 1998",:0.00,:0%,:0.00,:0%,:0.00,:0%,:0%,:0.0,http://ufcstats.com/fighter-details/000774e57404d8c7
Andreas Michailidis,13-6-0,"6' 0""",170 lbs.,"76""",Orthodox,"Jul 18, 1988",:2.90,:51%,:3.57,:44%,:1.12,:27%,:50%,:0.0,http://ufcstats.com/fighter-details/79325a3c1a5c3bf4
Matthew Semelsberger,11-8-0,"6' 1""",170 lbs.,"75""",Switch,"Nov 23, 1992",:3.77,:42%,:4.24,:54%,:1.01,:57%,:45%,:0.4,http://ufcstats.com/fighter-details/4aa58269d0664b5b
Andreas Spang,9-3-0,"6' 1""",185 lbs.,--,,"Nov 07, 1978",:0.00,:0%,:0.00,:0%,:0.00,:0%,:0%,:0.0,http://ufcstats.com/fighter-details/b9eb5b4ed07d1525
Timo Feucht,8-1-0,"6' 3""",205 lbs.,"79""",Orthodox,"Jan 18, 1996",:0.00,:0%,:0.00,:0%,:0.00,:0%,:0%,:0.0,http://ufcstats.com/fighter-details/8c21eb9fd7c4c203
Marcin Prachnio,17-9-0,"6' 3""",205 lbs.,"73""",Orthodox,"Jul 14, 1988",:5.52,:54%,:3.15,:54%,:0.14,:20%,:53%,:0.0,http://ufcstats.com/fighter-details/6370c1c1e12723d5
Wu Yanan,13-6-0,"5' 8""",135 lbs.,"66""",Orthodox,"Apr 18, 1996",:4.23,:41%,:4.95,:49%,:0.62,:30%,:63%,:0.2,http://ufcstats.com/fighter-details/fdbefee0827e1567
Irina Alekseeva,5-3-0,"5' 8""",135 lbs.,"67""",Orthodox,"Jun 27, 1990",:4.01,:39%,:5.03,:46%,:0.47,:20%,:66%,:0.5,http://ufcstats.com/fighter-details/103e2e33a60683e1
Ed Herman,27-16-0 (1 NC),"6' 1""",205 lbs.,"77""",Orthodox,"Oct 02, 1980",:3.31,:48%,:3.71,:42%,:1.96,:47%,:59%,:1.0,http://ufcstats.com/fighter-details/06f36cf4bd97ec77
Deshaun Johnson,6-9-0,--,167 lbs.,--,,--,:2.27,:41%,:6.67,:43%,:0.00,:0%,:0%,:0.0,http://ufcstats.com/fighter-details/bf97ad31eae89429
Rich Bouphanouvong,1-4-0,"5' 7""",170 lbs.,--,,--,:0.00,:0%,:0.00,:0%,:0.00,:0%,:0%,:0.0,http://ufcstats.com/fighter-details/611b9c068c9e2c44
Justin DeMoney,15-7-1,--,170 lbs.,--,,"Jul 01, 1985",:0.00,:0%,:0.00,:0%,:0.00,:0%,:0%,:0.0,http://ufcstats.com/fighter-details/985bca5a097fb3f4
Julian Sanchez,0-1-0,"6' 3""",300 lbs.,--,Orthodox,--,:0.00,:0%,:0.00,:0%,:0.00,:0%,:0%,:0.0,http://ufcstats.com/fighter-details/c6da1c24fe473418
Simon Biyong,7-1-0,--,205 lbs.,--,,"Apr 05, 1991",:0.00,:0%,:0.00,:0%,:0.00,:0%,:0%,:0.0,http://ufcstats.com/fighter-details/27ab7257bf6a3b65
Emrah Sonmez,14-5-0,"5' 10""",145 lbs.,"71""",Orthodox,"Jun 26, 1992",:1.47,:46%,:1.73,:48%,:5.00,:21%,:0%,:0.0,http://ufcstats.com/fighter-details/fe759b24e344d7eb
Josh Shockman,6-3-0,"6' 4""",235 lbs.,--,Southpaw,"Dec 29, 1980",:0.87,:32%,:0.87,:58%,:0.00,:0%,:23%,:0.0,http://ufcstats.com/fighter-details/821cd80aab70d5f9
Jose Perez,1-0-0,--,--,--,,--,:0.00,:0%,:0.00,:0%,:0.00,:0%,:0%,:0.0,http://ufcstats.com/fighter-details/89578ae236ee04e9
Igor Severino,8-1-0,"5' 7""",125 lbs.,"69""",Orthodox,"Apr 21, 2003",:7.17,:52%,:4.33,:47%,:9.69,:71%,:50%,:0.0,http://ufcstats.com/fighter-details/6ad8e4296f7522d9
Justin Pennington,3-3-0,"5' 4""",--,--,,--,:0.00,:0%,:0.00,:0%,:0.00,:0%,:0%,:0.0,http://ufcstats.com/fighter-details/0699c4b2a7c3c76f
Deividas Taurosevicius,17-5-0,"5' 9""",145 lbs.,"68""",Southpaw,"Aug 28, 1977",:2.13,:43%,:1.82,:59%,:2.00,:28%,:50%,:0.3,http://ufcstats.com/fighter-details/ef927e4fe2117ab8
Thomas Gifford,14-9-0 (2 NC),"6' 1""",155 lbs.,"75""",Orthodox,"Jul 26, 1992",:3.97,:37%,:6.45,:37%,:0.50,:33%,:33%,:0.0,http://ufcstats.com/fighter-details/e7f51d9f9e9259e7
Ryan Diaz,13-14-0,--,145 lbs.,--,,--,:0.00,:0%,:0.00,:0%,:0.00,:0%,:0%,:0.0,http://ufcstats.com/fighter-details/ceee5dd37253199a
Tim Credeur,12-4-0,"6' 3""",185 lbs.,"75""",Orthodox,"Jul 09, 1977",:3.59,:30%,:3.13,:57%,:0.41,:100%,:50%,:3.3,http://ufcstats.com/fighter-details/89b8d1bf1ff09d1d
Tra Telligman,7-5-1,"6' 2""",233 lbs.,--,Orthodox,"Feb 07, 1965",:1.83,:35%,:3.02,:56%,:0.87,:100%,:80%,:0.0,http://ufcstats.com/fighter-details/1dab0d1d81dd06db
Chris Price,19-4-0,"6' 2""",185 lbs.,--,Southpaw,"Nov 09, 1982",:1.44,:66%,:2.59,:48%,:0.00,:0%,:33%,:2.2,http://ufcstats.com/fighter-details/0597a4528ebd1307
Eldo Xavier Dias,0-1-0,"5' 11""",180 lbs.,--,,"Jul 16, 1964",:0.00,:0%,:0.00,:0%,:0.00,:0%,:0%,:0.0,http://ufcstats.com/fighter-details/ee5df903f80c6816
Larry Parker,13-6-1,"5' 11""",205 lbs.,--,Orthodox,"Aug 15, 1963",:0.00,:0%,:0.00,:0%,:0.00,:0%,:0%,:0.0,http://ufcstats.com/fighter-details/c0231720fe516994
Kyle Noke,22-10-1,"6' 1""",170 lbs.,"76""",Southpaw,"Mar 18, 1980",:3.23,:50%,:2.09,:64%,:1.53,:54%,:66%,:0.8,http://ufcstats.com/fighter-details/7339d340aa2889cb
Bartosz Fabinski,15-5-0,"6' 0""",170 lbs.,"75""",Orthodox,"Apr 26, 1986",:2.23,:68%,:1.46,:51%,:7.10,:70%,:80%,:0.0,http://ufcstats.com/fighter-details/e17ac6410c8377f4
Tatiana Suarez,12-1-0,"5' 5""",115 lbs.,"66""",Southpaw,"Dec 19, 1990",:2.95,:60%,:1.58,:45%,:4.41,:43%,:80%,:0.6,http://ufcstats.com/fighter-details/b08012bbe542592a
Juan Puerta,23-6-0,"5' 9""",125 lbs.,"71""",Southpaw,"Jan 20, 1988",:1.27,:39%,:1.27,:67%,:1.00,:100%,:0%,:0.0,http://ufcstats.com/fighter-details/fdba548aff9763d9
Ron Waterman,16-6-2,"6' 2""",280 lbs.,--,Orthodox,"Nov 23, 1965",:0.84,:50%,:1.37,:42%,:4.19,:69%,:50%,:2.8,http://ufcstats.com/fighter-details/efaf544314bb5c2e
Anderson Dos Santos,21-9-0,"5' 5""",135 lbs.,"70""",Orthodox,"Jul 24, 1985",:2.70,:25%,:5.37,:49%,:0.98,:14%,:66%,:0.7,http://ufcstats.com/fighter-details/bbc9ab95fa766493
Lina Lansberg,10-8-0,"5' 7""",135 lbs.,"65""",Orthodox,"Mar 13, 1982",:2.69,:55%,:3.87,:44%,:0.52,:27%,:47%,:0.1,http://ufcstats.com/fighter-details/2eeaefbfc7f9fcff
Satoru Kitaoka,40-14-9,"5' 6""",154 lbs.,--,,"Feb 04, 1980",:0.68,:33%,:2.15,:45%,:0.62,:10%,:27%,:2.1,http://ufcstats.com/fighter-details/e2ac5bb645f33088
Jordan Dowdy,4-3-0,--,170 lbs.,--,,--,:2.11,:44%,:2.63,:50%,:0.00,:0%,:0%,:0.0,http://ufcstats.com/fighter-details/0d9312337fdce39a
Lone'er Kavanagh,9-1-0,"5' 6""",125 lbs.,"67""",Orthodox,"Jun 09, 1999",:4.29,:49%,:3.69,:58%,:1.79,:50%,:88%,:0.4,http://ufcstats.com/fighter-details/bb2c3c3a466224af
Kyoji Horiguchi,19-2-0,"5' 5""",125 lbs.,"66""",Orthodox,"Oct 12, 1990",:3.60,:45%,:2.45,:62%,:2.00,:44%,:55%,:0.0,http://ufcstats.com/fighter-details/98aa60cf58071fd6
Max Martyniouk,1-1-0,--,155 lbs.,--,,--,:0.00,:0%,:0.00,:0%,:0.00,:0%,:0%,:0.0,http://ufcstats.com/fighter-details/69d3fa376ff2595e
Aurelijus Kerpe,11-22-0,--,--,--,Orthodox,--,:1.26,:16%,:8.21,:31%,:0.00,:0%,:0%,:0.0,http://ufcstats.com/fighter-details/c1e4ae143cce7398
Brian Cobb,20-9-0,"5' 11""",155 lbs.,--,Orthodox,"Sep 03, 1980",:0.00,:0%,:3.68,:55%,:5.81,:50%,:0%,:0.0,http://ufcstats.com/fighter-details/3138fab619faf4d1
Jasmine Jasudavicius,14-3-0,"5' 7""",125 lbs.,"68""",Orthodox,"Mar 01, 1989",:3.71,:45%,:3.63,:51%,:2.61,:44%,:75%,:0.6,http://ufcstats.com/fighter-details/a9e260472d321361
Rudyard Moncayo,0-3-0,"5' 10""",195 lbs.,--,Orthodox,"May 17, 1973",:0.00,:0%,:0.00,:0%,:0.00,:0%,:0%,:0.0,http://ufcstats.com/fighter-details/02d276b7d62b3472
Devin Johnson,1-1-1,--,--,--,,--,:0.00,:0%,:0.00,:0%,:0.00,:0%,:0%,:0.0,http://ufcstats.com/fighter-details/22f4b6cb6b1bd7fd
Tokitaka Nakanishi,12-4-0,"5' 6""",135 lbs.,"66""",Orthodox,"Jul 28, 1996",:1.10,:44%,:1.57,:45%,:3.00,:37%,:0%,:0.0,http://ufcstats.com/fighter-details/eb9446a4f44e19cf
HyunSung Park,10-1-0,"5' 7""",125 lbs.,"66""",Orthodox,"Nov 04, 1995",:3.66,:46%,:2.94,:59%,:1.59,:33%,:50%,:2.4,http://ufcstats.com/fighter-details/b671bdf981ad527d
Minoru Toyonaga,2-5-0,"5' 11""",195 lbs.,--,Southpaw,"Jun 12, 1978",:0.00,:0%,:0.00,:0%,:0.00,:0%,:0%,:0.0,http://ufcstats.com/fighter-details/04076783ca83d6ae
Joanna Jedrzejczyk,16-5-0,"5' 6""",115 lbs.,"65""",Orthodox,"Aug 18, 1987",:6.28,:48%,:3.25,:62%,:0.27,:62%,:80%,:0.1,http://ufcstats.com/fighter-details/3d6749c4267da18f
Valmir Lazaro,15-5-0,"6' 0""",155 lbs.,"73""",Orthodox,"Aug 15, 1985",:4.87,:37%,:4.09,:61%,:1.33,:40%,:96%,:0.0,http://ufcstats.com/fighter-details/777dea713da2441d
Ho Bae Myeon,13-5-1,"5' 11""",168 lbs.,--,Orthodox,"Nov 01, 1986",:3.16,:16%,:3.16,:83%,:0.00,:0%,:0%,:0.0,http://ufcstats.com/fighter-details/2719f300b0439039
AJ Siscoe,1-2-0,"5' 7""",135 lbs.,--,,--,:0.00,:0%,:0.00,:0%,:0.00,:0%,:0%,:0.0,http://ufcstats.com/fighter-details/fce9b4056a8ef559
Lance Gibson,4-5-0,"5' 9""",185 lbs.,--,Orthodox,"Nov 20, 1970",:1.21,:75%,:6.44,:20%,:0.00,:0%,:0%,:0.0,http://ufcstats.com/fighter-details/63eedfcc73071d41
Damian Grabowski,20-5-0,"6' 1""",241 lbs.,"75""",Orthodox,"May 12, 1980",:4.00,:36%,:7.65,:51%,:0.00,:0%,:0%,:0.0,http://ufcstats.com/fighter-details/3f11b5d4bd76a6d9
Brock Lesnar,5-3-0 (1 NC),"6' 3""",265 lbs.,"81""",Orthodox,"Jul 12, 1977",:3.53,:72%,:2.11,:50%,:3.90,:55%,:60%,:0.5,http://ufcstats.com/fighter-details/513c6f1715e547a8
Zak Cummings,25-7-0,"6' 0""",205 lbs.,"75""",Southpaw,"Aug 02, 1984",:2.96,:35%,:2.91,:55%,:0.62,:28%,:66%,:0.6,http://ufcstats.com/fighter-details/4ba8d454f762005d
Kenny Giddens,12-7-0,"5' 11""",155 lbs.,--,,"Jan 24, 1985",:0.00,:0%,:0.00,:0%,:0.00,:0%,:0%,:0.0,http://ufcstats.com/fighter-details/db8b800176d26f6e
Adam Milstead,8-4-0,"6' 3""",205 lbs.,"76""",Orthodox,"Jul 03, 1987",:3.85,:46%,:4.79,:43%,:0.00,:0%,:64%,:0.0,http://ufcstats.com/fighter-details/72ffecf712673af1
Yura Naito,6-1-0,"6' 0""",185 lbs.,"74""",Orthodox,"Apr 26, 1996",:1.22,:44%,:5.33,:28%,:1.67,:9%,:0%,:0.0,http://ufcstats.com/fighter-details/50c469e0cb73be10
Themba Gorimbo,14-5-0,"6' 1""",170 lbs.,"77""",Orthodox,"Jan 23, 1991",:3.15,:61%,:1.09,:56%,:4.81,:65%,:82%,:0.6,http://ufcstats.com/fighter-details/40f3cb27fc7305a1
John Phillips,22-11-0 (1 NC),"5' 11""",185 lbs.,"75""",Southpaw,"Jun 09, 1985",:1.72,:34%,:4.03,:49%,:0.00,:0%,:7%,:0.0,http://ufcstats.com/fighter-details/e9ac7bfb65c25497
Robert Peralta,18-8-0 (1 NC),"5' 8""",145 lbs.,"71""",Orthodox,"Mar 14, 1986",:3.76,:44%,:2.97,:53%,:0.59,:66%,:65%,:0.0,http://ufcstats.com/fighter-details/960d6cae8879ba2b
Mauricio Rua,27-14-1,"6' 1""",205 lbs.,"76""",Orthodox,"Nov 25, 1981",:3.57,:50%,:2.79,:54%,:2.01,:48%,:49%,:0.7,http://ufcstats.com/fighter-details/140745cbbcb023ac
Josh Shockley,11-4-0,"6' 1""",155 lbs.,--,Orthodox,"Nov 15, 1989",:1.40,:33%,:1.75,:60%,:0.00,:0%,:61%,:0.8,http://ufcstats.com/fighter-details/1d36f1ac66cf689d
Ding Meng,34-9-0,"6' 2""",170 lbs.,"73""",Orthodox,"Sep 27, 1994",:3.40,:50%,:3.87,:48%,:1.00,:50%,:0%,:0.0,http://ufcstats.com/fighter-details/e0664abaa023fd6f
Thaddeus Luster,0-1-0,"6' 3""",210 lbs.,--,,--,:0.00,:0%,:0.00,:0%,:0.00,:0%,:0%,:0.0,http://ufcstats.com/fighter-details/505934897b8b4824
Iuri Alcantara,35-10-0 (1 NC),"5' 9""",135 lbs.,"71""",Southpaw,"Aug 04, 1980",:2.72,:45%,:2.79,:49%,:1.44,:62%,:60%,:0.8,http://ufcstats.com/fighter-details/2f95a3c6d58b2aad
Bryce Mejia,3-1-0,"6' 1""",170 lbs.,--,,--,:3.49,:62%,:6.98,:50%,:0.00,:0%,:0%,:0.0,http://ufcstats.com/fighter-details/6eae26c44e505775
Raul Rosas Jr.,11-1-0,"5' 9""",135 lbs.,"67""",Switch,"Oct 08, 2004",:1.51,:44%,:1.37,:50%,:4.01,:41%,:0%,:1.1,http://ufcstats.com/fighter-details/fe2babf95de24fb1
Bristol Marunde,16-10-0,"6' 1""",170 lbs.,"75""",Orthodox,"Apr 20, 1982",:1.42,:21%,:4.40,:47%,:1.60,:33%,:14%,:0.0,http://ufcstats.com/fighter-details/a17322f99ddfd8e9
Paulo Thiago,18-9-0,"5' 11""",170 lbs.,"74""",Orthodox,"Jan 25, 1981",:1.71,:39%,:1.99,:63%,:1.42,:31%,:63%,:1.2,http://ufcstats.com/fighter-details/30a09e43f15f1d75
Jong Wang Kim,13-23-0,"6' 1""",240 lbs.,--,,--,:0.00,:0%,:0.00,:0%,:0.00,:0%,:0%,:0.0,http://ufcstats.com/fighter-details/380e8b023290d091
Rafael Rebello,9-4-0,"5' 5""",135 lbs.,"67""",Orthodox,"Oct 16, 1980",:2.19,:32%,:3.29,:58%,:2.82,:33%,:75%,:0.5,http://ufcstats.com/fighter-details/972197a8c61ac413
Erick Silva,19-9-0 (1 NC),"6' 0""",170 lbs.,"74""",Orthodox,"Jun 21, 1984",:2.50,:48%,:4.18,:49%,:0.85,:35%,:56%,:1.4,http://ufcstats.com/fighter-details/5866fc86183a9fb8
Gabe Lemley,13-9-0,"5' 8""",155 lbs.,--,Orthodox,--,:0.82,:35%,:6.03,:45%,:0.00,:0%,:0%,:0.0,http://ufcstats.com/fighter-details/fd4578cac86d75ca
Ricardo Ramos,17-7-0,"5' 9""",145 lbs.,"72""",Orthodox,"Aug 01, 1995",:2.97,:36%,:4.06,:54%,:2.57,:57%,:70%,:0.7,http://ufcstats.com/fighter-details/1ae8f3c723aacff4
Bryan Battle,13-2-0 (1 NC),"6' 1""",185 lbs.,"77""",Orthodox,"Sep 21, 1994",:5.12,:52%,:4.11,:44%,:0.77,:17%,:53%,:0.4,http://ufcstats.com/fighter-details/f626118b6da0e020
Steve Mensing,9-13-2 (1 NC),"5' 11""",185 lbs.,--,Orthodox,"Dec 06, 1977",:0.00,:0%,:9.51,:42%,:0.00,:0%,:0%,:0.0,http://ufcstats.com/fighter-details/3bc27ec15facbcf3
Hamid Amiri,9-0-0,--,145 lbs.,--,,"Jun 15, 2003",:0.00,:0%,:0.00,:0%,:0.00,:0%,:0%,:0.0,http://ufcstats.com/fighter-details/6c40705cf6c0d7e2
Rami Hamed,13-3-0,"6' 1""",170 lbs.,"71""",Orthodox,"Apr 25, 1991",:3.87,:51%,:3.40,:50%,:0.00,:0%,:50%,:0.0,http://ufcstats.com/fighter-details/a59017211b775b5d
Gan McGee,13-5-0,"6' 10""",265 lbs.,--,Orthodox,"Nov 20, 1976",:2.20,:29%,:2.31,:59%,:0.65,:25%,:83%,:0.0,http://ufcstats.com/fighter-details/d90b630e0561818b
Jair Farias,10-1-0,"6' 1""",145 lbs.,"76""",Orthodox,"Mar 16, 1993",:3.80,:39%,:5.33,:51%,:0.00,:0%,:41%,:0.0,http://ufcstats.com/fighter-details/431262bbc69215dc
Constantinos Philippou,13-5-0 (1 NC),"5' 11""",185 lbs.,"73""",Orthodox,"Nov 29, 1979",:2.19,:35%,:2.73,:54%,:0.40,:42%,:65%,:0.3,http://ufcstats.com/fighter-details/05560764359161e4
Sean O'Connell,17-9-0,"6' 1""",205 lbs.,"74""",Orthodox,"Sep 02, 1983",:5.46,:48%,:6.77,:45%,:0.00,:0%,:30%,:0.5,http://ufcstats.com/fighter-details/cb52f9490c2dc069
Carlos Felipe,11-2-0,"6' 0""",245 lbs.,"75""",Orthodox,"Jan 12, 1995",:4.88,:45%,:5.60,:50%,:0.00,:0%,:72%,:0.0,http://ufcstats.com/fighter-details/a2ea77e974c5889f
Koya Kanda,12-5-0,"5' 9""",145 lbs.,"75""",Southpaw,"Dec 20, 1995",:3.63,:41%,:2.90,:53%,:2.00,:18%,:100%,:0.0,http://ufcstats.com/fighter-details/b42d3a1469dab722
Steve Hadsel,3-0-0,"5' 8""",170 lbs.,--,,--,:0.00,:0%,:0.00,:0%,:0.00,:0%,:0%,:0.0,http://ufcstats.com/fighter-details/99793cf88c5adeee
Kron Gracie,5-3-0,"5' 9""",145 lbs.,"70""",Southpaw,"Jul 11, 1988",:2.95,:42%,:5.73,:51%,:0.35,:25%,:0%,:0.7,http://ufcstats.com/fighter-details/242d36d241b43c12
Luke Hartwig,0-1-0,--,--,--,,--,:0.00,:0%,:0.00,:0%,:0.00,:0%,:0%,:0.0,http://ufcstats.com/fighter-details/34f3869747bf8fa9
Fabio Maldonado,23-11-0,"6' 1""",205 lbs.,"75""",Orthodox,"Mar 17, 1980",:5.29,:58%,:4.31,:53%,:0.44,:57%,:61%,:0.6,http://ufcstats.com/fighter-details/1fb80f46d3c105d9
Viktor Pesta,10-4-0,"6' 3""",240 lbs.,"77""",Orthodox,"Jul 15, 1990",:1.58,:36%,:2.54,:56%,:3.29,:28%,:100%,:0.0,http://ufcstats.com/fighter-details/202b0467521c9d6f
Robert Ruchala,11-2-0,"5' 8""",145 lbs.,"72""",Switch,"May 15, 1998",:2.27,:35%,:3.27,:57%,:2.00,:33%,:0%,:0.0,http://ufcstats.com/fighter-details/92aed9d16794f42b
Keiichiro Nakamura,7-1-0,"5' 10""",145 lbs.,"70""",Southpaw,"Dec 02, 1998",:5.22,:43%,:3.39,:66%,:0.00,:0%,:83%,:0.0,http://ufcstats.com/fighter-details/3618e0632ecdba9c
Gary Padilla,12-6-0,"5' 11""",205 lbs.,--,,"May 04, 1980",:2.20,:27%,:2.00,:76%,:0.00,:0%,:50%,:0.0,http://ufcstats.com/fighter-details/01dd4cdc2446f665
Evan Tanner,32-8-0,"6' 0""",185 lbs.,"74""",Orthodox,"Feb 11, 1971",:3.05,:59%,:2.64,:56%,:2.55,:43%,:25%,:1.3,http://ufcstats.com/fighter-details/8f2d9ee27f206f1f
Art Arciniega,15-7-0,"5' 8""",145 lbs.,--,,"Oct 15, 1981",:1.53,:46%,:2.73,:51%,:0.00,:0%,:50%,:1.0,http://ufcstats.com/fighter-details/d25e39e74efb0a77
David Kaplan,3-4-0,"5' 7""",155 lbs.,--,Orthodox,"Nov 16, 1979",:2.88,:46%,:4.32,:67%,:4.88,:43%,:0%,:0.7,http://ufcstats.com/fighter-details/5669b828e7e11329
David Gardner,18-21-0,"5' 11""",155 lbs.,--,Orthodox,"May 17, 1977",:0.17,:100%,:0.34,:0%,:0.00,:0%,:66%,:0.0,http://ufcstats.com/fighter-details/70167689d6a01793
Leon Edwards,22-5-0 (1 NC),"6' 2""",170 lbs.,"74""",Southpaw,"Aug 25, 1991",:2.62,:54%,:2.42,:53%,:1.18,:36%,:63%,:0.4,http://ufcstats.com/fighter-details/f1fac969a1d70b08
Alan Hiro,14-5-4,"5' 5""",135 lbs.,--,Orthodox,"Apr 04, 1986",:0.00,:0%,:0.00,:0%,:0.00,:0%,:0%,:0.0,http://ufcstats.com/fighter-details/483b3170b3c05cf0
Cristiano Marcello,13-6-0,"5' 9""",155 lbs.,"72""",Orthodox,"Dec 03, 1977",:2.56,:33%,:3.61,:58%,:0.44,:11%,:20%,:0.9,http://ufcstats.com/fighter-details/ff4c3ab594c7fac3
Jonatas Novaes,13-5-0,"5' 11""",170 lbs.,--,,"Mar 02, 1981",:0.00,:0%,:0.00,:0%,:0.00,:0%,:0%,:0.0,http://ufcstats.com/fighter-details/9e8e5c529057fe60
Matt Ramirez,2-3-0,"5' 5""",125 lbs.,--,,--,:3.03,:50%,:0.67,:75%,:2.53,:16%,:100%,:0.0,http://ufcstats.com/fighter-details/96c05ba5ab9eccaf
Luke Rockhold,16-6-0,"6' 3""",185 lbs.,"77""",Southpaw,"Oct 17, 1984",:4.10,:49%,:2.68,:53%,:0.70,:29%,:65%,:1.0,http://ufcstats.com/fighter-details/00e11b5c8b7bfeeb
Josh Smith,9-8-0,"6' 0""",155 lbs.,--,Orthodox,"Jul 02, 1982",:0.73,:28%,:1.40,:54%,:0.00,:0%,:57%,:2.0,http://ufcstats.com/fighter-details/f626aa1c85f8af03
Hecher Sosa,13-1-0,"5' 9""",135 lbs.,"70""",Orthodox,"Aug 25, 1995",:2.13,:50%,:0.87,:55%,:4.00,:36%,:100%,:2.0,http://ufcstats.com/fighter-details/ec3bd30378d63dd1
Karla Benitez,14-11-1 (1 NC),"5' 3""",113 lbs.,--,,"Feb 15, 1979",:0.00,:0%,:2.40,:57%,:0.00,:0%,:100%,:0.0,http://ufcstats.com/fighter-details/6104730621ff318d
Jorge Gonzalez,16-4-0,"6' 2""",205 lbs.,"76""",Orthodox,"Feb 29, 1984",:0.00,:0%,:0.00,:0%,:0.00,:0%,:0%,:0.0,http://ufcstats.com/fighter-details/ff175a137b395e2b
Paula Luna,5-3-0,"5' 2""",125 lbs.,"62""",Orthodox,"Jul 05, 1999",:0.65,:50%,:6.20,:17%,:0.00,:0%,:0%,:0.0,http://ufcstats.com/fighter-details/5b1effb0db45273a
Askar Mozharov,19-13-0,"6' 3""",205 lbs.,"74""",Orthodox,"Oct 26, 1994",:0.43,:18%,:4.07,:13%,:0.00,:0%,:33%,:0.0,http://ufcstats.com/fighter-details/e92901944ce91909
Sean Gannon,2-1-0,"6' 3""",265 lbs.,--,Southpaw,--,:0.00,:0%,:6.38,:28%,:0.00,:0%,:50%,:0.0,http://ufcstats.com/fighter-details/6d7886b094b471ac
Quillan Salkilld,9-1-0,"6' 0""",155 lbs.,"75""",Orthodox,"Dec 28, 1999",:5.48,:59%,:3.46,:45%,:8.41,:37%,:100%,:0.5,http://ufcstats.com/fighter-details/17734443a833cdf7
Livinha Souza,14-4-0,"5' 3""",115 lbs.,"63""",Orthodox,"Mar 11, 1991",:1.75,:45%,:3.60,:56%,:2.54,:45%,:40%,:1.4,http://ufcstats.com/fighter-details/dab8cfbb6b1db10a
Nick Ertl,8-6-0,"5' 9""",155 lbs.,--,,"Oct 29, 1968",:1.34,:69%,:1.59,:41%,:1.88,:50%,:0%,:0.0,http://ufcstats.com/fighter-details/74061adb224be3cc
Gabriel Silva,8-2-0,"5' 6""",135 lbs.,"71""",Orthodox,"Aug 26, 1994",:1.30,:34%,:3.47,:45%,:1.50,:25%,:38%,:0.5,http://ufcstats.com/fighter-details/002ca196477ce572
Scott Baker,1-1-0,"6' 0""",210 lbs.,--,,--,:0.00,:0%,:0.00,:0%,:0.00,:0%,:0%,:0.0,http://ufcstats.com/fighter-details/7d5b12de1625984e
Stephen Thompson,17-9-1,"6' 0""",170 lbs.,"75""",Orthodox,"Feb 11, 1983",:4.05,:46%,:3.00,:54%,:0.23,:35%,:63%,:0.0,http://ufcstats.com/fighter-details/4a28cb716c19157a
Gadzhimurad Antigulov,20-8-0,"5' 11""",205 lbs.,"70""",Orthodox,"Feb 09, 1987",:2.08,:55%,:4.21,:40%,:5.08,:36%,:0%,:1.4,http://ufcstats.com/fighter-details/af997f7611673880
Loma Lookboonmee,10-4-0,"5' 1""",115 lbs.,"61""",Orthodox,"Jan 18, 1996",:3.67,:55%,:2.52,:53%,:1.81,:50%,:68%,:0.1,http://ufcstats.com/fighter-details/4e30e4250cb08b61
Josh Hendricks,19-11-0 (1 NC),"6' 2""",235 lbs.,--,Southpaw,"Aug 28, 1976",:0.98,:20%,:11.80,:29%,:0.00,:0%,:0%,:0.0,http://ufcstats.com/fighter-details/7649c4c95b824488
Jhonoven Pati,6-4-0,"6' 1""",185 lbs.,"75""",Switch,"Aug 29, 1990",:2.88,:53%,:6.13,:33%,:2.70,:100%,:0%,:0.0,http://ufcstats.com/fighter-details/6b16024d44eb03a2
Steve Judson,0-2-0,"5' 11""",230 lbs.,--,Orthodox,--,:0.00,:0%,:0.00,:0%,:0.00,:0%,:0%,:0.0,http://ufcstats.com/fighter-details/6ece1d2ab1bed31d
Dan Hooker,24-12-0,"6' 0""",155 lbs.,"75""",Switch,"Feb 13, 1990",:5.03,:48%,:4.72,:51%,:0.73,:34%,:78%,:0.3,http://ufcstats.com/fighter-details/193b9d1858bc4df3
Christian Leroy Duncan,12-2-0,"6' 2""",185 lbs.,"79""",Switch,"Jul 24, 1995",:4.83,:59%,:2.94,:51%,:0.22,:11%,:71%,:0.0,http://ufcstats.com/fighter-details/a93f94c923c3a9cb
Yair Rodriguez,21-6-0 (1 NC),"5' 11""",145 lbs.,"71""",Orthodox,"Oct 06, 1992",:4.65,:46%,:3.78,:52%,:0.71,:29%,:59%,:0.6,http://ufcstats.com/fighter-details/cbf5e6f231b55443
Melvin Guillard,32-18-2 (3 NC),"5' 9""",155 lbs.,"71""",Orthodox,"Mar 30, 1983",:2.96,:40%,:1.85,:66%,:1.30,:63%,:61%,:0.2,http://ufcstats.com/fighter-details/ccd1299e0345e0ce
Cody Chovancek,9-0-0,"5' 8""",135 lbs.,"67""",Switch,"Jul 24, 1998",:2.85,:50%,:2.46,:51%,:0.00,:0%,:83%,:0.0,http://ufcstats.com/fighter-details/3c4320a1b6106611
Lolohea Mahe,10-4-1,--,--,--,,--,:1.71,:29%,:6.92,:40%,:2.44,:40%,:0%,:0.0,http://ufcstats.com/fighter-details/fb0b6593cec84356
Edimilson Souza,15-5-0,"6' 0""",145 lbs.,"74""",Orthodox,"Oct 17, 1984",:4.65,:44%,:2.91,:58%,:0.00,:0%,:50%,:0.0,http://ufcstats.com/fighter-details/6c7020b859c7a3ce
Lloyd Van Dams,0-1-0,"6' 1""",240 lbs.,--,Southpaw,"Mar 05, 1972",:0.00,:0%,:3.01,:15%,:0.00,:0%,:0%,:0.0,http://ufcstats.com/fighter-details/02177caefe7c07d4
Mateusz Gamrot,25-3-0 (1 NC),"5' 10""",155 lbs.,"70""",Southpaw,"Dec 11, 1990",:3.35,:51%,:3.04,:59%,:5.33,:36%,:90%,:0.1,http://ufcstats.com/fighter-details/72db2a14ffa73ece
Jeremy Boczulak,0-2-0,--,--,--,,--,:0.00,:0%,:0.00,:0%,:0.00,:0%,:0%,:0.0,http://ufcstats.com/fighter-details/1afd74f8cb0719f3
Bryan Humes,6-2-0,--,265 lbs.,--,,--,:0.00,:0%,:0.00,:0%,:0.00,:0%,:0%,:0.0,http://ufcstats.com/fighter-details/b9c75e7fc910f587
Mitch Raposo,9-3-0,"5' 5""",125 lbs.,"64""",Switch,"Oct 16, 1998",:1.62,:33%,:3.20,:55%,:3.54,:37%,:50%,:0.0,http://ufcstats.com/fighter-details/0be6776db31d98ec
Eric Magana,1-1-0,--,--,--,,--,:0.00,:0%,:0.00,:0%,:0.00,:0%,:0%,:0.0,http://ufcstats.com/fighter-details/8db1b36dde268ef6
Maciej Jewtuszko,12-3-0,"6' 0""",155 lbs.,--,Southpaw,"Jan 31, 1981",:2.29,:45%,:1.39,:66%,:0.00,:0%,:42%,:0.9,http://ufcstats.com/fighter-details/6b5b9be990774f0e
Tai Bowden,1-1-0,"5' 11""",230 lbs.,--,,--,:0.00,:0%,:0.00,:0%,:0.00,:0%,:0%,:0.0,http://ufcstats.com/fighter-details/2efbc83a6b9b7f86
Thiago Moises,19-9-0,"5' 9""",155 lbs.,"70""",Orthodox,"Mar 23, 1995",:2.48,:42%,:4.08,:53%,:1.31,:35%,:52%,:1.1,http://ufcstats.com/fighter-details/d945aae53e3e54e6
Sergei Pavlovich,20-3-0,"6' 3""",257 lbs.,"84""",Southpaw,"May 13, 1992",:4.43,:44%,:3.62,:55%,:0.48,:25%,:75%,:0.0,http://ufcstats.com/fighter-details/f14cf73e51b29254
Iony Razafiarison,2-1-0 (1 NC),"5' 3""",145 lbs.,--,,"Dec 23, 1984",:1.20,:42%,:1.40,:53%,:2.00,:50%,:75%,:0.0,http://ufcstats.com/fighter-details/a303588c33d8c5ae
Jacare Souza,26-10-0 (1 NC),"6' 1""",185 lbs.,"72""",Orthodox,"Dec 07, 1979",:2.53,:47%,:2.83,:62%,:2.57,:39%,:57%,:1.3,http://ufcstats.com/fighter-details/7a703c565ccaa18f
Jiri Prochazka,32-5-1,"6' 3""",205 lbs.,"80""",Orthodox,"Oct 14, 1992",:5.69,:55%,:5.60,:45%,:0.51,:60%,:68%,:0.2,http://ufcstats.com/fighter-details/009341ed974bad72
Goran Reljic,15-8-0,"6' 3""",205 lbs.,"81""",Southpaw,"Mar 20, 1984",:1.69,:37%,:2.69,:59%,:1.69,:50%,:33%,:1.1,http://ufcstats.com/fighter-details/132f860d02953f4c
Rafael Natal,21-9-1,"6' 0""",185 lbs.,"77""",Orthodox,"Dec 25, 1982",:3.10,:47%,:2.48,:57%,:2.55,:34%,:77%,:0.5,http://ufcstats.com/fighter-details/0dba4df5f34d5ff0
Rony Sefo,0-2-0,"5' 9""",225 lbs.,--,Orthodox,"Apr 10, 1972",:0.00,:0%,:0.43,:0%,:0.00,:0%,:0%,:0.0,http://ufcstats.com/fighter-details/d6b68eaf4b68b160
Ryan Tobar,3-3-0,--,155 lbs.,--,,--,:0.00,:0%,:0.00,:0%,:0.00,:0%,:0%,:0.0,http://ufcstats.com/fighter-details/57481f1f10530c61
Richie Smullen,3-1-1,"5' 9""",155 lbs.,"68""",Orthodox,"Aug 17, 1991",:1.98,:77%,:2.26,:65%,:8.49,:66%,:0%,:0.0,http://ufcstats.com/fighter-details/f75c5ca0d91b9115
Johnny Bedford,21-13-1 (1 NC),"5' 10""",135 lbs.,"71""",Orthodox,"Jan 06, 1983",:4.53,:50%,:1.75,:63%,:1.83,:62%,:62%,:0.0,http://ufcstats.com/fighter-details/ffc3e6daaa6da0b7
Charlie Campbell,9-3-0,"6' 0""",155 lbs.,"72""",Orthodox,"Jul 03, 1995",:5.23,:51%,:4.17,:55%,:2.45,:36%,:62%,:0.0,http://ufcstats.com/fighter-details/b39f7a6c2be17ee8
Beneil Dariush,23-6-1,"5' 10""",155 lbs.,"72""",Southpaw,"May 06, 1989",:3.78,:49%,:2.61,:57%,:2.12,:38%,:82%,:0.8,http://ufcstats.com/fighter-details/08af939f41b5a57b
Jeff Terry,2-3-0,"6' 2""",205 lbs.,--,,--,:1.09,:50%,:9.27,:19%,:0.00,:0%,:100%,:0.0,http://ufcstats.com/fighter-details/60f86c449cd31e23
Janay Harding,2-3-0,--,135 lbs.,--,,--,:0.00,:0%,:0.00,:0%,:0.00,:0%,:0%,:0.0,http://ufcstats.com/fighter-details/b9c3ee342eb72100
Isis Verbeek,5-2-0,"5' 4""",115 lbs.,"64""",Orthodox,"Jan 12, 1995",:3.13,:43%,:3.53,:53%,:0.00,:0%,:66%,:0.0,http://ufcstats.com/fighter-details/d6f58b8cd1a6ff52
MarQuel Mederos,11-1-0,"5' 10""",155 lbs.,"69""",Orthodox,"Nov 30, 1996",:4.84,:56%,:2.99,:58%,:0.00,:0%,:83%,:0.0,http://ufcstats.com/fighter-details/e2be0c1a9b886d92
Tracy Cortez,12-2-0,"5' 5""",125 lbs.,"65""",Orthodox,"Dec 10, 1993",:3.79,:49%,:2.84,:57%,:2.19,:47%,:62%,:0.3,http://ufcstats.com/fighter-details/68d4a891e5cf2029
Tsuyoshi Kohsaka,27-19-2,"5' 11""",225 lbs.,--,Orthodox,"Mar 06, 1970",:1.88,:38%,:4.41,:54%,:1.32,:20%,:33%,:0.4,http://ufcstats.com/fighter-details/b76ed59283d3559c
Tabatha Ricci,12-3-0,"5' 1""",115 lbs.,"61""",Orthodox,"Feb 21, 1995",:4.18,:36%,:5.19,:57%,:2.69,:37%,:78%,:0.1,http://ufcstats.com/fighter-details/d25240135aee03e5
Shi Ming,17-6-0,"5' 2""",115 lbs.,"60""",Orthodox,"Nov 14, 1994",:3.12,:36%,:2.92,:53%,:0.81,:30%,:57%,:0.0,http://ufcstats.com/fighter-details/d683f4870742b273
Cesar Arzamendia,8-3-0,"5' 11""",155 lbs.,--,Orthodox,"Jan 31, 1991",:5.37,:45%,:5.20,:56%,:7.32,:75%,:0%,:2.4,http://ufcstats.com/fighter-details/49f78022126bf4a4
Danni McCormack,9-2-0,"5' 4""",125 lbs.,"62""",Southpaw,"Mar 15, 1990",:6.93,:51%,:4.53,:60%,:6.00,:42%,:50%,:2.0,http://ufcstats.com/fighter-details/2a9f9db24cd032ba
Noah Thomas,14-7-0,"5' 9""",135 lbs.,--,Orthodox,"Mar 27, 1981",:0.44,:13%,:4.99,:33%,:0.00,:0%,:0%,:1.3,http://ufcstats.com/fighter-details/319c15b8aac5bfde
Demba Seck,10-3-0,"6' 1""",145 lbs.,"74""",Orthodox,"Jul 07, 1993",:1.50,:40%,:5.25,:22%,:0.00,:0%,:60%,:0.0,http://ufcstats.com/fighter-details/b9af9f8834e39d3e
Nicolae Negumereanu,13-2-0,"6' 0""",205 lbs.,"78""",Orthodox,"Sep 04, 1994",:3.58,:41%,:5.56,:39%,:1.02,:28%,:62%,:0.0,http://ufcstats.com/fighter-details/8c57c7b8c3bab0eb
Luke Jumeau,13-5-0,"5' 11""",170 lbs.,"72""",Orthodox,"Feb 12, 1988",:2.93,:43%,:3.17,:58%,:0.25,:100%,:86%,:0.0,http://ufcstats.com/fighter-details/4c288a2b250bb576
Takeru Uchida,6-1-0,"5' 5""",125 lbs.,"68""",Southpaw,"Sep 30, 2002",:0.00,:0%,:0.00,:0%,:0.00,:0%,:0%,:4.4,http://ufcstats.com/fighter-details/1d76f07ffdd765c2
Alvin Robinson,15-9-0,"5' 9""",155 lbs.,"68""",Southpaw,"Jul 16, 1982",:1.57,:50%,:1.29,:51%,:1.24,:50%,:25%,:1.2,http://ufcstats.com/fighter-details/cbe79765d44bd172
Ryan Stonitsch,8-1-0,"5' 9""",170 lbs.,--,Southpaw,"Feb 03, 1977",:2.53,:36%,:2.53,:71%,:0.00,:0%,:0%,:0.0,http://ufcstats.com/fighter-details/8d477c3fbe001f9d
Song Yadong,22-8-1 (1 NC),"5' 8""",135 lbs.,"67""",Orthodox,"Dec 02, 1997",:4.58,:43%,:4.00,:55%,:0.61,:38%,:73%,:0.1,http://ufcstats.com/fighter-details/efb96bf3e9ada36f
Ednaldo Oliveira,17-3-1 (1 NC),"6' 5""",205 lbs.,--,Orthodox,"Feb 19, 1984",:1.03,:22%,:1.80,:52%,:0.00,:0%,:42%,:0.0,http://ufcstats.com/fighter-details/acd9513399a8b09b
John Lineker,31-9-0,"5' 3""",135 lbs.,"67""",Orthodox,"Jun 12, 1990",:5.36,:40%,:4.27,:56%,:0.56,:58%,:67%,:0.6,http://ufcstats.com/fighter-details/c268b2cfebccf652
Kyle Bolt,8-4-0,"6' 2""",185 lbs.,--,,--,:7.27,:52%,:7.27,:45%,:0.00,:0%,:0%,:0.0,http://ufcstats.com/fighter-details/9d455d5cfe6a0e35
Terry Martin,23-11-0,"5' 8""",185 lbs.,"71""",Orthodox,"Oct 10, 1980",:2.82,:43%,:3.13,:54%,:3.10,:42%,:92%,:0.0,http://ufcstats.com/fighter-details/6a92caba39b64752
Bogdan Grad,15-3-0,"5' 8""",145 lbs.,"70""",Orthodox,"Sep 28, 1995",:4.44,:51%,:5.40,:49%,:3.31,:36%,:75%,:0.0,http://ufcstats.com/fighter-details/fb37795db81f93f3
Kurt Osiander,4-1-0,--,185 lbs.,--,,--,:0.00,:0%,:0.00,:0%,:0.00,:0%,:0%,:0.0,http://ufcstats.com/fighter-details/f84dfc5a8d178403
Chris Daukaus,12-7-0,"6' 3""",205 lbs.,"76""",Orthodox,"Sep 25, 1989",:6.05,:50%,:4.64,:55%,:0.00,:0%,:100%,:0.0,http://ufcstats.com/fighter-details/d0aaedcf7ccd0b45
Carlo Prater,31-18-1,"5' 11""",155 lbs.,"72""",Switch,"Jun 25, 1981",:2.03,:47%,:4.07,:35%,:0.43,:9%,:57%,:1.7,http://ufcstats.com/fighter-details/4f853e98886283cf
Dan Henderson,32-15-0,"5' 11""",185 lbs.,"74""",Orthodox,"Aug 24, 1970",:2.44,:47%,:2.70,:51%,:1.52,:52%,:57%,:0.3,http://ufcstats.com/fighter-details/1ccf4e7caff270df
Yoislandy Izquierdo,10-4-0,"5' 11""",155 lbs.,--,Southpaw,"Jan 09, 1984",:2.93,:52%,:1.40,:26%,:0.00,:0%,:50%,:0.0,http://ufcstats.com/fighter-details/afc2a7ce0c763bd5
Erick Wanderlei,3-3-0,"6' 1""",205 lbs.,--,Orthodox,"Jun 20, 1976",:0.63,:41%,:2.66,:40%,:3.80,:66%,:0%,:1.9,http://ufcstats.com/fighter-details/d57e6a8971b6d2bd
Jason Gonzalez,11-5-0,"6' 2""",155 lbs.,"74""",Southpaw,"Feb 28, 1990",:3.06,:39%,:3.13,:58%,:0.00,:0%,:30%,:1.0,http://ufcstats.com/fighter-details/e45cfa47f504033a
Ben Jones,4-4-0 (1 NC),--,185 lbs.,--,,--,:0.00,:0%,:0.00,:0%,:0.00,:0%,:0%,:0.0,http://ufcstats.com/fighter-details/329aff8e958a2997
Tim Hague,21-13-0,"6' 4""",260 lbs.,"76""",Orthodox,"May 09, 1983",:2.79,:47%,:4.14,:46%,:1.72,:33%,:85%,:0.9,http://ufcstats.com/fighter-details/219a254e15d60135
Issei Tamura,10-8-0,"5' 5""",135 lbs.,"63""",Orthodox,"Mar 12, 1984",:1.89,:53%,:4.58,:44%,:0.92,:25%,:33%,:0.0,http://ufcstats.com/fighter-details/57bf89d42364d39e
Mikey Burnett,5-2-0,"5' 6""",170 lbs.,--,Orthodox,"Apr 12, 1974",:0.00,:0%,:0.00,:0%,:0.00,:0%,:0%,:0.0,http://ufcstats.com/fighter-details/4c805f5f58a75df0
Eric Schafer,14-8-2,"6' 3""",185 lbs.,"76""",Orthodox,"Sep 20, 1977",:1.89,:34%,:3.38,:56%,:1.81,:36%,:50%,:1.8,http://ufcstats.com/fighter-details/f59f1d3a2ff13edd
Dominick Cruz,24-4-0,"5' 8""",135 lbs.,"68""",Orthodox,"Mar 09, 1985",:3.91,:33%,:2.61,:70%,:2.82,:42%,:83%,:0.1,http://ufcstats.com/fighter-details/10f3ba6cd2f44a97
Cody Brundage,11-7-1 (1 NC),"6' 0""",185 lbs.,"72""",Orthodox,"May 16, 1994",:2.20,:51%,:2.72,:49%,:2.05,:46%,:68%,:0.6,http://ufcstats.com/fighter-details/f14f644d41ade29f
Stewart Nicoll,8-1-0,"5' 5""",125 lbs.,"65""",Orthodox,"Apr 11, 1996",:3.02,:47%,:1.13,:40%,:5.66,:100%,:0%,:0.0,http://ufcstats.com/fighter-details/2bd98ab77a8daa75
Luis Pena,9-3-0,"6' 3""",155 lbs.,"75""",Southpaw,"Jul 05, 1993",:3.66,:46%,:3.12,:51%,:1.17,:33%,:48%,:1.2,http://ufcstats.com/fighter-details/2844b047183a1adb
Amber Tackett,1-3-0,--,115 lbs.,--,,--,:0.00,:0%,:0.00,:0%,:0.00,:0%,:0%,:0.0,http://ufcstats.com/fighter-details/bb01bc3c57f39b04
Lodune Sincaid,15-9-0,"5' 9""",185 lbs.,--,Orthodox,"May 07, 1973",:2.72,:42%,:6.17,:57%,:0.00,:0%,:75%,:0.0,http://ufcstats.com/fighter-details/265589bdd93e7ce5
Hyun Gyu Lim,13-7-1,"6' 3""",170 lbs.,"77""",Orthodox,"Jan 16, 1985",:4.45,:41%,:5.07,:51%,:0.23,:100%,:73%,:0.2,http://ufcstats.com/fighter-details/203c957eac95dd87
Chael Sonnen,29-15-1,"6' 1""",205 lbs.,"73""",Southpaw,"Apr 03, 1977",:3.08,:43%,:1.10,:62%,:3.81,:59%,:66%,:0.4,http://ufcstats.com/fighter-details/48d1f690b763934c
Rayanne dos Santos,14-9-0,"5' 2""",115 lbs.,"62""",Orthodox,"Jun 08, 1995",:4.57,:40%,:6.47,:59%,:0.50,:14%,:80%,:0.0,http://ufcstats.com/fighter-details/02bb48869eb7ac8f
Darrick Minner,26-14-0,"5' 7""",145 lbs.,"69""",Orthodox,"Apr 28, 1990",:2.63,:65%,:2.28,:35%,:2.40,:72%,:66%,:2.7,http://ufcstats.com/fighter-details/34e516ab361afb1c
Yves Edwards,42-22-1 (1 NC),"5' 9""",155 lbs.,"73""",Southpaw,"Sep 30, 1976",:2.91,:42%,:2.34,:66%,:0.76,:53%,:69%,:0.7,http://ufcstats.com/fighter-details/5f04e3d58d9ce982
Nazareno Malegarie,28-4-0,"5' 8""",155 lbs.,--,,"May 16, 1986",:3.87,:34%,:3.27,:69%,:1.00,:33%,:0%,:0.0,http://ufcstats.com/fighter-details/d38e8c6ae2dfc051
Mike Santiago,19-12-0,"5' 10""",145 lbs.,"69""",Orthodox,"Jul 28, 1989",:3.44,:49%,:3.58,:36%,:2.66,:50%,:53%,:1.1,http://ufcstats.com/fighter-details/bc656db347f31e19
Desmond Torres,7-2-0,"5' 6""",135 lbs.,"69""",Orthodox,"Jan 06, 1997",:4.80,:64%,:11.78,:48%,:0.00,:0%,:100%,:0.0,http://ufcstats.com/fighter-details/971aebf56267de20
Joao Elias,17-4-1 (1 NC),"5' 3""",125 lbs.,"64""",Southpaw,"Jan 08, 1995",:0.40,:50%,:6.47,:20%,:0.00,:0%,:50%,:0.0,http://ufcstats.com/fighter-details/1a064688481f66e1
Edson Berto,17-12-1,"5' 6""",155 lbs.,--,Orthodox,"Jul 05, 1983",:1.76,:36%,:4.62,:47%,:5.47,:40%,:0%,:2.7,http://ufcstats.com/fighter-details/66766984842c13dc
Magomed Gadzhiyasulov,9-1-0,"6' 2""",205 lbs.,"75""",Orthodox,"Nov 04, 1993",:2.89,:49%,:1.64,:62%,:3.67,:73%,:61%,:0.0,http://ufcstats.com/fighter-details/6e344b71421103da
Marion Reneau,9-8-1,"5' 6""",135 lbs.,"68""",Orthodox,"Jun 20, 1977",:3.20,:41%,:3.52,:59%,:0.62,:63%,:50%,:0.8,http://ufcstats.com/fighter-details/c7d297714d9ab1a4
Rick Story,19-9-0,"5' 9""",170 lbs.,"71""",Southpaw,"Aug 28, 1984",:3.80,:41%,:2.17,:62%,:2.53,:48%,:63%,:0.9,http://ufcstats.com/fighter-details/5b5307450405abf0
Ramon Taveras,10-4-0,"5' 8""",145 lbs.,"70""",Southpaw,"Jan 09, 1994",:4.07,:43%,:6.45,:54%,:0.00,:0%,:72%,:0.0,http://ufcstats.com/fighter-details/c5ccd878231c5407
Brandon Visher,13-3-0,"5' 6""",135 lbs.,"68""",Orthodox,"May 06, 1984",:2.55,:45%,:3.76,:42%,:0.67,:20%,:0%,:0.0,http://ufcstats.com/fighter-details/7c4ec656d8fcb867
Zach Zane,10-7-0,"5' 7""",145 lbs.,"69""",Southpaw,"Dec 14, 1989",:0.87,:56%,:6.67,:20%,:0.00,:0%,:26%,:0.0,http://ufcstats.com/fighter-details/cc3878d1ab41a5fa
Chad Johnson,6-2-0,"6' 2""",230 lbs.,"80""",Orthodox,"Jul 22, 1986",:5.92,:68%,:7.80,:40%,:0.00,:0%,:0%,:0.0,http://ufcstats.com/fighter-details/6ce9a012e4c6020c
Carlo Pedersoli Jr.,11-3-0,"5' 11""",170 lbs.,"75""",Southpaw,"Jun 08, 1993",:4.17,:37%,:4.12,:61%,:2.91,:44%,:0%,:0.0,http://ufcstats.com/fighter-details/198994b47f395af0
Dominick Reyes,15-5-0,"6' 4""",205 lbs.,"77""",Southpaw,"Dec 26, 1989",:5.39,:54%,:3.49,:49%,:0.29,:28%,:82%,:0.3,http://ufcstats.com/fighter-details/2e19380f34871c6a
Pawel Pawlak,12-3-0,"6' 0""",170 lbs.,"73""",Orthodox,"Feb 08, 1989",:1.67,:33%,:2.22,:53%,:1.00,:37%,:70%,:0.0,http://ufcstats.com/fighter-details/9310418684bc896f
Katsuhisa Fujii,9-18-1,"6' 0""",205 lbs.,--,Orthodox,"Aug 15, 1972",:4.00,:50%,:4.43,:64%,:2.14,:25%,:50%,:2.1,http://ufcstats.com/fighter-details/d71d968dc6ecfdaf
Tebaris Gordon,3-1-0,"6' 1""",265 lbs.,--,Orthodox,"Jul 19, 1988",:3.53,:16%,:49.41,:22%,:0.00,:0%,:0%,:0.0,http://ufcstats.com/fighter-details/68c4ca70067bf282
Abram Torres,4-3-0,"5' 10""",170 lbs.,--,,"Oct 29, 1982",:0.00,:0%,:0.00,:0%,:0.00,:0%,:0%,:0.0,http://ufcstats.com/fighter-details/e175a261a280f7cb
Jorge Interiano,4-3-0,"6' 1""",205 lbs.,--,,--,:0.00,:0%,:0.00,:0%,:0.00,:0%,:0%,:0.0,http://ufcstats.com/fighter-details/1e75e6c9de99fa76
Chad Reiner,33-18-0,"5' 11""",170 lbs.,--,Orthodox,"Jun 29, 1981",:0.53,:20%,:1.97,:46%,:0.99,:33%,:25%,:2.0,http://ufcstats.com/fighter-details/d8022d5526b1d937
Aaron Tau,11-1-0,"5' 4""",125 lbs.,"66""",Switch,"Aug 21, 1993",:4.85,:44%,:5.00,:60%,:0.89,:18%,:64%,:0.0,http://ufcstats.com/fighter-details/7abf7f8778472b7b
Devin Smyth,4-2-0,"5' 10""",170 lbs.,"72""",Switch,"Jul 21, 1995",:2.60,:68%,:6.73,:25%,:4.00,:26%,:100%,:0.0,http://ufcstats.com/fighter-details/7684c8137b4545ba
Charlie Brenneman,19-8-0,"5' 10""",155 lbs.,"70""",Orthodox,"Feb 09, 1981",:1.52,:56%,:1.55,:46%,:4.23,:42%,:72%,:0.0,http://ufcstats.com/fighter-details/98f6da59d765ec94
Irene Aldana,15-8-0,"5' 9""",135 lbs.,"68""",Orthodox,"Mar 26, 1988",:5.19,:39%,:6.64,:56%,:0.15,:50%,:77%,:0.2,http://ufcstats.com/fighter-details/578ef12674df1e6a
Joe Brammer,7-3-1,"5' 8""",155 lbs.,--,Orthodox,"Aug 23, 1983",:2.15,:31%,:2.80,:56%,:0.81,:50%,:50%,:0.0,http://ufcstats.com/fighter-details/013da757877044a2
Mark Dickman,11-3-0,"5' 9""",145 lbs.,--,,"Jul 19, 1984",:0.00,:0%,:0.00,:0%,:0.00,:0%,:0%,:0.0,http://ufcstats.com/fighter-details/2482ef3331a82e75
Ilya Kotau,1-2-0,--,170 lbs.,--,,--,:3.94,:40%,:4.38,:44%,:6.57,:100%,:100%,:6.6,http://ufcstats.com/fighter-details/a68d57ae177a5815
Jinh Yu Frey,11-10-0,"5' 3""",115 lbs.,"65""",Southpaw,"May 20, 1985",:2.97,:43%,:4.23,:52%,:1.02,:36%,:90%,:0.3,http://ufcstats.com/fighter-details/d05cb1e8d1b885d8
Jose Barreto,0-1-0,--,185 lbs.,--,Southpaw,--,:0.00,:0%,:0.00,:0%,:0.00,:0%,:0%,:0.0,http://ufcstats.com/fighter-details/c32eab6c2119e989
Fiona Muxlow,6-3-0,"5' 4""",145 lbs.,--,,"May 13, 1977",:1.44,:27%,:5.45,:34%,:0.00,:0%,:0%,:0.0,http://ufcstats.com/fighter-details/062e57ca1a3c95a8
Justin Haskins,7-6-0,"5' 10""",170 lbs.,--,Orthodox,"Aug 30, 1979",:1.51,:33%,:2.65,:54%,:1.62,:40%,:52%,:0.8,http://ufcstats.com/fighter-details/77940e45bc86208e
Antonio Carvalho,15-6-0,"5' 9""",145 lbs.,"70""",Orthodox,"May 30, 1979",:3.03,:29%,:3.62,:64%,:0.00,:0%,:100%,:0.0,http://ufcstats.com/fighter-details/fef3d17e27e916e7
Hidehiko Hasegawa,19-20-6,"5' 9""",170 lbs.,--,,"Jul 13, 1978",:0.00,:0%,:0.00,:0%,:0.00,:0%,:0%,:0.0,http://ufcstats.com/fighter-details/2a2eeee20ef049cf
Adrian Yanez,17-6-0,"5' 7""",135 lbs.,"70""",Orthodox,"Nov 29, 1993",:6.23,:41%,:5.75,:54%,:0.00,:0%,:81%,:0.0,http://ufcstats.com/fighter-details/0232cabbc30a2372
Daisuke Nakamura,28-19-1,"5' 7""",154 lbs.,--,Orthodox,"Jun 10, 1980",:0.94,:30%,:1.38,:61%,:0.46,:40%,:30%,:3.6,http://ufcstats.com/fighter-details/a196332ee4aa8a82
Roman Zentsov,18-12-0,"6' 1""",230 lbs.,--,Orthodox,"Sep 10, 1973",:1.18,:36%,:0.53,:70%,:1.60,:100%,:33%,:3.2,http://ufcstats.com/fighter-details/3144121470023e9a
Dewey Cooper,2-1-0,--,205 lbs.,--,,--,:0.00,:0%,:0.00,:0%,:0.00,:0%,:0%,:0.0,http://ufcstats.com/fighter-details/5efaaf313b652dd7
Paul Buentello,35-17-0,"6' 2""",245 lbs.,"77""",Orthodox,"Jan 16, 1974",:3.29,:45%,:3.83,:52%,:0.19,:33%,:39%,:0.4,http://ufcstats.com/fighter-details/f0abbb6f3444dae7
Luke Flores,9-2-0,"6' 0""",155 lbs.,"73""",Southpaw,"Mar 17, 1988",:1.56,:44%,:1.88,:60%,:0.00,:0%,:40%,:1.2,http://ufcstats.com/fighter-details/b5f44dcb863f595b
Nayara Maia,7-1-1,"5' 5""",125 lbs.,"66""",Orthodox,"Jul 25, 1990",:0.60,:36%,:3.33,:43%,:1.00,:33%,:0%,:1.0,http://ufcstats.com/fighter-details/03b1b79b34eaf217
Tim Elliott,22-13-1,"5' 7""",125 lbs.,"66""",Southpaw,"Dec 24, 1986",:3.37,:44%,:2.65,:57%,:3.71,:47%,:59%,:1.1,http://ufcstats.com/fighter-details/c96d9178c9ed9e62
Fred Ettish,1-1-0,"6' 0""",180 lbs.,--,Southpaw,"Oct 12, 1955",:0.00,:0%,:0.00,:0%,:0.00,:0%,:0%,:0.0,http://ufcstats.com/fighter-details/8d5daf67983b65ba
Kevin Syler,10-1-0,"5' 9""",155 lbs.,"71""",Switch,"Jul 29, 1993",:5.60,:69%,:4.03,:48%,:1.00,:40%,:77%,:2.0,http://ufcstats.com/fighter-details/9094a881a7513de3
Priya Sharma,5-2-0,"5' 1""",115 lbs.,"59""",Orthodox,"Aug 29, 1991",:1.33,:16%,:3.20,:40%,:0.00,:0%,:55%,:0.0,http://ufcstats.com/fighter-details/5f23eaf9e9c34667
Joe Ray,13-0-0,--,170 lbs.,--,,"Dec 17, 1984",:0.00,:0%,:0.00,:0%,:0.00,:0%,:0%,:0.0,http://ufcstats.com/fighter-details/d92e6e17f637fe4d
Allen Crowder,10-4-0 (1 NC),"6' 3""",245 lbs.,"76""",Orthodox,"Nov 08, 1989",:2.95,:51%,:2.95,:56%,:1.85,:33%,:100%,:1.2,http://ufcstats.com/fighter-details/a9d6e047ce48ab63
Josh Neal,5-11-0,"6' 0""",185 lbs.,--,,--,:0.00,:0%,:0.00,:0%,:0.00,:0%,:0%,:0.0,http://ufcstats.com/fighter-details/0b534765dca35e71
Kitt Campbell,16-7-0,"6' 1""",170 lbs.,"73""",Orthodox,"Jun 26, 1994",:5.40,:53%,:2.51,:60%,:0.94,:10%,:50%,:0.0,http://ufcstats.com/fighter-details/903ef36a6adc09a3
Grant Dawson,23-2-1,"5' 10""",155 lbs.,"72""",Switch,"Feb 20, 1994",:3.20,:52%,:2.11,:44%,:3.87,:40%,:57%,:1.1,http://ufcstats.com/fighter-details/99bd51917728c25d
Maia Stevenson,6-5-0,"5' 4""",115 lbs.,"62""",Orthodox,"Mar 19, 1982",:1.57,:54%,:3.13,:33%,:3.91,:100%,:50%,:0.0,http://ufcstats.com/fighter-details/2fee10d5cf86bfca
Phillip Latu,6-2-0,"6' 3""",205 lbs.,"76""",Orthodox,"Feb 17, 1991",:3.40,:51%,:7.07,:31%,:0.00,:0%,:100%,:0.0,http://ufcstats.com/fighter-details/09224b76d27007ee
Jonny Parsons,9-3-0,"5' 9""",170 lbs.,"69""",Orthodox,"Sep 06, 1991",:4.65,:44%,:4.89,:60%,:0.00,:0%,:66%,:0.0,http://ufcstats.com/fighter-details/2975297f505e9447
Joey Villasenor,29-10-0,"6' 0""",185 lbs.,--,Orthodox,"Oct 17, 1975",:2.05,:38%,:3.26,:52%,:0.71,:40%,:53%,:1.1,http://ufcstats.com/fighter-details/15515e797aedc137
Koichiro Matsumoto,15-3-1,"5' 7""",145 lbs.,--,,"Mar 07, 1986",:1.90,:26%,:3.50,:31%,:0.00,:0%,:0%,:0.0,http://ufcstats.com/fighter-details/2fb6f197d1fbc779
Dustin Pague,12-11-0,"5' 9""",135 lbs.,"74""",Orthodox,"Aug 05, 1987",:1.65,:53%,:2.96,:41%,:1.03,:44%,:55%,:2.6,http://ufcstats.com/fighter-details/55f80a8aeffcdb33
Matt Mitrione,12-5-0,"6' 3""",265 lbs.,"82""",Switch,"Jul 15, 1978",:3.55,:50%,:2.79,:64%,:0.00,:0%,:55%,:0.7,http://ufcstats.com/fighter-details/ba280572acfba13f
Albert Duraev,16-5-0,"5' 11""",185 lbs.,"75""",Orthodox,"Jan 05, 1989",:2.99,:40%,:3.01,:59%,:1.97,:29%,:66%,:0.6,http://ufcstats.com/fighter-details/6b7c7460855dbbb9
Justin McCully,11-5-2,"6' 1""",225 lbs.,"73""",Orthodox,"Feb 18, 1976",:1.58,:37%,:2.02,:46%,:1.28,:44%,:43%,:0.0,http://ufcstats.com/fighter-details/75f871836d41f90f
Adam Smith,0-3-0,--,--,--,,--,:0.00,:0%,:0.00,:0%,:0.00,:0%,:0%,:0.0,http://ufcstats.com/fighter-details/754968e325d6f60d
John Yannis,9-4-0,"5' 7""",145 lbs.,"70""",Southpaw,"Jul 07, 1994",:0.00,:0%,:0.55,:71%,:0.00,:0%,:0%,:0.0,http://ufcstats.com/fighter-details/450bcab0968562c4
Gilles Arsene,1-1-0,"5' 9""",190 lbs.,--,Southpaw,"Dec 23, 1970",:0.06,:10%,:2.45,:32%,:0.00,:0%,:0%,:0.0,http://ufcstats.com/fighter-details/2dea80c069847321
Maxim Grishin,32-10-2,"6' 3""",205 lbs.,"78""",Orthodox,"May 02, 1984",:3.26,:52%,:2.27,:58%,:0.21,:16%,:66%,:0.0,http://ufcstats.com/fighter-details/950d0ef5c17157c5
Edgar Chairez,12-6-0 (1 NC),"5' 7""",125 lbs.,"71""",Orthodox,"Jan 27, 1996",:3.44,:44%,:5.08,:42%,:0.00,:0%,:33%,:1.7,http://ufcstats.com/fighter-details/5ef94841c4bc3f86
JR Coughran,4-1-0,"5' 6""",145 lbs.,--,Orthodox,"May 17, 1994",:12.29,:57%,:6.80,:45%,:0.00,:0%,:75%,:0.0,http://ufcstats.com/fighter-details/8112c9a23dccc759
Caros Fodor,11-6-0,"5' 9""",155 lbs.,"74""",Orthodox,"Jan 07, 1984",:2.76,:54%,:2.83,:54%,:2.10,:25%,:50%,:0.0,http://ufcstats.com/fighter-details/01d2ed8c502e3828
Steven Siler,29-16-0,"5' 11""",145 lbs.,"70""",Orthodox,"Feb 15, 1987",:3.21,:41%,:2.96,:54%,:0.47,:21%,:55%,:1.6,http://ufcstats.com/fighter-details/d188a3b817860ec6
Alex Enlund,14-2-0 (1 NC),"5' 10""",145 lbs.,--,Orthodox,"May 27, 1987",:0.00,:0%,:0.00,:0%,:0.00,:0%,:0%,:0.0,http://ufcstats.com/fighter-details/d238217e0f8ea8e1
Brian Houston,4-6-0,"6' 2""",185 lbs.,--,Orthodox,"Apr 26, 1981",:1.90,:35%,:3.67,:53%,:0.95,:100%,:87%,:0.0,http://ufcstats.com/fighter-details/36fbaa49a09ff997
Bob Sapp,11-20-0,"6' 5""",350 lbs.,--,Orthodox,"Sep 22, 1974",:3.19,:55%,:1.88,:49%,:0.58,:100%,:72%,:0.0,http://ufcstats.com/fighter-details/9f3d6ddef3d3cccc
Jose Augusto,6-2-0 (1 NC),"6' 3""",251 lbs.,--,,"Mar 28, 1992",:0.00,:0%,:0.00,:0%,:0.00,:0%,:0%,:0.0,http://ufcstats.com/fighter-details/4d3b08ab127c7585
Melsik Baghdasaryan,8-3-0,"5' 9""",145 lbs.,"70""",Southpaw,"Jan 28, 1992",:5.04,:59%,:3.14,:56%,:0.00,:0%,:72%,:0.0,http://ufcstats.com/fighter-details/a52bc1e62cf0b7c6
Chuck Grigsby,23-10-0,"6' 6""",205 lbs.,--,Orthodox,"Aug 15, 1972",:0.71,:16%,:3.29,:46%,:0.00,:0%,:66%,:0.0,http://ufcstats.com/fighter-details/7fb4234670271505
Kevin Knabjian,12-7-1,"5' 10""",170 lbs.,--,Orthodox,"Jul 05, 1984",:0.00,:0%,:15.56,:22%,:0.00,:0%,:100%,:0.0,http://ufcstats.com/fighter-details/1fac46d466abd5b8
Sim Kai Xiong,7-2-0,"5' 6""",135 lbs.,"67""",Orthodox,"Sep 06, 1997",:2.85,:42%,:3.64,:55%,:3.49,:25%,:100%,:0.0,http://ufcstats.com/fighter-details/79e2cb1e813f881b
Taiyilake Nueraji,12-1-0 (1 NC),"6' 2""",170 lbs.,"75""",Southpaw,"Jan 12, 2001",:9.82,:53%,:5.01,:58%,:1.47,:33%,:100%,:0.0,http://ufcstats.com/fighter-details/7498b3ac79a3b948
Shanna Young,9-6-0,"5' 7""",125 lbs.,"65""",Orthodox,"Feb 20, 1991",:3.18,:47%,:4.88,:43%,:0.00,:0%,:53%,:0.6,http://ufcstats.com/fighter-details/568bbad0eaced57c
Derek Downey,11-4-0,"6' 1""",185 lbs.,--,Orthodox,"Apr 27, 1980",:0.32,:100%,:3.36,:12%,:2.40,:16%,:0%,:0.0,http://ufcstats.com/fighter-details/b05086131c6f5dc5
Gabriel Salinas-Jones,5-2-1,"6' 1""",245 lbs.,--,,"Nov 20, 1984",:0.00,:0%,:0.00,:0%,:0.00,:0%,:0%,:0.0,http://ufcstats.com/fighter-details/74d5f71eeb0c66c7
Matt Helm,1-1-0,--,155 lbs.,--,,--,:0.00,:0%,:0.00,:0%,:0.00,:0%,:0%,:0.0,http://ufcstats.com/fighter-details/cacfd51b8e97ace0
Kevin Borjas,10-4-0,"5' 5""",125 lbs.,"68""",Orthodox,"Dec 06, 1997",:4.19,:44%,:5.74,:49%,:0.00,:0%,:71%,:0.0,http://ufcstats.com/fighter-details/34b96d52db1d26e6
Vanessa Demopoulos,11-8-0,"5' 2""",125 lbs.,"59""",Orthodox,"Sep 22, 1988",:3.37,:39%,:5.39,:41%,:0.32,:9%,:26%,:0.4,http://ufcstats.com/fighter-details/2c483cf443f38ece
Maryna Moroz,11-6-0,"5' 7""",125 lbs.,"67""",Orthodox,"Sep 08, 1991",:4.42,:33%,:4.89,:51%,:0.70,:24%,:42%,:0.6,http://ufcstats.com/fighter-details/b4192a975027aab6
Yokthai Sithoar,0-1-0,"5' 7""",143 lbs.,--,,"Dec 25, 1974",:0.00,:0%,:0.00,:0%,:0.00,:0%,:0%,:0.0,http://ufcstats.com/fighter-details/436cdea7bdfdc016
Daiju Takase,12-15-2,"6' 0""",170 lbs.,--,Southpaw,"Apr 20, 1978",:0.49,:30%,:1.64,:47%,:0.84,:17%,:21%,:1.2,http://ufcstats.com/fighter-details/4f74c8be51db8a37
Royler Gracie,5-5-1,"5' 8""",150 lbs.,--,Southpaw,"Dec 06, 1965",:0.00,:0%,:0.00,:0%,:0.00,:0%,:0%,:0.0,http://ufcstats.com/fighter-details/b807814d977682eb
Mirko Filipovic,35-11-2 (1 NC),"6' 2""",230 lbs.,"73""",Southpaw,"Sep 10, 1974",:2.11,:50%,:1.89,:63%,:0.19,:40%,:78%,:0.3,http://ufcstats.com/fighter-details/c32fb8c0f6471a4d
Tae Hyun Lee,1-2-0,"6' 6""",295 lbs.,--,Orthodox,"Jan 17, 1975",:1.37,:31%,:3.89,:54%,:5.15,:100%,:0%,:0.0,http://ufcstats.com/fighter-details/de99da2c0d18d34a
Wallen Del Rosario,8-2-0,"5' 4""",125 lbs.,"67""",Orthodox,"Mar 18, 1993",:1.40,:32%,:4.73,:40%,:1.00,:16%,:100%,:0.0,http://ufcstats.com/fighter-details/a62f85f6a6c19a4c
Trent Jenkins,0-4-0,"6' 2""",185 lbs.,--,,--,:0.00,:0%,:0.00,:0%,:0.00,:0%,:0%,:0.0,http://ufcstats.com/fighter-details/02fc8f50f56eb307
Jadson Costa,22-8-0 (1 NC),"5' 7""",155 lbs.,--,Orthodox,"Nov 18, 1980",:0.20,:50%,:3.05,:50%,:0.00,:0%,:0%,:0.0,http://ufcstats.com/fighter-details/222d6b547de2e035
Travis Fulton,253-53-10 (1 NC),"6' 0""",240 lbs.,--,Orthodox,"May 29, 1977",:0.00,:0%,:0.00,:0%,:0.00,:0%,:0%,:0.0,http://ufcstats.com/fighter-details/911fb265462f0d94
Alessandro Costa,14-5-0,"5' 4""",125 lbs.,"67""",Orthodox,"Jan 28, 1996",:3.64,:44%,:3.57,:57%,:0.46,:16%,:83%,:0.5,http://ufcstats.com/fighter-details/3fa97913cfd205d3
Johny Hendricks,18-8-0,"5' 9""",185 lbs.,"69""",Southpaw,"Sep 12, 1983",:3.49,:45%,:3.99,:53%,:3.83,:46%,:63%,:0.3,http://ufcstats.com/fighter-details/0941df56f6ac954b
Jason Riley,10-7-0,"6' 6""",245 lbs.,--,,"Sep 22, 1975",:0.00,:0%,:9.68,:33%,:0.00,:0%,:50%,:0.0,http://ufcstats.com/fighter-details/995af04c697d78b7
Valentijn Overeem,30-32-0,"6' 3""",230 lbs.,--,Orthodox,"Aug 17, 1976",:0.93,:34%,:1.49,:58%,:1.86,:50%,:0%,:4.7,http://ufcstats.com/fighter-details/20e403a1acfef130
Dave Rickels,18-4-0 (2 NC),"5' 11""",155 lbs.,--,,"Jan 05, 1989",:4.29,:59%,:5.53,:42%,:0.00,:0%,:25%,:0.0,http://ufcstats.com/fighter-details/98b76850b5f1e836
LC Davis,23-8-0,"5' 8""",135 lbs.,"69""",Southpaw,"Oct 28, 1980",:2.04,:30%,:2.10,:59%,:2.27,:46%,:66%,:0.2,http://ufcstats.com/fighter-details/6dab8ce5e4bffe77
Renzo Gracie,13-7-1 (1 NC),"5' 10""",185 lbs.,--,Orthodox,"Mar 11, 1967",:1.71,:41%,:1.67,:55%,:1.13,:20%,:40%,:0.8,http://ufcstats.com/fighter-details/aae0897825336b1a
Saimon Oliveira,18-6-0,"5' 4""",135 lbs.,"72""",Orthodox,"Apr 21, 1991",:2.67,:40%,:4.13,:46%,:1.07,:25%,:38%,:1.4,http://ufcstats.com/fighter-details/72ea1984c52019b5
Tom Duquesnoy,16-2-0 (1 NC),"5' 7""",135 lbs.,"68""",Orthodox,"Jun 21, 1993",:3.83,:45%,:5.30,:62%,:0.42,:25%,:46%,:0.0,http://ufcstats.com/fighter-details/e979c76341f19b22
Tereza Bleda,7-1-0,"5' 9""",125 lbs.,"71""",Orthodox,"Nov 30, 2001",:3.02,:53%,:1.86,:46%,:1.81,:27%,:83%,:0.7,http://ufcstats.com/fighter-details/59c438c81fbf3ece
Jarjis Danho,7-1-1 (1 NC),"6' 3""",265 lbs.,"74""",Orthodox,"Oct 15, 1983",:3.38,:50%,:5.25,:49%,:0.51,:16%,:100%,:0.0,http://ufcstats.com/fighter-details/8614b7134913f5d5
Rafael Cerqueira,11-3-0,"6' 3""",205 lbs.,"76""",Southpaw,"Mar 15, 1990",:1.61,:44%,:4.88,:36%,:0.00,:0%,:40%,:0.0,http://ufcstats.com/fighter-details/09a4447655fd4b7b
Naoya Ogawa,7-2-0,"6' 4""",255 lbs.,--,Orthodox,"Mar 31, 1968",:2.41,:42%,:1.66,:47%,:1.25,:100%,:66%,:1.2,http://ufcstats.com/fighter-details/4b2390cfaceb91d8
Jumabieke Tuerxun,19-4-1,"5' 7""",135 lbs.,--,Orthodox,"Apr 17, 1986",:1.60,:28%,:3.08,:59%,:0.47,:11%,:66%,:0.9,http://ufcstats.com/fighter-details/1ed32eaaba9ffe10
Alexander Trevino,7-7-0,--,170 lbs.,--,,--,:0.00,:0%,:0.00,:0%,:0.00,:0%,:0%,:0.0,http://ufcstats.com/fighter-details/73abb7a5c57fb443
Richard Dalton,4-3-1,"6' 1""",205 lbs.,--,Orthodox,"Jul 19, 1977",:1.20,:69%,:3.27,:25%,:1.00,:11%,:0%,:0.0,http://ufcstats.com/fighter-details/6cd3dfc54f01287f
Jake Ellenberger,31-15-0,"5' 9""",170 lbs.,"71""",Orthodox,"Mar 28, 1985",:2.47,:39%,:2.83,:60%,:2.04,:47%,:86%,:0.4,http://ufcstats.com/fighter-details/d81ac739417d7f53
Jordan Leavitt,12-3-0,"5' 9""",155 lbs.,"71""",Southpaw,"Jun 02, 1995",:2.49,:61%,:1.79,:57%,:2.92,:30%,:30%,:1.3,http://ufcstats.com/fighter-details/ac026518a9b4dc0f
CJ Marsh,5-7-0,--,--,--,,--,:0.00,:0%,:0.00,:0%,:0.00,:0%,:0%,:0.0,http://ufcstats.com/fighter-details/4c91eb190d5e0dd9
AJ Dobson,7-3-0 (1 NC),"6' 1""",185 lbs.,"76""",Orthodox,"Jan 18, 1992",:4.29,:46%,:5.31,:46%,:1.67,:75%,:65%,:0.3,http://ufcstats.com/fighter-details/009c4420727149ea
Soa Palelei,22-5-0,"6' 4""",265 lbs.,"81""",Orthodox,"Jul 12, 1977",:2.47,:57%,:2.68,:48%,:2.20,:47%,:66%,:0.0,http://ufcstats.com/fighter-details/60029bcf496bd707
Ernie Juarez,8-1-0,"5' 8""",145 lbs.,"70""",,"Jan 12, 1998",:4.21,:51%,:6.23,:55%,:0.00,:0%,:25%,:0.0,http://ufcstats.com/fighter-details/410898e8dd6ca9b6
Sijara Eubanks,8-7-0,"5' 4""",125 lbs.,"67""",Orthodox,"Apr 27, 1985",:4.30,:43%,:3.43,:57%,:1.90,:44%,:66%,:0.3,http://ufcstats.com/fighter-details/4234f0097c83fa62
Seo Hee Ham,17-8-0,"5' 2""",115 lbs.,"62""",Southpaw,"Mar 08, 1987",:4.20,:39%,:5.15,:61%,:0.00,:0%,:66%,:0.2,http://ufcstats.com/fighter-details/165c244bcca3ed26
Jorge Lopez,11-5-0,"5' 10""",170 lbs.,--,Orthodox,"Nov 21, 1988",:2.47,:59%,:2.57,:50%,:3.50,:41%,:81%,:0.0,http://ufcstats.com/fighter-details/ee624ee2a18f2a43
Joe Ellenberger,15-2-0,"5' 9""",155 lbs.,"72""",Orthodox,"Mar 28, 1985",:1.62,:47%,:3.45,:48%,:3.17,:40%,:0%,:1.1,http://ufcstats.com/fighter-details/8e8e4487c621aa1c
Phil Baroni,15-18-0,"5' 9""",170 lbs.,"72""",Orthodox,"Apr 16, 1976",:2.77,:45%,:3.93,:40%,:1.46,:47%,:60%,:0.5,http://ufcstats.com/fighter-details/1652f3213655b935
Luciano Pereira,13-1-0,--,125 lbs.,--,Orthodox,"Jan 09, 2001",:0.00,:0%,:0.00,:0%,:0.00,:0%,:0%,:0.0,http://ufcstats.com/fighter-details/d7ee49bf3c779fa6
Andreas Stahl,10-4-0,"5' 11""",170 lbs.,--,Orthodox,"May 20, 1988",:2.83,:37%,:4.74,:57%,:1.55,:66%,:80%,:0.0,http://ufcstats.com/fighter-details/69a400af4420cd6a
Ike Villanueva,18-14-0,"6' 1""",205 lbs.,"73""",Orthodox,"Apr 04, 1984",:3.66,:38%,:7.24,:36%,:0.60,:50%,:100%,:0.0,http://ufcstats.com/fighter-details/f9d0cae37dabfafc
CJ Vergara,12-7-1,"5' 6""",125 lbs.,"68""",Orthodox,"Jun 18, 1991",:5.02,:56%,:4.69,:53%,:0.00,:0%,:60%,:0.2,http://ufcstats.com/fighter-details/077e3ace32b72be9
Fabio Silva,1-8-0,"5' 11""",205 lbs.,--,Orthodox,"Mar 31, 1982",:0.09,:11%,:5.90,:38%,:0.00,:0%,:0%,:0.0,http://ufcstats.com/fighter-details/2ba479b409011527
Khadzhi Bestaev,10-4-0,"6' 6""",185 lbs.,"76""",,"Jul 16, 1988",:6.15,:29%,:10.00,:43%,:0.00,:0%,:0%,:0.0,http://ufcstats.com/fighter-details/e05f4ce199baca91
Iwo Baraniewski,6-0-0,"6' 0""",205 lbs.,"73""",Orthodox,"Nov 20, 1998",:12.00,:66%,:6.00,:33%,:0.00,:0%,:0%,:0.0,http://ufcstats.com/fighter-details/1c23ec2f1b71be40
Anthony Figueroa,11-8-1,"5' 4""",135 lbs.,--,Orthodox,--,:2.37,:48%,:3.77,:49%,:0.00,:0%,:58%,:0.0,http://ufcstats.com/fighter-details/daff32bc96d1eabf
Joseph Holmes,8-4-0,"6' 4""",185 lbs.,"80""",Orthodox,"Jul 04, 1995",:2.88,:53%,:3.08,:54%,:1.49,:40%,:50%,:0.8,http://ufcstats.com/fighter-details/8d20d76af3f213ce
Adam Livingston,6-1-0,"6' 2""",155 lbs.,"71""",Orthodox,"Aug 15, 2001",:0.36,:33%,:1.08,:0%,:0.00,:0%,:60%,:0.0,http://ufcstats.com/fighter-details/515890922fe9ce96
Veronica Hardy,10-5-1,"5' 4""",125 lbs.,"64""",Southpaw,"Oct 30, 1995",:3.06,:45%,:3.24,:50%,:0.82,:41%,:51%,:0.3,http://ufcstats.com/fighter-details/4798e823ada58fe9
Lee Gibson,12-4-0,"5' 7""",155 lbs.,--,,"Jun 20, 1976",:0.00,:0%,:0.00,:0%,:0.00,:0%,:0%,:0.0,http://ufcstats.com/fighter-details/69db199087a1a792
Jong Man Kim,23-11-3 (1 NC),"5' 7""",139 lbs.,--,Orthodox,"Mar 03, 1978",:1.33,:21%,:3.00,:60%,:0.00,:0%,:0%,:0.0,http://ufcstats.com/fighter-details/dba230fe33011201
Gilbert Smith,12-6-0,"5' 9""",185 lbs.,--,Southpaw,"Oct 19, 1981",:1.09,:41%,:2.73,:35%,:3.51,:60%,:0%,:1.2,http://ufcstats.com/fighter-details/54ed8dc6f8c31207
Elise Reed,8-5-0,"5' 3""",115 lbs.,"63""",Orthodox,"Dec 05, 1992",:3.41,:53%,:3.26,:51%,:0.46,:60%,:53%,:0.0,http://ufcstats.com/fighter-details/ac7c765882f2c68c
Kantharaj Agasa,12-3-0,--,135 lbs.,--,,"Feb 16, 1992",:0.00,:0%,:0.00,:0%,:0.00,:0%,:0%,:0.0,http://ufcstats.com/fighter-details/26f4288e83188c61
Shimon Smotritsky,8-2-0,"6' 2""",170 lbs.,"74""",Orthodox,"Aug 22, 2000",:3.52,:34%,:8.67,:56%,:3.52,:33%,:50%,:0.0,http://ufcstats.com/fighter-details/1b0491ef0f9c965e
Justin Martin,4-3-0,"6' 0""",185 lbs.,--,,--,:0.00,:0%,:0.00,:0%,:0.00,:0%,:0%,:0.0,http://ufcstats.com/fighter-details/3da19339ee7051d5
Cole Miller,21-11-0 (1 NC),"6' 1""",145 lbs.,"73""",Orthodox,"Apr 26, 1984",:3.00,:33%,:3.88,:59%,:0.60,:36%,:38%,:1.8,http://ufcstats.com/fighter-details/282fa667ff9c51ed
Kevin Holland,28-14-0 (1 NC),"6' 3""",170 lbs.,"81""",Orthodox,"Nov 05, 1992",:4.30,:50%,:3.22,:50%,:0.82,:38%,:55%,:0.6,http://ufcstats.com/fighter-details/3a46b268013afede
Levan Makashvili,15-2-1,"5' 8""",145 lbs.,"68""",Orthodox,"Jan 07, 1989",:2.87,:54%,:2.07,:61%,:3.67,:42%,:85%,:0.0,http://ufcstats.com/fighter-details/938ad489fb7a1f31
Matt Pedro,3-1-0,--,--,--,,--,:0.00,:0%,:0.00,:0%,:0.00,:0%,:0%,:0.0,http://ufcstats.com/fighter-details/f354c50b8d63d9b3
Khalil Rountree Jr.,15-7-0 (1 NC),"6' 1""",205 lbs.,"76""",Southpaw,"Feb 26, 1990",:3.88,:40%,:4.33,:49%,:0.00,:0%,:58%,:0.1,http://ufcstats.com/fighter-details/749f572d1d3161fb
Herman Renting,1-3-0,"6' 0""",215 lbs.,--,Switch,"Dec 31, 1968",:0.00,:0%,:0.00,:0%,:0.00,:0%,:0%,:0.0,http://ufcstats.com/fighter-details/f57cf3d54a641385
Brian Schwartz,1-1-0,"6' 3""",170 lbs.,--,Orthodox,--,:1.27,:44%,:0.87,:45%,:0.00,:0%,:50%,:1.0,http://ufcstats.com/fighter-details/99c80d2bd5dbe5a9
Dhiego Lima,17-9-0,"6' 2""",170 lbs.,"75""",Orthodox,"Jan 31, 1989",:3.12,:39%,:3.88,:58%,:1.26,:34%,:73%,:0.6,http://ufcstats.com/fighter-details/e9213f53ddeca978
Tarec Saffiedine,16-7-0,"5' 10""",170 lbs.,"70""",Switch,"Sep 06, 1986",:4.05,:47%,:3.06,:62%,:0.52,:36%,:84%,:0.1,http://ufcstats.com/fighter-details/0749d968e932df53
Rashard Lovelace,4-1-0,--,155 lbs.,--,,--,:0.00,:0%,:0.00,:0%,:0.00,:0%,:0%,:0.0,http://ufcstats.com/fighter-details/e601d71cf8e5be22
Tor Troeng,16-7-1,"6' 2""",185 lbs.,--,Orthodox,"Jan 25, 1983",:1.16,:46%,:3.26,:32%,:0.62,:7%,:66%,:0.3,http://ufcstats.com/fighter-details/8abf70f79e9e27c2
Roy Boughton,14-8-0,"6' 0""",205 lbs.,--,,--,:0.00,:0%,:0.00,:0%,:0.00,:0%,:0%,:0.0,http://ufcstats.com/fighter-details/2aaf0181432adf0b
Mandy Bohm,8-2-0 (1 NC),"5' 7""",125 lbs.,"71""",Orthodox,"Jul 30, 1989",:2.51,:45%,:3.24,:60%,:0.72,:18%,:75%,:0.7,http://ufcstats.com/fighter-details/297a2b35444c245b
Fabian Gonzalez,2-1-0,"5' 10""",135 lbs.,--,,--,:3.90,:48%,:4.39,:51%,:0.00,:0%,:66%,:0.0,http://ufcstats.com/fighter-details/69c071bc2621e8b0
Dan Miller,14-8-0 (1 NC),"6' 1""",185 lbs.,"74""",Orthodox,"Jun 30, 1981",:2.03,:36%,:3.06,:49%,:1.67,:54%,:47%,:1.8,http://ufcstats.com/fighter-details/d0c29452d3272603
Michel Quinones,8-3-0,"5' 10""",155 lbs.,"73""",Orthodox,"Dec 22, 1984",:2.91,:29%,:5.98,:48%,:0.00,:0%,:36%,:0.0,http://ufcstats.com/fighter-details/5e84a859c6a82288
Ron Faircloth,33-20-0 (1 NC),"5' 9""",205 lbs.,--,Orthodox,"Aug 16, 1979",:0.39,:40%,:8.90,:42%,:0.00,:0%,:0%,:0.0,http://ufcstats.com/fighter-details/453ee00c3e1ae9dd
Rich Attonito,10-5-0,"5' 10""",170 lbs.,"72""",Orthodox,"Jun 16, 1977",:2.28,:47%,:2.13,:59%,:0.74,:37%,:75%,:0.0,http://ufcstats.com/fighter-details/210935fd21670f6d
Tom Egan,7-5-0,"5' 11""",170 lbs.,--,Orthodox,--,:0.00,:0%,:3.91,:50%,:0.00,:0%,:28%,:0.0,http://ufcstats.com/fighter-details/eae4aec1a5a8ff01
Jinnosuke Kashimura,4-2-0,"5' 7""",155 lbs.,"71""",Southpaw,"Aug 12, 2001",:0.21,:50%,:7.37,:25%,:3.16,:100%,:0%,:6.3,http://ufcstats.com/fighter-details/4a9120fa47bafef0
Nick Roehrick,7-1-0,"6' 2""",205 lbs.,--,Orthodox,"Jul 06, 1987",:2.31,:17%,:6.92,:44%,:0.00,:0%,:0%,:0.0,http://ufcstats.com/fighter-details/7195e2a932686f82
Sasha Palatnikov,6-4-0,"6' 1""",170 lbs.,"72""",Switch,"Mar 15, 1989",:6.69,:53%,:5.44,:52%,:0.72,:100%,:70%,:0.0,http://ufcstats.com/fighter-details/a6c20202c701e5ca
Saad Awad,20-9-0,"5' 11""",155 lbs.,--,,"Jun 07, 1983",:2.13,:26%,:1.87,:60%,:0.50,:16%,:100%,:0.5,http://ufcstats.com/fighter-details/da603332ad41f165
Luiz Firmino,19-8-0,"5' 6""",154 lbs.,--,Orthodox,"Mar 18, 1982",:1.23,:50%,:1.22,:51%,:3.86,:45%,:20%,:0.9,http://ufcstats.com/fighter-details/16d09e800ad7ec79
Jorgen Kruth,5-0-0,"6' 2""",205 lbs.,--,,"May 08, 1974",:0.00,:0%,:0.00,:0%,:0.00,:0%,:0%,:0.0,http://ufcstats.com/fighter-details/6071d786f6187810
Eddie Ruiz,1-1-0,"5' 7""",155 lbs.,--,Orthodox,"Jun 10, 1967",:0.20,:25%,:1.40,:47%,:2.00,:12%,:0%,:0.0,http://ufcstats.com/fighter-details/7b9aa973e5c04624
Sean Daugherty,0-2-0,"6' 0""",175 lbs.,--,,"Dec 04, 1975",:0.00,:0%,:0.00,:0%,:0.00,:0%,:0%,:0.0,http://ufcstats.com/fighter-details/a683f9ddb70aa4bd
Jason Black,23-4-1,"5' 8""",155 lbs.,--,Orthodox,"Jul 15, 1972",:1.06,:47%,:2.60,:45%,:0.48,:33%,:28%,:6.2,http://ufcstats.com/fighter-details/b2f743746e8dcfa2
Saul Elizondo,6-8-0,"5' 7""",135 lbs.,--,,"Jul 17, 1985",:2.07,:30%,:4.93,:48%,:2.00,:100%,:66%,:1.0,http://ufcstats.com/fighter-details/e295b96f135d758a
SangHoon Yoo,8-2-0,"6' 0""",170 lbs.,"74""",Orthodox,"Jan 18, 1990",:4.83,:65%,:6.11,:40%,:0.53,:100%,:69%,:0.5,http://ufcstats.com/fighter-details/00b490982afd1b17
Chase Gormley,14-6-0 (1 NC),"6' 3""",265 lbs.,--,Orthodox,"Aug 11, 1983",:3.60,:42%,:6.03,:44%,:3.12,:42%,:0%,:1.0,http://ufcstats.com/fighter-details/052ceb8976695342
Anthony Pettis,24-10-0,"5' 10""",155 lbs.,"72""",Orthodox,"Jan 27, 1987",:3.05,:47%,:3.44,:54%,:0.61,:50%,:60%,:1.1,http://ufcstats.com/fighter-details/cbb682f5fcc44bfc
Jonny Carson,11-7-0,"5' 10""",155 lbs.,--,,--,:0.00,:0%,:0.00,:0%,:0.00,:0%,:0%,:0.0,http://ufcstats.com/fighter-details/0d49ddc07bd8c747
Tim Boetsch,21-13-0,"6' 0""",185 lbs.,"74""",Orthodox,"Jan 28, 1981",:2.93,:50%,:2.90,:57%,:1.45,:34%,:59%,:0.8,http://ufcstats.com/fighter-details/c80095f6092271a7
Jeri Sitzes,3-1-0,"5' 5""",125 lbs.,--,,--,:0.00,:0%,:0.00,:0%,:0.00,:0%,:0%,:0.0,http://ufcstats.com/fighter-details/44a1dd0ef4373edc
Felipe Olivieri,14-5-0 (1 NC),"5' 9""",155 lbs.,--,Orthodox,"Apr 12, 1985",:6.68,:58%,:4.60,:57%,:0.00,:0%,:71%,:0.0,http://ufcstats.com/fighter-details/948880beac71f028
Alexander Otsuka,5-13-0,"6' 1""",205 lbs.,--,Orthodox,"Jul 17, 1971",:0.90,:55%,:1.16,:51%,:1.51,:43%,:53%,:0.8,http://ufcstats.com/fighter-details/865aa315ea62c511
Dustin Joynson,5-0-0 (1 NC),"6' 6""",244 lbs.,"78""",Orthodox,"Oct 14, 1985",:3.28,:53%,:5.63,:47%,:0.00,:0%,:0%,:0.0,http://ufcstats.com/fighter-details/791367e8c35cfb6a
Hisaki Kato,8-2-0,"6' 0""",185 lbs.,--,,"Sep 17, 1982",:2.80,:48%,:1.72,:68%,:1.62,:100%,:0%,:0.0,http://ufcstats.com/fighter-details/ebf1c247b2cba375
Justin Davis,13-16-0,"5' 11""",205 lbs.,--,,"Apr 01, 1983",:0.00,:0%,:0.00,:0%,:0.00,:0%,:0%,:0.0,http://ufcstats.com/fighter-details/20697b334f6c0a45
Jose Delgado,10-1-0,"5' 11""",145 lbs.,"74""",Switch,"Apr 21, 1998",:7.13,:49%,:3.67,:55%,:4.58,:60%,:71%,:0.0,http://ufcstats.com/fighter-details/7d6ceff6747f2de2
Djani Barbir,7-1-0 (1 NC),"6' 3""",185 lbs.,"79""",Orthodox,"Aug 09, 1997",:3.64,:40%,:4.55,:66%,:0.00,:0%,:0%,:0.0,http://ufcstats.com/fighter-details/d4baaa0630bf5798
Sheldon Westcott,10-3-1,"6' 1""",170 lbs.,"71""",Southpaw,"Aug 20, 1984",:2.26,:40%,:3.73,:37%,:3.23,:37%,:14%,:0.0,http://ufcstats.com/fighter-details/ec2d13a87d3d9541
Olivier Aubin-Mercier,11-5-0,"5' 9""",155 lbs.,"70""",Southpaw,"Feb 23, 1989",:2.48,:51%,:2.97,:55%,:2.36,:33%,:70%,:0.5,http://ufcstats.com/fighter-details/55ee431411ccf07a
Charles Bennett,30-33-2,"5' 8""",155 lbs.,--,Orthodox,"Nov 23, 1979",:1.39,:39%,:1.35,:64%,:2.02,:100%,:36%,:2.0,http://ufcstats.com/fighter-details/8dc4f34c1f50d00d
Ansar Chalangov,14-5-0,"5' 9""",170 lbs.,--,Orthodox,"Oct 30, 1979",:0.68,:66%,:1.69,:54%,:0.00,:0%,:0%,:7.6,http://ufcstats.com/fighter-details/7342fcc41a4817fa
Jeff Cox,10-7-0,"5' 10""",155 lbs.,--,Orthodox,"Aug 02, 1968",:0.56,:25%,:1.69,:33%,:4.23,:50%,:80%,:0.0,http://ufcstats.com/fighter-details/c9bbf1a0285a8076
Bobby Escalante,5-6-0,--,130 lbs.,--,,--,:0.00,:0%,:0.00,:0%,:0.00,:0%,:0%,:0.0,http://ufcstats.com/fighter-details/f7ede18b4ec4ec1f
Angad Bisht,10-3-0,"5' 7""",125 lbs.,"67""",Orthodox,"Jun 05, 1995",:3.91,:51%,:4.56,:33%,:2.41,:37%,:100%,:0.0,http://ufcstats.com/fighter-details/7b4ae3fd439a05b6
Louis Jourdain,9-3-0,"5' 9""",135 lbs.,"69""",Orthodox,"Mar 13, 1997",:7.32,:49%,:2.44,:54%,:0.00,:0%,:66%,:1.4,http://ufcstats.com/fighter-details/91cd52cb92dfdd52
Sean Brady,18-1-0,"5' 10""",170 lbs.,"72""",Orthodox,"Nov 23, 1992",:4.00,:55%,:2.94,:59%,:3.62,:54%,:86%,:0.9,http://ufcstats.com/fighter-details/45f7cb591c3ab00b
Ryan McGillivray,12-0-1,"5' 11""",170 lbs.,--,,"Sep 27, 1986",:1.27,:20%,:2.20,:52%,:0.00,:0%,:44%,:0.0,http://ufcstats.com/fighter-details/1f9c371c93dfd3a9
Matthew Riddle,8-3-0 (2 NC),"6' 1""",170 lbs.,"76""",Southpaw,"Jan 14, 1986",:3.01,:42%,:2.74,:54%,:3.51,:50%,:89%,:0.5,http://ufcstats.com/fighter-details/d023ae89a2a4a41e
Shayna Baszler,15-11-0,"5' 7""",135 lbs.,--,Orthodox,"Aug 08, 1980",:2.49,:30%,:6.36,:51%,:0.67,:18%,:44%,:1.3,http://ufcstats.com/fighter-details/8ef4a91ac694b7ce
Nate Mohr,9-7-0,"5' 9""",155 lbs.,"72""",Orthodox,"Mar 03, 1983",:3.79,:41%,:2.50,:74%,:0.45,:50%,:71%,:0.0,http://ufcstats.com/fighter-details/04c15b52c3cc1cab
Alan Jouban,17-7-0,"6' 0""",170 lbs.,"73""",Southpaw,"Nov 25, 1981",:5.67,:50%,:3.77,:60%,:0.51,:44%,:58%,:0.3,http://ufcstats.com/fighter-details/cf65d56b0755ed3b
Juancamilo Ronderos,4-2-0,"5' 3""",125 lbs.,"64""",Southpaw,"Feb 17, 1995",:2.18,:30%,:2.18,:63%,:2.72,:33%,:0%,:0.0,http://ufcstats.com/fighter-details/4a043165cf47cab2
Paul Kelly,14-5-0,"5' 9""",155 lbs.,"70""",Orthodox,"Sep 12, 1984",:3.22,:37%,:2.61,:59%,:1.34,:60%,:30%,:1.5,http://ufcstats.com/fighter-details/aac5ac38148f0528
Chan Sung Jung,17-8-0,"5' 7""",145 lbs.,"72""",Orthodox,"Mar 17, 1987",:3.93,:41%,:4.52,:52%,:0.70,:44%,:72%,:0.6,http://ufcstats.com/fighter-details/c451d67c09c55418
In Su Hwang,8-2-0,"5' 11""",185 lbs.,"74""",Orthodox,"Jan 18, 1994",:2.47,:46%,:6.20,:44%,:0.00,:0%,:50%,:0.0,http://ufcstats.com/fighter-details/1c01d986283e6acb
Raheam Forest,7-2-0,"5' 11""",170 lbs.,"73""",Switch,"Jul 11, 1997",:5.32,:38%,:12.15,:42%,:0.00,:0%,:0%,:0.0,http://ufcstats.com/fighter-details/90390dd1b0791e7f
Oron Kahlon,16-1-0,"5' 8""",135 lbs.,"70""",Orthodox,"Nov 04, 1984",:0.85,:37%,:4.93,:36%,:0.00,:0%,:40%,:0.0,http://ufcstats.com/fighter-details/00a35c92b03992b0
Walt Harris,13-10-0 (1 NC),"6' 5""",250 lbs.,"77""",Southpaw,"Jun 10, 1983",:3.05,:39%,:3.33,:54%,:0.29,:28%,:70%,:0.1,http://ufcstats.com/fighter-details/03f982ca3735070c
Rob Kimmons,25-9-0,"5' 10""",185 lbs.,"73""",Orthodox,"Jan 30, 1981",:1.86,:48%,:4.79,:38%,:2.08,:46%,:25%,:2.4,http://ufcstats.com/fighter-details/054defd5420a551f
Tim Lajcik,7-6-1,"6' 1""",225 lbs.,--,Orthodox,"Jun 21, 1965",:0.00,:0%,:0.00,:0%,:0.00,:0%,:0%,:0.0,http://ufcstats.com/fighter-details/c7e9d15cfce52f1d
Trent Miller,8-3-0,"5' 9""",185 lbs.,"72""",Orthodox,"Oct 31, 1995",:2.11,:20%,:11.23,:48%,:0.00,:0%,:0%,:0.0,http://ufcstats.com/fighter-details/2b6a37a97541a4fd
EoJin Park,9-2-1,"6' 0""",145 lbs.,"71""",Orthodox,"Dec 26, 2001",:3.78,:40%,:3.92,:47%,:0.00,:0%,:0%,:0.0,http://ufcstats.com/fighter-details/f79e7f138bf50cc0
Ricardo Romero,11-3-0,"6' 0""",205 lbs.,"76""",Orthodox,"Apr 15, 1978",:2.17,:55%,:4.77,:46%,:1.63,:10%,:100%,:3.3,http://ufcstats.com/fighter-details/744e098e065cfdbe
Ben Askren,19-2-0 (1 NC),"5' 11""",170 lbs.,"73""",Orthodox,"Jul 18, 1984",:3.64,:49%,:5.66,:36%,:4.33,:55%,:0%,:0.9,http://ufcstats.com/fighter-details/0b31f87be71ebbb1
Islam Makhachev,27-1-0,"5' 10""",170 lbs.,"70""",Southpaw,"Oct 27, 1991",:2.63,:58%,:1.55,:61%,:3.20,:53%,:90%,:1.1,http://ufcstats.com/fighter-details/275aca31f61ba28c
Sergey Morozov,19-5-0,"5' 6""",135 lbs.,"67""",Orthodox,"Jun 14, 1989",:3.01,:43%,:2.97,:61%,:3.63,:31%,:68%,:0.0,http://ufcstats.com/fighter-details/2f6a993c7f547c13
Robelis Despaigne,5-2-0,"6' 7""",265 lbs.,"84""",Orthodox,"Sep 09, 1988",:2.11,:59%,:2.54,:46%,:0.00,:0%,:50%,:0.0,http://ufcstats.com/fighter-details/140567899d98978a
Jack Morrison,0-3-0,"5' 11""",205 lbs.,--,,--,:0.00,:0%,:19.31,:40%,:0.00,:0%,:0%,:0.0,http://ufcstats.com/fighter-details/38fccd44d669bb2f
Roman Mitichyan,8-3-0,"5' 10""",170 lbs.,--,Orthodox,"Sep 04, 1978",:0.26,:16%,:2.70,:43%,:1.93,:100%,:25%,:1.9,http://ufcstats.com/fighter-details/2961be02cfb0d2c1
Dorian Price,8-5-0,"6' 3""",170 lbs.,--,Southpaw,"Aug 20, 1977",:0.00,:0%,:0.00,:0%,:0.00,:0%,:0%,:0.0,http://ufcstats.com/fighter-details/ee4b670e159f4a33
Brock Larson,42-10-0,"5' 11""",170 lbs.,"71""",Southpaw,"Aug 23, 1977",:1.39,:46%,:1.50,:55%,:2.67,:34%,:43%,:2.0,http://ufcstats.com/fighter-details/5eedbf1e9601be35
Tommy Lee,25-6-0 (1 NC),"5' 7""",145 lbs.,--,Orthodox,"Jan 20, 1977",:0.00,:0%,:0.30,:75%,:4.57,:33%,:0%,:0.0,http://ufcstats.com/fighter-details/806975e1b4f47b27
Bobby Cooper,12-7-0,"6' 1""",155 lbs.,--,,--,:2.87,:25%,:3.40,:59%,:0.00,:0%,:40%,:1.0,http://ufcstats.com/fighter-details/1b51895e5572cfda
Andrews Nakahara,5-4-2,"6' 1""",185 lbs.,--,Orthodox,"Mar 12, 1983",:2.68,:44%,:1.90,:57%,:0.00,:0%,:72%,:0.4,http://ufcstats.com/fighter-details/7a9ca95a92d7b64c
Rhadi Ferguson,3-0-0,"5' 7""",205 lbs.,--,,--,:0.00,:0%,:0.00,:0%,:0.00,:0%,:0%,:0.0,http://ufcstats.com/fighter-details/15f4550e017f6c7d
Herdem Alacabek,5-1-0,"6' 2""",205 lbs.,"75""",Orthodox,"Jun 07, 1991",:3.84,:65%,:6.66,:23%,:2.06,:50%,:42%,:0.0,http://ufcstats.com/fighter-details/7578cc6bd750206b
Jeff Curran,36-18-1,"5' 6""",135 lbs.,"69""",Orthodox,"Sep 02, 1977",:1.54,:31%,:2.48,:60%,:0.35,:12%,:35%,:1.2,http://ufcstats.com/fighter-details/a8ea84cbe1655f0a
Harvey Park,12-3-0,"6' 0""",155 lbs.,"70""",Orthodox,"Mar 22, 1986",:3.77,:50%,:7.21,:33%,:0.00,:0%,:0%,:0.0,http://ufcstats.com/fighter-details/b709b534b6873744
Hugh Pulley,6-3-0,"6' 0""",155 lbs.,--,,--,:4.47,:63%,:3.27,:57%,:4.00,:66%,:69%,:0.0,http://ufcstats.com/fighter-details/308279bd246c211f
Baisangur Susurkaev,10-0-0,"6' 2""",185 lbs.,"79""",Orthodox,"Jan 08, 2001",:4.56,:58%,:2.88,:57%,:2.98,:28%,:100%,:1.5,http://ufcstats.com/fighter-details/d1feea7a4bdcd503
Louie Sutherland,10-3-0,"6' 3""",264 lbs.,"76""",Orthodox,"Feb 08, 1994",:0.00,:0%,:0.00,:0%,:0.00,:0%,:0%,:0.0,http://ufcstats.com/fighter-details/cdb7b38b1b357f26
Marcus Brimage,7-7-0,"5' 4""",135 lbs.,"71""",Southpaw,"Apr 06, 1985",:3.97,:35%,:3.64,:56%,:0.56,:100%,:80%,:0.0,http://ufcstats.com/fighter-details/81801f57bd0a7c41
Ion Cutelaba,19-11-1 (1 NC),"6' 1""",205 lbs.,"75""",Southpaw,"Dec 14, 1993",:4.26,:43%,:3.34,:47%,:3.77,:49%,:75%,:0.1,http://ufcstats.com/fighter-details/cd13728ae1151f46
Gian Villante,17-14-0,"6' 3""",230 lbs.,"76""",Orthodox,"Aug 18, 1985",:4.38,:44%,:5.47,:55%,:0.45,:23%,:83%,:0.0,http://ufcstats.com/fighter-details/fcd448a2fe1a23cc
Poliana Botelho,8-5-0,"5' 8""",125 lbs.,"67""",Orthodox,"Dec 15, 1988",:2.90,:58%,:2.80,:54%,:0.85,:57%,:76%,:0.0,http://ufcstats.com/fighter-details/5c126c6aac3ef364
Jon Jones,28-1-0 (1 NC),"6' 4""",248 lbs.,"84""",Orthodox,"Jul 19, 1987",:4.38,:58%,:2.24,:64%,:1.89,:45%,:95%,:0.5,http://ufcstats.com/fighter-details/07f72a2a7591b409
Stephen Bass,11-2-0,"5' 9""",145 lbs.,--,Orthodox,"Nov 14, 1982",:4.87,:52%,:5.87,:55%,:0.00,:0%,:0%,:0.0,http://ufcstats.com/fighter-details/1cecc8fe6748a532
Anthony Avila,13-5-0,"5' 7""",145 lbs.,--,,"Dec 29, 1988",:0.00,:0%,:0.00,:0%,:0.00,:0%,:0%,:0.0,http://ufcstats.com/fighter-details/033d19259f589457
Luciano Azevedo,17-9-1,"6' 3""",161 lbs.,--,Orthodox,"Jun 25, 1981",:0.76,:45%,:1.97,:27%,:2.28,:11%,:0%,:0.0,http://ufcstats.com/fighter-details/9bcfb40dbcd50568
Alexander Volkov,38-11-0,"6' 7""",250 lbs.,"80""",Orthodox,"Oct 24, 1988",:4.97,:57%,:2.99,:54%,:0.61,:66%,:72%,:0.2,http://ufcstats.com/fighter-details/279566840aa55bf2
Andy Wang,7-8-1 (1 NC),"5' 6""",155 lbs.,--,Orthodox,"May 28, 1977",:3.43,:36%,:10.29,:62%,:0.00,:0%,:0%,:0.0,http://ufcstats.com/fighter-details/476414d2f18cd059
Puja Tomar,9-5-0,"5' 4""",115 lbs.,"59""",Southpaw,"Dec 05, 1993",:5.61,:48%,:5.82,:46%,:0.00,:0%,:100%,:0.0,http://ufcstats.com/fighter-details/19f8a2f6eecd92ac
Mike Aina,14-6-1 (1 NC),"5' 9""",155 lbs.,--,Orthodox,"Dec 25, 1980",:2.87,:33%,:6.33,:59%,:0.00,:0%,:71%,:0.0,http://ufcstats.com/fighter-details/9e3dbb9c68ed5d1a
David Abbott,10-15-0,"6' 0""",265 lbs.,--,Switch,"Apr 26, 1965",:1.35,:30%,:3.55,:38%,:1.07,:33%,:66%,:0.0,http://ufcstats.com/fighter-details/b361180739bed4b0
Cristian Perez,13-2-0,"5' 9""",155 lbs.,"72""",Orthodox,"Aug 17, 1999",:1.31,:44%,:3.23,:41%,:3.46,:37%,:100%,:1.1,http://ufcstats.com/fighter-details/d84033157714ee94
John Salter,14-3-0,"6' 1""",185 lbs.,"74""",Southpaw,"Mar 21, 1985",:1.68,:32%,:1.68,:68%,:2.85,:46%,:66%,:0.5,http://ufcstats.com/fighter-details/010986ee359fb863
Paige VanZant,8-5-0,"5' 4""",115 lbs.,"65""",Orthodox,"Mar 26, 1994",:3.35,:52%,:2.62,:42%,:1.27,:33%,:34%,:1.0,http://ufcstats.com/fighter-details/4d5197f331c47290
Yasuhito Namekawa,25-16-4,"5' 9""",205 lbs.,--,Orthodox,"Oct 27, 1974",:0.14,:50%,:3.65,:38%,:2.11,:25%,:0%,:4.2,http://ufcstats.com/fighter-details/6083f497c22cc075
Vinicius Queiroz,8-4-0,"6' 7""",220 lbs.,--,Orthodox,"Aug 29, 1983",:3.67,:51%,:4.10,:41%,:5.07,:70%,:100%,:0.7,http://ufcstats.com/fighter-details/2a8502954f49e682
Andrew Martinez,9-6-0,"5' 9""",215 lbs.,--,,--,:3.40,:31%,:2.30,:47%,:1.50,:50%,:0%,:0.0,http://ufcstats.com/fighter-details/f8c2aba4815876b5
James Reese,11-10-0,"5' 9""",155 lbs.,--,,"Dec 21, 1980",:0.00,:0%,:0.00,:0%,:0.00,:0%,:0%,:0.0,http://ufcstats.com/fighter-details/e9ec08ebb3f92aa3
Joilton Lutterbach,38-9-0 (1 NC),"6' 1""",185 lbs.,"75""",Orthodox,"Nov 05, 1992",:0.00,:0%,:0.00,:0%,:0.00,:0%,:0%,:0.0,http://ufcstats.com/fighter-details/12630a4aa0894da8
Ismail Naurdiev,24-8-0,"5' 10""",185 lbs.,"74""",Orthodox,"Aug 18, 1996",:3.69,:52%,:1.77,:64%,:1.50,:40%,:73%,:0.2,http://ufcstats.com/fighter-details/6a96ad1bc34fb113
Nate Loughran,11-2-0,"6' 2""",185 lbs.,--,Orthodox,"Jul 28, 1980",:1.81,:40%,:4.11,:59%,:0.00,:0%,:0%,:2.1,http://ufcstats.com/fighter-details/cbf94e4c4af4ff6d
Helena Crevar,0-0-0,--,--,--,,--,:0.00,:0%,:0.00,:0%,:0.00,:0%,:0%,:0.0,http://ufcstats.com/fighter-details/a8c3ce469cb8b130
Chad Hanekom,9-3-0,"6' 4""",185 lbs.,"74""",Orthodox,"Apr 20, 1990",:0.73,:47%,:1.47,:33%,:0.00,:0%,:71%,:1.0,http://ufcstats.com/fighter-details/98533a2738124a0d
Angel De Anda,18-6-0,"5' 9""",225 lbs.,--,Orthodox,"May 28, 1985",:5.68,:46%,:6.32,:47%,:0.00,:0%,:0%,:0.0,http://ufcstats.com/fighter-details/4b450aa602611baa
Curtis Stout,11-12-1,"6' 1""",185 lbs.,--,Southpaw,"Nov 07, 1973",:0.69,:67%,:3.20,:29%,:0.00,:0%,:20%,:0.0,http://ufcstats.com/fighter-details/e09dbbd5fe3f0fe2
Brad Mitchell,4-2-0 (1 NC),"5' 11""",145 lbs.,--,,"Oct 10, 1974",:1.15,:33%,:4.20,:52%,:0.00,:0%,:100%,:1.9,http://ufcstats.com/fighter-details/7263e0dc082adc87
Steve Ramirez,5-2-0,"5' 7""",125 lbs.,--,,--,:0.00,:0%,:0.00,:0%,:0.00,:0%,:0%,:0.0,http://ufcstats.com/fighter-details/4311e9d23604205c
Garett Whiteley,7-3-0,"6' 0""",155 lbs.,"72""",Orthodox,"Dec 13, 1980",:3.72,:48%,:4.04,:46%,:0.00,:0%,:27%,:0.9,http://ufcstats.com/fighter-details/129537073431e52e
Kailin Curran,4-5-0,"5' 4""",115 lbs.,"65""",Orthodox,"Apr 11, 1991",:3.89,:43%,:4.75,:53%,:2.00,:57%,:61%,:0.6,http://ufcstats.com/fighter-details/05b43e0ead3df345
Alvaro Herrera Mendoza,9-6-0,"6' 0""",155 lbs.,"74""",Orthodox,"May 14, 1990",:1.89,:38%,:3.40,:55%,:0.00,:0%,:33%,:1.1,http://ufcstats.com/fighter-details/74d35fbc9c6a61bd
Dave Terrel,7-7-0,"5' 8""",170 lbs.,--,Southpaw,"May 10, 1978",:2.62,:43%,:2.80,:48%,:3.28,:38%,:100%,:0.0,http://ufcstats.com/fighter-details/b9aa0024f295609e
Gleison Tibau,33-14-0,"5' 10""",155 lbs.,"71""",Southpaw,"Oct 07, 1983",:1.95,:31%,:2.51,:63%,:4.08,:53%,:92%,:0.8,http://ufcstats.com/fighter-details/75e5fec9f72910ef
Alex Garcia,15-6-0,"5' 9""",170 lbs.,"72""",Orthodox,"Jul 14, 1987",:1.81,:31%,:3.03,:59%,:3.72,:52%,:66%,:0.1,http://ufcstats.com/fighter-details/a2b12c3f3d60ff69
Hugo Duarte,6-3-0,"6' 0""",240 lbs.,--,Orthodox,"Aug 09, 1968",:0.00,:0%,:0.00,:0%,:0.00,:0%,:0%,:0.0,http://ufcstats.com/fighter-details/706404da0775dcbc
Tom Lawlor,10-6-0 (1 NC),"6' 0""",205 lbs.,"74""",Southpaw,"May 15, 1983",:2.50,:42%,:2.41,:60%,:2.46,:32%,:57%,:1.4,http://ufcstats.com/fighter-details/4d44f37107f01b9b
Rickson Gracie,11-0-0,"5' 10""",185 lbs.,--,Switch,"Nov 20, 1958",:0.00,:0%,:0.00,:0%,:0.00,:0%,:0%,:0.0,http://ufcstats.com/fighter-details/194fc025f9355db6
Miles Johns,15-4-0 (1 NC),"5' 7""",135 lbs.,"68""",Orthodox,"Mar 30, 1994",:3.38,:44%,:2.99,:66%,:1.29,:26%,:83%,:0.0,http://ufcstats.com/fighter-details/46e0d677f91bacc0
Tofiq Musayev,22-6-0,"5' 9""",155 lbs.,"69""",Orthodox,"Dec 15, 1989",:0.44,:33%,:0.44,:71%,:0.00,:0%,:40%,:0.0,http://ufcstats.com/fighter-details/ae81a3ac7b260411
Bogdan Guskov,18-3-0,"6' 3""",205 lbs.,"76""",Orthodox,"Sep 12, 1992",:4.17,:55%,:3.30,:45%,:0.00,:0%,:57%,:1.1,http://ufcstats.com/fighter-details/ef5dcb10d2bd4b0f
Sam Fulton,0-2-0,--,--,--,,--,:0.00,:0%,:0.00,:0%,:0.00,:0%,:0%,:0.0,http://ufcstats.com/fighter-details/1f5f75658551f2d3
Ryan Keenan,6-2-0,"5' 10""",170 lbs.,--,,"Jun 15, 1985",:0.00,:0%,:0.00,:0%,:0.00,:0%,:0%,:0.0,http://ufcstats.com/fighter-details/a72b20136239ba39
Denise Gomes,11-3-0,"5' 2""",115 lbs.,"63""",Orthodox,"Dec 30, 1999",:4.59,:50%,:3.04,:51%,:1.19,:36%,:67%,:0.8,http://ufcstats.com/fighter-details/cffb87059e645bd1
Zygimantas Ramaska,9-3-0,"5' 11""",145 lbs.,"71""",Orthodox,"Dec 27, 1996",:0.96,:60%,:2.25,:30%,:0.00,:0%,:33%,:2.4,http://ufcstats.com/fighter-details/641ca2c2ed91b93c
Joseph Gigliotti,7-2-0,"5' 11""",185 lbs.,--,Orthodox,"Aug 13, 1993",:1.04,:39%,:2.92,:45%,:1.56,:100%,:50%,:0.8,http://ufcstats.com/fighter-details/83825fad27ab3581
Claudio Mattos,5-4-0,--,185 lbs.,--,Orthodox,--,:0.00,:0%,:3.53,:0%,:0.00,:0%,:0%,:0.0,http://ufcstats.com/fighter-details/6e2b1d631832921d
Kennedy Nzechukwu,14-6-0,"6' 5""",236 lbs.,"83""",Southpaw,"Jun 13, 1992",:5.33,:46%,:4.89,:51%,:0.55,:45%,:80%,:0.2,http://ufcstats.com/fighter-details/8667caa0451d245b
Eric Smith,1-1-0,--,--,--,Southpaw,--,:0.00,:0%,:0.00,:0%,:0.00,:0%,:0%,:0.0,http://ufcstats.com/fighter-details/9114c8ded5ccd71d
Rafael Alves,20-12-0,"5' 8""",155 lbs.,"68""",Orthodox,"Nov 14, 1990",:1.85,:48%,:3.30,:58%,:0.29,:25%,:44%,:1.5,http://ufcstats.com/fighter-details/029afd138865d20a
Dion Staring,35-14-0,"6' 1""",235 lbs.,--,Orthodox,"Jun 09, 1978",:1.09,:37%,:5.00,:47%,:0.00,:0%,:33%,:0.0,http://ufcstats.com/fighter-details/289a57039d742bfe
Azamat Gashimov,8-3-0,"5' 6""",125 lbs.,--,Orthodox,"Apr 07, 1990",:1.24,:21%,:4.75,:53%,:1.69,:25%,:0%,:0.0,http://ufcstats.com/fighter-details/a1b0715c4fd2dbd3
Teila Tuli,0-1-0,"6' 0""",430 lbs.,--,Orthodox,"Jun 14, 1969",:0.00,:0%,:0.00,:0%,:0.00,:0%,:0%,:0.0,http://ufcstats.com/fighter-details/96eff1a628adcc7f
Joachim Christensen,14-6-0,"6' 3""",205 lbs.,"76""",Orthodox,"Nov 07, 1978",:3.78,:41%,:3.29,:46%,:0.00,:0%,:0%,:0.0,http://ufcstats.com/fighter-details/2d447cc91bdaa545
Chris Brennan,21-13-1,"5' 8""",170 lbs.,--,Orthodox,"Oct 12, 1971",:0.60,:40%,:0.97,:50%,:0.00,:0%,:25%,:2.1,http://ufcstats.com/fighter-details/b19fc66613dc75b9
John Campetella,0-1-0,"5' 9""",235 lbs.,--,Orthodox,--,:0.00,:0%,:0.00,:0%,:0.00,:0%,:0%,:0.0,http://ufcstats.com/fighter-details/31bbd46d57dfbcb7
Jay Bogan,6-6-0,--,145 lbs.,--,,--,:0.00,:0%,:0.00,:0%,:0.00,:0%,:0%,:0.0,http://ufcstats.com/fighter-details/53c21779d84ceb75
Marcin Wrzosek,12-4-0,"5' 9""",155 lbs.,--,,"Oct 14, 1987",:3.47,:43%,:4.07,:43%,:3.00,:25%,:33%,:0.0,http://ufcstats.com/fighter-details/aac6edb0d5e0b7e9
Zhang Mingyang,19-7-0,"6' 2""",205 lbs.,"75""",Orthodox,"Aug 16, 1998",:7.71,:60%,:5.33,:43%,:0.00,:0%,:75%,:0.0,http://ufcstats.com/fighter-details/8a65fd9ba31fd3f7
Yusuke Imamura,2-6-0,"5' 8""",220 lbs.,--,Orthodox,"Aug 08, 1976",:0.18,:50%,:1.83,:52%,:2.75,:50%,:0%,:0.0,http://ufcstats.com/fighter-details/2ce6541127b0e232
Kenneth Alexander,7-6-0 (1 NC),"5' 9""",155 lbs.,--,Orthodox,"Sep 25, 1977",:0.88,:19%,:2.20,:66%,:4.71,:26%,:0%,:0.0,http://ufcstats.com/fighter-details/8fd76e1b49c00ae2
Donald Cerrone,36-17-0 (2 NC),"6' 1""",155 lbs.,"73""",Orthodox,"Mar 29, 1983",:4.41,:46%,:4.48,:53%,:1.16,:33%,:73%,:1.2,http://ufcstats.com/fighter-details/1d00756835ca67c9
Dylan Budka,7-5-0,"6' 0""",185 lbs.,"75""",Switch,"Jan 14, 2000",:1.06,:38%,:1.80,:42%,:1.93,:38%,:76%,:0.4,http://ufcstats.com/fighter-details/a817e238b2747404
Ramiro Hernandez,19-9-0,"5' 9""",135 lbs.,--,Orthodox,"Jul 22, 1986",:2.72,:28%,:5.51,:64%,:0.00,:0%,:0%,:0.0,http://ufcstats.com/fighter-details/915c8d39d4a0e7d1
Thanh Le,6-1-0,"5' 9""",145 lbs.,"74""",Orthodox,"Aug 28, 1985",:1.97,:40%,:1.82,:70%,:0.00,:0%,:100%,:0.0,http://ufcstats.com/fighter-details/882b3f5a0774d575
Kiril Sidelnikov,11-4-0,"5' 11""",230 lbs.,--,,"Aug 17, 1988",:2.87,:28%,:4.48,:61%,:0.00,:0%,:0%,:0.0,http://ufcstats.com/fighter-details/cf772fb504842dc3
Mackens Semerzier,8-4-0 (1 NC),"5' 9""",145 lbs.,"72""",Orthodox,"Nov 03, 1980",:2.91,:45%,:3.48,:46%,:2.14,:50%,:50%,:2.1,http://ufcstats.com/fighter-details/51b1e2fd9872005b
Jesse Jones,2-1-0,"5' 9""",170 lbs.,--,,--,:0.00,:0%,:0.00,:0%,:0.00,:0%,:0%,:0.0,http://ufcstats.com/fighter-details/bc0f994de0521926
Impa Kasanganay,9-2-0,"5' 11""",170 lbs.,"75""",Orthodox,"Jan 17, 1994",:4.96,:48%,:3.66,:58%,:1.75,:58%,:66%,:0.2,http://ufcstats.com/fighter-details/257b0c8d6f199895
Kyle Kurtz,7-5-0,--,170 lbs.,--,,--,:1.31,:36%,:2.95,:52%,:1.23,:20%,:0%,:2.5,http://ufcstats.com/fighter-details/b490def93478ae29
Omar Morales,11-4-0,"5' 11""",155 lbs.,"73""",Orthodox,"Oct 17, 1985",:3.42,:40%,:3.18,:58%,:0.46,:100%,:63%,:0.0,http://ufcstats.com/fighter-details/a0e6753c42698f13
Leonardo Mafra,13-4-0,"5' 10""",155 lbs.,"70""",Orthodox,"Apr 25, 1989",:4.55,:48%,:4.38,:43%,:2.12,:83%,:69%,:0.4,http://ufcstats.com/fighter-details/8bbc0cfc01bc1ba1
Roman Dolidze,15-4-0,"6' 2""",185 lbs.,"76""",Orthodox,"Jul 15, 1988",:3.41,:41%,:3.72,:48%,:0.99,:39%,:26%,:0.8,http://ufcstats.com/fighter-details/327d5f279895110d
Marques Daniels,5-5-0,--,155 lbs.,--,,--,:0.00,:0%,:0.00,:0%,:0.00,:0%,:0%,:0.0,http://ufcstats.com/fighter-details/55a80a9365bc107d
Caolan Loughran,10-2-0,"5' 6""",135 lbs.,"68""",Orthodox,"May 18, 1996",:4.73,:42%,:5.20,:52%,:3.00,:34%,:87%,:0.0,http://ufcstats.com/fighter-details/42ac4020cba261ad
Philip Preece,10-14-0,"5' 8""",205 lbs.,--,Orthodox,--,:0.80,:72%,:0.70,:63%,:0.00,:0%,:0%,:0.0,http://ufcstats.com/fighter-details/6597b611f1c32555
Crosley Gracie,2-2-0,"5' 9""",190 lbs.,--,Orthodox,"Jul 18, 1979",:1.69,:37%,:1.54,:60%,:3.46,:85%,:50%,:0.6,http://ufcstats.com/fighter-details/52d92050a046bc17
Leon Aliu,10-2-0,"6' 0""",185 lbs.,"74""",Orthodox,"Jul 14, 1989",:6.32,:50%,:10.11,:38%,:0.00,:0%,:0%,:0.0,http://ufcstats.com/fighter-details/6db394bf6c3b017c
Ricky Glenn,22-9-2,"6' 0""",170 lbs.,"70""",Southpaw,"Apr 12, 1989",:3.79,:42%,:4.30,:51%,:0.72,:13%,:69%,:0.4,http://ufcstats.com/fighter-details/814ff3018127e8fc
Alberto Montes,11-1-0,"5' 7""",145 lbs.,"69""",Orthodox,"May 31, 1994",:4.98,:66%,:4.85,:57%,:0.00,:0%,:66%,:9.8,http://ufcstats.com/fighter-details/a112097ad877a48f
Bill Algeo,18-9-0,"6' 0""",145 lbs.,"73""",Switch,"Jun 09, 1989",:5.88,:51%,:4.38,:47%,:1.03,:50%,:55%,:0.1,http://ufcstats.com/fighter-details/9abc648e76c4493a
Anton Berzin,5-1-0,"6' 2""",205 lbs.,--,Orthodox,"Sep 29, 1989",:4.40,:46%,:6.80,:67%,:2.00,:28%,:0%,:1.0,http://ufcstats.com/fighter-details/8ba8e8d7eafa7267
Neal Ewing,6-0-0,--,185 lbs.,--,,"Sep 30, 1985",:2.27,:60%,:1.93,:48%,:5.00,:62%,:0%,:0.0,http://ufcstats.com/fighter-details/0798f558681d0eb5
Joanne Wood,17-8-0,"5' 6""",125 lbs.,"65""",Orthodox,"Dec 23, 1985",:7.10,:51%,:4.89,:51%,:1.52,:55%,:58%,:0.3,http://ufcstats.com/fighter-details/12f91bfa8f1f723b
Paddy Pimblett,23-3-0,"5' 10""",155 lbs.,"73""",Orthodox,"Jan 03, 1995",:5.19,:53%,:3.14,:42%,:0.96,:28%,:50%,:1.7,http://ufcstats.com/fighter-details/7826923b47f8d72a
Kevin Vallejos,16-1-0,"5' 7""",145 lbs.,"68""",Switch,"Dec 08, 2001",:6.28,:45%,:5.23,:57%,:0.84,:33%,:83%,:0.0,http://ufcstats.com/fighter-details/239d8e5359022f3b
Jorge Santiago,25-12-0,"6' 1""",170 lbs.,"75""",Orthodox,"Oct 09, 1980",:1.69,:35%,:2.62,:56%,:0.58,:30%,:52%,:0.8,http://ufcstats.com/fighter-details/f8dc544e7077d014
Carlos Vera,12-4-0,"5' 6""",135 lbs.,"69""",Orthodox,"Nov 05, 1987",:1.53,:57%,:2.79,:49%,:0.00,:0%,:25%,:1.6,http://ufcstats.com/fighter-details/07f959e6596307bb
Pablo Villaseca,12-3-0,"5' 7""",155 lbs.,--,,"Jan 26, 1987",:2.79,:42%,:3.25,:65%,:2.50,:50%,:33%,:0.0,http://ufcstats.com/fighter-details/34f93dfbd43b2144
Yoshihiro Akiyama,14-6-0 (2 NC),"5' 10""",170 lbs.,"75""",Orthodox,"Jul 29, 1975",:3.10,:41%,:3.62,:57%,:2.29,:67%,:92%,:1.0,http://ufcstats.com/fighter-details/b0550072e5f0afa7
Ottman Azaitar,13-3-0,"5' 8""",155 lbs.,"71""",Switch,"Feb 20, 1990",:4.43,:44%,:4.11,:52%,:0.00,:0%,:100%,:0.0,http://ufcstats.com/fighter-details/ee18ff42063174df
Khamzat Chimaev,15-0-0,"6' 2""",185 lbs.,"75""",Orthodox,"May 01, 1994",:4.04,:60%,:2.32,:43%,:5.29,:55%,:85%,:1.8,http://ufcstats.com/fighter-details/767755fd74662dbf
Priscila Cachoeira,13-7-0,"5' 7""",135 lbs.,"65""",Orthodox,"Aug 19, 1988",:4.11,:44%,:7.23,:43%,:0.15,:33%,:67%,:0.0,http://ufcstats.com/fighter-details/b1e5bcaad32a3cac
Kyle Daukaus,16-4-0 (1 NC),"6' 2""",185 lbs.,"76""",Southpaw,"Feb 27, 1993",:3.25,:53%,:2.93,:42%,:2.11,:25%,:82%,:1.9,http://ufcstats.com/fighter-details/d6c0cdd7e467c440
Jenel Lausa,7-5-0,"5' 5""",125 lbs.,"68""",Orthodox,"Aug 01, 1988",:1.44,:42%,:3.53,:53%,:0.55,:66%,:51%,:0.8,http://ufcstats.com/fighter-details/ec664422b22d9787
Serghei Spivac,17-6-0,"6' 3""",260 lbs.,"78""",Orthodox,"Jan 24, 1995",:3.45,:48%,:4.25,:50%,:4.21,:62%,:63%,:0.5,http://ufcstats.com/fighter-details/e2f6b2769aaedd6c
Bo Nickal,7-1-0,"6' 1""",185 lbs.,"76""",Southpaw,"Jan 14, 1996",:2.36,:59%,:2.11,:58%,:3.34,:53%,:100%,:2.9,http://ufcstats.com/fighter-details/35673bf5204524ee
Doug Evans,13-10-0,"5' 9""",155 lbs.,--,Orthodox,"Oct 10, 1980",:1.79,:35%,:2.55,:55%,:3.19,:83%,:69%,:0.6,http://ufcstats.com/fighter-details/d3de4a24f7eefac8
Donnie Liles,17-7-0,"5' 9""",170 lbs.,--,Orthodox,--,:2.25,:41%,:1.75,:65%,:2.50,:28%,:0%,:1.2,http://ufcstats.com/fighter-details/a1bf037613180253
Manny Bermudez,14-2-0,"5' 10""",145 lbs.,"71""",Orthodox,"Jul 16, 1994",:2.92,:61%,:2.68,:46%,:3.06,:54%,:0%,:3.1,http://ufcstats.com/fighter-details/2dc1bc1a02961656
Amiran Gogoladze,14-3-0,"6' 1""",170 lbs.,"74""",Switch,"Dec 09, 1997",:1.64,:66%,:0.82,:0%,:0.00,:0%,:0%,:0.0,http://ufcstats.com/fighter-details/5d1636b6c1688502
Niklas Stolze,12-6-0,"6' 1""",155 lbs.,"74""",Switch,"Dec 28, 1992",:2.12,:48%,:2.25,:49%,:0.66,:100%,:55%,:0.7,http://ufcstats.com/fighter-details/62f7097c04311193
Sean Strickland,29-7-0,"6' 1""",185 lbs.,"76""",Orthodox,"Feb 27, 1991",:5.95,:42%,:4.57,:60%,:0.73,:64%,:76%,:0.2,http://ufcstats.com/fighter-details/0d8011111be000b2
John Yoo,0-1-0,--,135 lbs.,--,,--,:0.00,:0%,:0.00,:0%,:0.00,:0%,:0%,:0.0,http://ufcstats.com/fighter-details/40eb2aef4d5577d4
Raulian Paiva,21-5-0,"5' 8""",135 lbs.,"69""",Orthodox,"Oct 17, 1995",:4.14,:42%,:5.01,:48%,:0.65,:23%,:77%,:0.2,http://ufcstats.com/fighter-details/82b4e942781b1046
Ahejiang Ailinuer,15-3-0,--,145 lbs.,--,,--,:0.00,:0%,:0.00,:0%,:0.00,:0%,:0%,:0.0,http://ufcstats.com/fighter-details/ff584c17bccbae0b
Colin Fletcher,14-8-0,"6' 2""",155 lbs.,--,Orthodox,"Jan 08, 1983",:3.10,:34%,:2.97,:62%,:0.00,:0%,:27%,:0.0,http://ufcstats.com/fighter-details/7d09200f6a77b20e
Chris Beal,10-5-0,"5' 7""",125 lbs.,"69""",Orthodox,"Aug 06, 1985",:3.45,:35%,:3.18,:61%,:1.60,:58%,:78%,:0.2,http://ufcstats.com/fighter-details/55f446032177b119
Kenny Robertson,15-5-0,"5' 10""",170 lbs.,"74""",Orthodox,"Feb 14, 1984",:3.72,:47%,:3.02,:52%,:1.37,:26%,:57%,:0.8,http://ufcstats.com/fighter-details/6e0273f9478be71e
Yosdenis Cedeno,10-6-1,"5' 8""",155 lbs.,"69""",Orthodox,"Feb 12, 1985",:1.64,:29%,:1.60,:67%,:0.00,:0%,:31%,:0.3,http://ufcstats.com/fighter-details/3e61082025db8137
Kazuki Okubo,7-9-0,"5' 11""",175 lbs.,--,Orthodox,"Jun 30, 1979",:1.53,:38%,:1.97,:46%,:0.51,:25%,:36%,:2.0,http://ufcstats.com/fighter-details/33454ad90754cb49
Gabe Ruediger,18-8-0,"5' 10""",155 lbs.,--,Orthodox,"Aug 29, 1977",:1.70,:31%,:5.16,:41%,:2.04,:11%,:28%,:0.0,http://ufcstats.com/fighter-details/ccba80d4820ef557
Kolton Englund,9-4-0,"5' 10""",155 lbs.,"69""",Orthodox,"Jul 09, 1993",:2.31,:25%,:11.54,:40%,:0.00,:0%,:0%,:0.0,http://ufcstats.com/fighter-details/4122da4f791b2f4f
Clayton Carpenter,8-1-0,"5' 6""",125 lbs.,"66""",Orthodox,"Jun 09, 1996",:3.91,:55%,:2.75,:55%,:2.23,:46%,:42%,:1.5,http://ufcstats.com/fighter-details/b62d5280966b2460
Bazigit Atajev,17-1-0,"6' 1""",230 lbs.,--,Orthodox,"Mar 12, 1979",:0.87,:41%,:3.14,:49%,:1.00,:33%,:0%,:0.0,http://ufcstats.com/fighter-details/fd7acf42bd6e7e95
Nick Bustamante,5-3-0,"5' 9""",170 lbs.,--,,--,:0.00,:0%,:0.00,:0%,:0.00,:0%,:0%,:0.0,http://ufcstats.com/fighter-details/51b1ca2a4b064101
Vinicius Oliveira,23-3-0,"5' 9""",135 lbs.,"70""",Switch,"Nov 30, 1995",:5.28,:43%,:2.89,:57%,:1.67,:50%,:80%,:0.2,http://ufcstats.com/fighter-details/18d01f7f8338ae72
Tobias Harila,12-3-0,--,--,--,,"Jan 13, 1994",:0.00,:0%,:0.00,:0%,:0.00,:0%,:0%,:0.0,http://ufcstats.com/fighter-details/4d1e92b61bcef308
Sam Hoger,10-4-0,"6' 2""",205 lbs.,--,Orthodox,"Jun 28, 1980",:1.07,:25%,:2.25,:57%,:1.12,:38%,:29%,:1.3,http://ufcstats.com/fighter-details/84a067c46306a737
Yurij Kiseliov,5-4-0,"5' 8""",185 lbs.,--,Orthodox,"Jul 29, 1976",:4.88,:87%,:0.00,:0%,:0.00,:0%,:50%,:0.0,http://ufcstats.com/fighter-details/51d2aaaca56e5b40
Alex Schoenauer,15-10-0,"6' 3""",185 lbs.,--,Orthodox,"May 05, 1976",:1.22,:40%,:2.27,:42%,:0.00,:0%,:22%,:4.9,http://ufcstats.com/fighter-details/fdfef29ba17ee525
Christos Giagos,20-12-0,"5' 10""",155 lbs.,"71""",Orthodox,"Jan 23, 1990",:3.03,:41%,:3.21,:50%,:2.84,:36%,:52%,:0.4,http://ufcstats.com/fighter-details/de45aaae23dfa392
Wade Shipp,11-5-0,"6' 3""",245 lbs.,--,Orthodox,"Feb 09, 1975",:4.29,:86%,:2.14,:0%,:0.00,:0%,:75%,:0.0,http://ufcstats.com/fighter-details/a9a314cc77d90b6e
Melquizael Costa,24-7-0,"5' 10""",145 lbs.,"71""",Southpaw,"Sep 14, 1996",:4.44,:49%,:3.09,:54%,:1.96,:38%,:58%,:1.2,http://ufcstats.com/fighter-details/20bccc9bb4ceb23e
Lucas Alexander,8-5-0,"5' 11""",145 lbs.,"73""",Orthodox,"Jul 28, 1995",:4.69,:57%,:2.87,:56%,:0.00,:0%,:60%,:0.0,http://ufcstats.com/fighter-details/11583163f45c7b31
Harris Sarmiento,36-26-0,"5' 9""",155 lbs.,--,Orthodox,"Sep 09, 1983",:0.84,:25%,:3.46,:36%,:2.36,:60%,:57%,:0.0,http://ufcstats.com/fighter-details/026b4f7049085842
Chris Guillen,13-16-0,"6' 0""",240 lbs.,--,Orthodox,"Dec 09, 1972",:0.82,:27%,:1.91,:36%,:0.00,:0%,:0%,:0.0,http://ufcstats.com/fighter-details/da0f33e4255f99eb
Augusto Sakai,16-5-1,"6' 3""",265 lbs.,"77""",Orthodox,"May 09, 1991",:4.60,:49%,:3.83,:48%,:0.23,:40%,:56%,:0.0,http://ufcstats.com/fighter-details/441eacbe20e0e80b
Hugo Govea,0-1-0,--,--,--,,--,:0.00,:0%,:0.00,:0%,:0.00,:0%,:0%,:0.0,http://ufcstats.com/fighter-details/2391a73686200c5d
David Roberts,5-8-0,"6' 1""",170 lbs.,--,Orthodox,"Nov 15, 1975",:0.00,:0%,:0.00,:0%,:0.00,:0%,:0%,:0.0,http://ufcstats.com/fighter-details/775bad6d700d2302
Rana Rudra Pratap Singh,11-2-0,"5' 10""",135 lbs.,"69""",Orthodox,"May 09, 1997",:0.00,:0%,:9.05,:27%,:0.00,:0%,:0%,:0.0,http://ufcstats.com/fighter-details/254ed71756cfd18c
Yohan Banks,2-1-0,--,--,--,,--,:0.00,:0%,:0.00,:0%,:0.00,:0%,:0%,:0.0,http://ufcstats.com/fighter-details/c50ea21fe9ef478d
Jason Guida,19-28-0 (2 NC),"5' 10""",214 lbs.,--,,"Aug 04, 1977",:1.87,:40%,:3.33,:52%,:1.00,:14%,:50%,:1.0,http://ufcstats.com/fighter-details/ce25b4ed82b1811b
Andrew Todhunter,8-0-0,"6' 0""",185 lbs.,--,Switch,"Nov 30, 1987",:0.00,:0%,:0.00,:0%,:0.00,:0%,:0%,:0.0,http://ufcstats.com/fighter-details/274ca7b799b402cc
Albert Tumenov,18-4-0,"5' 11""",170 lbs.,"73""",Orthodox,"Dec 26, 1991",:3.76,:42%,:3.34,:58%,:0.20,:20%,:75%,:0.0,http://ufcstats.com/fighter-details/ff6a1f63c254127e
Terrance Saeteurn,8-2-0,"5' 6""",125 lbs.,"67""",Orthodox,"May 30, 1995",:3.82,:40%,:3.82,:52%,:0.00,:0%,:0%,:0.0,http://ufcstats.com/fighter-details/a78f7a9135eb6249
Blake Bilder,8-2-1,"5' 8""",145 lbs.,"68""",Switch,"Jul 12, 1990",:3.81,:48%,:4.15,:53%,:0.31,:7%,:71%,:0.6,http://ufcstats.com/fighter-details/5095b0920a3602aa
Paulo Cesar Silva,2-6-0,"7' 5""",385 lbs.,--,Orthodox,"Jul 21, 1963",:0.40,:15%,:2.72,:47%,:0.42,:100%,:16%,:0.4,http://ufcstats.com/fighter-details/55b8dc4e54fe2c59
Brendan O'Reilly,6-3-0 (1 NC),"5' 7""",170 lbs.,"69""",Orthodox,"Jun 24, 1987",:1.90,:47%,:2.77,:39%,:2.22,:43%,:36%,:0.6,http://ufcstats.com/fighter-details/494b0bfdbac74502
Tadao Yasuda,2-4-0,"6' 4""",310 lbs.,--,Orthodox,"Oct 09, 1963",:2.70,:73%,:0.85,:60%,:0.75,:14%,:0%,:0.0,http://ufcstats.com/fighter-details/49e7e05f902479ca
Scott Graham,3-1-0,"6' 4""",185 lbs.,--,Orthodox,--,:0.91,:42%,:2.27,:28%,:0.00,:0%,:0%,:0.0,http://ufcstats.com/fighter-details/6e4acc2c115215b5
Malik Lewis,6-2-0,"6' 0""",155 lbs.,"75""",Orthodox,"Mar 04, 1996",:4.16,:45%,:5.66,:40%,:3.98,:40%,:50%,:0.0,http://ufcstats.com/fighter-details/f60dbe6e05489c4f
Daniel Kelly,13-4-0,"6' 0""",185 lbs.,"70""",Southpaw,"Oct 31, 1977",:3.62,:38%,:4.64,:61%,:1.86,:34%,:78%,:0.3,http://ufcstats.com/fighter-details/bdcbb976816fd256
Zarah Fairn,6-6-0,"5' 8""",135 lbs.,"72""",Orthodox,"Dec 10, 1983",:4.55,:31%,:7.40,:45%,:0.00,:0%,:60%,:0.0,http://ufcstats.com/fighter-details/862b0b3375aa4b6e
Brian Foster,27-10-0,"5' 9""",170 lbs.,"71""",Orthodox,"Apr 03, 1984",:3.30,:39%,:1.63,:65%,:3.67,:60%,:37%,:1.8,http://ufcstats.com/fighter-details/3dc3022232b79c7a
Denis Tiuliulin,10-10-0 (1 NC),"6' 1""",185 lbs.,"77""",Orthodox,"May 17, 1988",:3.61,:41%,:5.23,:38%,:0.96,:42%,:72%,:0.0,http://ufcstats.com/fighter-details/0112352cb32f5026
Tom Tuggle,0-3-0,"6' 2""",250 lbs.,--,Orthodox,--,:0.00,:0%,:2.14,:0%,:32.14,:100%,:0%,:0.0,http://ufcstats.com/fighter-details/b9aa7d230865b5fe
Don Carlo-Clauss,10-7-0,--,170 lbs.,--,,--,:1.44,:30%,:7.68,:43%,:0.00,:0%,:66%,:0.0,http://ufcstats.com/fighter-details/f59a6de8a5dfe297
Drew Dober,27-15-0 (1 NC),"5' 8""",155 lbs.,"70""",Southpaw,"Oct 19, 1988",:4.36,:40%,:4.33,:51%,:0.66,:17%,:56%,:0.1,http://ufcstats.com/fighter-details/519e4fe37ce9ff75
Cody Gibson,22-11-0,"5' 10""",135 lbs.,"71""",Orthodox,"Sep 11, 1987",:3.61,:45%,:3.18,:57%,:2.13,:37%,:69%,:0.6,http://ufcstats.com/fighter-details/700a674c042b7a96
Brad Royster,1-2-0,--,135 lbs.,--,,--,:0.00,:0%,:0.00,:0%,:0.00,:0%,:0%,:0.0,http://ufcstats.com/fighter-details/09f8c233de88998d
Cody Sons,3-7-0,"5' 9""",205 lbs.,--,,--,:0.00,:0%,:0.00,:0%,:0.00,:0%,:0%,:0.0,http://ufcstats.com/fighter-details/3324129f3745b300
Mohammed Usman,12-4-0,"6' 2""",239 lbs.,"79""",Orthodox,"Apr 01, 1989",:3.85,:39%,:4.27,:51%,:0.56,:14%,:66%,:0.0,http://ufcstats.com/fighter-details/da7f113b5ea39c43
Danny Mitchell,19-9-1,"6' 2""",170 lbs.,--,Orthodox,"Aug 08, 1986",:2.53,:49%,:2.53,:52%,:0.00,:0%,:100%,:3.0,http://ufcstats.com/fighter-details/c06d554ce1713fd3
Eliezer Kubanza,7-1-0,"5' 9""",170 lbs.,"74""",Orthodox,"Dec 23, 1997",:2.11,:50%,:6.97,:37%,:0.00,:0%,:100%,:0.0,http://ufcstats.com/fighter-details/66579081831db7b0
Daniel Rodriguez,20-5-0,"6' 1""",170 lbs.,"74""",Southpaw,"Dec 31, 1986",:7.20,:49%,:5.40,:57%,:0.51,:50%,:64%,:0.1,http://ufcstats.com/fighter-details/8a1f3b5c526cd6e6
James Zikic,21-10-2,"6' 2""",205 lbs.,--,Orthodox,"Mar 01, 1977",:1.47,:35%,:1.60,:44%,:0.50,:25%,:74%,:0.5,http://ufcstats.com/fighter-details/4b4fc3ddc307bc73
Jimi Manuwa,17-6-0,"6' 1""",205 lbs.,"79""",Orthodox,"Feb 18, 1980",:3.43,:54%,:3.97,:49%,:0.53,:18%,:70%,:0.4,http://ufcstats.com/fighter-details/1e1dbd1cc5a7469e
Dustin Ortiz,19-8-0,"5' 5""",125 lbs.,"65""",Orthodox,"Dec 25, 1988",:2.94,:44%,:2.17,:56%,:3.01,:36%,:52%,:0.1,http://ufcstats.com/fighter-details/f53c1f4ceeed8c08
Matt Wiman,16-10-0,"5' 10""",155 lbs.,"68""",Orthodox,"Sep 19, 1983",:3.17,:50%,:3.57,:51%,:2.13,:37%,:56%,:1.5,http://ufcstats.com/fighter-details/eb29176b03dfa888
Tyler Diamond,9-1-0,"5' 7""",145 lbs.,"69""",Orthodox,"Mar 18, 1991",:3.40,:47%,:2.53,:44%,:3.00,:75%,:70%,:0.0,http://ufcstats.com/fighter-details/f5f6419c5f00abad
Mark Holst,12-6-0,"6' 0""",155 lbs.,--,Orthodox,"Aug 14, 1985",:0.25,:19%,:1.67,:47%,:0.76,:100%,:60%,:2.3,http://ufcstats.com/fighter-details/c11f50e9c1513ce9
Uros Medic,11-3-0,"6' 1""",170 lbs.,"71""",Southpaw,"Apr 25, 1993",:5.47,:60%,:3.50,:56%,:0.36,:50%,:55%,:0.0,http://ufcstats.com/fighter-details/681399317dbf4701
Rameau Thierry Sokoudjou,18-18-0,"5' 10""",205 lbs.,"78""",Orthodox,"Apr 18, 1984",:2.26,:45%,:2.61,:56%,:1.93,:47%,:78%,:0.9,http://ufcstats.com/fighter-details/d1152823307d7e7c
Bobby Flynn,6-4-0,--,170 lbs.,--,,--,:0.38,:25%,:0.77,:0%,:0.00,:0%,:0%,:0.0,http://ufcstats.com/fighter-details/c97fc5fbf7d32b8a
Alen Amedovski,8-4-0,"5' 10""",185 lbs.,"74""",Orthodox,"Apr 06, 1988",:0.99,:30%,:3.85,:46%,:0.00,:0%,:0%,:0.0,http://ufcstats.com/fighter-details/70fa1c64a2c439ef
Chris Tickle,9-9-0,"5' 9""",155 lbs.,--,,"Feb 01, 1982",:1.07,:40%,:1.13,:43%,:1.00,:25%,:20%,:2.0,http://ufcstats.com/fighter-details/1d1b85389a05df69
Darren Till,18-5-1,"6' 0""",185 lbs.,"74""",Southpaw,"Dec 24, 1992",:2.30,:46%,:3.31,:56%,:0.55,:46%,:69%,:0.0,http://ufcstats.com/fighter-details/9ce6d5a03af801b7
Pat Miletich,29-7-2,"5' 10""",170 lbs.,--,Orthodox,"Mar 09, 1968",:1.79,:45%,:1.66,:63%,:1.96,:100%,:54%,:1.0,http://ufcstats.com/fighter-details/cedfdf8d423d500c
Miguel Torres,44-9-0,"5' 9""",135 lbs.,"76""",Orthodox,"Jan 18, 1981",:3.98,:43%,:1.86,:74%,:0.00,:0%,:17%,:1.6,http://ufcstats.com/fighter-details/33b2f68ef95252e0
Norman Parke,23-6-1,"5' 11""",155 lbs.,"70""",Southpaw,"Dec 22, 1986",:3.06,:35%,:2.88,:64%,:1.98,:26%,:77%,:0.0,http://ufcstats.com/fighter-details/14ff46596ad80609
Oluwale Bamgbose,6-4-0,"5' 11""",185 lbs.,"78""",Switch,"Aug 04, 1987",:2.45,:48%,:2.70,:55%,:0.94,:33%,:37%,:0.0,http://ufcstats.com/fighter-details/04b39f4e8eb59d7c
Court McGee,23-14-0,"5' 11""",170 lbs.,"75""",Orthodox,"Dec 12, 1984",:4.50,:36%,:3.65,:60%,:1.78,:24%,:70%,:0.5,http://ufcstats.com/fighter-details/523fa774700d7d3f
Ilir Latifi,17-9-0 (1 NC),"5' 10""",230 lbs.,"73""",Orthodox,"Jul 28, 1982",:2.05,:45%,:2.93,:56%,:2.11,:35%,:100%,:0.3,http://ufcstats.com/fighter-details/e9a3aeb207578eea
Motoki Miyazawa,7-3-0,"5' 11""",168 lbs.,--,Southpaw,"Apr 23, 1985",:1.23,:28%,:3.91,:61%,:0.00,:0%,:0%,:0.0,http://ufcstats.com/fighter-details/9649d75defe0dedb
Steve Erceg,13-4-0,"5' 8""",125 lbs.,"68""",Orthodox,"Jul 27, 1995",:4.00,:45%,:3.79,:52%,:1.15,:27%,:62%,:0.4,http://ufcstats.com/fighter-details/32ab52e5de93092d
Joey Gilbert,2-3-0,"5' 11""",155 lbs.,--,Orthodox,"Jun 05, 1976",:0.61,:42%,:4.44,:31%,:0.00,:0%,:0%,:0.0,http://ufcstats.com/fighter-details/6bb1d2b714d4b3bc
Emil Meek,9-5-1 (1 NC),"5' 11""",170 lbs.,"74""",Switch,"Aug 20, 1988",:2.52,:39%,:2.53,:38%,:0.25,:33%,:47%,:1.0,http://ufcstats.com/fighter-details/103b06d8707895a9
Jamey Simmons,7-4-0,"5' 6""",135 lbs.,"70""",Orthodox,"Sep 11, 1992",:0.79,:21%,:1.92,:74%,:0.00,:0%,:50%,:0.0,http://ufcstats.com/fighter-details/f0fad0e9f3b65752
Jean Francois Lenogue,16-17-3,"6' 0""",185 lbs.,--,Orthodox,"Nov 29, 1972",:1.13,:34%,:0.27,:60%,:0.00,:0%,:33%,:0.0,http://ufcstats.com/fighter-details/e60201cfab7d656d
Dave Martin,0-2-0,"6' 0""",205 lbs.,--,,--,:0.00,:0%,:0.00,:0%,:0.00,:0%,:0%,:0.0,http://ufcstats.com/fighter-details/92c96df8bdab5fea
Montana De La Rosa,13-9-1,"5' 7""",125 lbs.,"68""",Orthodox,"Feb 14, 1995",:2.90,:37%,:3.39,:45%,:1.85,:33%,:68%,:0.8,http://ufcstats.com/fighter-details/80d8aed0ca9b00f3
Lv Zhenhong,16-6-0,"5' 8""",145 lbs.,"67""",Switch,"Jun 25, 1993",:0.00,:0%,:0.00,:0%,:0.00,:0%,:0%,:0.0,http://ufcstats.com/fighter-details/5a4913108a3b9190
Justin Salas,12-7-0,"5' 8""",155 lbs.,"70""",Southpaw,"Mar 13, 1982",:3.42,:43%,:2.96,:68%,:2.43,:20%,:0%,:0.0,http://ufcstats.com/fighter-details/9b198c73e3d0d289
Donavon Hedrick,6-1-0,"5' 11""",185 lbs.,"76""",Orthodox,"Mar 21, 1997",:2.70,:47%,:1.77,:61%,:3.12,:33%,:42%,:0.0,http://ufcstats.com/fighter-details/1004099ab87faa8d
Noe Hernandez,5-5-0,--,--,--,Orthodox,--,:0.00,:0%,:0.00,:0%,:0.00,:0%,:0%,:0.0,http://ufcstats.com/fighter-details/df2cf66d8c0123db
Bruno Oliveira,8-2-0,"6' 4""",205 lbs.,"80""",Orthodox,"May 02, 1984",:3.44,:33%,:4.92,:54%,:0.00,:0%,:0%,:0.0,http://ufcstats.com/fighter-details/1e85912c9bab7e2b
Roberto Traven,6-4-1,"6' 3""",227 lbs.,--,Orthodox,"Sep 16, 1968",:0.92,:50%,:2.77,:57%,:0.00,:0%,:0%,:0.0,http://ufcstats.com/fighter-details/20ec0061400178ca
JJ Ambrose,28-7-0 (2 NC),"5' 10""",170 lbs.,--,Orthodox,"Feb 06, 1987",:3.16,:69%,:6.32,:33%,:0.00,:0%,:50%,:0.0,http://ufcstats.com/fighter-details/d562b12b8fe88336
Damir Ismagulov,24-3-0,"5' 10""",155 lbs.,"74""",Orthodox,"Feb 03, 1991",:3.36,:42%,:2.44,:61%,:1.00,:28%,:70%,:0.0,http://ufcstats.com/fighter-details/135d124172a0bea3
Henry Martinez,9-4-0,"5' 7""",155 lbs.,"69""",Southpaw,"Aug 07, 1983",:2.79,:25%,:4.01,:60%,:0.00,:0%,:80%,:0.0,http://ufcstats.com/fighter-details/76729a829623e266
Kiran Singh,7-4-0,"5' 1""",115 lbs.,"65""",Orthodox,"Jul 25, 2000",:0.00,:0%,:19.51,:23%,:0.00,:0%,:0%,:0.0,http://ufcstats.com/fighter-details/f985ca2370a37078
Carmelo Marrero,16-6-0 (1 NC),"6' 0""",205 lbs.,"73""",Orthodox,"Jan 26, 1981",:0.84,:34%,:2.04,:54%,:3.21,:36%,:36%,:0.9,http://ufcstats.com/fighter-details/aa03a3ca00ac6827
Erin Blanchfield,13-2-0,"5' 4""",125 lbs.,"66""",Orthodox,"May 04, 1999",:5.24,:44%,:4.21,:59%,:1.86,:31%,:80%,:0.8,http://ufcstats.com/fighter-details/669970f7feba8ecd
Vitor Miranda,12-5-0,"6' 1""",185 lbs.,"77""",Orthodox,"Mar 10, 1979",:2.98,:45%,:2.95,:58%,:0.95,:55%,:50%,:0.2,http://ufcstats.com/fighter-details/4bcb6eb12b4ad4aa
Khaos Williams,15-5-0,"6' 0""",170 lbs.,"77""",Orthodox,"Mar 30, 1994",:4.94,:39%,:5.39,:40%,:0.00,:0%,:51%,:0.0,http://ufcstats.com/fighter-details/2558ae2e5671e318
Ozzy Diaz,10-3-0,"6' 4""",185 lbs.,"79""",Orthodox,"Nov 22, 1990",:6.44,:50%,:7.23,:59%,:0.00,:0%,:50%,:0.0,http://ufcstats.com/fighter-details/6967153c7edb4d87
Scott Ettling,4-2-0,--,135 lbs.,--,,--,:0.00,:0%,:0.54,:83%,:8.04,:100%,:0%,:0.0,http://ufcstats.com/fighter-details/74b5736f1df40be3
Roger Bowling,12-6-0 (1 NC),"5' 9""",155 lbs.,"68""",Orthodox,"Dec 05, 1982",:3.90,:47%,:3.86,:51%,:3.09,:43%,:27%,:0.9,http://ufcstats.com/fighter-details/3b9f723e2720a238
Macksom Lee,9-1-0,"6' 1""",135 lbs.,"75""",Orthodox,"Jan 06, 1999",:0.87,:44%,:2.13,:50%,:0.00,:0%,:63%,:1.0,http://ufcstats.com/fighter-details/9fd299c8356cbf0f
Shane Primm,5-5-0,"6' 3""",205 lbs.,--,Orthodox,"Jul 30, 1984",:0.83,:26%,:2.25,:62%,:1.78,:20%,:0%,:0.0,http://ufcstats.com/fighter-details/5114f1b5ad4cdf72
Punahele Soriano,12-4-0,"5' 11""",170 lbs.,"72""",Southpaw,"Nov 22, 1992",:4.66,:54%,:3.42,:47%,:1.83,:48%,:40%,:0.1,http://ufcstats.com/fighter-details/64facb6cc564262d
Luana Pinheiro,11-5-0,"5' 2""",115 lbs.,"62""",Orthodox,"Nov 18, 1992",:3.29,:39%,:4.06,:60%,:2.33,:37%,:71%,:0.2,http://ufcstats.com/fighter-details/a3a542074109b347
John Polakowski,2-2-0,"5' 10""",155 lbs.,--,Orthodox,"Jun 21, 1981",:2.60,:26%,:2.83,:50%,:0.00,:0%,:87%,:0.7,http://ufcstats.com/fighter-details/b18fb36a4aa00093
Derrick Burnsed,1-0-3,--,155 lbs.,--,,--,:0.00,:0%,:0.00,:0%,:0.00,:0%,:0%,:0.0,http://ufcstats.com/fighter-details/2213330f082f82d5
Jimmy Ambriz,17-21-1,"6' 2""",315 lbs.,--,Southpaw,"Jan 26, 1970",:0.83,:29%,:3.76,:40%,:3.13,:57%,:100%,:0.8,http://ufcstats.com/fighter-details/c912f676692c353a
Brian Warren,18-17-1,"6' 0""",185 lbs.,--,Orthodox,"Jun 05, 1974",:1.16,:21%,:4.63,:57%,:0.00,:0%,:0%,:0.0,http://ufcstats.com/fighter-details/c4c4c7dd26c15d91
Justice Torres,12-4-0,"5' 7""",145 lbs.,"66""",Southpaw,"Oct 19, 1997",:0.79,:22%,:8.29,:53%,:5.92,:50%,:0%,:0.0,http://ufcstats.com/fighter-details/01762e1d4ff4dc51
Mike Pyle,27-14-1,"6' 0""",170 lbs.,"74""",Orthodox,"Sep 18, 1975",:2.74,:45%,:2.84,:60%,:1.80,:35%,:70%,:1.5,http://ufcstats.com/fighter-details/f5990c11974d8e9c
Josh Neer,36-16-1,"5' 11""",170 lbs.,"72""",Orthodox,"Mar 24, 1983",:3.29,:46%,:3.63,:58%,:1.09,:34%,:46%,:1.3,http://ufcstats.com/fighter-details/d1a1314976c50bef
Sulangrangbo,10-3-0,"5' 9""",135 lbs.,"66""",Southpaw,"Jul 17, 2005",:4.15,:51%,:2.98,:60%,:0.00,:0%,:100%,:0.0,http://ufcstats.com/fighter-details/1dd1a3aacde66f72
Eldari Kurtanidze,0-1-0,"5' 6""",235 lbs.,--,Orthodox,"Apr 16, 1972",:0.47,:20%,:3.72,:60%,:0.00,:0%,:0%,:0.0,http://ufcstats.com/fighter-details/4c78fc005a53831d
Kai Asakura,21-6-0,"5' 8""",125 lbs.,"69""",Orthodox,"Oct 31, 1993",:2.27,:32%,:3.53,:52%,:0.00,:0%,:50%,:0.0,http://ufcstats.com/fighter-details/d33da8a3d82bdb62
Gil Castillo,8-5-0,"5' 9""",170 lbs.,--,Southpaw,"Oct 21, 1965",:0.60,:45%,:2.22,:44%,:3.33,:45%,:50%,:0.0,http://ufcstats.com/fighter-details/31ceaf0e670c1578
Shunichi Shimizu,30-18-11 (1 NC),"5' 5""",135 lbs.,--,Orthodox,"Jan 31, 1985",:0.14,:33%,:4.68,:30%,:0.00,:0%,:0%,:0.0,http://ufcstats.com/fighter-details/10657c60ce349e0f
Keith Berish,5-1-0 (1 NC),"6' 0""",205 lbs.,--,Orthodox,"Nov 14, 1985",:3.58,:36%,:4.81,:62%,:1.76,:40%,:0%,:0.0,http://ufcstats.com/fighter-details/e3779ef06e98f185
Peter Danesoe,8-4-0,"5' 9""",135 lbs.,"68""",Orthodox,"Sep 01, 2000",:4.99,:52%,:6.73,:38%,:0.00,:0%,:62%,:0.0,http://ufcstats.com/fighter-details/5f119b24c0f9679c
Ismael Bonfim,20-5-0,"5' 8""",155 lbs.,"71""",Orthodox,"Dec 28, 1995",:5.73,:55%,:3.10,:70%,:0.96,:33%,:76%,:0.0,http://ufcstats.com/fighter-details/eb393afdbe3293d5
Scott Morris,2-1-0,"5' 10""",210 lbs.,--,Orthodox,--,:0.00,:0%,:0.00,:0%,:0.00,:0%,:0%,:0.0,http://ufcstats.com/fighter-details/be9d259be012e8a4
Sandra Lavado,10-3-0,"5' 7""",115 lbs.,"66""",Orthodox,"May 03, 1994",:0.87,:37%,:2.67,:34%,:0.00,:0%,:33%,:0.0,http://ufcstats.com/fighter-details/aa6da8cb3a26da04
Shane del Rosario,11-2-0,"6' 4""",250 lbs.,--,Southpaw,"Sep 23, 1983",:3.93,:60%,:2.97,:54%,:1.20,:40%,:16%,:2.4,http://ufcstats.com/fighter-details/85980f5da429c0a6
Takanori Gomi,35-14-0 (1 NC),"5' 7""",155 lbs.,"70""",Southpaw,"Sep 22, 1978",:3.81,:41%,:3.52,:60%,:1.23,:65%,:63%,:0.8,http://ufcstats.com/fighter-details/3be081c29bf734d9
Asjabharan,7-6-0,"5' 6""",135 lbs.,--,,"Jul 31, 1992",:0.00,:0%,:0.00,:0%,:0.00,:0%,:0%,:0.0,http://ufcstats.com/fighter-details/8be9deb7d6b36354
Germaine de Randamie,10-5-0,"5' 9""",135 lbs.,"71""",Orthodox,"Apr 24, 1984",:2.57,:46%,:2.00,:65%,:0.00,:0%,:65%,:0.4,http://ufcstats.com/fighter-details/1d239d571e342453
Vanilto Antunes,16-7-0,"6' 0""",170 lbs.,"72""",Orthodox,"Dec 28, 1994",:5.49,:48%,:14.27,:43%,:0.00,:0%,:0%,:0.0,http://ufcstats.com/fighter-details/cc49ada1ea955b13
Ren Yawei,9-4-0,"5' 9""",155 lbs.,"69""",Orthodox,"Feb 07, 1998",:4.67,:64%,:5.32,:36%,:0.00,:0%,:66%,:1.4,http://ufcstats.com/fighter-details/b2d9758cdd124143
Joe Camacho,13-19-3,"5' 9""",155 lbs.,--,Orthodox,"Mar 10, 1972",:0.31,:17%,:5.00,:42%,:0.00,:0%,:0%,:0.0,http://ufcstats.com/fighter-details/dfb965c9824425db
Tom Niinimaki,22-8-1,"5' 9""",145 lbs.,"69""",Orthodox,"Jul 25, 1982",:1.91,:54%,:2.31,:58%,:2.97,:46%,:33%,:0.5,http://ufcstats.com/fighter-details/5fceb45939fc0c8a
Elvis Sinosic,7-11-2,"6' 3""",205 lbs.,"77""",Orthodox,"Feb 13, 1971",:1.13,:37%,:4.60,:53%,:0.00,:0%,:0%,:1.2,http://ufcstats.com/fighter-details/817e0bdf08efce2e
Austin Lingo,9-3-0,"5' 10""",145 lbs.,"70""",Orthodox,"Jul 10, 1994",:3.86,:37%,:4.86,:57%,:0.43,:66%,:75%,:0.0,http://ufcstats.com/fighter-details/305d73ede05e31ad
Shingo Kohara,1-0-0,"5' 6""",135 lbs.,--,,--,:0.00,:0%,:0.00,:0%,:0.00,:0%,:0%,:0.0,http://ufcstats.com/fighter-details/44c233770075cea1
Raou Raou,0-1-0,"5' 8""",195 lbs.,--,Orthodox,--,:2.01,:16%,:6.75,:60%,:0.00,:0%,:0%,:0.0,http://ufcstats.com/fighter-details/ed069a95aaaf4f56
Elisha Helsper,0-4-0,"5' 6""",135 lbs.,--,Orthodox,"Feb 06, 1983",:0.00,:0%,:0.00,:0%,:0.00,:0%,:0%,:0.0,http://ufcstats.com/fighter-details/0971be7d94e109e1
Kyosuke Sasaki,3-7-4,"5' 7""",183 lbs.,--,Southpaw,"Oct 07, 1979",:0.33,:45%,:0.93,:46%,:0.00,:0%,:0%,:0.0,http://ufcstats.com/fighter-details/23bd78c3f89bdb54
Keith Mielke,0-5-0,"5' 8""",185 lbs.,--,,--,:0.00,:0%,:0.00,:0%,:0.00,:0%,:0%,:0.0,http://ufcstats.com/fighter-details/f62850b3c7480db9
Waylon Kennell,6-2-0,"6' 0""",185 lbs.,--,,--,:0.00,:0%,:0.00,:0%,:0.00,:0%,:0%,:0.0,http://ufcstats.com/fighter-details/9b8a73b59be8d786
Chris Kelades,9-3-0,"5' 7""",125 lbs.,"68""",Orthodox,"Feb 21, 1981",:2.40,:43%,:2.64,:48%,:1.04,:18%,:53%,:0.3,http://ufcstats.com/fighter-details/56c9acc4e86046a2
Kemran Lachinov,3-2-0,--,170 lbs.,--,,--,:0.00,:0%,:0.00,:0%,:0.00,:0%,:0%,:0.0,http://ufcstats.com/fighter-details/eb84192d1a97f69e
Logan Urban,5-1-0 (1 NC),"6' 0""",170 lbs.,"72""",Orthodox,"Apr 22, 1994",:2.55,:66%,:16.60,:27%,:0.00,:0%,:0%,:0.0,http://ufcstats.com/fighter-details/5e23f30e9c6ed74e
Bryan Barberena,18-12-0,"6' 0""",185 lbs.,"72""",Southpaw,"May 03, 1989",:5.35,:48%,:4.59,:44%,:0.13,:22%,:50%,:0.3,http://ufcstats.com/fighter-details/a331233f597090a5
Ray Borg,13-5-0,"5' 4""",135 lbs.,"63""",Orthodox,"Aug 04, 1993",:1.52,:52%,:1.93,:48%,:3.89,:50%,:46%,:1.0,http://ufcstats.com/fighter-details/a4de54ea806fb525
Marcus Buchecha,5-2-0,"6' 2""",255 lbs.,"77""",Orthodox,"Jan 08, 1990",:1.60,:40%,:2.73,:52%,:1.00,:9%,:0%,:0.0,http://ufcstats.com/fighter-details/095854a135e6db55
Victor Reyna,11-5-0 (1 NC),"5' 11""",170 lbs.,"74""",Southpaw,"Aug 05, 1986",:5.80,:63%,:4.75,:42%,:0.00,:0%,:100%,:0.0,http://ufcstats.com/fighter-details/e9bbcc6530e4cbe6
Chad Sutton,2-2-0,"6' 1""",185 lbs.,--,,"Aug 07, 1982",:0.00,:0%,:0.00,:0%,:0.00,:0%,:0%,:0.0,http://ufcstats.com/fighter-details/556347e2b0e33979
Pat Benson,3-5-3,"5' 9""",155 lbs.,--,,"Jul 14, 1974",:0.00,:0%,:0.00,:0%,:0.00,:0%,:0%,:0.0,http://ufcstats.com/fighter-details/a25f3dc0df974597
Yui Chul Nam,18-8-1,"5' 9""",145 lbs.,--,Orthodox,"Jul 16, 1981",:3.53,:51%,:2.00,:48%,:1.33,:16%,:57%,:0.3,http://ufcstats.com/fighter-details/a00ec21cfbba17b6
Billy Miles,2-2-0,"5' 10""",170 lbs.,--,Orthodox,"Apr 28, 1978",:0.00,:0%,:1.25,:33%,:0.00,:0%,:0%,:0.0,http://ufcstats.com/fighter-details/3c48019bc387b80c
Josh Bumgarner,6-4-0,"6' 1""",170 lbs.,--,,"May 21, 1981",:0.00,:0%,:0.00,:0%,:0.00,:0%,:0%,:0.0,http://ufcstats.com/fighter-details/9900ab86a4c458bd
Geoff Neal,16-7-0,"5' 11""",170 lbs.,"75""",Southpaw,"Aug 28, 1990",:5.05,:51%,:5.48,:57%,:0.54,:45%,:87%,:0.1,http://ufcstats.com/fighter-details/b997be68943010fc
Gideon Ray,17-15-1,"5' 10""",185 lbs.,--,Southpaw,"May 27, 1973",:2.08,:40%,:2.58,:53%,:1.49,:100%,:0%,:0.0,http://ufcstats.com/fighter-details/ea3ef6206c7907d5
Bas Rutten,28-4-1,"6' 1""",205 lbs.,--,Orthodox,"Feb 24, 1965",:5.59,:61%,:2.06,:79%,:0.00,:0%,:0%,:0.0,http://ufcstats.com/fighter-details/03688dc3c3af3ac1
Akiyo Nishiura,13-8-1,"5' 8""",139 lbs.,--,Southpaw,"Aug 08, 1983",:1.59,:57%,:1.26,:57%,:0.00,:0%,:52%,:0.3,http://ufcstats.com/fighter-details/6c9383ffab2725a5
Alice Pereira,6-1-0,"5' 8""",135 lbs.,"71""",Orthodox,"Dec 20, 2005",:2.47,:31%,:3.00,:72%,:0.00,:0%,:100%,:0.0,http://ufcstats.com/fighter-details/81d2c551886bd5a1
Dan Christison,20-7-0,"6' 8""",265 lbs.,--,Orthodox,"Apr 26, 1972",:4.23,:51%,:3.88,:54%,:0.00,:0%,:37%,:1.1,http://ufcstats.com/fighter-details/b369533a577fa97c
Scott Adams,8-1-0,"6' 0""",225 lbs.,--,Southpaw,--,:0.00,:0%,:0.00,:0%,:0.00,:0%,:0%,:0.0,http://ufcstats.com/fighter-details/2620f3eb21c79614
Royce Gracie,15-2-3,"6' 1""",175 lbs.,--,Southpaw,"Dec 12, 1966",:0.88,:41%,:1.13,:37%,:0.00,:0%,:66%,:0.8,http://ufcstats.com/fighter-details/429e7d3725852ce9
Ty Flores,7-3-0,"6' 3""",205 lbs.,"73""",Switch,"Dec 22, 1993",:2.00,:37%,:7.80,:25%,:1.00,:9%,:0%,:0.0,http://ufcstats.com/fighter-details/4bb0f74d5e26f89a
James Irvin,17-10-0 (2 NC),"6' 2""",205 lbs.,"75""",Orthodox,"Sep 12, 1978",:2.03,:48%,:3.86,:35%,:0.00,:0%,:36%,:0.5,http://ufcstats.com/fighter-details/a7f4d0902bb64092
Felix Klinkhammer,7-0-0,"6' 0""",170 lbs.,--,,--,:0.00,:0%,:0.00,:0%,:0.00,:0%,:0%,:0.0,http://ufcstats.com/fighter-details/8276f28f1ad087de
Veta Arteaga,3-1-0,"5' 7""",125 lbs.,--,,--,:3.20,:36%,:1.92,:65%,:0.00,:0%,:40%,:0.0,http://ufcstats.com/fighter-details/91e3388e69060e69
Ihor Potieria,20-8-0,"6' 3""",185 lbs.,"75""",Southpaw,"May 29, 1996",:4.44,:50%,:4.96,:50%,:0.73,:18%,:66%,:0.0,http://ufcstats.com/fighter-details/260bd4cef10b033f
Issa Isakov,10-3-0,"5' 9""",155 lbs.,"70""",Orthodox,"Oct 22, 1989",:1.93,:36%,:5.78,:40%,:0.00,:0%,:0%,:0.0,http://ufcstats.com/fighter-details/e9095aeb36f2aeb8
Alexander Hernandez,18-8-0,"5' 9""",155 lbs.,"72""",Orthodox,"Oct 01, 1992",:4.31,:40%,:4.50,:59%,:1.14,:36%,:73%,:0.1,http://ufcstats.com/fighter-details/262a7d06203657e6
Marcelo Rojo,16-10-0,"5' 8""",145 lbs.,"71""",Orthodox,"Jul 02, 1988",:4.92,:39%,:6.42,:55%,:0.46,:50%,:66%,:0.0,http://ufcstats.com/fighter-details/2804ce8dadab5770
Sabah Homasi,11-8-0,"6' 0""",170 lbs.,"72""",Orthodox,"Oct 19, 1988",:4.98,:48%,:6.91,:47%,:2.80,:50%,:66%,:0.0,http://ufcstats.com/fighter-details/71f048adbfed5b49
Todd Medina,11-9-0 (1 NC),"5' 10""",193 lbs.,--,Southpaw,"Apr 30, 1970",:0.00,:0%,:0.00,:0%,:0.00,:0%,:0%,:0.0,http://ufcstats.com/fighter-details/b60391da771deefe
Ray Steinbeiss,14-7-0,"5' 11""",170 lbs.,--,Orthodox,"Sep 12, 1979",:0.00,:0%,:0.00,:100%,:0.00,:0%,:0%,:0.0,http://ufcstats.com/fighter-details/6000b5ae6c462142
Kevin Jordan,11-9-0,"6' 3""",245 lbs.,--,Orthodox,"Dec 31, 1970",:2.00,:40%,:1.91,:55%,:0.00,:0%,:77%,:0.6,http://ufcstats.com/fighter-details/02e52b3a595f0786
Karl Amoussou,27-7-2,"5' 11""",185 lbs.,--,Orthodox,"Nov 21, 1985",:1.47,:34%,:2.67,:54%,:0.00,:0%,:25%,:1.0,http://ufcstats.com/fighter-details/23a8c33869bf5392
Forrest Griffin,19-7-0,"6' 3""",205 lbs.,"77""",Orthodox,"Mar 16, 1979",:4.38,:36%,:2.81,:61%,:1.05,:48%,:57%,:0.7,http://ufcstats.com/fighter-details/fcffee71cff5530e
Bahatebole Batebolati,10-1-1,"5' 8""",170 lbs.,"71""",Southpaw,"Sep 12, 1997",:4.02,:45%,:4.83,:61%,:1.34,:66%,:100%,:0.0,http://ufcstats.com/fighter-details/8f313e9c3a39c06e
Nate James,14-8-1,"6' 0""",185 lbs.,--,,"May 29, 1978",:1.33,:42%,:2.67,:28%,:0.00,:0%,:44%,:0.0,http://ufcstats.com/fighter-details/a34fecf2f4e5a317
Daijiro Matsui,13-29-7,"5' 9""",200 lbs.,--,Orthodox,"Dec 05, 1972",:0.84,:45%,:1.69,:55%,:1.83,:30%,:43%,:0.4,http://ufcstats.com/fighter-details/cd42bbe8887bba90
Phil Johns,30-14-1,"5' 2""",170 lbs.,--,Southpaw,"Oct 22, 1968",:1.20,:66%,:1.80,:50%,:0.00,:0%,:50%,:0.0,http://ufcstats.com/fighter-details/a8fa0c4e95512806
Fabiano Scherner,11-10-0 (3 NC),"6' 3""",257 lbs.,--,Orthodox,"Jun 30, 1972",:1.31,:31%,:3.20,:38%,:1.09,:33%,:40%,:0.0,http://ufcstats.com/fighter-details/0bc7e61d204f2137
Igor Pokrajac,28-13-0 (1 NC),"6' 0""",205 lbs.,"74""",Orthodox,"Jan 02, 1979",:2.25,:45%,:4.26,:40%,:0.87,:29%,:51%,:0.2,http://ufcstats.com/fighter-details/53278852bcd91e11
Eryk Anders,17-9-0 (1 NC),"6' 1""",185 lbs.,"75""",Southpaw,"Apr 21, 1987",:3.51,:48%,:4.09,:50%,:1.75,:24%,:80%,:0.1,http://ufcstats.com/fighter-details/cad24459b28592ca
Aaron Phillips,12-5-0,"5' 9""",135 lbs.,"71""",Southpaw,"Aug 05, 1989",:1.51,:53%,:3.66,:43%,:0.86,:50%,:44%,:0.6,http://ufcstats.com/fighter-details/34c2b3656f88f7ef
Lee Murray,8-2-1 (1 NC),"6' 3""",185 lbs.,--,Orthodox,"Sep 12, 1977",:0.36,:15%,:3.28,:32%,:0.90,:100%,:42%,:1.8,http://ufcstats.com/fighter-details/32016899d0a222a3
Lara Procopio,7-2-0,"5' 4""",125 lbs.,"67""",Orthodox,"Nov 14, 1995",:5.64,:58%,:6.50,:47%,:3.15,:47%,:50%,:0.3,http://ufcstats.com/fighter-details/e99821959a840bb8
Shonte Barnes,6-2-1,"5' 11""",185 lbs.,"76""",Southpaw,"Feb 09, 1987",:2.32,:38%,:1.55,:67%,:0.00,:0%,:60%,:0.0,http://ufcstats.com/fighter-details/e575b6ff678c1aca
George Pacurariu,10-5-0,"5' 7""",135 lbs.,--,,"Jul 28, 1984",:4.69,:53%,:2.68,:63%,:5.03,:100%,:100%,:5.0,http://ufcstats.com/fighter-details/c51da79b0346b5b7
Armen Petrosyan,9-5-0,"6' 3""",185 lbs.,"71""",Orthodox,"Nov 03, 1990",:5.84,:53%,:3.31,:53%,:0.17,:33%,:41%,:0.0,http://ufcstats.com/fighter-details/369ea36e450ae62a
Naho Sugiyuma,12-5-0,"5' 1""",105 lbs.,--,,"Feb 03, 1978",:2.59,:48%,:2.45,:71%,:2.05,:100%,:66%,:0.0,http://ufcstats.com/fighter-details/b205d4f2ff44bc89
Alan Baudot,8-3-0 (2 NC),"6' 3""",243 lbs.,"79""",Orthodox,"Feb 01, 1988",:5.36,:58%,:4.82,:46%,:0.00,:0%,:62%,:0.0,http://ufcstats.com/fighter-details/c9a94278df042f46
Kazuhiro Hamanaka,5-7-1,"6' 0""",185 lbs.,--,Southpaw,"Oct 24, 1978",:1.70,:37%,:0.91,:60%,:0.00,:0%,:50%,:0.0,http://ufcstats.com/fighter-details/1b4d6971bb18b82c
Carl Deaton,17-7-0 (2 NC),"5' 7""",155 lbs.,"69""",Orthodox,"Nov 24, 1989",:1.53,:31%,:1.85,:61%,:0.00,:0%,:50%,:0.0,http://ufcstats.com/fighter-details/914a897455693650
Jimmy Crute,14-4-2,"6' 2""",205 lbs.,"74""",Orthodox,"Mar 04, 1996",:4.15,:52%,:3.65,:42%,:4.39,:52%,:58%,:2.0,http://ufcstats.com/fighter-details/70e1f8a821b72c8b
Scott Harper,12-7-0,"6' 0""",185 lbs.,--,Orthodox,"Apr 14, 1972",:1.30,:54%,:4.98,:47%,:3.25,:100%,:0%,:0.0,http://ufcstats.com/fighter-details/14a433bccba87016
Nick Fiore,6-2-0,"5' 10""",155 lbs.,"72""",Orthodox,"Dec 10, 1997",:2.83,:46%,:7.93,:42%,:2.50,:45%,:71%,:0.0,http://ufcstats.com/fighter-details/036e96c1c12b8a59
Rene Kronvold,5-1-0,"5' 8""",170 lbs.,--,Orthodox,"Jan 03, 1970",:0.82,:100%,:2.47,:60%,:0.00,:0%,:66%,:4.1,http://ufcstats.com/fighter-details/db05271715bb4874
Danilo Marques,11-4-0,"6' 6""",205 lbs.,"77""",Orthodox,"Dec 26, 1985",:1.44,:79%,:2.52,:52%,:3.93,:28%,:0%,:0.8,http://ufcstats.com/fighter-details/687c15b2eddfaa63
Rodrigo de Lima,8-3-1,"5' 7""",155 lbs.,--,Orthodox,"Mar 12, 1991",:1.29,:33%,:5.50,:32%,:2.66,:36%,:0%,:1.3,http://ufcstats.com/fighter-details/a4dc47001f202bcd
Jared Hamman,14-6-0,"6' 3""",185 lbs.,"75""",Orthodox,"Mar 07, 1982",:5.15,:42%,:3.93,:55%,:1.57,:46%,:30%,:0.0,http://ufcstats.com/fighter-details/23459ee7e373b98f
Julia Budd,10-2-0,"5' 7""",145 lbs.,"67""",,"Jul 04, 1983",:2.42,:74%,:1.18,:47%,:3.60,:57%,:83%,:0.0,http://ufcstats.com/fighter-details/dcdc4503b9d49977
AJ Cunningham,11-5-0,"5' 10""",135 lbs.,"71""",Orthodox,"Sep 07, 1994",:4.22,:29%,:6.31,:48%,:0.00,:0%,:46%,:0.5,http://ufcstats.com/fighter-details/d1053e55f00e53fe
Mo Miller,6-0-0,"5' 8""",135 lbs.,"72""",Orthodox,"Aug 10, 1992",:1.87,:45%,:1.33,:60%,:4.00,:80%,:0%,:0.0,http://ufcstats.com/fighter-details/39019970ac8543e9
Sidney Silva,8-4-0,"6' 3""",170 lbs.,--,Southpaw,"Feb 27, 1972",:2.86,:65%,:3.30,:34%,:3.30,:100%,:0%,:0.0,http://ufcstats.com/fighter-details/a6c32678efd4f434
Aaron Trujillo,0-1-0,"5' 5""",125 lbs.,--,,--,:0.00,:0%,:0.00,:0%,:0.00,:0%,:0%,:0.0,http://ufcstats.com/fighter-details/cc18abc046b382c9
Yorgan De Castro,6-3-0,"6' 0""",250 lbs.,"74""",Orthodox,"Dec 19, 1986",:2.46,:43%,:3.85,:53%,:0.00,:0%,:77%,:0.0,http://ufcstats.com/fighter-details/1eff7bc0f815b270
Mitchell Sipe,4-1-0,"6' 2""",245 lbs.,--,Orthodox,"Apr 09, 1996",:5.50,:56%,:9.98,:46%,:1.53,:20%,:0%,:0.0,http://ufcstats.com/fighter-details/71ef1111bf829b82
Yin Shuai,18-6-0,"5' 5""",125 lbs.,"66""",Southpaw,"Jan 01, 1997",:4.42,:43%,:4.22,:54%,:4.33,:41%,:83%,:0.0,http://ufcstats.com/fighter-details/a78dc3910554dbae
Nick Aguirre,7-2-0,"5' 9""",135 lbs.,"74""",Southpaw,"Jan 15, 1996",:0.73,:33%,:2.89,:45%,:1.16,:20%,:33%,:0.6,http://ufcstats.com/fighter-details/0978385b2bd9ef9b
Vinicius Cenci,7-2-0,"6' 1""",155 lbs.,"74""",Orthodox,"Nov 24, 1995",:2.90,:48%,:2.69,:62%,:1.61,:50%,:0%,:0.0,http://ufcstats.com/fighter-details/f21a152aaa3e95c6
Stoney Hale,5-3-0,"6' 0""",--,--,,"Oct 18, 1979",:0.00,:0%,:0.00,:0%,:0.00,:0%,:0%,:0.0,http://ufcstats.com/fighter-details/206a7d47eb62170e
Evangelista Santos,21-18-0,"5' 10""",170 lbs.,"76""",Orthodox,"Dec 12, 1977",:3.94,:36%,:6.01,:49%,:0.78,:100%,:50%,:0.4,http://ufcstats.com/fighter-details/99bf06f20491cb54
Pawel Nastula,5-6-0,"6' 0""",230 lbs.,--,Southpaw,"Jun 26, 1970",:1.30,:43%,:1.73,:50%,:3.00,:60%,:0%,:1.5,http://ufcstats.com/fighter-details/154a6b3ffae264cd
Jeremiah O'Neal,13-25-0,"5' 8""",260 lbs.,--,,"Oct 25, 1977",:1.15,:40%,:7.50,:23%,:0.00,:0%,:0%,:0.0,http://ufcstats.com/fighter-details/338fda4ec7034c5d
Sergio Pettis,18-5-0,"5' 6""",125 lbs.,"69""",Orthodox,"Aug 18, 1993",:3.88,:37%,:2.91,:65%,:0.85,:40%,:67%,:0.4,http://ufcstats.com/fighter-details/de75d1c45a39e221
Joey Gomez,6-2-0,"5' 10""",135 lbs.,"73""",Orthodox,"Jul 21, 1986",:2.44,:28%,:4.46,:55%,:0.62,:100%,:50%,:0.0,http://ufcstats.com/fighter-details/0778f94eb5d588a5
Jeff Crotty,1-1-0,--,155 lbs.,--,,--,:0.93,:35%,:3.33,:54%,:5.00,:38%,:0%,:1.0,http://ufcstats.com/fighter-details/98601a40e9d96047
Calvin Kattar,23-10-0,"5' 11""",145 lbs.,"72""",Orthodox,"Mar 26, 1988",:4.41,:37%,:6.55,:54%,:0.34,:29%,:77%,:0.1,http://ufcstats.com/fighter-details/751de04455cfaac0
Ange Loosa,10-5-0 (1 NC),"5' 10""",170 lbs.,"74""",Orthodox,"Mar 18, 1993",:5.46,:46%,:6.59,:52%,:2.53,:39%,:83%,:0.2,http://ufcstats.com/fighter-details/1497e735d9f2560a
Katsuyori Shibata,4-11-1,"6' 0""",168 lbs.,--,Orthodox,"Nov 17, 1979",:2.06,:35%,:2.40,:53%,:0.49,:50%,:53%,:0.7,http://ufcstats.com/fighter-details/d4da8995fc91e7ef
Zane Frazier,4-11-0,"6' 5""",250 lbs.,--,Orthodox,--,:0.00,:0%,:0.00,:0%,:0.00,:0%,:0%,:0.0,http://ufcstats.com/fighter-details/d3711d3784b76255
Mario Soto,7-2-0,"6' 0""",145 lbs.,--,,--,:1.43,:23%,:5.23,:42%,:0.00,:0%,:0%,:0.0,http://ufcstats.com/fighter-details/cac3aaa66c20bee1
Paul Bradley,23-8-0 (2 NC),"5' 9""",170 lbs.,--,Orthodox,"Jun 13, 1983",:2.26,:32%,:4.13,:56%,:1.12,:16%,:100%,:0.0,http://ufcstats.com/fighter-details/c7011de4765d2497
Chance Rencountre,14-4-0,"6' 2""",170 lbs.,"75""",Southpaw,"Dec 31, 1986",:1.10,:20%,:3.62,:49%,:1.35,:26%,:16%,:0.3,http://ufcstats.com/fighter-details/1ddb480b601cefb1
Alexandre Franca Nogueira,18-6-3,"5' 7""",145 lbs.,--,Orthodox,"Jan 15, 1978",:0.60,:20%,:4.18,:57%,:0.00,:0%,:0%,:0.0,http://ufcstats.com/fighter-details/4c27ca8c8481f79a
Jacobi Jones,6-2-0,"5' 9""",155 lbs.,"72""",Orthodox,"May 24, 1996",:5.87,:46%,:7.60,:48%,:0.00,:0%,:33%,:0.0,http://ufcstats.com/fighter-details/08b01ed84044c6bc
JunYong Park,19-6-0,"5' 10""",185 lbs.,"73""",Orthodox,"Feb 27, 1991",:4.59,:50%,:3.59,:53%,:1.87,:42%,:57%,:0.9,http://ufcstats.com/fighter-details/285ae0b4a68221f4
Shane Burgos,15-3-0,"5' 11""",145 lbs.,"75""",Orthodox,"Mar 19, 1991",:7.40,:52%,:6.78,:56%,:0.43,:44%,:91%,:0.4,http://ufcstats.com/fighter-details/98d961097baaf308
Roldan Sangcha'an,4-2-0,"5' 4""",125 lbs.,--,Orthodox,"Dec 04, 1990",:2.71,:46%,:2.15,:51%,:1.94,:60%,:68%,:0.0,http://ufcstats.com/fighter-details/57887765f831e228
Amanda Ribas,13-7-0,"5' 4""",115 lbs.,"66""",Orthodox,"Aug 26, 1993",:4.26,:39%,:3.29,:60%,:2.05,:52%,:82%,:0.6,http://ufcstats.com/fighter-details/beecb672a279223e
Damon Jackson,23-8-1 (1 NC),"5' 11""",155 lbs.,"71""",Switch,"Aug 08, 1988",:2.96,:42%,:3.47,:49%,:2.30,:32%,:37%,:1.2,http://ufcstats.com/fighter-details/29af297d9f1de0f8
YoungJae Song,6-1-1,"5' 7""",145 lbs.,"70""",Orthodox,"Jan 03, 1996",:3.33,:58%,:2.33,:55%,:0.00,:0%,:45%,:0.0,http://ufcstats.com/fighter-details/0efb0d4ebb950fcb
Payton Talbott,10-1-0,"5' 10""",135 lbs.,"70""",Switch,"Sep 09, 1998",:6.05,:54%,:3.26,:46%,:0.24,:25%,:76%,:0.2,http://ufcstats.com/fighter-details/6e743a33d56bdaa4
Josiah Harrell,7-0-0,"5' 7""",170 lbs.,"68""",Southpaw,"Nov 13, 1998",:0.00,:0%,:0.00,:0%,:0.00,:0%,:0%,:0.0,http://ufcstats.com/fighter-details/e5864a42c80294f6
Tristan Arenal,7-4-0,--,155 lbs.,--,,--,:0.00,:0%,:0.00,:0%,:0.00,:0%,:0%,:0.0,http://ufcstats.com/fighter-details/9c9455912d917e4e
Talita Nogueira,6-0-0,"5' 10""",145 lbs.,--,,"Oct 13, 1985",:0.00,:0%,:0.00,:0%,:0.00,:0%,:0%,:0.0,http://ufcstats.com/fighter-details/a3d1d060f9af97fe
Brett Johns,17-2-0,"5' 7""",135 lbs.,"71""",Orthodox,"Feb 21, 1992",:2.86,:49%,:3.84,:53%,:4.92,:49%,:58%,:1.0,http://ufcstats.com/fighter-details/ec52462a1b41f714
Ross Ebanez,20-10-0 (3 NC),"5' 9""",154 lbs.,--,Southpaw,"May 18, 1975",:0.74,:50%,:0.74,:62%,:3.70,:100%,:0%,:0.0,http://ufcstats.com/fighter-details/a5b0bd216d8ba84e
Sean Loeffler,31-5-0,"6' 3""",185 lbs.,--,Orthodox,"May 23, 1982",:0.00,:0%,:0.00,:0%,:0.00,:0%,:0%,:0.0,http://ufcstats.com/fighter-details/d3d1ff3f3dfa0931
Tito Jones,11-8-0,"5' 8""",145 lbs.,--,Southpaw,"Jul 31, 1981",:0.00,:0%,:0.00,:0%,:0.00,:0%,:0%,:0.0,http://ufcstats.com/fighter-details/7b223a22a6c26868
Hunter Azure,9-2-0,"5' 8""",145 lbs.,"69""",Orthodox,"Mar 02, 1992",:3.92,:53%,:2.08,:58%,:1.97,:34%,:67%,:1.3,http://ufcstats.com/fighter-details/2af2f2e26c4c0402
Dustin Poirier,30-10-0 (1 NC),"5' 9""",155 lbs.,"72""",Southpaw,"Jan 19, 1989",:5.24,:50%,:4.57,:52%,:1.15,:35%,:64%,:1.2,http://ufcstats.com/fighter-details/029eaff01e6bb8f0
Dave Beneteau,6-5-1,"6' 2""",250 lbs.,--,Orthodox,--,:0.00,:0%,:0.00,:0%,:0.00,:0%,:0%,:0.0,http://ufcstats.com/fighter-details/9fd1f08dd4aec14a
Kyle Stewart,11-3-0,"6' 0""",170 lbs.,"76""",Orthodox,"Jan 31, 1989",:1.41,:35%,:2.42,:43%,:1.32,:20%,:60%,:0.0,http://ufcstats.com/fighter-details/bb61823f76361297
Israel Adesanya,24-5-0,"6' 4""",185 lbs.,"80""",Switch,"Jul 22, 1989",:4.02,:48%,:3.20,:55%,:0.05,:11%,:76%,:0.1,http://ufcstats.com/fighter-details/1338e2c7480bdf9e
Kyle Sturgeon,0-1-0,"6' 3""",225 lbs.,--,Switch,"Feb 01, 1963",:0.00,:0%,:0.00,:0%,:0.00,:0%,:0%,:0.0,http://ufcstats.com/fighter-details/d30415ec5e8783cd
Ashiek Ajim,6-2-0,"5' 8""",135 lbs.,"71""",Switch,"Jun 19, 1994",:5.00,:40%,:11.25,:25%,:0.00,:0%,:0%,:0.0,http://ufcstats.com/fighter-details/49dea784f6cfed71
Charles Johnson,18-7-0,"5' 9""",125 lbs.,"70""",Switch,"Jan 10, 1991",:4.73,:49%,:3.78,:56%,:0.56,:20%,:66%,:0.4,http://ufcstats.com/fighter-details/814e5233e2acf2ee
Victor Madrigal,15-5-0,"5' 7""",135 lbs.,"71""",Orthodox,"Aug 16, 1990",:2.31,:38%,:9.56,:50%,:0.00,:0%,:0%,:0.0,http://ufcstats.com/fighter-details/cc63a5f0089d8ba9
Sam Alvey,33-18-1 (1 NC),"6' 2""",185 lbs.,"75""",Southpaw,"May 06, 1986",:3.28,:44%,:3.63,:52%,:0.06,:14%,:82%,:0.1,http://ufcstats.com/fighter-details/d156513a19acf856
John Cholish,8-3-0,"5' 11""",155 lbs.,"74""",Orthodox,"Dec 17, 1983",:2.65,:49%,:2.29,:73%,:1.82,:31%,:78%,:0.4,http://ufcstats.com/fighter-details/03c9994c5b8958ec
Zak Ottow,17-7-0,"5' 11""",170 lbs.,"72""",Orthodox,"Dec 22, 1986",:2.63,:36%,:2.73,:58%,:0.97,:29%,:57%,:0.4,http://ufcstats.com/fighter-details/47cd337b86b1af92
Michael Byrnes,5-3-0,"5' 11""",155 lbs.,--,,"Jul 17, 1990",:0.00,:0%,:0.00,:0%,:0.00,:0%,:0%,:0.0,http://ufcstats.com/fighter-details/87f0b37f153cf497
Tom Nolan,10-1-0,"6' 3""",155 lbs.,"73""",Southpaw,"Mar 08, 2000",:5.87,:45%,:4.73,:48%,:0.74,:22%,:71%,:1.9,http://ufcstats.com/fighter-details/6c3b2525436cf5d4
Carla Esparza,20-8-0,"5' 1""",115 lbs.,"63""",Orthodox,"Oct 10, 1987",:2.19,:39%,:2.87,:54%,:3.28,:36%,:47%,:0.3,http://ufcstats.com/fighter-details/d910665038efc639
Angel Pacheco,7-3-0,"5' 8""",135 lbs.,"70""",Orthodox,"Jan 13, 1992",:9.50,:39%,:11.47,:41%,:0.00,:0%,:28%,:0.0,http://ufcstats.com/fighter-details/07797f10b9569cfc
Jeimeson Saudino,8-5-0,"5' 6""",135 lbs.,--,,"Mar 05, 1991",:0.66,:30%,:0.82,:84%,:2.47,:50%,:0%,:2.5,http://ufcstats.com/fighter-details/f6f9d41669dd3eaa
Isi Fitikefu,6-0-0,"5' 10""",205 lbs.,--,,--,:0.00,:0%,:0.00,:0%,:0.00,:0%,:0%,:0.0,http://ufcstats.com/fighter-details/b8dc5fbf8338adc5
Drew Fickett,42-21-0,"5' 10""",155 lbs.,"70""",Orthodox,"Dec 14, 1979",:2.33,:41%,:2.29,:57%,:1.30,:35%,:30%,:2.2,http://ufcstats.com/fighter-details/d814f5192e58fb2f
Louis Smolka,17-9-0,"5' 9""",135 lbs.,"68""",Orthodox,"Jul 16, 1991",:4.67,:47%,:4.11,:53%,:1.69,:35%,:32%,:1.8,http://ufcstats.com/fighter-details/d2bc285ead803db0
Keisuke Sasu,11-3-1,"5' 5""",145 lbs.,"69""",Switch,"Sep 30, 1994",:2.76,:49%,:2.42,:48%,:3.76,:40%,:61%,:1.9,http://ufcstats.com/fighter-details/b7bcf6dfbbb7c16c
Cameron Smotherman,12-6-0,"5' 9""",135 lbs.,"69""",Orthodox,"Sep 17, 1997",:4.07,:37%,:3.52,:58%,:0.00,:0%,:62%,:0.0,http://ufcstats.com/fighter-details/5c84f673b7bb7c15
Aaron Wetherspoon,9-5-0 (1 NC),--,170 lbs.,--,,--,:2.27,:32%,:4.33,:45%,:0.00,:0%,:77%,:0.0,http://ufcstats.com/fighter-details/1ce7998e0a215caa
Romie Aram,7-1-0,"5' 10""",170 lbs.,--,Orthodox,"Dec 02, 1977",:1.80,:35%,:2.83,:50%,:2.50,:62%,:83%,:0.0,http://ufcstats.com/fighter-details/73ef22f25d0f70e2
Isabela de Padua,5-2-0,"5' 3""",125 lbs.,"64""",Orthodox,"Sep 04, 1991",:1.00,:35%,:2.07,:50%,:2.00,:66%,:0%,:1.0,http://ufcstats.com/fighter-details/e0f959f65d0406b4
Jakob Lovstad,11-4-0,"6' 3""",205 lbs.,--,Orthodox,"Dec 28, 1979",:0.00,:0%,:9.43,:35%,:0.00,:0%,:0%,:0.0,http://ufcstats.com/fighter-details/ad044be25c94dcfd
Chad Mendes,18-5-0,"5' 6""",145 lbs.,"66""",Orthodox,"May 01, 1985",:2.78,:49%,:2.35,:67%,:4.13,:55%,:100%,:0.3,http://ufcstats.com/fighter-details/b5b684eac99ae0a3
Ben Holscher,4-0-0,"5' 11""",155 lbs.,--,,--,:0.00,:0%,:0.00,:0%,:0.00,:0%,:0%,:0.0,http://ufcstats.com/fighter-details/6070f16bcfd89fcf
Pro Escobedo,1-0-0,--,205 lbs.,--,,--,:0.00,:0%,:0.00,:0%,:0.00,:0%,:0%,:0.0,http://ufcstats.com/fighter-details/b36874652ed7715d
Barb Honchak,10-4-0,"5' 4""",125 lbs.,"65""",Orthodox,"Aug 30, 1979",:4.04,:30%,:4.67,:66%,:0.00,:0%,:0%,:1.3,http://ufcstats.com/fighter-details/472f6f6e6d962f40
Buddy Roberts,12-3-0,"6' 2""",185 lbs.,--,Orthodox,"Oct 17, 1982",:2.17,:34%,:2.08,:70%,:0.00,:0%,:76%,:0.7,http://ufcstats.com/fighter-details/b2a2da86546ddb19
Anthony Macias,26-18-0,"5' 9""",185 lbs.,--,Switch,"Feb 09, 1969",:0.00,:0%,:0.00,:0%,:0.00,:0%,:0%,:0.0,http://ufcstats.com/fighter-details/dedc3bb440d09554
Yusuke Kasuya,9-3-0,"5' 7""",155 lbs.,--,Southpaw,"Nov 16, 1989",:2.17,:44%,:4.34,:48%,:1.36,:33%,:0%,:0.0,http://ufcstats.com/fighter-details/3058888c33149a53
Rizvan Kuniev,12-3-1 (1 NC),"6' 4""",240 lbs.,"76""",Orthodox,"Mar 10, 1992",:4.45,:58%,:2.45,:45%,:1.45,:75%,:90%,:0.0,http://ufcstats.com/fighter-details/739fd4fbb5d862f4
Cyrille Diabate,19-10-1,"6' 6""",205 lbs.,"81""",Southpaw,"Oct 06, 1973",:4.06,:71%,:1.78,:60%,:1.17,:83%,:53%,:0.2,http://ufcstats.com/fighter-details/43563a32c3f10e95
Kiyoshi Tamura,32-13-3,"5' 11""",185 lbs.,--,Southpaw,"Dec 17, 1969",:2.44,:53%,:1.44,:60%,:0.58,:60%,:45%,:0.2,http://ufcstats.com/fighter-details/30e8b4505f5ccf92
Leo Kuntz,18-4-1,"5' 10""",155 lbs.,--,Orthodox,"Oct 03, 1983",:1.68,:32%,:3.80,:45%,:1.99,:25%,:33%,:0.7,http://ufcstats.com/fighter-details/6905d45bd71b50a9
Jameel Massouh,26-9-0,"5' 10""",145 lbs.,"72""",Orthodox,"Sep 12, 1984",:1.91,:54%,:2.62,:55%,:0.67,:15%,:50%,:0.7,http://ufcstats.com/fighter-details/883922e5cd6d8473
Josh LaBerge,11-6-0,"5' 10""",145 lbs.,--,,--,:2.53,:36%,:5.33,:44%,:0.00,:0%,:71%,:0.0,http://ufcstats.com/fighter-details/5108b169b5fe1f86
Fabricio Camoes,14-9-1,"5' 10""",155 lbs.,"71""",Orthodox,"Dec 23, 1978",:1.29,:33%,:1.85,:61%,:2.34,:32%,:20%,:1.5,http://ufcstats.com/fighter-details/7abe471b61725980
Christina Marks,8-9-0,"5' 7""",125 lbs.,"69""",Orthodox,"Nov 08, 1985",:5.00,:58%,:3.00,:64%,:7.50,:100%,:0%,:0.0,http://ufcstats.com/fighter-details/c7be22a47a58365a
Edward Faaloloto,2-5-0,--,155 lbs.,"70""",Orthodox,"Jul 15, 1984",:2.28,:32%,:6.25,:44%,:1.01,:25%,:33%,:0.0,http://ufcstats.com/fighter-details/6224e8d0a34264eb
Sammy Morgan,18-12-0,"5' 10""",170 lbs.,--,Orthodox,"Sep 28, 1981",:1.05,:22%,:3.74,:40%,:1.43,:20%,:0%,:0.5,http://ufcstats.com/fighter-details/2067a177a2842fbf
Matt Serra,11-7-0,"5' 6""",170 lbs.,"68""",Orthodox,"Jun 02, 1974",:1.98,:39%,:2.64,:46%,:2.05,:20%,:38%,:0.9,http://ufcstats.com/fighter-details/86dfed7cc24a9fa7
Alessio Di Chirico,13-7-0,"6' 0""",185 lbs.,"74""",Orthodox,"Dec 12, 1989",:3.32,:39%,:3.44,:61%,:1.46,:39%,:83%,:0.0,http://ufcstats.com/fighter-details/77d7295d1b22c694
Darrel Gholar,5-6-0,"5' 8""",194 lbs.,--,Orthodox,"Nov 07, 1962",:0.00,:0%,:0.00,:0%,:0.00,:0%,:0%,:0.0,http://ufcstats.com/fighter-details/a24e080000fa7a35
Anthony Smith,38-22-0,"6' 4""",205 lbs.,"76""",Orthodox,"Jul 26, 1988",:3.19,:49%,:5.04,:44%,:0.44,:22%,:50%,:0.6,http://ufcstats.com/fighter-details/d4c9dcd330403612
Dalcha Lungiambula,11-6-0,"5' 8""",185 lbs.,"76""",Orthodox,"Jul 31, 1987",:3.07,:45%,:3.93,:52%,:2.14,:45%,:77%,:0.0,http://ufcstats.com/fighter-details/ce632027bf2a871b
Yusuke Kawaguchi,18-12-0,"6' 0""",255 lbs.,--,,"Aug 14, 1980",:2.87,:47%,:3.93,:50%,:0.00,:0%,:72%,:0.0,http://ufcstats.com/fighter-details/fa2320781bfe4f49
Jonathan Martinez,19-6-0,"5' 8""",135 lbs.,"70""",Southpaw,"Apr 20, 1994",:4.44,:49%,:4.09,:56%,:0.38,:35%,:68%,:0.1,http://ufcstats.com/fighter-details/f2477cf43c4975cc
Brian Ortega,16-5-0 (1 NC),"5' 8""",145 lbs.,"69""",Switch,"Feb 21, 1991",:3.84,:37%,:6.38,:49%,:0.93,:25%,:54%,:0.9,http://ufcstats.com/fighter-details/def8166ff24bd237
Doug Kay,0-0-0,--,--,--,,--,:0.00,:0%,:0.00,:0%,:0.00,:0%,:0%,:0.0,http://ufcstats.com/fighter-details/547c5611bd366988
Devin Powell,9-4-0,"6' 0""",155 lbs.,"73""",Orthodox,"Mar 01, 1988",:2.88,:41%,:3.67,:51%,:0.00,:0%,:0%,:0.6,http://ufcstats.com/fighter-details/065eb44700e641a4
Arman Tsarukyan,22-3-0,"5' 7""",155 lbs.,"72""",Orthodox,"Oct 11, 1996",:3.79,:48%,:1.84,:53%,:3.25,:37%,:75%,:0.0,http://ufcstats.com/fighter-details/eae48ff31db420c2
Bryce Mitchell,18-4-0,"5' 10""",135 lbs.,"70""",Southpaw,"Oct 04, 1994",:2.27,:59%,:1.60,:58%,:3.24,:36%,:33%,:1.2,http://ufcstats.com/fighter-details/d9c6f19f958643e9
Marcus Davis,22-11-0 (1 NC),"5' 10""",170 lbs.,"70""",Southpaw,"Aug 24, 1973",:2.72,:39%,:2.79,:65%,:1.60,:48%,:47%,:1.4,http://ufcstats.com/fighter-details/b7d524c77c27389b
Paul Jones,11-1-1,"5' 9""",199 lbs.,--,Orthodox,"Jun 16, 1963",:0.00,:0%,:0.00,:0%,:0.00,:0%,:0%,:0.0,http://ufcstats.com/fighter-details/f341f9551ba744e2
Dave Menne,45-17-2,"5' 10""",170 lbs.,--,Orthodox,"Jul 29, 1974",:1.84,:44%,:1.99,:42%,:0.46,:50%,:57%,:2.5,http://ufcstats.com/fighter-details/275cafc9de131c83
Ramazan Emeev,20-6-0,"5' 10""",170 lbs.,"76""",Southpaw,"May 23, 1987",:2.53,:45%,:2.14,:65%,:2.37,:29%,:66%,:0.7,http://ufcstats.com/fighter-details/abd5fb12437eda21
Liam Anderson,6-3-0,"6' 3""",185 lbs.,"75""",Orthodox,"Jan 13, 1995",:3.00,:52%,:6.53,:31%,:1.00,:20%,:50%,:0.0,http://ufcstats.com/fighter-details/b03a0c78ca45facf
Justin James,13-7-0,"5' 10""",155 lbs.,--,Orthodox,"Nov 08, 1976",:1.34,:36%,:2.68,:50%,:0.00,:0%,:50%,:1.6,http://ufcstats.com/fighter-details/1ea8df62b3f8fea6
Robert Densley,9-10-0,"5' 9""",155 lbs.,--,,--,:1.81,:47%,:0.40,:60%,:0.00,:0%,:50%,:0.0,http://ufcstats.com/fighter-details/b72f3cafa6376e35
Jessica-Rose Clark,11-9-0 (1 NC),"5' 5""",135 lbs.,"64""",Orthodox,"Nov 28, 1987",:3.73,:51%,:3.51,:58%,:1.66,:42%,:62%,:0.3,http://ufcstats.com/fighter-details/6c8072b61c276e67
Alexander Gustafsson,18-8-0,"6' 5""",205 lbs.,"79""",Orthodox,"Jan 15, 1987",:4.03,:40%,:3.53,:51%,:1.53,:39%,:83%,:0.4,http://ufcstats.com/fighter-details/3c6976f8182d9527
Aleksei Kunchenko,20-2-0,"5' 8""",170 lbs.,"70""",Orthodox,"May 02, 1984",:3.67,:44%,:2.83,:63%,:0.25,:33%,:80%,:0.0,http://ufcstats.com/fighter-details/e2ccd9a9ace60de7
Chris Barnett,23-9-0,"5' 9""",265 lbs.,"75""",Orthodox,"Jun 14, 1986",:4.21,:47%,:6.53,:39%,:0.00,:0%,:33%,:0.0,http://ufcstats.com/fighter-details/7a5e8c94a86f9895
Bobby Stack,8-3-0,"5' 9""",155 lbs.,--,Orthodox,--,:1.00,:20%,:2.89,:34%,:7.48,:45%,:100%,:0.0,http://ufcstats.com/fighter-details/6436029b50a9c255
Dean Barry,4-2-0,"5' 10""",170 lbs.,"72""",Orthodox,"Jul 03, 1992",:9.31,:40%,:4.66,:51%,:0.00,:0%,:100%,:0.0,http://ufcstats.com/fighter-details/a6f3d15cb84334bb
Martin Bravo,11-3-0,"5' 8""",145 lbs.,"71""",Southpaw,"Sep 21, 1993",:7.66,:39%,:5.72,:51%,:2.60,:35%,:85%,:0.0,http://ufcstats.com/fighter-details/9c44f290f5726d95
Edivan Santos,12-3-1 (1 NC),"6' 4""",248 lbs.,"78""",Orthodox,"May 03, 1992",:1.55,:48%,:7.09,:26%,:0.00,:0%,:25%,:0.0,http://ufcstats.com/fighter-details/78719f6663ad9160
Bob Cook,5-0-0,"5' 9""",170 lbs.,--,Orthodox,--,:0.00,:0%,:0.00,:0%,:0.00,:0%,:0%,:0.0,http://ufcstats.com/fighter-details/1c061eb6e29eaa0a
Leslie Smith,10-7-1,"5' 9""",135 lbs.,"66""",Orthodox,"Aug 17, 1982",:7.56,:40%,:8.41,:51%,:0.00,:0%,:62%,:0.0,http://ufcstats.com/fighter-details/76984112f697631f
Kyle Bochniak,8-5-0,"5' 7""",145 lbs.,"70""",Orthodox,"Feb 05, 1987",:2.63,:31%,:5.11,:58%,:1.14,:15%,:62%,:0.0,http://ufcstats.com/fighter-details/c5af5750e8bae4f0
Lando Vannata,12-7-2,"5' 9""",155 lbs.,"71""",Orthodox,"Mar 14, 1992",:4.52,:45%,:4.76,:55%,:1.09,:37%,:69%,:0.3,http://ufcstats.com/fighter-details/f9b200db02b488d9
Guilherme Uriel,6-2-0,"6' 1""",265 lbs.,"74""",Orthodox,"Feb 18, 1997",:1.15,:43%,:4.43,:22%,:0.00,:0%,:53%,:0.0,http://ufcstats.com/fighter-details/4252b09f0c8c4472
Hidehiko Yoshida,6-8-1,"5' 11""",225 lbs.,--,Orthodox,"Sep 03, 1969",:1.05,:36%,:1.89,:62%,:1.09,:33%,:71%,:2.2,http://ufcstats.com/fighter-details/2eae41f61776c60f
Emiliano Linares,8-2-0,"5' 8""",145 lbs.,"72""",Orthodox,"Apr 21, 1997",:1.17,:28%,:3.59,:26%,:0.00,:0%,:33%,:0.0,http://ufcstats.com/fighter-details/a4ef92274a45143d
Rhys McKee,14-7-1,"6' 2""",170 lbs.,"78""",Orthodox,"Sep 10, 1995",:4.71,:40%,:7.15,:47%,:0.00,:0%,:47%,:0.0,http://ufcstats.com/fighter-details/f748267c4ab6c127
Saygid Izagakhmaev,22-2-0,--,170 lbs.,--,,"Sep 03, 1994",:0.00,:0%,:0.00,:0%,:0.00,:0%,:0%,:0.0,http://ufcstats.com/fighter-details/de26d906f2874dd4
Artem Vakhitov,3-1-0,"6' 1""",205 lbs.,"75""",Orthodox,"Apr 04, 1991",:3.88,:85%,:0.68,:80%,:0.00,:0%,:100%,:0.0,http://ufcstats.com/fighter-details/43e549b803ec7375
Igor Araujo,25-9-0 (1 NC),"6' 1""",170 lbs.,"77""",Orthodox,"Dec 06, 1980",:1.52,:42%,:2.86,:49%,:0.86,:15%,:22%,:0.6,http://ufcstats.com/fighter-details/dbea8c1cb327ab3d
Roman Kopylov,14-4-0,"6' 0""",185 lbs.,"75""",Southpaw,"May 04, 1991",:4.74,:50%,:5.08,:53%,:1.02,:42%,:87%,:0.0,http://ufcstats.com/fighter-details/9d83f6da776ff7d6
Artem Frolov,11-0-0,"5' 10""",185 lbs.,--,,"Sep 07, 1991",:0.00,:0%,:0.00,:0%,:0.00,:0%,:0%,:0.0,http://ufcstats.com/fighter-details/ee704df0afd74558
Marcus Kowal,3-1-1,--,135 lbs.,--,,--,:0.00,:0%,:0.00,:0%,:0.00,:0%,:0%,:0.0,http://ufcstats.com/fighter-details/ad0e42800a0d8977
Steven Koslow,6-1-0,"5' 7""",125 lbs.,"69""",Switch,"Jan 22, 1997",:0.77,:37%,:3.73,:40%,:5.28,:55%,:0%,:1.1,http://ufcstats.com/fighter-details/84512339473dd300
Gregory Rodrigues,17-6-0,"6' 3""",185 lbs.,"75""",Orthodox,"Feb 17, 1992",:5.54,:51%,:5.04,:50%,:2.21,:38%,:90%,:0.3,http://ufcstats.com/fighter-details/d1c65d2cf2925ddd
Sam Adkins,7-20-2,"6' 3""",225 lbs.,--,Orthodox,"Apr 26, 1965",:0.00,:0%,:0.00,:0%,:0.00,:0%,:0%,:0.0,http://ufcstats.com/fighter-details/0e9869d712e81f8f
Brogan Walker,8-5-0,"5' 4""",125 lbs.,"67""",Switch,"Aug 02, 1988",:1.84,:32%,:3.32,:47%,:1.02,:75%,:11%,:0.0,http://ufcstats.com/fighter-details/4333a8e70a672eb7
Antonio Banuelos,20-11-1,"5' 5""",135 lbs.,"63""",Orthodox,"Sep 23, 1979",:2.69,:33%,:3.15,:58%,:1.62,:62%,:86%,:0.4,http://ufcstats.com/fighter-details/9ddfb3369a3b0394
Gennaro Strangis,0-1-0,--,--,--,,--,:0.00,:0%,:0.00,:0%,:0.00,:0%,:0%,:0.0,http://ufcstats.com/fighter-details/495add4fbede0a44
Ron van Clief,0-1-0,"5' 10""",190 lbs.,--,Orthodox,"Jan 25, 1943",:0.00,:0%,:0.00,:0%,:0.00,:0%,:0%,:0.0,http://ufcstats.com/fighter-details/23ab42947c1990e3
Rico Altamirano,4-3-0,"5' 10""",170 lbs.,--,,--,:0.00,:0%,:0.00,:0%,:0.00,:0%,:0%,:0.0,http://ufcstats.com/fighter-details/c61b49cec6abd6b9
Ian Murphy,1-1-0,"6' 1""",185 lbs.,--,Orthodox,"Jun 14, 1985",:0.00,:0%,:1.93,:30%,:4.13,:100%,:0%,:0.0,http://ufcstats.com/fighter-details/de25520d54eab12d
Delson Heleno,29-10-0,"5' 11""",185 lbs.,--,Orthodox,"Nov 16, 1977",:0.69,:75%,:4.83,:19%,:0.00,:0%,:0%,:0.0,http://ufcstats.com/fighter-details/970beed85bc46b63
Matt Brown,26-19-0,"6' 0""",170 lbs.,"75""",Orthodox,"Jan 10, 1981",:3.76,:55%,:2.92,:55%,:1.68,:46%,:63%,:1.3,http://ufcstats.com/fighter-details/31123249b0bbf52e
Luis Mendoza,0-1-0,--,155 lbs.,--,,--,:0.00,:0%,:0.00,:0%,:0.00,:0%,:0%,:0.0,http://ufcstats.com/fighter-details/28200bc87367614f
Shuya Kamikubo,13-2-1,"5' 5""",135 lbs.,"68""",Switch,"Apr 12, 1993",:3.83,:54%,:4.90,:47%,:1.50,:15%,:0%,:0.5,http://ufcstats.com/fighter-details/a46fa1c7972548d0
Khalid Murtazaliev,14-2-0,"6' 0""",185 lbs.,"76""",Orthodox,"Jul 15, 1993",:4.80,:69%,:0.40,:78%,:7.50,:100%,:33%,:0.0,http://ufcstats.com/fighter-details/231cae8b77fbbcc1
Brendan Seguin,23-19-1,"6' 0""",185 lbs.,--,,"Jul 03, 1976",:2.60,:45%,:0.60,:84%,:5.00,:62%,:100%,:0.0,http://ufcstats.com/fighter-details/e4bb7e483c4ad318
Mike Polchlopek,1-1-0,"6' 4""",285 lbs.,--,Orthodox,"Dec 27, 1965",:2.00,:38%,:1.33,:57%,:0.00,:0%,:0%,:0.0,http://ufcstats.com/fighter-details/3bb030257966b022
Jesse Butler,12-6-0,"5' 10""",135 lbs.,"73""",Orthodox,"May 24, 1992",:2.02,:34%,:4.62,:39%,:0.00,:0%,:0%,:0.0,http://ufcstats.com/fighter-details/a75a48bfe776b2c2
Noad Lahat,11-2-0,"5' 9""",145 lbs.,"69""",Orthodox,"Jun 08, 1984",:2.79,:46%,:1.47,:63%,:2.37,:26%,:16%,:2.4,http://ufcstats.com/fighter-details/9f755fb04cc21499
Francois Botha,0-1-0,"6' 2""",260 lbs.,--,Orthodox,"Sep 28, 1968",:0.00,:0%,:1.05,:77%,:0.00,:0%,:0%,:0.0,http://ufcstats.com/fighter-details/545d549d6bf87187
Rob Yundt,9-5-0,"6' 1""",185 lbs.,--,Orthodox,"May 05, 1980",:1.37,:41%,:2.55,:31%,:2.94,:100%,:0%,:0.0,http://ufcstats.com/fighter-details/42078a86d3dd037b
Josh Clopton,6-2-1,"5' 6""",145 lbs.,--,Orthodox,"Jul 11, 1981",:1.60,:64%,:2.87,:50%,:2.00,:66%,:75%,:0.0,http://ufcstats.com/fighter-details/48e96d9cea6d4ab0
Leigh Remedios,18-10-2,"5' 7""",155 lbs.,--,Orthodox,"Jan 13, 1976",:0.75,:41%,:1.36,:68%,:0.00,:0%,:33%,:0.0,http://ufcstats.com/fighter-details/918db42c3637916f
Steve Kennedy,24-8-0,"5' 11""",170 lbs.,--,Orthodox,"Mar 07, 1983",:2.28,:35%,:5.52,:45%,:2.51,:33%,:0%,:0.0,http://ufcstats.com/fighter-details/185fb0200a4605e6
Takahiro Oba,5-7-1,"5' 8""",200 lbs.,--,Southpaw,"Aug 14, 1976",:0.23,:25%,:1.82,:69%,:0.00,:0%,:0%,:0.0,http://ufcstats.com/fighter-details/7139cd2ae4bf6a29
Won Jin Eoh,5-5-1,"5' 7""",160 lbs.,--,Orthodox,--,:3.74,:44%,:3.58,:46%,:0.00,:0%,:50%,:0.0,http://ufcstats.com/fighter-details/bc7cf284c1c2f16e
Chris Padilla,16-6-0,"5' 9""",155 lbs.,"74""",Orthodox,"Sep 14, 1995",:4.13,:51%,:3.68,:57%,:1.56,:30%,:100%,:0.5,http://ufcstats.com/fighter-details/06626b6287e1ae1e
Jesse Moreng,9-1-0,"5' 7""",145 lbs.,--,Orthodox,"Nov 09, 1979",:1.26,:40%,:2.08,:48%,:5.56,:100%,:100%,:0.0,http://ufcstats.com/fighter-details/2e2cdb6e9eb84bb9
Ivan Salaverry,14-9-0,"6' 0""",185 lbs.,--,Orthodox,"Jan 11, 1971",:3.01,:47%,:1.19,:76%,:0.49,:18%,:36%,:2.5,http://ufcstats.com/fighter-details/394f55ebca199124
Lucas Camacho,6-1-0,"6' 4""",265 lbs.,"80""",Orthodox,"Dec 15, 1992",:4.08,:38%,:8.16,:6%,:0.00,:0%,:0%,:0.0,http://ufcstats.com/fighter-details/71d25689f70e4036
Vinicius Magalhaes,2-1-0,--,145 lbs.,--,,"Jul 30, 1971",:0.00,:0%,:0.00,:0%,:0.00,:0%,:0%,:0.0,http://ufcstats.com/fighter-details/1b583c64c23f0c7f
Hannah Cifers,10-7-0,"5' 1""",115 lbs.,"62""",Orthodox,"Jun 26, 1992",:4.99,:44%,:5.39,:52%,:0.26,:100%,:64%,:0.3,http://ufcstats.com/fighter-details/2244d9a2b64b8c3b
Hector Aldana,4-3-0,"5' 11""",170 lbs.,"72""",Orthodox,"Aug 17, 1988",:3.59,:38%,:5.08,:59%,:0.93,:100%,:0%,:0.0,http://ufcstats.com/fighter-details/c487223b0289bda9
Dhafir Harris,2-0-0 (1 NC),--,257 lbs.,--,,"Aug 04, 1977",:0.00,:0%,:0.00,:0%,:0.00,:0%,:0%,:0.0,http://ufcstats.com/fighter-details/0e96af5220d27ed4
Mark De La Rosa,11-5-0,"5' 6""",135 lbs.,"65""",Orthodox,"Aug 31, 1994",:3.13,:35%,:5.00,:48%,:0.54,:13%,:40%,:0.2,http://ufcstats.com/fighter-details/f57dd0bfa8c17813
Felix Lee Mitchell,2-7-0,--,--,--,Orthodox,--,:0.00,:0%,:0.00,:0%,:0.00,:0%,:0%,:0.0,http://ufcstats.com/fighter-details/6cbb7661c3258617
Kazula Vargas,12-5-0,"5' 8""",155 lbs.,"71""",Southpaw,"Aug 15, 1985",:3.65,:53%,:1.77,:57%,:0.40,:25%,:30%,:0.4,http://ufcstats.com/fighter-details/ec18eb918121787c
Gauge Young,10-3-0,"5' 9""",155 lbs.,"70""",Orthodox,"Jul 14, 2000",:5.71,:51%,:5.82,:48%,:1.00,:30%,:71%,:0.0,http://ufcstats.com/fighter-details/b2a78df161bd67f9
Josh Bennett,11-14-0,"6' 4""",259 lbs.,--,Orthodox,--,:2.90,:40%,:5.80,:43%,:1.50,:100%,:100%,:0.0,http://ufcstats.com/fighter-details/c3ac8d0da7b05772
Pedro Nobre,18-4-2 (1 NC),"5' 5""",135 lbs.,--,,"Feb 13, 1986",:1.37,:30%,:9.16,:35%,:0.00,:0%,:0%,:0.0,http://ufcstats.com/fighter-details/e983c62faf677ab2
Mando Gutierrez,7-2-0,"5' 6""",135 lbs.,"70""",Southpaw,"Feb 24, 1997",:0.80,:75%,:1.33,:50%,:1.00,:100%,:40%,:1.0,http://ufcstats.com/fighter-details/5f33ae0620e050c5
Amanda Cooper,3-5-0,"5' 3""",115 lbs.,"64""",Switch,"Oct 22, 1991",:3.55,:44%,:3.20,:51%,:1.53,:38%,:28%,:1.8,http://ufcstats.com/fighter-details/d4a31850a7457f1b
Tyron Woodley,19-7-1,"5' 9""",170 lbs.,"74""",Orthodox,"Apr 07, 1982",:2.36,:48%,:2.76,:54%,:1.06,:40%,:87%,:0.4,http://ufcstats.com/fighter-details/effd9de9937996f8
Sean Sherk,36-4-1,"5' 6""",155 lbs.,"67""",Orthodox,"Aug 05, 1973",:2.17,:35%,:2.71,:55%,:4.09,:46%,:56%,:0.4,http://ufcstats.com/fighter-details/029880cdbf5ca089
Jon Fitch,30-7-1 (1 NC),"6' 0""",170 lbs.,"74""",Orthodox,"Feb 24, 1978",:2.61,:50%,:1.65,:54%,:3.60,:51%,:56%,:0.8,http://ufcstats.com/fighter-details/6f018c039b4d5d80
Christian Lohsen,4-2-0,"6' 2""",155 lbs.,"77""",Southpaw,"Jan 24, 1995",:5.27,:49%,:6.93,:44%,:0.00,:0%,:0%,:2.0,http://ufcstats.com/fighter-details/4ab36d70d1b28b58
Francis Marshall,8-3-0,"5' 9""",145 lbs.,"72""",Orthodox,"Mar 03, 1999",:3.46,:33%,:4.10,:54%,:2.75,:44%,:66%,:0.4,http://ufcstats.com/fighter-details/5d495dec23d7c68e
Steve Bosse,12-2-0,"5' 11""",205 lbs.,"72""",Orthodox,"Jul 29, 1981",:5.99,:52%,:5.38,:50%,:0.92,:33%,:100%,:0.0,http://ufcstats.com/fighter-details/e023fa2e648ea0f1
Hugo Sandoval,2-3-0,--,135 lbs.,--,,--,:0.00,:0%,:0.00,:0%,:0.00,:0%,:0%,:0.0,http://ufcstats.com/fighter-details/9d51bcc281aa0514
Dmitry Poberezhets,24-5-1 (1 NC),"6' 3""",237 lbs.,--,,"Jun 11, 1985",:0.00,:0%,:0.00,:0%,:0.00,:0%,:0%,:0.0,http://ufcstats.com/fighter-details/9756095cb76b67c3
Kenji Osawa,20-11-2,"5' 7""",135 lbs.,"66""",Orthodox,"Nov 04, 1976",:2.34,:35%,:2.14,:63%,:0.91,:58%,:68%,:0.7,http://ufcstats.com/fighter-details/8eb239a52fc4ec14
Ananias Mulumba,9-2-0,--,145 lbs.,--,,"Sep 18, 1998",:0.00,:0%,:0.00,:0%,:0.00,:0%,:0%,:0.0,http://ufcstats.com/fighter-details/a59bc10f5e9f5fbb
Tyler Hill,8-2-0,"6' 3""",170 lbs.,--,Switch,"Aug 10, 1991",:3.64,:39%,:5.33,:47%,:0.00,:0%,:0%,:0.0,http://ufcstats.com/fighter-details/006efbb0c1621fd7
Sean O'Haire,4-2-0,"6' 5""",270 lbs.,--,Orthodox,"Feb 25, 1971",:8.28,:57%,:22.76,:21%,:0.00,:0%,:0%,:0.0,http://ufcstats.com/fighter-details/46effbd1135423c5
Marnic Mann,6-3-0,"5' 0""",115 lbs.,"64""",Southpaw,"Mar 05, 1993",:1.47,:41%,:5.08,:31%,:1.90,:33%,:25%,:0.4,http://ufcstats.com/fighter-details/b6203e0492a9336c
Pablo Alfonso,9-7-0,"5' 8""",145 lbs.,--,,"May 09, 1983",:0.00,:0%,:0.00,:0%,:0.00,:0%,:0%,:0.0,http://ufcstats.com/fighter-details/4b37a0bc2ab4cae1
Tainara Lisboa,7-3-0,"5' 7""",135 lbs.,"67""",Orthodox,"Mar 02, 1991",:1.68,:43%,:1.42,:49%,:1.53,:36%,:58%,:0.4,http://ufcstats.com/fighter-details/2c5f5749569eef66
Takayuki Okada,3-3-2,"6' 1""",290 lbs.,--,Orthodox,"May 08, 1973",:0.00,:0%,:0.00,:0%,:0.00,:0%,:0%,:0.0,http://ufcstats.com/fighter-details/32541eb5d12668b4
KB Bhullar,8-2-0,"6' 4""",185 lbs.,"78""",Switch,"Oct 12, 1991",:4.31,:49%,:5.39,:45%,:0.00,:0%,:0%,:0.0,http://ufcstats.com/fighter-details/9cd047a828dd7515
RJ Clifford,4-3-0,--,160 lbs.,--,,--,:0.00,:0%,:0.00,:0%,:0.00,:0%,:0%,:0.0,http://ufcstats.com/fighter-details/8e32bfcff3ec1717
Roland Delorme,9-5-0 (1 NC),"5' 9""",135 lbs.,"71""",Orthodox,"Dec 18, 1983",:2.28,:44%,:4.32,:40%,:2.51,:34%,:42%,:1.6,http://ufcstats.com/fighter-details/173acb3f920082b8
Anthony Lapsley,23-7-0 (2 NC),"5' 9""",170 lbs.,--,Southpaw,"Feb 13, 1980",:0.53,:34%,:0.58,:66%,:0.00,:0%,:20%,:0.0,http://ufcstats.com/fighter-details/f3a853544e4413c4
Kamuela Kirk,12-6-0,"5' 10""",155 lbs.,"75""",Switch,"Apr 13, 1994",:3.22,:50%,:5.87,:40%,:1.50,:26%,:47%,:1.2,http://ufcstats.com/fighter-details/c7d7fda69ec410d3
James Wade,4-11-0,"5' 10""",205 lbs.,--,,"Feb 08, 1972",:0.00,:0%,:0.00,:0%,:0.00,:0%,:0%,:0.0,http://ufcstats.com/fighter-details/6291decf7f3b6608
Robbie Lawler,30-16-0 (1 NC),"5' 11""",170 lbs.,"74""",Southpaw,"Mar 20, 1982",:3.85,:47%,:4.67,:59%,:0.65,:64%,:65%,:0.0,http://ufcstats.com/fighter-details/f2925e6db404bf1d
Xavier Franklin,5-1-0 (1 NC),"5' 6""",135 lbs.,"66""",Southpaw,"Oct 15, 1996",:3.07,:33%,:5.27,:50%,:0.00,:0%,:100%,:0.0,http://ufcstats.com/fighter-details/90957a918e26bf9c
James Terry,19-9-0,"5' 10""",170 lbs.,--,Orthodox,"Mar 16, 1981",:3.23,:32%,:4.77,:64%,:3.31,:36%,:75%,:0.0,http://ufcstats.com/fighter-details/5befa793316d3469
Oskar Piechota,11-3-1 (1 NC),"6' 0""",185 lbs.,"76""",Southpaw,"Jan 24, 1990",:3.30,:52%,:3.93,:51%,:0.61,:40%,:38%,:1.5,http://ufcstats.com/fighter-details/1cf7ccf64a5bf24e
Joe Veres,4-3-0,"5' 7""",155 lbs.,--,Orthodox,"Nov 09, 1977",:0.00,:0%,:5.55,:27%,:0.00,:0%,:0%,:0.0,http://ufcstats.com/fighter-details/c6d8ae3b016d5ad5
Olaf Alfonso,8-12-0,"6' 2""",170 lbs.,--,Orthodox,"Aug 06, 1974",:1.65,:38%,:4.77,:53%,:0.37,:7%,:22%,:0.7,http://ufcstats.com/fighter-details/b757c73f443d4fca
Shamil Gamzatov,14-1-0,"6' 2""",205 lbs.,"76""",Orthodox,"Aug 09, 1990",:5.35,:48%,:3.46,:51%,:0.00,:0%,:50%,:0.0,http://ufcstats.com/fighter-details/0d980975001ae3d8
Chris Hawk,5-10-0,"6' 1""",205 lbs.,--,,"Dec 20, 1985",:0.00,:0%,:0.00,:0%,:0.00,:0%,:0%,:0.0,http://ufcstats.com/fighter-details/9460c867aae1987e
David Martinez,13-1-0,"5' 5""",135 lbs.,"67""",Orthodox,"Aug 03, 1998",:4.85,:47%,:2.95,:68%,:0.00,:0%,:100%,:0.0,http://ufcstats.com/fighter-details/9a97acbfd5a08bfa
Taylor Moore,10-5-0,"5' 10""",135 lbs.,"70""",Southpaw,"Oct 16, 1993",:0.20,:75%,:2.07,:42%,:0.00,:0%,:25%,:0.0,http://ufcstats.com/fighter-details/26927dab41dbd5fc
Ian Loveland,18-10-0,"5' 8""",145 lbs.,--,Orthodox,"Sep 07, 1983",:2.71,:40%,:2.36,:64%,:1.00,:37%,:69%,:0.3,http://ufcstats.com/fighter-details/eea0274e153256a0
Ryan Hayes,7-6-0,--,--,--,,--,:0.00,:0%,:0.00,:0%,:0.00,:0%,:0%,:0.0,http://ufcstats.com/fighter-details/a620638435de0628
Nicholas Musoke,13-5-0 (1 NC),"6' 0""",170 lbs.,"75""",Orthodox,"Apr 05, 1986",:3.56,:35%,:3.80,:57%,:1.16,:19%,:82%,:0.2,http://ufcstats.com/fighter-details/8b5f9ea38184ded3
Goldman Butler,1-4-0,--,--,--,,--,:0.00,:0%,:0.00,:0%,:0.00,:0%,:0%,:0.0,http://ufcstats.com/fighter-details/e2d5072048b825b1
Fellipe Andrew,0-0-0,--,--,--,,"Oct 24, 1994",:0.00,:0%,:0.00,:0%,:0.00,:0%,:0%,:0.0,http://ufcstats.com/fighter-details/7977fb0fd9c5955d
Leandro Silva,20-6-1 (1 NC),"5' 9""",155 lbs.,"72""",Orthodox,"Nov 11, 1985",:2.39,:48%,:2.08,:63%,:1.76,:37%,:65%,:0.4,http://ufcstats.com/fighter-details/159da492e000afbf
Nadia Kassem,5-2-0,"5' 5""",125 lbs.,"66""",Southpaw,"Nov 15, 1995",:3.13,:41%,:4.48,:48%,:0.46,:33%,:40%,:2.8,http://ufcstats.com/fighter-details/6e7506127408aa9e
Sovannahry Em,3-1-0,"5' 4""",135 lbs.,--,,"Jun 26, 1992",:0.00,:0%,:0.00,:0%,:0.00,:0%,:0%,:0.0,http://ufcstats.com/fighter-details/45c8fed13a62fe92
James Barnes,14-5-0,"5' 8""",135 lbs.,"71""",Orthodox,"May 28, 1982",:0.57,:34%,:3.02,:39%,:1.08,:16%,:40%,:0.0,http://ufcstats.com/fighter-details/c06a5c95f1169c0b
Jeremiah Riggs,7-8-0,"6' 0""",185 lbs.,--,,"Dec 17, 1982",:0.00,:0%,:0.00,:0%,:0.00,:0%,:0%,:0.0,http://ufcstats.com/fighter-details/f1a9ad7485e5024a
Merab Dvalishvili,21-4-0,"5' 6""",135 lbs.,"68""",Orthodox,"Jan 10, 1991",:4.33,:42%,:2.55,:56%,:6.40,:37%,:82%,:0.3,http://ufcstats.com/fighter-details/c03520b5c88ed6b4
Julius Anglickas,5-1-0,"6' 3""",205 lbs.,--,Orthodox,"Jul 23, 1991",:4.62,:78%,:1.86,:50%,:4.47,:50%,:60%,:1.1,http://ufcstats.com/fighter-details/e20ad078a7d63361
Francisco Bueno,5-2-0,"5' 9""",225 lbs.,--,Orthodox,--,:0.00,:0%,:0.00,:0%,:0.00,:0%,:0%,:0.0,http://ufcstats.com/fighter-details/a72d260b436924c4
Johnny Case,22-6-0,"5' 10""",155 lbs.,"72""",Orthodox,"Jun 28, 1989",:3.95,:38%,:2.66,:61%,:1.70,:45%,:72%,:0.2,http://ufcstats.com/fighter-details/1f4b04a926ef1287
Gillian Robertson,16-8-0,"5' 5""",115 lbs.,"63""",Orthodox,"May 17, 1995",:2.86,:48%,:2.86,:56%,:2.74,:40%,:41%,:0.9,http://ufcstats.com/fighter-details/38c7f72747f4f712
Patchy Mix,20-3-0,"5' 11""",135 lbs.,"70""",Southpaw,"Aug 16, 1993",:5.30,:43%,:7.30,:43%,:2.50,:62%,:0%,:0.0,http://ufcstats.com/fighter-details/2cfba6c837c03ed0
Bassil Hafez,9-4-1,"5' 11""",170 lbs.,"72""",Orthodox,"Jan 31, 1992",:3.71,:38%,:5.68,:41%,:2.21,:24%,:50%,:0.0,http://ufcstats.com/fighter-details/f4d92416da98804b
Salim Touahri,10-4-0,"5' 10""",170 lbs.,"72""",Orthodox,"Sep 28, 1989",:2.60,:46%,:2.87,:58%,:0.00,:0%,:83%,:0.0,http://ufcstats.com/fighter-details/cbf1c7ba5408a66f
Nick Gibbons,2-1-0,"5' 10""",155 lbs.,--,,--,:0.00,:0%,:0.00,:0%,:0.00,:0%,:0%,:0.0,http://ufcstats.com/fighter-details/96a221341035b701
James Bochnovic,8-3-0,"6' 4""",205 lbs.,"81""",Orthodox,"Feb 13, 1989",:0.65,:26%,:3.64,:21%,:0.00,:0%,:0%,:0.0,http://ufcstats.com/fighter-details/984d15d5dc7bfcf9
Tony DeSouza,11-4-0,"6' 0""",170 lbs.,"70""",Southpaw,"Jul 26, 1974",:1.12,:52%,:1.57,:41%,:2.25,:42%,:40%,:1.5,http://ufcstats.com/fighter-details/6ad9058b7c7898b0
Lucas Fernando,9-2-0,"6' 3""",185 lbs.,"80""",,"Jan 10, 1997",:1.87,:51%,:4.73,:38%,:3.00,:30%,:0%,:1.0,http://ufcstats.com/fighter-details/3df223aeaacecf3f
Chad Anheliger,13-8-0,"5' 6""",135 lbs.,"64""",Orthodox,"Dec 01, 1986",:3.11,:46%,:2.76,:53%,:0.68,:30%,:38%,:0.5,http://ufcstats.com/fighter-details/c7c39e2fb70248b3
Felipe Bunes,14-8-0,"5' 7""",125 lbs.,"69""",Orthodox,"Oct 29, 1989",:2.93,:50%,:4.66,:44%,:1.13,:22%,:40%,:2.3,http://ufcstats.com/fighter-details/53c10176e3bc7416
Rolando Perez,7-5-2,"5' 8""",135 lbs.,--,Orthodox,--,:4.23,:36%,:4.83,:63%,:0.00,:0%,:100%,:0.0,http://ufcstats.com/fighter-details/4a9e305633f3ef47
Roger Hollett,13-5-0,"5' 11""",205 lbs.,--,Orthodox,"Oct 08, 1978",:1.83,:47%,:6.47,:34%,:1.00,:28%,:30%,:0.0,http://ufcstats.com/fighter-details/27d65e9d0fba61ea
Danny Davis,13-11-1,"6' 2""",170 lbs.,--,,"Jul 28, 1982",:0.00,:0%,:0.00,:0%,:0.00,:0%,:0%,:0.0,http://ufcstats.com/fighter-details/570d40f993171b19
Andre Petroski,13-6-0,"6' 0""",185 lbs.,"73""",Switch,"Jun 12, 1991",:2.81,:49%,:2.79,:53%,:3.15,:51%,:86%,:1.3,http://ufcstats.com/fighter-details/5f61780fe5e9b6d0
Alexander Shlemenko,56-9-0 (1 NC),"5' 11""",185 lbs.,--,,"May 20, 1984",:4.36,:60%,:1.71,:63%,:0.00,:0%,:0%,:0.0,http://ufcstats.com/fighter-details/ed3ea649b34ddb6c
Marcos Mariano,6-6-0,"6' 1""",155 lbs.,"76""",Switch,"Oct 12, 1986",:0.25,:27%,:2.11,:43%,:0.00,:0%,:28%,:0.0,http://ufcstats.com/fighter-details/72e5e5a6edfa8223
Amador Ramirez,5-4-0,--,135 lbs.,--,,"Jun 14, 1990",:4.93,:51%,:2.07,:69%,:1.00,:33%,:0%,:0.0,http://ufcstats.com/fighter-details/ac31f869959860bc
Mark Vorgeas,5-3-1,"5' 10""",135 lbs.,--,,--,:3.87,:32%,:4.19,:51%,:0.00,:0%,:50%,:0.8,http://ufcstats.com/fighter-details/ef0344ed552d8a22
Mike Zichelle,8-4-0,--,205 lbs.,--,,--,:0.87,:35%,:0.87,:40%,:0.00,:0%,:0%,:2.0,http://ufcstats.com/fighter-details/6d3398b910461f2f
Kyle Bradley,19-12-0 (1 NC),"5' 9""",155 lbs.,"71""",Orthodox,"Aug 19, 1982",:1.99,:40%,:3.45,:58%,:0.65,:50%,:40%,:0.0,http://ufcstats.com/fighter-details/a6959da32f0e6b5d
Ashlee Evans-Smith,6-6-0,"5' 8""",135 lbs.,"67""",Orthodox,"Jul 09, 1987",:4.03,:34%,:4.59,:53%,:0.95,:22%,:50%,:0.0,http://ufcstats.com/fighter-details/fc6e681bf6658faf
Javi Alanis,0-4-0,"5' 6""",135 lbs.,--,,--,:0.00,:0%,:0.00,:0%,:0.00,:0%,:0%,:0.0,http://ufcstats.com/fighter-details/2144954270be834d
Ramazan Temirov,19-3-0,"5' 4""",125 lbs.,"63""",Orthodox,"Jan 31, 1997",:4.37,:40%,:3.93,:59%,:0.84,:50%,:100%,:0.0,http://ufcstats.com/fighter-details/7d0a1968b38ca439
Steven Ciaccio,4-4-0,"6' 0""",170 lbs.,--,,--,:0.00,:0%,:0.00,:0%,:0.00,:0%,:0%,:0.0,http://ufcstats.com/fighter-details/eaebaa6801338ea1
Josh Parisian,15-8-0,"6' 4""",265 lbs.,"79""",Orthodox,"Jun 28, 1989",:4.55,:48%,:4.88,:41%,:0.98,:33%,:46%,:0.2,http://ufcstats.com/fighter-details/b5da8f7d05e85a55
Jamie Houston,3-0-0,--,185 lbs.,--,,--,:0.00,:0%,:0.00,:0%,:0.00,:0%,:0%,:0.0,http://ufcstats.com/fighter-details/4b1896310a907656
Akira Corassani,12-6-0 (1 NC),"5' 8""",145 lbs.,"68""",Orthodox,"Aug 27, 1982",:3.25,:45%,:4.91,:50%,:0.70,:28%,:86%,:0.0,http://ufcstats.com/fighter-details/3f52ce18fb98008f
Paulo Santos,0-3-0,--,--,--,,--,:0.00,:0%,:0.00,:0%,:0.00,:0%,:0%,:0.0,http://ufcstats.com/fighter-details/7ca4c3f8aa8bacae
Lee Kwan Bum,0-1-0,"6' 2""",286 lbs.,--,Orthodox,"Oct 12, 1986",:0.71,:14%,:0.00,:100%,:0.00,:0%,:0%,:0.0,http://ufcstats.com/fighter-details/c0342805a1948cbb
Muhammed Lawal,21-6-0 (1 NC),"6' 0""",205 lbs.,"78""",Southpaw,"Jan 11, 1981",:3.79,:52%,:1.61,:66%,:5.96,:75%,:87%,:0.0,http://ufcstats.com/fighter-details/a571770c4016736f
Imanol Rodriguez,6-0-0,"5' 4""",125 lbs.,"64""",Orthodox,"Nov 15, 1999",:9.09,:58%,:2.73,:60%,:0.00,:0%,:0%,:0.0,http://ufcstats.com/fighter-details/6e8349a0a0476d60
Yoshiki Takahashi,30-27-3 (1 NC),"5' 11""",199 lbs.,--,Southpaw,"Mar 13, 1969",:2.26,:51%,:6.47,:44%,:0.00,:0%,:66%,:2.3,http://ufcstats.com/fighter-details/6420efac0578988b
Raquel Pennington,16-10-0,"5' 7""",135 lbs.,"67""",Orthodox,"Sep 05, 1988",:4.10,:49%,:3.32,:61%,:0.83,:27%,:62%,:0.6,http://ufcstats.com/fighter-details/fc169c387b4b465d
Ali Bagautinov,15-6-0,"5' 4""",125 lbs.,"65""",Orthodox,"Jun 10, 1985",:2.85,:42%,:3.09,:52%,:2.51,:36%,:65%,:0.3,http://ufcstats.com/fighter-details/3dd92ff9fb0412b3
Tatsuya Kawajiri,36-11-2,"5' 7""",145 lbs.,"69""",Orthodox,"May 08, 1978",:2.04,:44%,:2.01,:50%,:3.63,:48%,:63%,:1.1,http://ufcstats.com/fighter-details/80d918336163b80c
James Lee,15-3-0 (1 NC),"5' 11""",205 lbs.,--,Southpaw,"Sep 22, 1973",:1.40,:42%,:3.72,:27%,:13.95,:50%,:0%,:7.0,http://ufcstats.com/fighter-details/863d06a7ef8bc98c
Chibwikem Onyenegecha,5-0-0,"6' 3""",185 lbs.,--,Orthodox,"Apr 18, 1994",:5.60,:55%,:3.40,:52%,:0.00,:0%,:100%,:0.0,http://ufcstats.com/fighter-details/887e09328cd63df1
Falaniko Vitale,30-11-0,"5' 10""",185 lbs.,--,Orthodox,"Jul 14, 1974",:1.88,:49%,:3.68,:47%,:0.72,:33%,:86%,:0.0,http://ufcstats.com/fighter-details/445a98acb8985970
Joanderson Brito,17-5-1,"5' 8""",145 lbs.,"72""",Orthodox,"Feb 11, 1995",:2.48,:50%,:2.49,:42%,:2.49,:68%,:56%,:1.0,http://ufcstats.com/fighter-details/791c8437b341fba5
Clay Guida,38-22-0,"5' 7""",155 lbs.,"70""",Orthodox,"Dec 08, 1981",:2.63,:33%,:3.00,:61%,:3.10,:35%,:66%,:0.6,http://ufcstats.com/fighter-details/c47df9303d318c67
Mychal Clark,10-14-0,"6' 3""",224 lbs.,--,Orthodox,--,:5.80,:56%,:2.90,:59%,:0.00,:0%,:0%,:0.0,http://ufcstats.com/fighter-details/69108cb8b32efe04
Rafael Silva,28-6-0,"5' 7""",135 lbs.,--,,"Mar 20, 1985",:0.67,:50%,:0.73,:67%,:0.00,:0%,:25%,:1.0,http://ufcstats.com/fighter-details/a31358d90d4bb40a
Antonio Mendes,18-13-0,"6' 3""",205 lbs.,"77""",Southpaw,"Apr 19, 1981",:1.34,:47%,:6.85,:22%,:2.51,:50%,:100%,:0.0,http://ufcstats.com/fighter-details/3795fca327cbcf23
Clifford Starks,13-3-0,"6' 0""",185 lbs.,"78""",Orthodox,"Apr 25, 1981",:1.94,:33%,:2.49,:58%,:1.94,:100%,:60%,:0.0,http://ufcstats.com/fighter-details/5abf827d62f98fee
Cain Velasquez,14-3-0,"6' 1""",240 lbs.,"77""",Orthodox,"Jul 28, 1982",:6.37,:57%,:2.33,:57%,:5.13,:45%,:85%,:0.4,http://ufcstats.com/fighter-details/0ff11cc094e887bc
Dylan Mantello,8-4-0,"6' 1""",155 lbs.,"73""",Orthodox,"Nov 19, 1992",:4.69,:62%,:4.76,:55%,:0.00,:0%,:76%,:0.0,http://ufcstats.com/fighter-details/e192ebb85b68fa9e
Keith Hackney,2-2-0,"5' 11""",200 lbs.,--,Sideways,"Apr 15, 1958",:0.00,:0%,:0.00,:0%,:0.00,:0%,:0%,:0.0,http://ufcstats.com/fighter-details/bf12aca029bfcc47
Mikheil Sazhiniani,13-3-0,"6' 0""",205 lbs.,"71""",Orthodox,"Oct 05, 1996",:2.27,:28%,:3.03,:52%,:0.00,:0%,:100%,:0.0,http://ufcstats.com/fighter-details/22a1f83edb865aee
Leonardo Silva de Oliveira,12-4-0,"6' 2""",185 lbs.,--,Orthodox,"Apr 23, 1992",:1.07,:40%,:0.54,:50%,:24.11,:50%,:0%,:0.0,http://ufcstats.com/fighter-details/28e088bbcaaa6366
Alexander Crispim,8-6-0,--,145 lbs.,--,,--,:0.00,:0%,:0.00,:0%,:0.00,:0%,:0%,:0.0,http://ufcstats.com/fighter-details/15dedd05f8bcb475
Blood Diamond,3-3-0,"5' 11""",170 lbs.,"76""",Switch,"Jul 10, 1988",:3.12,:55%,:2.17,:48%,:0.00,:0%,:73%,:0.0,http://ufcstats.com/fighter-details/9edf2c9082cc2cd8
Matt Veach,17-5-0,"5' 11""",155 lbs.,--,Orthodox,"May 31, 1981",:1.12,:28%,:4.91,:44%,:3.64,:38%,:100%,:1.5,http://ufcstats.com/fighter-details/5731cc327790b731
Neemias Santana,7-3-1,"6' 2""",185 lbs.,"76""",Orthodox,"Jul 10, 1996",:1.67,:34%,:2.00,:52%,:0.00,:0%,:0%,:0.0,http://ufcstats.com/fighter-details/86989ee8fe97884d
Jason Ireland,19-9-1,"5' 9""",161 lbs.,--,Southpaw,"Dec 30, 1979",:1.20,:25%,:2.07,:51%,:3.59,:75%,:0%,:1.2,http://ufcstats.com/fighter-details/05a0556072931f01
Chris Saunders,16-8-0,"5' 8""",155 lbs.,--,,"Mar 11, 1986",:1.48,:22%,:2.96,:75%,:3.70,:100%,:0%,:0.0,http://ufcstats.com/fighter-details/b35a159f525764eb
Estefani Almeida,7-3-0,"5' 4""",125 lbs.,--,Orthodox,"Oct 17, 1988",:3.13,:37%,:6.07,:42%,:0.00,:0%,:0%,:0.0,http://ufcstats.com/fighter-details/f16ddfa31236efed
Shauna Bannon,7-2-0,"5' 5""",115 lbs.,"65""",Switch,"Oct 23, 1993",:4.32,:43%,:3.75,:45%,:0.00,:0%,:40%,:0.7,http://ufcstats.com/fighter-details/9c442aaf149ea982
Marcos da Matta,11-3-0,"5' 4""",145 lbs.,--,,"Mar 18, 1973",:0.00,:0%,:0.00,:0%,:0.00,:0%,:0%,:0.0,http://ufcstats.com/fighter-details/3b6d84343579fd33
Ronaldo Rodriguez,17-3-0,"5' 6""",125 lbs.,"65""",Orthodox,"May 07, 1999",:2.71,:43%,:3.80,:44%,:1.09,:36%,:64%,:0.8,http://ufcstats.com/fighter-details/f2900678e98f6d6a
Felipe Pena,0-0-0,--,--,--,,"Oct 19, 1991",:0.00,:0%,:0.00,:0%,:0.00,:0%,:0%,:0.0,http://ufcstats.com/fighter-details/566ff9546fc29acd
Donnie Chappell,0-1-0,"5' 11""",178 lbs.,--,Southpaw,--,:0.00,:0%,:0.00,:0%,:0.00,:0%,:0%,:0.0,http://ufcstats.com/fighter-details/8788beb528894f33
Teddy Ash,14-5-0,"6' 1""",185 lbs.,"73""",Switch,"Dec 27, 1989",:7.27,:61%,:6.80,:28%,:0.00,:0%,:100%,:0.0,http://ufcstats.com/fighter-details/a373085066dbfb54
Carli Judice,5-2-0,"5' 7""",125 lbs.,"68""",Southpaw,"Mar 02, 1999",:10.73,:52%,:8.08,:55%,:0.70,:25%,:77%,:0.0,http://ufcstats.com/fighter-details/f1ab6f37492c630a
Josefine Knutsson,8-1-0,"5' 3""",115 lbs.,"60""",Orthodox,"Jan 16, 1996",:4.24,:51%,:2.13,:54%,:1.60,:72%,:35%,:0.0,http://ufcstats.com/fighter-details/971dba22c622af12
Steve Cantwell,7-6-0,"6' 2""",185 lbs.,"75""",Orthodox,"Dec 08, 1986",:3.63,:34%,:5.76,:55%,:0.65,:30%,:80%,:0.7,http://ufcstats.com/fighter-details/f1f9e48a0d150757
Kali Robbins,6-3-0,"5' 3""",115 lbs.,"63""",Orthodox,"Jul 05, 1984",:3.73,:46%,:9.40,:44%,:2.00,:33%,:0%,:0.0,http://ufcstats.com/fighter-details/610caee730f9b89e
Mike Rhodes,10-5-0,"6' 1""",170 lbs.,"74""",Orthodox,"Dec 04, 1989",:3.20,:39%,:4.13,:64%,:0.96,:33%,:75%,:0.5,http://ufcstats.com/fighter-details/b7ad576b8ae115e6
Paddy McCorry,7-1-0,"6' 3""",185 lbs.,"73""",Switch,"Dec 09, 1997",:6.20,:55%,:2.47,:53%,:1.00,:50%,:0%,:0.0,http://ufcstats.com/fighter-details/b43620395f655046
Elvis Mutapcic,15-6-1,"6' 0""",185 lbs.,"72""",Orthodox,"Jul 19, 1986",:3.41,:40%,:4.27,:38%,:0.00,:0%,:81%,:0.0,http://ufcstats.com/fighter-details/28c55b4087a6f136
Daisuke Sugie,10-8-1,"5' 6""",160 lbs.,--,Orthodox,"Oct 12, 1980",:0.00,:0%,:0.22,:80%,:3.27,:50%,:0%,:3.3,http://ufcstats.com/fighter-details/8215e4fe24e8e81b
Kazuhiro Nakamura,21-13-0,"5' 11""",205 lbs.,"70""",Orthodox,"Jul 16, 1979",:1.56,:37%,:1.83,:59%,:1.73,:36%,:42%,:0.6,http://ufcstats.com/fighter-details/b034747dc1d15491
Manuel Rodriguez,11-5-0,"5' 9""",170 lbs.,--,Orthodox,"Apr 25, 1985",:0.81,:33%,:3.23,:38%,:9.09,:75%,:0%,:0.0,http://ufcstats.com/fighter-details/5a6e4d2f0c76a242
Cameron Else,10-6-0,"5' 9""",135 lbs.,"71""",Switch,"Apr 27, 1987",:1.99,:40%,:8.09,:51%,:0.00,:0%,:0%,:0.0,http://ufcstats.com/fighter-details/5f3da9a9610d8969
Todd Butler,1-4-0,"6' 1""",200 lbs.,--,Southpaw,--,:0.00,:0%,:0.00,:0%,:0.00,:0%,:0%,:0.0,http://ufcstats.com/fighter-details/3fed746acfd026dd
Joey Gomez,7-1-0,"5' 10""",155 lbs.,"71""",Orthodox,"Aug 29, 1989",:3.73,:49%,:3.33,:50%,:2.00,:28%,:0%,:0.0,http://ufcstats.com/fighter-details/3a28e1e641366308
Ryan Hall,9-2-0,"5' 10""",145 lbs.,"70""",Southpaw,"Feb 22, 1985",:2.38,:50%,:1.33,:65%,:0.22,:9%,:0%,:2.2,http://ufcstats.com/fighter-details/8866c6f509c19089
Tecia Pennington,15-7-0,"5' 1""",115 lbs.,"60""",Orthodox,"Aug 16, 1989",:4.78,:48%,:3.48,:61%,:0.54,:13%,:62%,:0.1,http://ufcstats.com/fighter-details/31ef8b67e13495b3
Pedro Rocha,1-0-0,--,--,--,,--,:0.00,:0%,:0.00,:0%,:0.00,:0%,:0%,:0.0,http://ufcstats.com/fighter-details/5921fd3f889afa3b
Sean Spencer,12-6-0,"5' 10""",170 lbs.,"74""",Orthodox,"Jun 25, 1987",:4.24,:32%,:4.02,:60%,:0.14,:33%,:68%,:0.0,http://ufcstats.com/fighter-details/ab850a77a0fa487d
Pedro Munhoz,20-10-0 (2 NC),"5' 6""",135 lbs.,"65""",Orthodox,"Sep 07, 1986",:5.38,:41%,:6.29,:55%,:0.48,:16%,:82%,:0.5,http://ufcstats.com/fighter-details/6bd02119599741a4
Amaury Bitetti,5-2-0,"5' 9""",185 lbs.,--,Orthodox,"Apr 14, 1969",:0.00,:0%,:0.00,:0%,:0.00,:0%,:0%,:0.0,http://ufcstats.com/fighter-details/7a359ef685a304a7
Mike de la Torre,14-7-0 (1 NC),"5' 11""",145 lbs.,"71""",Orthodox,"Sep 22, 1986",:3.21,:39%,:4.75,:51%,:0.36,:16%,:83%,:0.0,http://ufcstats.com/fighter-details/1971869b7e054261
Elias Silverio,13-3-0,"5' 11""",155 lbs.,"73""",Orthodox,"Sep 22, 1986",:3.67,:49%,:2.97,:51%,:1.62,:38%,:85%,:0.2,http://ufcstats.com/fighter-details/52ba464d9068d871
Joe Duffy,16-5-0,"5' 10""",155 lbs.,"73""",Orthodox,"Feb 18, 1988",:2.68,:34%,:3.78,:54%,:0.96,:66%,:64%,:0.7,http://ufcstats.com/fighter-details/654ae722109a0d31
Adam Lynn,17-10-0 (1 NC),"5' 10""",155 lbs.,--,Orthodox,"Nov 16, 1977",:1.47,:63%,:6.95,:10%,:0.00,:0%,:50%,:0.0,http://ufcstats.com/fighter-details/edfe95e3c33a4bf8
Xavier Siller,5-5-0,"5' 5""",125 lbs.,--,,"Jun 06, 1994",:1.02,:36%,:1.53,:57%,:3.83,:100%,:0%,:0.0,http://ufcstats.com/fighter-details/9a08c2753184ac6d
Boston Salmon,6-3-0,"5' 9""",135 lbs.,"69""",Southpaw,"Nov 20, 1990",:4.13,:37%,:7.75,:59%,:0.00,:0%,:100%,:0.0,http://ufcstats.com/fighter-details/98e946879ba20c0f
Shelton Graves,7-3-0,"6' 2""",255 lbs.,"76""",Southpaw,"Oct 23, 1985",:2.19,:69%,:0.81,:33%,:4.86,:57%,:0%,:0.0,http://ufcstats.com/fighter-details/642862d6d63605cd
Mansher Khera,10-0-0,"5' 10""",155 lbs.,"68""",Orthodox,"Apr 15, 1992",:2.80,:38%,:2.60,:38%,:2.00,:14%,:100%,:0.0,http://ufcstats.com/fighter-details/4bbd1e5c77ef3c2f
Lorenz Larkin,18-6-0 (1 NC),"5' 11""",170 lbs.,"72""",Orthodox,"Sep 03, 1986",:3.53,:46%,:2.74,:63%,:0.27,:42%,:79%,:0.1,http://ufcstats.com/fighter-details/9450848a71d53776
Roger Zapata,4-2-0,"5' 11""",170 lbs.,--,Southpaw,"May 09, 1986",:2.60,:51%,:2.13,:36%,:0.00,:0%,:81%,:1.4,http://ufcstats.com/fighter-details/fe5ca7ef93c3f6a7
Daniel Frunza,9-3-0,"6' 1""",170 lbs.,"73""",Orthodox,"Apr 13, 1994",:6.30,:40%,:6.67,:56%,:0.00,:0%,:60%,:0.0,http://ufcstats.com/fighter-details/7cec3c4a5e7b6d68
Wayne Cole,16-25-0,"6' 1""",205 lbs.,--,Orthodox,"Jan 06, 1971",:0.57,:20%,:8.33,:27%,:4.31,:25%,:0%,:4.3,http://ufcstats.com/fighter-details/2eab7a6c8b0ed8cc
Tony Johnson,7-2-0,"6' 2""",205 lbs.,"76""",Orthodox,"May 02, 1983",:4.00,:92%,:3.67,:22%,:0.00,:0%,:90%,:0.0,http://ufcstats.com/fighter-details/3641a0d117e9bc6c
Bob Gilstrap,5-7-0,"6' 3""",200 lbs.,--,Orthodox,--,:0.00,:0%,:0.00,:0%,:0.00,:0%,:0%,:0.0,http://ufcstats.com/fighter-details/c96518b7f6881004
Chris Jones,10-5-0,"5' 9""",149 lbs.,--,,"Nov 16, 1981",:0.00,:0%,:0.00,:0%,:0.00,:0%,:0%,:0.0,http://ufcstats.com/fighter-details/509319d35664369e
Billy Elekana,8-2-0,"6' 3""",205 lbs.,"77""",Southpaw,"May 28, 1995",:2.34,:57%,:3.18,:49%,:0.64,:25%,:0%,:0.0,http://ufcstats.com/fighter-details/07a74004d964c7f4
Shah Kamali,4-0-0,--,265 lbs.,--,,"Oct 25, 1998",:0.00,:0%,:0.00,:0%,:0.00,:0%,:0%,:0.0,http://ufcstats.com/fighter-details/a46ab6c64d321c2d
Roshaun Jones,2-6-0,"5' 8""",135 lbs.,--,,--,:0.00,:0%,:0.00,:0%,:0.00,:0%,:0%,:0.0,http://ufcstats.com/fighter-details/8a9f54b9056b07f5
Icho Larenas,6-5-0,"6' 3""",235 lbs.,--,Orthodox,"Mar 12, 1980",:0.17,:15%,:2.50,:28%,:0.00,:0%,:14%,:0.0,http://ufcstats.com/fighter-details/49efbdc6c9f650c4
Bobby Voelker,19-13-0,"6' 0""",170 lbs.,"74""",Orthodox,"Apr 26, 1979",:4.01,:35%,:5.84,:42%,:1.04,:50%,:66%,:0.0,http://ufcstats.com/fighter-details/fb8a3025ae722e64
Jared Vanderaa,12-10-0,"6' 4""",265 lbs.,"80""",Orthodox,"May 12, 1992",:4.96,:44%,:5.67,:45%,:0.18,:50%,:20%,:0.0,http://ufcstats.com/fighter-details/2b68d9f125d07b42
Remco Pardoel,9-6-1 (2 NC),"6' 3""",260 lbs.,--,Southpaw,"May 23, 1969",:0.00,:0%,:0.00,:0%,:0.00,:0%,:0%,:0.0,http://ufcstats.com/fighter-details/749685d24e2cac50
Yadier del Valle,9-0-0,"5' 9""",145 lbs.,"69""",Southpaw,"Jul 29, 1996",:7.49,:67%,:3.46,:52%,:2.51,:42%,:66%,:1.7,http://ufcstats.com/fighter-details/70380ccdc81915b8
Jack May,9-3-0,"6' 8""",255 lbs.,--,Switch,"Apr 14, 1981",:1.52,:38%,:3.29,:33%,:0.91,:33%,:20%,:0.0,http://ufcstats.com/fighter-details/2c6e81426dd7573c
Jimmy Flick,17-9-0,"5' 7""",125 lbs.,"68""",Orthodox,"Sep 07, 1990",:1.67,:50%,:4.70,:43%,:2.36,:33%,:0%,:3.5,http://ufcstats.com/fighter-details/09e62c450e754913
Alexis Dufresne,6-3-0,"5' 9""",135 lbs.,--,Orthodox,"Aug 31, 1990",:1.33,:27%,:3.33,:60%,:1.50,:50%,:50%,:0.0,http://ufcstats.com/fighter-details/4ae4049426e0161d
Pauline Macias,4-1-0,"5' 4""",115 lbs.,"64""",Southpaw,"Jun 27, 1988",:0.80,:29%,:4.60,:42%,:2.00,:18%,:0%,:0.0,http://ufcstats.com/fighter-details/e88b83dea18f5d31
Takeya Mizugaki,21-11-2,"5' 7""",135 lbs.,"69""",Orthodox,"Dec 16, 1983",:3.37,:37%,:3.27,:57%,:1.46,:57%,:70%,:0.1,http://ufcstats.com/fighter-details/48e093ea1f43a053
Sidney Outlaw,8-4-0,"5' 8""",170 lbs.,"74""",Orthodox,"Apr 11, 1992",:0.13,:33%,:0.80,:71%,:3.00,:75%,:0%,:3.0,http://ufcstats.com/fighter-details/871ce0b4a01922b6
Ricky Turcios,13-5-0,"5' 9""",135 lbs.,"71""",Orthodox,"Jun 05, 1993",:4.73,:40%,:3.72,:52%,:0.91,:20%,:44%,:0.4,http://ufcstats.com/fighter-details/cd3d7e37ff2d679c
Nordine Taleb,15-7-0,"6' 1""",170 lbs.,"74""",Orthodox,"Jun 10, 1981",:3.66,:51%,:2.62,:66%,:1.94,:76%,:73%,:0.0,http://ufcstats.com/fighter-details/49858bf46dabf6fb
Antonina Shevchenko,10-4-0,"5' 8""",125 lbs.,"67""",Southpaw,"Nov 20, 1984",:3.86,:55%,:2.93,:52%,:0.43,:42%,:53%,:0.4,http://ufcstats.com/fighter-details/d7338bcb141abd2c
Ode Osbourne,13-9-0 (1 NC),"5' 7""",125 lbs.,"73""",Southpaw,"Jan 09, 1992",:3.07,:41%,:3.43,:47%,:1.09,:30%,:66%,:0.5,http://ufcstats.com/fighter-details/6d68c1afe954f121
Felipe Arantes,18-10-1 (2 NC),"5' 8""",135 lbs.,"73""",Orthodox,"Feb 09, 1988",:2.37,:45%,:2.66,:64%,:0.93,:47%,:41%,:0.7,http://ufcstats.com/fighter-details/71002dbc1743b9a7
Jessica Eye,15-11-0 (1 NC),"5' 6""",125 lbs.,"66""",Orthodox,"Jul 27, 1986",:3.86,:37%,:4.19,:55%,:0.58,:40%,:57%,:0.5,http://ufcstats.com/fighter-details/f72465a784c1b084
Sedriques Dumas,10-3-0 (1 NC),"6' 2""",185 lbs.,"79""",Orthodox,"Aug 06, 1995",:2.12,:44%,:2.50,:56%,:1.23,:35%,:40%,:0.2,http://ufcstats.com/fighter-details/4e6738062d469256
Akihiro Gono,35-21-8,"5' 7""",170 lbs.,"68""",Switch,"Oct 07, 1974",:2.18,:48%,:2.67,:63%,:1.01,:84%,:46%,:0.5,http://ufcstats.com/fighter-details/b2acebbef8da14ea
Iliarde Santos,30-13-1 (1 NC),"5' 5""",125 lbs.,"67""",Orthodox,"Sep 25, 1980",:3.00,:30%,:6.10,:57%,:1.66,:23%,:83%,:0.0,http://ufcstats.com/fighter-details/14aa21bc82cac57d
Marcin Held,23-7-0,"5' 9""",155 lbs.,"71""",Orthodox,"Jan 18, 1992",:1.41,:34%,:2.02,:47%,:2.46,:46%,:37%,:1.3,http://ufcstats.com/fighter-details/bf43fed8f29e1671
Uriah Hall,18-11-0,"6' 0""",185 lbs.,"79""",Orthodox,"Jul 31, 1984",:3.23,:48%,:3.85,:54%,:0.54,:38%,:64%,:0.1,http://ufcstats.com/fighter-details/65578a75fa7900e3
Luana Santos,9-2-0,"5' 6""",135 lbs.,"67""",Orthodox,"Apr 16, 2000",:3.69,:52%,:3.40,:62%,:1.91,:50%,:83%,:1.3,http://ufcstats.com/fighter-details/5078e1dacf9d25f4
Miesha Tate,20-10-0,"5' 6""",135 lbs.,"65""",Orthodox,"Aug 18, 1986",:2.62,:44%,:3.05,:51%,:1.97,:30%,:56%,:1.2,http://ufcstats.com/fighter-details/b96619b3acd7d9da
Bethe Correia,11-6-1,"5' 5""",135 lbs.,"64""",Orthodox,"Jun 22, 1983",:4.37,:43%,:4.93,:56%,:0.39,:18%,:85%,:0.0,http://ufcstats.com/fighter-details/673ea7dcc786b1b3
Kamal Shalorus,9-5-2,"5' 8""",155 lbs.,"68""",Orthodox,"Aug 27, 1972",:3.06,:32%,:2.99,:70%,:2.07,:50%,:80%,:0.0,http://ufcstats.com/fighter-details/ece280745f8727b8
Louis Taylor,13-4-0,"5' 11""",185 lbs.,--,Orthodox,"May 12, 1979",:2.06,:32%,:1.24,:68%,:2.48,:28%,:100%,:0.0,http://ufcstats.com/fighter-details/49bddfee9ed54cf3
Baru Harn,1-2-0,--,265 lbs.,--,,--,:0.00,:0%,:0.00,:0%,:0.00,:0%,:0%,:0.0,http://ufcstats.com/fighter-details/848809f3986b4977
Gabe Green,12-5-0,"5' 10""",155 lbs.,"73""",Switch,"May 02, 1993",:5.60,:45%,:6.19,:47%,:0.71,:50%,:50%,:0.5,http://ufcstats.com/fighter-details/5eb50529a8418b77
Marc Diakiese,17-7-0,"5' 10""",155 lbs.,"73""",Orthodox,"Mar 16, 1993",:2.54,:40%,:2.64,:52%,:3.29,:43%,:66%,:0.0,http://ufcstats.com/fighter-details/32c355b04fc57f3a
Fabricio Guerreiro,21-5-0 (1 NC),"5' 10""",145 lbs.,--,,"Jul 24, 1990",:1.87,:31%,:2.20,:67%,:2.00,:50%,:0%,:0.0,http://ufcstats.com/fighter-details/2963369e327e1979
Mitsuhiro Ishida,20-8-1,"5' 6""",154 lbs.,--,Southpaw,"Dec 29, 1978",:1.46,:41%,:1.13,:61%,:4.76,:53%,:33%,:0.7,http://ufcstats.com/fighter-details/82f5c81f4e3c3eb5
Claude Patrick,14-2-0,"5' 11""",170 lbs.,"75""",Orthodox,"Jun 14, 1980",:1.80,:55%,:0.89,:69%,:2.32,:53%,:84%,:1.7,http://ufcstats.com/fighter-details/56116a79e4deed06
Jean Silva,16-3-0,"5' 7""",145 lbs.,"69""",Orthodox,"Dec 27, 1996",:4.79,:51%,:4.69,:54%,:0.50,:50%,:78%,:0.8,http://ufcstats.com/fighter-details/52ef95b5860fb28c
Yan Xiaonan,19-5-0 (1 NC),"5' 5""",115 lbs.,"63""",Orthodox,"Jun 16, 1989",:4.69,:45%,:3.23,:60%,:0.84,:73%,:64%,:0.0,http://ufcstats.com/fighter-details/c41d426cc7326d1b
Curtis Blaydes,19-5-0 (1 NC),"6' 4""",265 lbs.,"80""",Orthodox,"Feb 18, 1991",:3.56,:50%,:2.00,:58%,:5.38,:48%,:31%,:0.0,http://ufcstats.com/fighter-details/fa6796c55d6c5440
Kay Hansen,7-6-0,"5' 2""",115 lbs.,"63""",Orthodox,"Aug 14, 1999",:3.01,:50%,:3.19,:51%,:1.83,:22%,:37%,:0.8,http://ufcstats.com/fighter-details/4100c7a09497ad41
Luan Lacerda,12-3-0,"5' 7""",135 lbs.,"71""",Orthodox,"Jan 07, 1993",:4.52,:44%,:7.07,:47%,:1.26,:25%,:75%,:0.6,http://ufcstats.com/fighter-details/6fc506e1099afe20
Scott Askham,14-4-0,"6' 3""",185 lbs.,"75""",Southpaw,"May 20, 1988",:3.03,:46%,:3.52,:52%,:0.44,:18%,:65%,:0.7,http://ufcstats.com/fighter-details/06827d70c53ff0d9
Josh Haynes,14-11-0,"5' 9""",170 lbs.,--,Orthodox,"Jul 30, 1977",:1.25,:22%,:4.03,:52%,:0.94,:18%,:42%,:0.0,http://ufcstats.com/fighter-details/6ef58dabef8beb15
David Branch,22-6-0,"6' 1""",185 lbs.,"78""",Orthodox,"Sep 26, 1981",:1.66,:39%,:1.91,:56%,:2.55,:32%,:43%,:0.0,http://ufcstats.com/fighter-details/d2c55d1d2e67773b
Jairzinho Rozenstruik,15-6-0,"6' 2""",242 lbs.,"78""",Orthodox,"Mar 17, 1988",:3.48,:48%,:2.63,:52%,:0.00,:0%,:72%,:0.0,http://ufcstats.com/fighter-details/2cd428e9606856fd
Sherman Pendergarst,11-18-0 (1 NC),"6' 1""",235 lbs.,--,Orthodox,"Aug 01, 1967",:1.23,:36%,:3.08,:16%,:4.62,:100%,:0%,:0.0,http://ufcstats.com/fighter-details/e670f8cc2969a789
Helio Dipp,6-3-0,"6' 5""",185 lbs.,--,Orthodox,"Dec 12, 1979",:0.60,:25%,:1.80,:62%,:0.00,:0%,:50%,:0.0,http://ufcstats.com/fighter-details/73eb2a552c92a821
David Douglas,9-7-0,"5' 11""",155 lbs.,--,,"Aug 16, 1981",:0.00,:0%,:0.00,:0%,:0.00,:0%,:0%,:0.0,http://ufcstats.com/fighter-details/7cf0944b88966118
Brad Morris,10-6-0,"6' 2""",205 lbs.,--,Orthodox,"Nov 01, 1979",:0.50,:62%,:6.95,:27%,:0.00,:0%,:0%,:0.0,http://ufcstats.com/fighter-details/6803d4d6908354ac
Bobby Southworth,10-6-0 (1 NC),"6' 2""",205 lbs.,--,Orthodox,"Dec 16, 1969",:0.99,:39%,:1.38,:65%,:3.98,:78%,:64%,:1.3,http://ufcstats.com/fighter-details/aee8eecfc4bfb1e7
Justin Jaynes,16-8-0,"5' 7""",145 lbs.,"68""",Orthodox,"Aug 10, 1989",:3.34,:44%,:5.33,:62%,:0.75,:40%,:20%,:1.1,http://ufcstats.com/fighter-details/304a21d0595e1a08
Michael Cora,4-1-0,"6' 1""",170 lbs.,"77""",Southpaw,"Aug 24, 1989",:0.80,:28%,:0.13,:66%,:0.00,:0%,:25%,:0.0,http://ufcstats.com/fighter-details/2b91eff985b532cd
Dave Strasser,25-8-0,"5' 10""",170 lbs.,--,Orthodox,"Jul 13, 1969",:3.04,:45%,:1.88,:59%,:0.72,:33%,:33%,:0.0,http://ufcstats.com/fighter-details/980b4e712489098e
Valesca Machado,8-3-0 (1 NC),"5' 4""",115 lbs.,"63""",Orthodox,"May 06, 1996",:2.40,:32%,:2.87,:64%,:0.00,:0%,:76%,:0.0,http://ufcstats.com/fighter-details/a1a91dbf41a029c4
Jonathan Micallef,8-1-0,"6' 0""",170 lbs.,"77""",Southpaw,"Mar 05, 1999",:4.77,:43%,:4.00,:58%,:0.83,:50%,:50%,:0.8,http://ufcstats.com/fighter-details/f782f953bfe7b5f2
Sai Wang,20-6-1,"6' 0""",170 lbs.,--,Southpaw,"Jan 14, 1986",:3.17,:46%,:2.27,:53%,:0.00,:0%,:77%,:0.0,http://ufcstats.com/fighter-details/efb9a43415a56d34
Kanako Murata,12-3-0,"5' 1""",115 lbs.,"62""",Orthodox,"Aug 10, 1993",:2.15,:56%,:2.40,:53%,:3.38,:56%,:100%,:0.8,http://ufcstats.com/fighter-details/e0b0cf71e0d69dd0
Donny Walker,15-10-0,"5' 9""",135 lbs.,--,,"Jan 04, 1980",:1.81,:37%,:3.85,:46%,:0.00,:0%,:57%,:1.7,http://ufcstats.com/fighter-details/e6147d5ab3685899
Lacey Schuckman,11-10-0,"5' 3""",125 lbs.,--,,"Jul 16, 1988",:0.00,:0%,:0.00,:0%,:0.00,:0%,:0%,:0.0,http://ufcstats.com/fighter-details/e44c679c30403cba
Sherron Leggett,21-6-0,"5' 8""",155 lbs.,--,Southpaw,"Oct 27, 1978",:2.86,:51%,:2.08,:47%,:5.19,:80%,:33%,:0.0,http://ufcstats.com/fighter-details/4f670b7972fa0a2e
Ruel Panales,6-2-0 (1 NC),"5' 5""",125 lbs.,"67""",Southpaw,"Dec 07, 1996",:2.53,:51%,:5.60,:46%,:1.00,:20%,:50%,:0.0,http://ufcstats.com/fighter-details/2742f028399bf8c7
Goiti Yamauchi,21-3-0,"5' 10""",145 lbs.,--,,"Jan 05, 1993",:1.66,:54%,:1.01,:66%,:0.00,:0%,:0%,:4.3,http://ufcstats.com/fighter-details/9e1a7101fefe9746
Thiago Perpetuo,9-4-1,"5' 10""",170 lbs.,--,Orthodox,"Dec 14, 1987",:5.39,:69%,:3.51,:51%,:2.82,:50%,:66%,:0.0,http://ufcstats.com/fighter-details/c1a5d3843596df92
Yoshiyuki Yoshida,18-9-0,"5' 11""",170 lbs.,"70""",Southpaw,"May 10, 1974",:0.85,:36%,:3.67,:36%,:1.41,:28%,:25%,:2.8,http://ufcstats.com/fighter-details/ab8900ae1f1dfd4c
Brandon Gaines,5-21-0,"6' 3""",185 lbs.,--,,"Feb 24, 1982",:0.00,:0%,:0.00,:0%,:0.00,:0%,:0%,:0.0,http://ufcstats.com/fighter-details/8e6cfbd455f0f9c2
Fernando Bettega,7-5-0,--,170 lbs.,--,,"Mar 10, 1980",:0.00,:0%,:0.00,:0%,:0.00,:0%,:0%,:0.0,http://ufcstats.com/fighter-details/a524710c3ef918fa
Travis Galbraith,18-7-0,"6' 0""",170 lbs.,--,Orthodox,"May 18, 1981",:2.21,:40%,:3.45,:48%,:1.33,:25%,:0%,:1.3,http://ufcstats.com/fighter-details/06dc1a58663579d2
Cody Pfister,13-6-1,"5' 10""",155 lbs.,"73""",Orthodox,"Jul 12, 1990",:1.41,:25%,:2.80,:51%,:2.82,:30%,:0%,:0.0,http://ufcstats.com/fighter-details/5904b0b38dc6718d
Steve Jennum,2-3-0,"5' 10""",215 lbs.,--,Orthodox,"Sep 23, 1963",:0.00,:0%,:0.00,:0%,:0.00,:0%,:0%,:0.0,http://ufcstats.com/fighter-details/ad047e3073a775f3
Jesus Pinedo,16-5-1,"5' 10""",155 lbs.,--,Southpaw,"Jun 22, 1996",:3.23,:38%,:4.37,:52%,:2.50,:100%,:100%,:0.0,http://ufcstats.com/fighter-details/25af5e832f17b474
Brian Melancon,7-3-0,"5' 8""",170 lbs.,--,Orthodox,"May 28, 1982",:4.18,:49%,:3.64,:64%,:2.02,:100%,:66%,:0.0,http://ufcstats.com/fighter-details/eee7dafac7d672b5
Mike Whitehead,27-8-0,"6' 1""",205 lbs.,--,Orthodox,"Jun 29, 1981",:1.62,:33%,:2.36,:59%,:3.59,:43%,:77%,:0.3,http://ufcstats.com/fighter-details/22d1e00e1aabb7c9
Andreas Gustafsson,12-3-0,"6' 1""",170 lbs.,"73""",Orthodox,"Feb 20, 1991",:5.82,:71%,:3.63,:45%,:6.19,:58%,:100%,:0.0,http://ufcstats.com/fighter-details/2caf993f53541fa1
Vitor Petrino,12-2-0,"6' 2""",265 lbs.,"77""",Orthodox,"Aug 28, 1997",:2.72,:45%,:2.60,:47%,:3.25,:58%,:71%,:1.0,http://ufcstats.com/fighter-details/71171fc96445bf65
Rogerio Bontorin,16-4-0 (2 NC),"5' 5""",125 lbs.,"67""",Orthodox,"Apr 25, 1992",:2.63,:52%,:3.27,:50%,:2.90,:60%,:51%,:1.0,http://ufcstats.com/fighter-details/07a2bdaa0afdd831
Guilherme Pat,5-0-0,--,265 lbs.,--,,--,:0.00,:0%,:0.00,:0%,:0.00,:0%,:0%,:0.0,http://ufcstats.com/fighter-details/ba15006c804a8de0
Federico Lopez,10-6-0,"5' 4""",139 lbs.,--,Orthodox,"Jan 04, 1984",:1.78,:23%,:5.35,:30%,:0.00,:0%,:0%,:0.0,http://ufcstats.com/fighter-details/9681e0ce67dc978b
Bubba Bush,8-3-0 (1 NC),"6' 0""",185 lbs.,--,Orthodox,"Jul 24, 1985",:0.63,:55%,:7.01,:25%,:2.82,:50%,:60%,:0.0,http://ufcstats.com/fighter-details/132505067f08c54d
Sarah Moras,6-8-0,"5' 7""",135 lbs.,"67""",Orthodox,"Apr 30, 1988",:2.28,:34%,:3.58,:50%,:0.67,:21%,:33%,:0.8,http://ufcstats.com/fighter-details/539ed332b3078821
Chelsea Chandler,6-4-0,"5' 8""",135 lbs.,"68""",Southpaw,"Nov 23, 1990",:3.55,:45%,:4.44,:40%,:0.87,:60%,:28%,:0.0,http://ufcstats.com/fighter-details/af9efbfd63d39734
Chad Leonhardt,9-4-0,"6' 0""",170 lbs.,--,,"Feb 19, 1980",:0.00,:0%,:0.00,:0%,:0.00,:0%,:0%,:0.0,http://ufcstats.com/fighter-details/657d0ed181f04215
Ricky Johnson,10-6-0,"5' 8""",145 lbs.,--,Orthodox,--,:1.83,:25%,:6.30,:36%,:0.00,:0%,:0%,:0.0,http://ufcstats.com/fighter-details/fa2fca260beeb9c0
Louis Lee Scott,10-0-0,"5' 8""",135 lbs.,"70""",Orthodox,"Feb 26, 2000",:5.35,:58%,:0.81,:71%,:2.43,:66%,:100%,:0.0,http://ufcstats.com/fighter-details/4327506eb9ee342f
Yousri Belgaroui,8-3-0,"6' 5""",185 lbs.,"79""",Orthodox,"Jun 02, 1992",:4.43,:60%,:2.65,:57%,:0.00,:0%,:81%,:0.0,http://ufcstats.com/fighter-details/7674b836ce0698a0
Carlston Harris,19-7-0,"6' 0""",170 lbs.,"76""",Orthodox,"Jul 09, 1987",:3.79,:43%,:3.46,:54%,:1.46,:22%,:55%,:0.6,http://ufcstats.com/fighter-details/a53d30163304aa6e
Daniel Cormier,22-3-0 (1 NC),"5' 11""",235 lbs.,"72""",Orthodox,"Mar 20, 1979",:4.25,:52%,:2.92,:54%,:1.83,:44%,:80%,:0.4,http://ufcstats.com/fighter-details/d967f0128c323de6
Marwan Rahiki,6-0-0,--,145 lbs.,--,,--,:0.00,:0%,:0.00,:0%,:0.00,:0%,:0%,:0.0,http://ufcstats.com/fighter-details/6eedb757f13b9978
Maria Oliveira,13-7-0,"5' 6""",115 lbs.,"69""",Orthodox,"Dec 12, 1996",:5.03,:38%,:5.76,:44%,:0.95,:44%,:47%,:0.0,http://ufcstats.com/fighter-details/37d752ec41ed84bb
Josh Culibao,11-4-1,"5' 10""",145 lbs.,"73""",Orthodox,"May 24, 1994",:3.41,:44%,:3.04,:59%,:0.00,:0%,:65%,:0.3,http://ufcstats.com/fighter-details/6751eacd16bd59bc
Mizuki,15-6-0,"5' 3""",115 lbs.,"65""",Orthodox,"Aug 19, 1994",:4.56,:50%,:5.62,:48%,:0.33,:14%,:85%,:0.0,http://ufcstats.com/fighter-details/43a59ce3bb40449e
Saidyokub Kakhramonov,10-3-0,"5' 8""",135 lbs.,"69""",Orthodox,"Nov 14, 1995",:2.05,:51%,:0.88,:58%,:6.63,:48%,:83%,:1.9,http://ufcstats.com/fighter-details/50a28b9f8314e008
Bobby Hoffman,36-10-1 (2 NC),"6' 2""",245 lbs.,--,Orthodox,"Oct 28, 1968",:2.02,:70%,:1.32,:19%,:1.17,:50%,:0%,:1.2,http://ufcstats.com/fighter-details/afaad7d6a581e307
Yukiya Naito,15-6-2,"6' 1""",205 lbs.,--,Orthodox,"Feb 28, 1977",:1.54,:33%,:5.13,:60%,:0.00,:0%,:0%,:0.0,http://ufcstats.com/fighter-details/7be328bb3c2ea22e
Hyder Amil,11-1-0,"5' 9""",145 lbs.,"70""",Switch,"May 28, 1990",:6.84,:57%,:4.18,:51%,:0.77,:20%,:81%,:1.2,http://ufcstats.com/fighter-details/41cc71cbf210e0fe
Mickael Lebout,16-7-1 (1 NC),"5' 11""",155 lbs.,"73""",Orthodox,"Aug 16, 1987",:2.60,:34%,:2.98,:54%,:0.00,:0%,:60%,:0.0,http://ufcstats.com/fighter-details/c575ab451e3c5b1d
Caio Machado,8-4-1,"6' 4""",250 lbs.,"78""",Southpaw,"Jul 20, 1994",:5.82,:53%,:2.87,:63%,:0.00,:0%,:82%,:0.0,http://ufcstats.com/fighter-details/89839250eb25c9c1
Filip Pejic,12-2-2,"5' 8""",135 lbs.,--,Orthodox,"Jul 21, 1992",:0.00,:0%,:0.88,:33%,:0.00,:0%,:0%,:0.0,http://ufcstats.com/fighter-details/38ed5a2299230227
Alejandro Garcia,14-10-0 (1 NC),"5' 7""",145 lbs.,--,,"Oct 20, 1980",:1.22,:62%,:1.14,:65%,:8.55,:87%,:66%,:0.0,http://ufcstats.com/fighter-details/e5dc36e0aba7e9da
Jonathan  Mix,7-4-0,"6' 0""",168 lbs.,--,,"Nov 09, 1980",:0.00,:0%,:0.00,:0%,:0.00,:0%,:0%,:0.0,http://ufcstats.com/fighter-details/f64e4ecd214c6378
Terrance McKinney,17-7-0,"5' 10""",155 lbs.,"73""",Switch,"Sep 15, 1994",:5.78,:56%,:2.58,:47%,:3.59,:40%,:77%,:2.2,http://ufcstats.com/fighter-details/809bd1a871491508
Manuel Exposito,13-3-0,"5' 7""",145 lbs.,"68""",Orthodox,"May 09, 2000",:2.53,:27%,:9.73,:34%,:2.00,:40%,:100%,:0.0,http://ufcstats.com/fighter-details/a1cb266d7f44f35f
Daniel Marcos,17-1-0 (1 NC),"5' 7""",135 lbs.,"69""",Orthodox,"Mar 07, 1993",:5.11,:53%,:3.88,:61%,:0.99,:46%,:84%,:0.0,http://ufcstats.com/fighter-details/850266b3dc4e506e
Tim Gorman,9-4-0,"5' 5""",135 lbs.,--,Southpaw,"Apr 29, 1983",:2.73,:31%,:5.57,:46%,:1.00,:9%,:33%,:0.0,http://ufcstats.com/fighter-details/c10eb2f12c489f6d
Jose Henrique,5-1-0,"6' 3""",170 lbs.,"79""",Orthodox,"May 23, 2002",:3.45,:43%,:5.79,:38%,:0.00,:0%,:0%,:0.0,http://ufcstats.com/fighter-details/20a0e4cc5227c117
Casey Kenney,16-4-1,"5' 7""",135 lbs.,"68""",Southpaw,"Mar 20, 1991",:4.85,:42%,:4.67,:58%,:1.09,:35%,:61%,:0.4,http://ufcstats.com/fighter-details/e7bba7ce4d6c7b07
Rafael Dos Anjos,32-17-0,"5' 8""",170 lbs.,"70""",Southpaw,"Oct 26, 1984",:3.48,:47%,:3.23,:60%,:1.95,:35%,:54%,:0.6,http://ufcstats.com/fighter-details/6a2f7c151031653d
Ryan Healy,25-14-1,"6' 1""",155 lbs.,--,Orthodox,"Jul 20, 1983",:1.67,:35%,:3.00,:38%,:3.00,:50%,:40%,:1.0,http://ufcstats.com/fighter-details/f3eb664db7fb1df3
Pascal Krauss,11-2-0,"6' 1""",170 lbs.,--,Orthodox,"Apr 19, 1987",:5.45,:47%,:3.88,:59%,:1.53,:50%,:60%,:0.9,http://ufcstats.com/fighter-details/a01e84abefd85ec0
Dave Courchaine,20-7-0,"5' 8""",170 lbs.,--,,"Feb 08, 1983",:0.00,:0%,:0.00,:0%,:0.00,:0%,:0%,:0.0,http://ufcstats.com/fighter-details/79ab17db3b40831a
Jean-Paul Lebosnoyani,9-2-0,"5' 11""",170 lbs.,"72""",Switch,"Jan 27, 1999",:9.71,:78%,:5.29,:64%,:0.00,:0%,:0%,:0.0,http://ufcstats.com/fighter-details/a3dda21be645be93
Jesse Lennox,14-4-0,"5' 9""",170 lbs.,"72""",Orthodox,"Mar 10, 1982",:2.69,:32%,:3.20,:64%,:1.22,:66%,:63%,:0.3,http://ufcstats.com/fighter-details/3ae10ac4df3df05c
Martin Buday,16-2-0,"6' 4""",265 lbs.,"77""",Orthodox,"Nov 11, 1991",:4.39,:53%,:4.49,:55%,:0.15,:20%,:93%,:0.1,http://ufcstats.com/fighter-details/8eb046f83e82bf26
JJ Okanovich,7-1-0,"5' 11""",155 lbs.,"76""",Orthodox,"Nov 04, 1990",:6.93,:55%,:5.27,:50%,:0.00,:0%,:100%,:0.0,http://ufcstats.com/fighter-details/aa40fe6038db56cb
Irwin Rivera,10-6-0,"5' 6""",135 lbs.,"67""",Southpaw,"Feb 14, 1989",:3.36,:44%,:5.07,:57%,:1.00,:16%,:70%,:0.0,http://ufcstats.com/fighter-details/06a80a685ea98573
Hiroko Yamanaka,13-3-0 (1 NC),"5' 11""",135 lbs.,--,,"Oct 24, 1978",:2.10,:26%,:3.54,:63%,:0.00,:0%,:100%,:0.0,http://ufcstats.com/fighter-details/283645128ae57eda
Rashad Evans,19-8-1,"6' 0""",205 lbs.,"75""",Orthodox,"Sep 25, 1979",:2.14,:37%,:2.42,:63%,:2.98,:44%,:73%,:0.0,http://ufcstats.com/fighter-details/ee779c43a8926d52
Te Edwards,6-3-0,"5' 8""",155 lbs.,"72""",Orthodox,"Sep 11, 1990",:1.50,:41%,:4.15,:44%,:0.72,:100%,:44%,:0.0,http://ufcstats.com/fighter-details/ef44e4ea9050f2ea
WonBin Ki,18-9-0,"5' 11""",155 lbs.,"73""",Orthodox,"Feb 11, 1991",:6.73,:50%,:4.21,:55%,:0.73,:20%,:50%,:0.0,http://ufcstats.com/fighter-details/aaeb55084b198a39
Eddy Ellis,21-16-1 (1 NC),"5' 9""",170 lbs.,--,Orthodox,"Jul 07, 1983",:3.40,:69%,:1.53,:68%,:4.00,:66%,:50%,:2.0,http://ufcstats.com/fighter-details/e60d773a0a42048a
Raphael Assuncao,28-10-0,"5' 5""",135 lbs.,"66""",Orthodox,"Jul 19, 1982",:3.22,:42%,:2.50,:66%,:1.65,:39%,:78%,:0.2,http://ufcstats.com/fighter-details/2f13e4020cea5b38
Adli Edwards,4-1-0,--,145 lbs.,--,,"Aug 28, 1989",:0.00,:0%,:0.00,:0%,:0.00,:0%,:0%,:0.0,http://ufcstats.com/fighter-details/e6904a03a66e711d
Guilherme Vasconcelos,9-4-0,"6' 0""",185 lbs.,--,Orthodox,"Mar 23, 1986",:3.27,:29%,:4.40,:70%,:0.00,:0%,:0%,:0.0,http://ufcstats.com/fighter-details/d6d5da3c209884bc
Jonathan Contrestano,6-0-0,--,155 lbs.,--,,--,:0.00,:0%,:0.00,:0%,:0.00,:0%,:0%,:0.0,http://ufcstats.com/fighter-details/06d4eb8123087123
Thiago Santos,22-11-0,"6' 2""",205 lbs.,"76""",Orthodox,"Jan 07, 1984",:3.72,:48%,:2.57,:53%,:0.88,:33%,:65%,:0.1,http://ufcstats.com/fighter-details/dea070ed4a2a8281
Raoni Barcelos,20-5-0,"5' 7""",135 lbs.,"67""",Orthodox,"May 01, 1987",:4.87,:52%,:4.40,:60%,:2.33,:33%,:85%,:0.6,http://ufcstats.com/fighter-details/b9f28e7045fdfce7
Hernani Perpetuo,18-5-0 (1 NC),"6' 0""",170 lbs.,--,Orthodox,"May 24, 1985",:2.73,:29%,:4.37,:55%,:0.00,:0%,:37%,:0.5,http://ufcstats.com/fighter-details/575360be653ad6a6
Lucie Pudilova,14-10-0,"5' 8""",125 lbs.,"67""",Orthodox,"Jun 13, 1994",:3.60,:37%,:4.07,:50%,:0.70,:31%,:67%,:0.6,http://ufcstats.com/fighter-details/3cf66c62d9069f43
Jakub Wiklacz,17-3-2,"5' 10""",135 lbs.,"72""",Orthodox,"Sep 10, 1996",:3.07,:55%,:2.47,:36%,:0.00,:0%,:28%,:3.0,http://ufcstats.com/fighter-details/6902fcf0610dd303
Jenna Castillo,1-0-0,"5' 2""",125 lbs.,--,,"May 05, 1982",:3.24,:56%,:2.01,:57%,:1.68,:100%,:100%,:0.0,http://ufcstats.com/fighter-details/e680418329c84ec4
Richie Hightower,8-4-0 (1 NC),"5' 8""",170 lbs.,--,Orthodox,"Nov 26, 1974",:4.62,:35%,:6.92,:21%,:3.46,:100%,:100%,:0.0,http://ufcstats.com/fighter-details/318e629d1eb7aa49
Georges St-Pierre,26-2-0,"5' 11""",185 lbs.,"76""",Orthodox,"May 19, 1981",:3.78,:53%,:1.40,:72%,:4.16,:74%,:83%,:1.1,http://ufcstats.com/fighter-details/6506c1d34da9c013
Kuya Ito,17-9-1,"5' 5""",135 lbs.,"66""",Orthodox,"Oct 07, 1996",:3.40,:39%,:3.13,:55%,:0.00,:0%,:62%,:1.0,http://ufcstats.com/fighter-details/f647247f0d9f3b50
Batgerel Danaa,12-5-0,"5' 7""",135 lbs.,"70""",Orthodox,"Jul 04, 1989",:5.38,:36%,:4.21,:47%,:0.52,:50%,:62%,:0.0,http://ufcstats.com/fighter-details/3b0a516d2921e0d6
Caio Magalhaes,10-3-0,"6' 1""",185 lbs.,"73""",Orthodox,"Dec 14, 1987",:2.27,:40%,:2.78,:56%,:1.05,:15%,:58%,:1.6,http://ufcstats.com/fighter-details/0c5c66ddd1886b83
Guangyou Ning,5-4-1,"5' 4""",145 lbs.,"64""",Southpaw,"Dec 15, 1981",:2.66,:41%,:1.91,:61%,:1.09,:50%,:62%,:0.3,http://ufcstats.com/fighter-details/2c1170b825f58e57
Carlos Barreto,14-9-0,"6' 4""",230 lbs.,--,Orthodox,"Jul 22, 1968",:0.00,:0%,:0.00,:0%,:0.00,:0%,:0%,:0.0,http://ufcstats.com/fighter-details/a220be6d41d6f97d
Modestas Bukauskas,19-6-0,"6' 3""",205 lbs.,"76""",Switch,"Feb 10, 1994",:3.32,:43%,:3.93,:51%,:0.30,:66%,:80%,:0.1,http://ufcstats.com/fighter-details/476fe566d2df676e
Brandon Lowe,2-1-0,--,155 lbs.,--,,--,:0.00,:0%,:0.00,:0%,:0.00,:0%,:0%,:0.0,http://ufcstats.com/fighter-details/78ac94d54aa7f378
Junior Barata,9-3-1,"5' 10""",170 lbs.,--,Orthodox,"Jan 25, 1982",:4.03,:33%,:8.46,:34%,:0.00,:0%,:0%,:0.0,http://ufcstats.com/fighter-details/06dced58ca24a6bd
Nick Piedmont,12-7-1,"5' 10""",145 lbs.,--,,--,:0.00,:0%,:0.00,:0%,:0.00,:0%,:0%,:0.0,http://ufcstats.com/fighter-details/df7d386a54e07446
Roque Conceicao,10-3-0,"5' 4""",125 lbs.,"67""",Orthodox,"Oct 27, 1999",:2.73,:40%,:9.09,:41%,:0.00,:0%,:0%,:0.0,http://ufcstats.com/fighter-details/b4ebc1539a08054b
Samy Schiavo,10-6-0,"5' 8""",155 lbs.,--,Orthodox,"Dec 24, 1975",:1.68,:34%,:2.62,:38%,:0.94,:50%,:66%,:0.9,http://ufcstats.com/fighter-details/1208ffc5be6e31ad
Lee Higgins,2-1-0,--,155 lbs.,--,,"Jul 14, 1980",:1.02,:26%,:3.68,:40%,:0.00,:0%,:0%,:0.0,http://ufcstats.com/fighter-details/88432fe79d5091d9
Victor Valenzuela,13-6-2,"5' 10""",155 lbs.,--,,--,:1.28,:100%,:2.55,:0%,:0.00,:0%,:0%,:0.0,http://ufcstats.com/fighter-details/de277a4abcfeea46
Erik Apple,10-3-0,"6' 0""",170 lbs.,--,Orthodox,"Aug 26, 1977",:0.00,:0%,:0.54,:81%,:0.00,:0%,:0%,:8.1,http://ufcstats.com/fighter-details/1ccff7f0cfdf85eb
Justin Edwards,9-5-0,"5' 10""",155 lbs.,"70""",Orthodox,"Jan 26, 1983",:2.68,:42%,:3.32,:51%,:2.14,:26%,:27%,:1.0,http://ufcstats.com/fighter-details/e56daf7725a0b5ab
Imani Lee,2-4-0,--,--,--,Orthodox,--,:0.00,:0%,:0.94,:33%,:0.00,:0%,:0%,:0.0,http://ufcstats.com/fighter-details/0802be3516ef8f66
Frankie Perez,10-4-0,"5' 11""",155 lbs.,"73""",Orthodox,"May 11, 1989",:1.64,:41%,:2.17,:54%,:1.75,:41%,:50%,:0.3,http://ufcstats.com/fighter-details/96c336b463e0662c
Josh Rafferty,9-8-0,"6' 0""",170 lbs.,--,Orthodox,"Jan 06, 1981",:0.60,:33%,:3.60,:50%,:0.00,:0%,:0%,:9.0,http://ufcstats.com/fighter-details/ff2c606c8bc365e3
Gabriella Fernandes,11-3-0,"5' 6""",125 lbs.,"66""",Southpaw,"Aug 13, 1993",:3.56,:48%,:5.19,:52%,:0.44,:18%,:68%,:0.2,http://ufcstats.com/fighter-details/a6eb54ae17a551be
Donte Johnson,6-0-0,"5' 8""",185 lbs.,"74""",Southpaw,"Jan 25, 1999",:14.06,:71%,:8.44,:50%,:0.00,:0%,:0%,:0.0,http://ufcstats.com/fighter-details/ad5cb64af10fc946
Murilo Rua,20-13-1,"5' 11""",185 lbs.,--,Orthodox,"May 22, 1980",:2.48,:45%,:1.85,:53%,:1.97,:45%,:37%,:1.2,http://ufcstats.com/fighter-details/90e7447d8b7f3f35
Michael Chiesa,19-7-0,"6' 1""",170 lbs.,"75""",Southpaw,"Dec 07, 1987",:2.03,:40%,:1.73,:57%,:3.05,:47%,:67%,:1.0,http://ufcstats.com/fighter-details/c58f51dedb310998
Scott Junk,8-3-1 (1 NC),"6' 1""",265 lbs.,--,Orthodox,"Dec 17, 1978",:5.13,:60%,:1.81,:45%,:0.00,:0%,:0%,:0.0,http://ufcstats.com/fighter-details/ac70a4f1db1b8c40
Alexa Grasso,16-5-1,"5' 5""",125 lbs.,"66""",Orthodox,"Aug 09, 1993",:4.11,:41%,:3.73,:58%,:0.41,:35%,:54%,:0.6,http://ufcstats.com/fighter-details/e8b731feff72294b
Johnny Eduardo,28-13-0,"5' 7""",135 lbs.,"71""",Orthodox,"Aug 03, 1978",:2.95,:39%,:3.22,:63%,:0.22,:20%,:58%,:0.4,http://ufcstats.com/fighter-details/528c24b99fbaab79
Bill Duvall,1-2-0,"6' 2""",185 lbs.,--,Southpaw,--,:0.00,:0%,:2.40,:40%,:0.00,:0%,:0%,:0.0,http://ufcstats.com/fighter-details/7df4d3c38792b083
Eric Jacob,1-9-0,--,155 lbs.,--,,--,:0.00,:0%,:0.00,:0%,:0.00,:0%,:0%,:0.0,http://ufcstats.com/fighter-details/ba17afef01ed78b6
Greg Velasco,6-1-0,"6' 2""",265 lbs.,"70""",Southpaw,"Sep 23, 1993",:0.00,:0%,:1.52,:0%,:0.00,:0%,:0%,:0.0,http://ufcstats.com/fighter-details/34a81ebbce32b06b
Abongo Humphrey,7-3-0,"5' 11""",205 lbs.,--,Orthodox,"May 27, 1977",:1.45,:40%,:3.83,:46%,:1.41,:37%,:33%,:3.8,http://ufcstats.com/fighter-details/cb1b4d237b0079e6
Donald Sanchez,31-17-0,"5' 10""",145 lbs.,--,,"Aug 18, 1984",:0.58,:50%,:1.16,:55%,:0.00,:0%,:50%,:0.0,http://ufcstats.com/fighter-details/bb140b121283acbb
Yanis Ghemmouri,12-3-0,"5' 9""",135 lbs.,"69""",Orthodox,"Jan 24, 1995",:2.29,:38%,:5.14,:35%,:0.00,:0%,:0%,:0.0,http://ufcstats.com/fighter-details/eb70e786bbdf1d16
Brad Kohler,12-15-0,"5' 9""",220 lbs.,--,Orthodox,"May 26, 1964",:0.00,:0%,:0.00,:0%,:0.00,:0%,:0%,:0.0,http://ufcstats.com/fighter-details/13c4313ed0f744f3
Kuniyoshi Hironaka,23-9-0,"5' 10""",168 lbs.,"70""",Orthodox,"Jun 17, 1976",:1.98,:40%,:3.01,:54%,:1.91,:30%,:25%,:0.6,http://ufcstats.com/fighter-details/9d4522df6fc49a47
Abubakar Nurmagomedov,17-4-1,"5' 11""",170 lbs.,"72""",Orthodox,"Nov 13, 1989",:2.78,:53%,:2.61,:65%,:1.25,:22%,:88%,:0.0,http://ufcstats.com/fighter-details/029e1293e609fd74
Juan Miranda,7-5-0,--,155 lbs.,--,,--,:0.00,:0%,:0.00,:0%,:0.00,:0%,:0%,:0.0,http://ufcstats.com/fighter-details/be8ad887e4d674b0
Fazlo Mulabitinovic,4-2-0,--,135 lbs.,--,,--,:0.54,:16%,:0.00,:100%,:0.00,:0%,:0%,:8.0,http://ufcstats.com/fighter-details/2252b2c892397f0d
Austin Bashi,14-1-0,"5' 6""",145 lbs.,"70""",Orthodox,"Sep 29, 2001",:1.75,:47%,:2.34,:48%,:7.81,:41%,:62%,:1.7,http://ufcstats.com/fighter-details/d3f89fa685bd8420
Vaughan Lee,14-13-1,"5' 6""",125 lbs.,"66""",Orthodox,"Oct 15, 1982",:3.47,:47%,:2.07,:70%,:0.81,:33%,:72%,:1.0,http://ufcstats.com/fighter-details/8bb6f4479685bbcc
Hector Ramirez,10-6-1,"6' 0""",205 lbs.,--,Orthodox,"Mar 28, 1976",:2.27,:41%,:4.60,:56%,:2.30,:55%,:66%,:0.5,http://ufcstats.com/fighter-details/d1759b2b7be9be56
Will Currie,12-4-0,"6' 3""",185 lbs.,"76""",Switch,"Nov 12, 1998",:2.73,:47%,:5.67,:44%,:2.00,:13%,:50%,:0.0,http://ufcstats.com/fighter-details/b8ff02d5703eca3a
Victor Rodriguez,7-4-0,"5' 5""",125 lbs.,"67""",Switch,"Sep 05, 1992",:1.59,:37%,:6.11,:50%,:0.00,:0%,:0%,:0.0,http://ufcstats.com/fighter-details/f6e5972c9d16c40e
Trey Ogden,18-7-0 (1 NC),"5' 11""",155 lbs.,"72""",Orthodox,"Nov 14, 1989",:3.20,:50%,:3.49,:55%,:1.89,:32%,:100%,:0.7,http://ufcstats.com/fighter-details/cfc3e7bb44685289
Tim Roman,3-4-0,"6' 1""",170 lbs.,--,,"Jun 08, 1985",:0.60,:40%,:2.40,:40%,:1.00,:100%,:16%,:0.0,http://ufcstats.com/fighter-details/3b83fec860a45ca1
Rostem Akman,6-2-0,"5' 10""",170 lbs.,"72""",Switch,"Dec 19, 1991",:1.80,:25%,:3.97,:57%,:1.00,:40%,:87%,:0.0,http://ufcstats.com/fighter-details/1fc64507a0cb38cf
Bea Malecki,4-1-0,"5' 9""",135 lbs.,"74""",Orthodox,"Aug 23, 1991",:6.84,:46%,:6.96,:62%,:0.00,:0%,:78%,:1.1,http://ufcstats.com/fighter-details/b60c980f79b87ce8
Jonathan Goulet,23-12-0 (1 NC),"6' 0""",170 lbs.,"73""",Orthodox,"Jul 13, 1979",:1.61,:41%,:2.01,:46%,:4.17,:70%,:45%,:0.6,http://ufcstats.com/fighter-details/fb1538b46877a695
Magomed Mustafaev,14-4-0,"5' 8""",155 lbs.,"71""",Orthodox,"Aug 02, 1988",:2.59,:58%,:2.68,:41%,:3.31,:50%,:23%,:0.4,http://ufcstats.com/fighter-details/31d7446b184e3305
Joachim Hansen,23-14-1,"5' 7""",150 lbs.,--,Southpaw,"May 26, 1979",:2.01,:43%,:2.04,:58%,:2.21,:58%,:34%,:1.9,http://ufcstats.com/fighter-details/86e388ed20761ad9
Henrique Shiguemoto,13-4-1,"5' 11""",185 lbs.,"72""",Orthodox,"Jun 22, 1989",:3.60,:33%,:6.00,:16%,:0.00,:0%,:50%,:0.0,http://ufcstats.com/fighter-details/5d1700cfbaafbe06
Hacran Dias,23-6-1,"5' 8""",155 lbs.,"69""",Orthodox,"Jun 16, 1984",:2.08,:41%,:3.31,:55%,:2.50,:39%,:76%,:0.5,http://ufcstats.com/fighter-details/ed209f6618c82e41
Emmanuel Sanchez,15-3-0,"5' 9""",145 lbs.,"71""",,"Aug 11, 1990",:4.45,:35%,:4.17,:55%,:0.25,:6%,:16%,:0.5,http://ufcstats.com/fighter-details/243a336eaa2d2eb4
Yoshinori Horie,8-2-0,"5' 8""",145 lbs.,"70""",Orthodox,"May 10, 1995",:2.76,:49%,:5.65,:48%,:0.00,:0%,:0%,:0.0,http://ufcstats.com/fighter-details/3fa7688bfe48a493
Wagner Campos,12-10-0,"5' 6""",145 lbs.,--,Southpaw,"Jul 31, 1981",:1.54,:41%,:2.53,:51%,:2.71,:100%,:0%,:0.0,http://ufcstats.com/fighter-details/db6d5f691aea3fd3
Jesus Aguilar,12-3-0,"5' 4""",125 lbs.,"62""",Orthodox,"Mar 13, 1996",:2.65,:40%,:1.85,:62%,:1.64,:31%,:48%,:1.4,http://ufcstats.com/fighter-details/c051c2e12d692b8a
Marcin Tybura,27-10-0,"6' 3""",246 lbs.,"78""",Orthodox,"Nov 09, 1985",:3.59,:48%,:3.33,:55%,:1.38,:33%,:75%,:0.1,http://ufcstats.com/fighter-details/c9cf753cfdf77fc2
Ron Sparks,8-3-0,"6' 5""",265 lbs.,--,,--,:0.00,:0%,:0.00,:0%,:0.00,:0%,:0%,:0.0,http://ufcstats.com/fighter-details/743fd9080892501d
Don Shainis,12-5-0,"5' 6""",145 lbs.,"67""",Orthodox,"Sep 16, 1990",:3.42,:50%,:5.87,:31%,:0.97,:25%,:20%,:1.9,http://ufcstats.com/fighter-details/da4628f173337902
Matthieu Duclos,6-3-0,"6' 3""",185 lbs.,"77""",Orthodox,"Apr 04, 1995",:3.93,:37%,:6.81,:46%,:0.00,:0%,:100%,:0.0,http://ufcstats.com/fighter-details/ec322adbabbfa6e7
Gary Quan,3-5-0,"5' 8""",143 lbs.,--,,"Apr 11, 1971",:0.00,:0%,:0.00,:0%,:0.00,:0%,:0%,:0.0,http://ufcstats.com/fighter-details/f7b4cbe93f3bac06
Cameron Church,4-1-0,"5' 11""",155 lbs.,"72""",Orthodox,"Sep 27, 1990",:4.00,:40%,:4.93,:50%,:0.00,:0%,:60%,:1.0,http://ufcstats.com/fighter-details/f197ce0cbe69996d
Khalid Taha,13-5-0 (1 NC),"5' 5""",135 lbs.,"69""",Orthodox,"Feb 15, 1992",:2.64,:32%,:4.12,:46%,:0.00,:0%,:61%,:0.2,http://ufcstats.com/fighter-details/b4537562f88ac582
Jon Tuck,10-5-0,"5' 11""",155 lbs.,"73""",Orthodox,"Aug 28, 1984",:3.00,:40%,:3.74,:60%,:0.42,:33%,:50%,:1.0,http://ufcstats.com/fighter-details/53ec9cb470e1a4ea
Micheal Gillmore,6-5-0,"5' 11""",170 lbs.,"72""",Orthodox,"Mar 28, 1987",:2.04,:57%,:3.02,:43%,:0.00,:0%,:50%,:0.0,http://ufcstats.com/fighter-details/ce175eaafe867d1f
Hussain Rasouli,2-3-0,"5' 6""",135 lbs.,--,,--,:0.00,:0%,:0.00,:0%,:0.00,:0%,:0%,:0.0,http://ufcstats.com/fighter-details/9d61d8cb1c354867
Frank Trigg,21-9-0,"5' 9""",170 lbs.,"71""",Southpaw,"May 07, 1972",:2.79,:46%,:1.90,:56%,:2.35,:47%,:75%,:0.8,http://ufcstats.com/fighter-details/d2d37e8eeb3abc8d
Nathaniel Wood,21-6-0,"5' 6""",145 lbs.,"69""",Orthodox,"May 08, 1993",:5.66,:51%,:3.89,:56%,:1.41,:48%,:72%,:0.6,http://ufcstats.com/fighter-details/329e403448756217
Rob McCullough,19-8-0,"5' 9""",155 lbs.,"69""",Orthodox,"May 26, 1977",:2.47,:36%,:2.84,:59%,:0.46,:100%,:68%,:0.0,http://ufcstats.com/fighter-details/11e3fd7546359fc5
Aiemann Zahabi,13-2-0,"5' 8""",135 lbs.,"68""",Orthodox,"Nov 19, 1987",:4.42,:46%,:4.13,:69%,:0.14,:14%,:83%,:0.0,http://ufcstats.com/fighter-details/24656ef4d605c96f
Mu Bae Choi,12-6-0,"6' 2""",230 lbs.,--,Orthodox,"Jun 27, 1970",:1.55,:49%,:3.65,:44%,:3.12,:75%,:60%,:1.0,http://ufcstats.com/fighter-details/371a1c91b24dec2b
Soichi Nishida,5-10-1,"5' 11""",320 lbs.,--,Orthodox,"Mar 02, 1967",:0.00,:0%,:0.00,:0%,:0.00,:0%,:0%,:0.0,http://ufcstats.com/fighter-details/6810d8d2dd557cf9
Tom DeBlass,9-2-0,"6' 0""",185 lbs.,--,Orthodox,"May 14, 1982",:1.50,:35%,:4.43,:37%,:1.00,:50%,:28%,:0.5,http://ufcstats.com/fighter-details/0bcfe2513cb3bc39
Matej Penaz,6-1-0,"6' 3""",185 lbs.,"83""",Southpaw,"Oct 14, 1996",:1.28,:33%,:2.55,:33%,:0.00,:0%,:0%,:0.0,http://ufcstats.com/fighter-details/abd64006fd37298d
Tamires Vidal,7-4-0,"5' 6""",135 lbs.,"68""",Orthodox,"Jul 27, 1998",:2.91,:53%,:4.46,:49%,:0.00,:0%,:35%,:0.7,http://ufcstats.com/fighter-details/4f3064faf17aa711
Mike Moreno,6-5-0,"6' 0""",185 lbs.,--,,--,:1.27,:51%,:1.07,:58%,:0.00,:0%,:44%,:0.0,http://ufcstats.com/fighter-details/bb2eee4fb3259c01
Chris Camozzi,24-13-0,"6' 2""",185 lbs.,"75""",Orthodox,"Nov 20, 1986",:3.57,:44%,:2.96,:56%,:0.27,:19%,:57%,:0.5,http://ufcstats.com/fighter-details/6c2030e0a143a94b
Oliver Enkamp,7-2-0,"6' 0""",170 lbs.,"77""",Switch,"Aug 10, 1991",:2.38,:36%,:3.55,:37%,:0.87,:16%,:0%,:0.0,http://ufcstats.com/fighter-details/330bafba312face4
Mike Easton,13-6-0,"5' 6""",135 lbs.,"70""",Southpaw,"Jan 25, 1984",:3.51,:37%,:4.28,:61%,:0.75,:22%,:66%,:0.0,http://ufcstats.com/fighter-details/bc7230f231701d66
Cody Canterbury,1-10-0,"5' 8""",155 lbs.,--,,--,:0.00,:0%,:0.00,:0%,:0.00,:0%,:0%,:0.0,http://ufcstats.com/fighter-details/23100e8f71f25a4a
Ray Sloan,8-1-0,"6' 1""",205 lbs.,--,,"Jul 14, 1985",:0.00,:0%,:0.00,:0%,:0.00,:0%,:0%,:0.0,http://ufcstats.com/fighter-details/a2d1d3d144fed708
Vitor Vianna,12-3-1,--,205 lbs.,--,Orthodox,--,:3.10,:30%,:8.28,:52%,:0.00,:0%,:0%,:0.0,http://ufcstats.com/fighter-details/744f50016c39c26c
Omari Akhmedov,21-6-1,"6' 0""",185 lbs.,"73""",Orthodox,"Oct 12, 1987",:2.97,:34%,:2.84,:55%,:2.58,:45%,:65%,:0.2,http://ufcstats.com/fighter-details/16690d100f995f8f
Vernon Ramos Ho,3-1-0,"5' 6""",170 lbs.,--,Orthodox,"Jun 03, 1992",:4.00,:25%,:8.00,:55%,:0.00,:0%,:0%,:0.0,http://ufcstats.com/fighter-details/30b577b112bef42d
Valeri Ignatov,1-2-0,"5' 9""",170 lbs.,--,Orthodox,--,:0.00,:0%,:0.00,:0%,:0.00,:0%,:0%,:0.0,http://ufcstats.com/fighter-details/7b6ce3a9460565b5
Ian Butler,3-3-0 (1 NC),"5' 8""",155 lbs.,--,,--,:2.09,:14%,:6.69,:36%,:0.00,:0%,:50%,:0.0,http://ufcstats.com/fighter-details/6b8fd98eb52363d1
Kaue Fernandes,11-2-0,"5' 9""",155 lbs.,"73""",Orthodox,"Mar 17, 1995",:4.28,:55%,:1.42,:62%,:1.18,:100%,:76%,:0.0,http://ufcstats.com/fighter-details/ec13c393d029297d
Darrill Schoonover,14-8-0,"6' 2""",220 lbs.,--,Orthodox,"Jul 18, 1985",:1.20,:33%,:4.35,:38%,:0.00,:0%,:50%,:1.1,http://ufcstats.com/fighter-details/5a558ba1ff5e9121
Anthony Christodoulou,12-7-0,"5' 9""",155 lbs.,--,Orthodox,"Jul 30, 1987",:2.19,:26%,:5.90,:45%,:0.00,:0%,:40%,:0.0,http://ufcstats.com/fighter-details/4f11e9ce318ffbcb
Bharat Kandare,5-3-0,"5' 7""",135 lbs.,"72""",Orthodox,"Jun 20, 1987",:0.70,:10%,:1.88,:72%,:0.00,:0%,:0%,:0.0,http://ufcstats.com/fighter-details/efd2b3e9bb7965a4
John Teixeira,21-2-2,"5' 7""",145 lbs.,--,Orthodox,"Nov 18, 1986",:3.36,:35%,:3.20,:63%,:1.00,:27%,:71%,:0.7,http://ufcstats.com/fighter-details/86061eaba822bfea
Jack Duffy,7-1-0,"5' 7""",125 lbs.,"69""",Switch,"Oct 02, 1995",:5.07,:69%,:2.13,:52%,:0.00,:0%,:62%,:0.0,http://ufcstats.com/fighter-details/cea51876d8a514a0
Jason Medina,21-15-1,"5' 9""",180 lbs.,--,,--,:0.00,:0%,:0.00,:0%,:0.00,:0%,:0%,:0.0,http://ufcstats.com/fighter-details/f53fb9d9e57cc38e
Michael Chandler,23-10-0,"5' 8""",155 lbs.,"71""",Orthodox,"Apr 24, 1986",:4.04,:49%,:4.52,:43%,:1.96,:41%,:61%,:0.6,http://ufcstats.com/fighter-details/4b93a88f3b1de35b
Logan Clark,18-6-0,"6' 2""",185 lbs.,--,Orthodox,"Feb 16, 1985",:2.20,:54%,:1.49,:53%,:0.31,:100%,:30%,:2.1,http://ufcstats.com/fighter-details/6776260cb0aef647
Larissa Pacheco,10-2-0,"5' 7""",135 lbs.,--,Orthodox,"Sep 07, 1994",:1.21,:19%,:4.14,:55%,:0.00,:0%,:0%,:0.0,http://ufcstats.com/fighter-details/16b89be2f5c16fba
Orlando Wiet,1-5-0,"5' 10""",170 lbs.,--,Southpaw,"Oct 24, 1965",:0.00,:0%,:0.00,:0%,:0.00,:0%,:0%,:0.0,http://ufcstats.com/fighter-details/a6c2f5381d575920
Philip Perez,7-5-1 (2 NC),"5' 5""",155 lbs.,--,Southpaw,--,:1.36,:100%,:0.68,:66%,:10.23,:100%,:0%,:10.2,http://ufcstats.com/fighter-details/eee8efec7b951d84
Marek Bujlo,6-0-0,--,265 lbs.,--,,"Oct 10, 1993",:0.00,:0%,:0.00,:0%,:0.00,:0%,:0%,:0.0,http://ufcstats.com/fighter-details/ac0874309da489b9
Hayder Hassan,6-3-0,"5' 10""",170 lbs.,--,,"Oct 20, 1982",:2.11,:46%,:3.16,:48%,:0.00,:0%,:25%,:0.0,http://ufcstats.com/fighter-details/cf615eb4b7862c76
Hamdy Abdelwahab,6-1-0 (1 NC),"6' 2""",264 lbs.,"72""",Southpaw,"Jan 22, 1993",:3.49,:49%,:4.49,:51%,:1.33,:66%,:100%,:0.0,http://ufcstats.com/fighter-details/3329d692aea4dc28
Michelle Maher,1-2-0,--,145 lbs.,--,,--,:0.00,:0%,:0.00,:0%,:0.00,:0%,:0%,:0.0,http://ufcstats.com/fighter-details/118463dd8db16e7f
Danny Navarro,17-7-0,"5' 10""",155 lbs.,--,,"May 27, 1983",:3.83,:32%,:4.62,:57%,:2.17,:25%,:100%,:0.0,http://ufcstats.com/fighter-details/618f72750ec50b05
Kathryn Paprocki,3-2-0,"5' 3""",115 lbs.,"63""",Orthodox,"Apr 28, 1993",:1.00,:23%,:4.27,:43%,:0.00,:0%,:0%,:0.0,http://ufcstats.com/fighter-details/bd381cde8426077a
Fabio Aguiar,17-1-0,"6' 0""",185 lbs.,--,,"Feb 10, 1988",:0.00,:0%,:0.00,:0%,:0.00,:0%,:0%,:0.0,http://ufcstats.com/fighter-details/501821d7fb7b95c1
Dong Huaxiang,12-3-0,"5' 3""",115 lbs.,"61""",Switch,"Aug 21, 1998",:3.50,:59%,:3.13,:65%,:4.00,:44%,:100%,:0.0,http://ufcstats.com/fighter-details/bad82b681819b272
Ashe Bowman,9-11-0,"5' 9""",155 lbs.,--,,"Nov 17, 1976",:2.43,:42%,:4.86,:57%,:0.00,:0%,:0%,:0.0,http://ufcstats.com/fighter-details/8a0a35e7c74bebcc
Nathan Jones,0-1-0,"6' 11""",345 lbs.,--,Orthodox,"Aug 21, 1970",:0.00,:0%,:0.00,:0%,:0.00,:0%,:0%,:0.0,http://ufcstats.com/fighter-details/f54fb3b9c4228142
Chris Birchler,7-4-0,"6' 3""",205 lbs.,--,Switch,"Jun 05, 1987",:9.35,:46%,:14.83,:35%,:0.00,:0%,:0%,:0.0,http://ufcstats.com/fighter-details/8a22c6b4d29880a3
Azat Maksum,15-2-0,"5' 7""",125 lbs.,"70""",Southpaw,"Feb 02, 1995",:3.24,:28%,:5.00,:52%,:2.33,:28%,:85%,:0.3,http://ufcstats.com/fighter-details/7f1bf0c255ec8756
Kaik Brito,16-5-0,"5' 11""",170 lbs.,"72""",Orthodox,"Mar 26, 1997",:2.80,:38%,:3.87,:55%,:0.00,:0%,:55%,:2.0,http://ufcstats.com/fighter-details/b07f14fc0e53f8bd
Adam Piccolotti,9-0-0,"5' 11""",155 lbs.,--,,"Oct 23, 1988",:4.61,:50%,:2.83,:71%,:2.96,:60%,:100%,:3.0,http://ufcstats.com/fighter-details/fa399f7f6e17f7f5
Pete Rogers Jr.,2-4-0,"6' 0""",145 lbs.,--,,--,:0.66,:15%,:1.71,:65%,:0.00,:0%,:0%,:0.0,http://ufcstats.com/fighter-details/36f3d235493d35ad
Jutaro Nakao,25-19-4,"5' 9""",170 lbs.,--,Southpaw,"Nov 30, 1970",:0.53,:38%,:1.06,:44%,:0.38,:50%,:56%,:0.0,http://ufcstats.com/fighter-details/95eb112a85601a0a
Wellington Turman,18-8-0,"6' 0""",170 lbs.,"72""",Orthodox,"Jul 22, 1996",:3.23,:51%,:4.17,:45%,:1.55,:20%,:42%,:0.8,http://ufcstats.com/fighter-details/4dcfb28c011c11b2
Neil Grove,12-8-1,"6' 6""",265 lbs.,--,Orthodox,"Jan 18, 1971",:0.00,:0%,:0.00,:0%,:0.00,:0%,:100%,:14.3,http://ufcstats.com/fighter-details/36a432f22144843e
Syuri Kondo,6-3-0,"5' 4""",115 lbs.,"66""",Orthodox,"Feb 08, 1989",:5.40,:44%,:7.22,:58%,:0.00,:0%,:83%,:0.3,http://ufcstats.com/fighter-details/a851c35f58199231
Shane Roller,11-7-0,"5' 10""",155 lbs.,"72""",Orthodox,"Jul 14, 1979",:2.04,:34%,:2.65,:60%,:2.46,:33%,:42%,:1.9,http://ufcstats.com/fighter-details/75e0d3cc2262b732
Maurice Eazel,7-15-0,"5' 7""",135 lbs.,--,,--,:0.00,:0%,:0.00,:0%,:0.00,:0%,:0%,:0.0,http://ufcstats.com/fighter-details/4acb99524a9a81ab
Greg Soto,9-4-0,"5' 11""",170 lbs.,"73""",Orthodox,"Jun 03, 1986",:3.21,:63%,:2.61,:52%,:1.49,:27%,:44%,:1.0,http://ufcstats.com/fighter-details/9c669abd35b2522f
Alessio Sakara,19-11-0 (2 NC),"6' 0""",185 lbs.,"72""",Orthodox,"Sep 02, 1981",:3.96,:47%,:2.80,:59%,:2.18,:78%,:62%,:0.0,http://ufcstats.com/fighter-details/7f955f71fa2ce7ac
Marcos Bonilla,4-4-0,"5' 10""",145 lbs.,--,,--,:0.47,:12%,:0.47,:94%,:0.00,:0%,:0%,:0.0,http://ufcstats.com/fighter-details/d311fbefff44a39b
Thomas Ramirez,0-1-0,"6' 1""",410 lbs.,--,Sideways,--,:0.00,:0%,:0.00,:0%,:0.00,:0%,:0%,:0.0,http://ufcstats.com/fighter-details/ea398c802d9998ee
Islam Dulatov,12-1-0,"6' 3""",170 lbs.,"75""",Orthodox,"Aug 02, 1998",:8.78,:54%,:4.24,:50%,:2.20,:100%,:100%,:0.0,http://ufcstats.com/fighter-details/e803242fb2e41112
Takafumi Otsuka,22-13-2,"5' 6""",139 lbs.,--,Orthodox,"Aug 22, 1986",:1.29,:27%,:2.12,:67%,:1.64,:27%,:65%,:0.0,http://ufcstats.com/fighter-details/6b8f28da9a483049
Dan Evensen,11-4-0,"6' 3""",250 lbs.,--,Orthodox,"Jun 01, 1974",:0.27,:10%,:3.86,:38%,:0.00,:0%,:0%,:4.0,http://ufcstats.com/fighter-details/dd8aec6de7035943
Chase Hooper,16-4-1,"6' 1""",155 lbs.,"74""",Southpaw,"Sep 13, 1999",:4.51,:49%,:2.98,:39%,:2.49,:33%,:55%,:2.1,http://ufcstats.com/fighter-details/971246648e162f0d
DeMarco Villalona,1-3-0,"5' 9""",185 lbs.,--,,--,:0.00,:0%,:0.00,:0%,:0.00,:0%,:0%,:0.0,http://ufcstats.com/fighter-details/0275e33febc2818c
Anthony Rocco Martin,17-6-0,"6' 0""",170 lbs.,"73""",Orthodox,"Dec 11, 1989",:2.68,:37%,:2.59,:58%,:0.71,:27%,:68%,:1.0,http://ufcstats.com/fighter-details/5331b25a60417ffb
Pietro Menga,13-0-0,"5' 7""",125 lbs.,"68""",Southpaw,"Feb 15, 1988",:0.00,:0%,:0.00,:0%,:0.00,:0%,:0%,:0.0,http://ufcstats.com/fighter-details/869d68b5383131fd
Anthony Morrison,20-12-0 (1 NC),"5' 7""",145 lbs.,--,Orthodox,"Mar 29, 1984",:1.70,:33%,:0.49,:80%,:0.00,:0%,:50%,:0.0,http://ufcstats.com/fighter-details/dab0e6cb8c932162
Charles Oliveira,35-11-0 (1 NC),"5' 10""",155 lbs.,"74""",Orthodox,"Oct 17, 1989",:3.41,:55%,:3.26,:48%,:2.23,:39%,:56%,:2.6,http://ufcstats.com/fighter-details/07225ba28ae309b6
Joshua Van,15-2-0,"5' 5""",125 lbs.,"65""",Orthodox,"Oct 10, 2001",:8.86,:56%,:6.36,:57%,:0.85,:63%,:81%,:0.0,http://ufcstats.com/fighter-details/17e97649403ba428
Mike Stumpf,11-4-0,"5' 10""",170 lbs.,--,,"Aug 01, 1986",:3.34,:43%,:8.85,:47%,:1.59,:25%,:33%,:0.8,http://ufcstats.com/fighter-details/c0c36a5b3d5bbdd5
Joe Stevenson,33-16-0,"5' 7""",145 lbs.,"70""",Orthodox,"Jun 15, 1982",:2.05,:44%,:2.44,:60%,:2.75,:44%,:39%,:2.2,http://ufcstats.com/fighter-details/79899ecf62020f6d
Abu Azaitar,14-4-1,"5' 9""",185 lbs.,"76""",Orthodox,"Mar 10, 1986",:4.38,:43%,:4.32,:51%,:1.00,:37%,:42%,:0.0,http://ufcstats.com/fighter-details/46d0a888d87d91ac
Santo Curatolo,6-2-0,"5' 3""",125 lbs.,"62""",Southpaw,"Jan 18, 1995",:1.40,:39%,:6.07,:34%,:2.00,:33%,:100%,:0.0,http://ufcstats.com/fighter-details/b8b765e320a8db39
Don'Tale Mayes,11-9-0 (1 NC),"6' 6""",260 lbs.,"81""",Orthodox,"Jan 16, 1992",:3.22,:43%,:3.61,:46%,:0.59,:38%,:46%,:0.0,http://ufcstats.com/fighter-details/1a9480fc288e55d7
Austin Hubbard,17-10-0,"5' 10""",155 lbs.,"71""",Orthodox,"Dec 22, 1991",:3.97,:42%,:4.10,:55%,:1.63,:28%,:68%,:0.1,http://ufcstats.com/fighter-details/d2cd7a69cc55e7ed
Michel Prazeres,26-4-0,"5' 6""",170 lbs.,"67""",Orthodox,"Jul 25, 1981",:2.38,:47%,:2.51,:57%,:3.94,:36%,:47%,:0.6,http://ufcstats.com/fighter-details/e51fcd9cd84c0b93
Viviane Araujo,13-7-0,"5' 4""",125 lbs.,"68""",Orthodox,"Nov 21, 1986",:3.84,:47%,:4.83,:55%,:1.72,:43%,:75%,:0.6,http://ufcstats.com/fighter-details/36541f1e6c5d4955
Hector Lombard,34-10-1 (2 NC),"5' 9""",185 lbs.,"71""",Southpaw,"Feb 02, 1978",:3.02,:46%,:3.35,:53%,:1.69,:48%,:77%,:0.5,http://ufcstats.com/fighter-details/db1f2ed63b54b9a7
Talita Bernardo,6-4-0,"5' 4""",135 lbs.,"68""",Orthodox,"Mar 04, 1987",:3.12,:42%,:4.04,:55%,:1.62,:22%,:28%,:0.5,http://ufcstats.com/fighter-details/5b2325cd70dbe2ea
Cody Haddon,8-1-0,"5' 7""",135 lbs.,"69""",Orthodox,"Sep 08, 1998",:9.20,:51%,:3.47,:64%,:2.48,:37%,:83%,:0.8,http://ufcstats.com/fighter-details/8e6654e9f0461b8f
Mike Minniger,0-0-0,--,--,--,,--,:0.00,:0%,:0.00,:0%,:0.00,:0%,:0%,:0.0,http://ufcstats.com/fighter-details/c8aa3541bec4042e
Rory Singer,11-9-0,"6' 2""",185 lbs.,"77""",Orthodox,"May 28, 1976",:2.55,:39%,:2.42,:63%,:0.39,:25%,:64%,:0.8,http://ufcstats.com/fighter-details/546015aa2ad945fd
Aji Susilo,6-4-0,"5' 10""",155 lbs.,--,,--,:0.00,:0%,:0.00,:0%,:0.00,:0%,:0%,:0.0,http://ufcstats.com/fighter-details/22af3546bd967280
Alex Chambers,5-5-0,"5' 3""",115 lbs.,"63""",Southpaw,"Oct 25, 1978",:2.97,:54%,:5.10,:50%,:2.31,:41%,:53%,:1.0,http://ufcstats.com/fighter-details/26b63bc5c0c1f65d
Jason Lambert,26-13-0,"6' 3""",185 lbs.,"75""",Orthodox,"Jun 03, 1975",:3.21,:58%,:1.84,:50%,:1.35,:36%,:28%,:2.4,http://ufcstats.com/fighter-details/5be86bb2f78fef2f
Artem Lobov,13-15-1 (1 NC),"5' 9""",145 lbs.,"65""",Southpaw,"Aug 11, 1986",:3.52,:41%,:4.82,:50%,:0.39,:25%,:52%,:0.0,http://ufcstats.com/fighter-details/02f2a9702ba3d167
Jess Liaudin,20-11-0,"5' 9""",170 lbs.,"72""",Orthodox,--,:2.46,:51%,:2.76,:41%,:3.28,:53%,:30%,:1.6,http://ufcstats.com/fighter-details/a8aba6fd8a463043
Connor Matthews,7-4-0,"5' 8""",145 lbs.,"71""",Switch,"May 31, 1992",:4.82,:43%,:6.06,:55%,:3.24,:55%,:46%,:0.7,http://ufcstats.com/fighter-details/36e78278a77006d4
Gabriel Miranda,17-8-0,"5' 11""",145 lbs.,"71""",Orthodox,"Mar 25, 1990",:3.23,:43%,:6.01,:37%,:4.75,:38%,:0%,:1.9,http://ufcstats.com/fighter-details/b909a9a9688b5284
Jason Sharp,3-3-0,--,205 lbs.,--,,--,:0.00,:0%,:0.00,:0%,:0.00,:0%,:0%,:0.0,http://ufcstats.com/fighter-details/285e32e41f61a5b1
Jason Tan,5-3-0,"5' 10""",170 lbs.,--,Orthodox,"Dec 17, 1981",:0.69,:29%,:7.37,:18%,:0.00,:0%,:0%,:0.0,http://ufcstats.com/fighter-details/ad3041e61896b975
Gilbert Urbina,7-5-0,"6' 3""",170 lbs.,"75""",Orthodox,"Apr 05, 1996",:5.57,:56%,:4.62,:44%,:2.86,:44%,:0%,:0.7,http://ufcstats.com/fighter-details/b12fb759e02378de
Ryan Bader,23-5-0,"6' 2""",205 lbs.,"74""",Orthodox,"Jun 07, 1983",:2.82,:43%,:1.39,:71%,:3.37,:44%,:80%,:0.4,http://ufcstats.com/fighter-details/c0ab242c40decc55
Konstantin Erokhin,9-3-0,"5' 11""",230 lbs.,--,Orthodox,"Jan 31, 1983",:1.07,:36%,:1.83,:47%,:0.00,:0%,:70%,:0.0,http://ufcstats.com/fighter-details/22061ff217907c78
Ian Heinisch,14-5-0,"5' 11""",185 lbs.,"72""",Orthodox,"Aug 05, 1988",:3.25,:50%,:2.98,:59%,:1.02,:17%,:59%,:0.7,http://ufcstats.com/fighter-details/2e585c701f72fe55
Shane Howell,13-10-0,"5' 8""",125 lbs.,--,Orthodox,"Nov 28, 1983",:1.27,:32%,:2.55,:42%,:0.00,:0%,:20%,:0.0,http://ufcstats.com/fighter-details/a7de976620f2ed13
Paul Craig,17-10-1 (1 NC),"6' 3""",205 lbs.,"76""",Orthodox,"Nov 27, 1987",:2.50,:45%,:3.04,:43%,:1.43,:18%,:35%,:1.3,http://ufcstats.com/fighter-details/eabf206b162b3b83
Eddie Sanchez,15-8-0,"6' 2""",230 lbs.,"74""",Orthodox,"Nov 04, 1982",:3.45,:43%,:3.30,:43%,:1.13,:26%,:42%,:0.0,http://ufcstats.com/fighter-details/7f0b4a75ef3039a3
Chris Mickle,30-21-2 (1 NC),"5' 9""",145 lbs.,--,Orthodox,"Jul 10, 1983",:3.03,:27%,:9.70,:48%,:0.00,:0%,:0%,:0.0,http://ufcstats.com/fighter-details/f903967fd320da38
Korey Kuppe,8-4-0,"6' 5""",170 lbs.,"77""",Switch,"Jan 23, 1989",:0.73,:73%,:1.33,:31%,:0.00,:0%,:69%,:1.0,http://ufcstats.com/fighter-details/780a2897055e3ee3
Yan Cabral,13-3-0,"5' 11""",155 lbs.,"73""",Orthodox,"May 13, 1983",:2.02,:47%,:1.98,:62%,:2.89,:35%,:37%,:1.2,http://ufcstats.com/fighter-details/7cdd3e5d3aa9cb39
Alexandru Lungu,14-4-0,"6' 0""",385 lbs.,--,Orthodox,"Sep 03, 1974",:3.61,:66%,:7.22,:40%,:0.00,:0%,:0%,:0.0,http://ufcstats.com/fighter-details/4887e5bc4dbb73ff
Alex Morono,24-12-0 (1 NC),"5' 11""",170 lbs.,"72""",Orthodox,"Aug 16, 1990",:5.03,:40%,:4.78,:56%,:0.33,:24%,:47%,:0.3,http://ufcstats.com/fighter-details/cdb96af67d096b1e
Yuele Huang,13-0-0,--,145 lbs.,--,,"Jul 04, 2000",:0.00,:0%,:0.00,:0%,:0.00,:0%,:0%,:0.0,http://ufcstats.com/fighter-details/1c8b9f4d89b92e1b
Damian Stasiak,10-6-0,"5' 5""",135 lbs.,"70""",Orthodox,"Feb 20, 1990",:1.86,:36%,:3.10,:52%,:2.64,:35%,:43%,:0.6,http://ufcstats.com/fighter-details/42a7e90605df3c8a
Mark Bocek,12-5-0,"5' 8""",155 lbs.,"75""",Orthodox,"Oct 24, 1981",:2.34,:43%,:2.32,:60%,:3.65,:36%,:31%,:1.3,http://ufcstats.com/fighter-details/cf9d24e4bd0cf2ce
Christian Aguilera,14-8-0,"5' 9""",170 lbs.,"72""",Switch,"Nov 25, 1991",:2.54,:37%,:4.04,:48%,:0.00,:0%,:60%,:0.0,http://ufcstats.com/fighter-details/ae071698e1a3ccd4
Darren Stewart,12-8-0 (2 NC),"6' 0""",205 lbs.,"74""",Orthodox,"Dec 30, 1990",:3.05,:45%,:3.29,:48%,:1.75,:45%,:67%,:0.1,http://ufcstats.com/fighter-details/a17ad5a5048e8c3f
Antony Rea,33-15-0,"6' 0""",205 lbs.,--,Orthodox,"Jul 15, 1976",:2.89,:28%,:5.42,:42%,:0.00,:0%,:100%,:0.0,http://ufcstats.com/fighter-details/c36e1f4fa755ffb4
Wataru Sakata,11-14-0,"5' 9""",195 lbs.,--,Southpaw,"Mar 11, 1973",:1.11,:61%,:2.08,:31%,:0.00,:0%,:0%,:0.0,http://ufcstats.com/fighter-details/d7907a9a968e4d29
Joby Sanchez,11-4-0,"5' 6""",135 lbs.,"68""",Orthodox,"Jun 24, 1991",:3.22,:36%,:2.82,:63%,:0.95,:71%,:51%,:0.4,http://ufcstats.com/fighter-details/b12fc8a41e82d3a2
Song Kenan,22-9-0,"6' 0""",170 lbs.,"71""",Orthodox,"Mar 10, 1990",:4.49,:46%,:5.82,:51%,:0.42,:30%,:73%,:0.0,http://ufcstats.com/fighter-details/32490e80ddab1e5a
Windri Patilima,8-1-0,"5' 6""",155 lbs.,"71""",Southpaw,"Jul 19, 1993",:0.31,:50%,:7.64,:31%,:0.00,:0%,:0%,:0.0,http://ufcstats.com/fighter-details/66d42e9503fa108e
Conor Heun,9-5-0,"5' 10""",155 lbs.,--,Orthodox,"Feb 11, 1979",:2.92,:36%,:3.66,:54%,:2.45,:31%,:33%,:0.3,http://ufcstats.com/fighter-details/fdb02029556ff4ed
Benardo Sopaj,12-3-0,"5' 6""",135 lbs.,"66""",Orthodox,"Sep 25, 2000",:4.24,:56%,:4.88,:49%,:2.53,:71%,:76%,:0.0,http://ufcstats.com/fighter-details/b6c37948cb226e8c
Greg Hardy,7-5-0 (1 NC),"6' 5""",265 lbs.,"80""",Orthodox,"Jul 28, 1988",:4.79,:50%,:3.31,:55%,:0.20,:33%,:64%,:0.0,http://ufcstats.com/fighter-details/85073dbd1be65ed9
Adam Khaliev,6-0-0,"6' 0""",170 lbs.,--,Orthodox,"Apr 16, 1984",:0.00,:0%,:0.00,:0%,:0.00,:0%,:0%,:0.0,http://ufcstats.com/fighter-details/1aba18b5f15d4956
Fernando Bruno,15-4-0,"5' 6""",145 lbs.,--,,"Feb 24, 1982",:1.75,:39%,:1.78,:48%,:2.02,:22%,:56%,:0.5,http://ufcstats.com/fighter-details/b8c0f30ee9a98b69
Jeremia Siregar,6-3-0,"5' 2""",125 lbs.,"63""",Orthodox,"Jul 27, 1991",:2.80,:42%,:7.37,:29%,:0.00,:0%,:75%,:0.0,http://ufcstats.com/fighter-details/a7ac3b1b0c4146db
Sean Woodson,13-2-1,"6' 2""",145 lbs.,"78""",Orthodox,"Jun 07, 1992",:5.57,:46%,:4.18,:58%,:0.58,:55%,:84%,:0.3,http://ufcstats.com/fighter-details/4682bc59d5f55145
Lawrence Lui,7-1-0,"5' 7""",135 lbs.,"72""",Orthodox,"Aug 04, 1996",:3.90,:43%,:3.03,:63%,:4.13,:35%,:100%,:0.0,http://ufcstats.com/fighter-details/a1ad35b98a9136e5
Ewerton Teixeira,3-1-0,"6' 1""",242 lbs.,--,,"Feb 13, 1982",:2.00,:39%,:3.22,:35%,:0.00,:0%,:33%,:0.0,http://ufcstats.com/fighter-details/de9e331b3e6bae70
Sean Lally,7-3-0,"6' 0""",170 lbs.,--,Orthodox,"Nov 04, 1990",:5.34,:39%,:7.23,:30%,:0.00,:0%,:0%,:0.0,http://ufcstats.com/fighter-details/e62ce041bb7aeb1f
Robert Whiteford,14-4-0,"5' 9""",145 lbs.,"69""",Southpaw,"Apr 12, 1983",:2.33,:46%,:1.99,:62%,:1.90,:30%,:45%,:0.0,http://ufcstats.com/fighter-details/1dafccb62a0f98ec
Jerome Rivera,10-6-0,"5' 10""",125 lbs.,"72""",Southpaw,"Apr 22, 1995",:3.21,:33%,:2.60,:51%,:0.00,:0%,:40%,:0.0,http://ufcstats.com/fighter-details/c9587d81e1d33925
Aaron Pico,13-5-0,"5' 8""",145 lbs.,"70""",Orthodox,"Sep 23, 1996",:3.88,:44%,:2.39,:50%,:8.96,:66%,:0%,:0.0,http://ufcstats.com/fighter-details/5537efc6e496dd84
Masanori Kanehara,26-12-5,"5' 7""",135 lbs.,"67""",Orthodox,"Nov 19, 1982",:1.88,:49%,:1.63,:62%,:1.44,:50%,:63%,:0.9,http://ufcstats.com/fighter-details/f3a078277b3b8ff4
Brent Primus,8-0-0,"5' 10""",155 lbs.,--,,"Apr 12, 1985",:1.73,:39%,:2.27,:59%,:5.00,:38%,:0%,:2.0,http://ufcstats.com/fighter-details/46caf130099206cd
Scott Bills,7-9-1,"5' 10""",170 lbs.,--,,--,:0.00,:0%,:0.00,:0%,:0.00,:0%,:0%,:0.0,http://ufcstats.com/fighter-details/53f02bbc41d99432
Edwin DeWees,38-17-0 (1 NC),"6' 1""",185 lbs.,--,Orthodox,"Aug 07, 1982",:1.53,:33%,:6.19,:39%,:2.18,:66%,:0%,:3.3,http://ufcstats.com/fighter-details/75bbd2206a15319f
Karol Rosa,19-7-0,"5' 5""",135 lbs.,"67""",Orthodox,"Dec 30, 1994",:5.88,:56%,:4.59,:49%,:1.17,:48%,:70%,:0.2,http://ufcstats.com/fighter-details/351c4ec637380ad5
Kazuki Tokudome,18-7-1,"5' 11""",155 lbs.,"73""",Southpaw,"Mar 04, 1987",:2.26,:41%,:3.63,:53%,:2.00,:38%,:78%,:0.0,http://ufcstats.com/fighter-details/c4af2feb4b58bc3b
John Dodson,22-12-0,"5' 3""",135 lbs.,"66""",Orthodox,"Sep 26, 1984",:3.20,:40%,:3.58,:61%,:0.71,:28%,:82%,:0.0,http://ufcstats.com/fighter-details/99506df1af6c8b3b
Kelly Dullanty,4-2-0,"5' 8""",155 lbs.,--,Orthodox,"Nov 04, 1977",:0.00,:0%,:0.67,:75%,:0.00,:0%,:66%,:0.0,http://ufcstats.com/fighter-details/1a225f04aa6e0739
Dom Mar Fan,8-2-0,"5' 11""",155 lbs.,"75""",Orthodox,"Mar 19, 2000",:2.27,:54%,:1.47,:34%,:2.50,:62%,:20%,:0.5,http://ufcstats.com/fighter-details/530af2900b5a1693
Geraldo de Freitas,12-6-0,"5' 7""",135 lbs.,"72""",Orthodox,"Sep 30, 1991",:3.67,:52%,:2.62,:50%,:3.00,:45%,:59%,:0.0,http://ufcstats.com/fighter-details/9cfbfae5fa1fdd93
Rodrigo Ruas,4-5-1 (1 NC),"5' 10""",185 lbs.,--,Orthodox,"Oct 06, 1977",:1.28,:35%,:7.00,:41%,:0.00,:0%,:0%,:0.0,http://ufcstats.com/fighter-details/94070f6544c4b2a5
Bobby Sanchez,10-35-0,"5' 7""",155 lbs.,--,Orthodox,"Dec 15, 1989",:0.00,:0%,:0.00,:100%,:0.00,:0%,:100%,:0.0,http://ufcstats.com/fighter-details/6a0047ac8c99fece
Shohei Nose,12-5-2,"5' 6""",135 lbs.,"68""",Switch,"Oct 19, 1997",:1.52,:37%,:2.17,:52%,:2.23,:17%,:14%,:3.6,http://ufcstats.com/fighter-details/6b0e83b094f816ac
Ross Pearson,20-16-0 (1 NC),"5' 8""",155 lbs.,"69""",Orthodox,"Sep 26, 1984",:3.68,:40%,:4.09,:62%,:0.74,:35%,:75%,:0.0,http://ufcstats.com/fighter-details/4f732e58ed907eff
Juliana Lima,9-5-0,"5' 5""",115 lbs.,"65""",Orthodox,"Mar 15, 1982",:1.94,:44%,:2.11,:55%,:1.72,:31%,:70%,:0.0,http://ufcstats.com/fighter-details/75a6a390fd5dca46
Nasrat Haqparast,18-5-0,"5' 10""",155 lbs.,"72""",Southpaw,"Aug 22, 1995",:6.40,:45%,:6.01,:63%,:0.35,:20%,:84%,:0.0,http://ufcstats.com/fighter-details/b7b84ccd221be298
Clay Mitchell,1-2-0,"6' 2""",185 lbs.,--,,--,:1.63,:85%,:0.00,:0%,:0.00,:0%,:100%,:4.1,http://ufcstats.com/fighter-details/3d960455f880bb25
Paulo Filho,23-6-3,"5' 8""",185 lbs.,--,Southpaw,"May 24, 1978",:1.86,:48%,:1.67,:66%,:2.40,:32%,:42%,:1.6,http://ufcstats.com/fighter-details/2abdead94ce73552
Cory Hendricks,3-1-0,"6' 3""",205 lbs.,--,Switch,"May 10, 1988",:3.13,:39%,:4.07,:42%,:0.00,:0%,:100%,:0.0,http://ufcstats.com/fighter-details/9ab9912e0f8fa6d6
Gaston Reyno,6-2-0 (2 NC),"6' 0""",145 lbs.,--,,"Nov 11, 1986",:7.79,:62%,:3.90,:44%,:0.00,:0%,:0%,:11.7,http://ufcstats.com/fighter-details/64db35f7782fe274
Matt Horwich,30-25-1,"6' 1""",185 lbs.,--,Orthodox,"Oct 02, 1978",:1.11,:62%,:2.16,:38%,:0.33,:9%,:28%,:2.7,http://ufcstats.com/fighter-details/049d698d773eb3e1
Justin Buchholz,15-10-0,"6' 0""",155 lbs.,"73""",Orthodox,"Aug 22, 1983",:2.35,:26%,:4.14,:51%,:0.00,:0%,:33%,:0.8,http://ufcstats.com/fighter-details/231926533134ec1f
Nick Ring,14-4-0,"6' 0""",185 lbs.,"74""",Southpaw,"Feb 10, 1979",:3.52,:42%,:3.48,:62%,:1.36,:36%,:52%,:0.3,http://ufcstats.com/fighter-details/b13da0b1a3aed3e7
Jeka Saragih,14-5-0,"5' 8""",145 lbs.,"69""",Orthodox,"Jan 01, 1995",:2.75,:50%,:2.82,:40%,:2.17,:80%,:66%,:0.5,http://ufcstats.com/fighter-details/57186c150c645200
Alik Lorenz,6-2-0,"6' 2""",205 lbs.,"77""",Orthodox,"Jan 25, 1997",:2.00,:33%,:32.00,:11%,:0.00,:0%,:0%,:0.0,http://ufcstats.com/fighter-details/92b5f4ee9ff40321
Justin Governale,5-5-0,--,145 lbs.,--,,--,:0.00,:0%,:0.00,:0%,:0.00,:0%,:0%,:0.0,http://ufcstats.com/fighter-details/ae954fd497025462
Dimitiri Wanderley,5-2-0,--,205 lbs.,--,Orthodox,--,:0.92,:25%,:4.31,:30%,:1.16,:20%,:0%,:0.0,http://ufcstats.com/fighter-details/a1d6b308781aa2f5
Loik Radzhabov,18-6-1,"5' 11""",155 lbs.,"69""",Orthodox,"Sep 17, 1990",:2.89,:44%,:3.76,:46%,:4.65,:57%,:42%,:0.0,http://ufcstats.com/fighter-details/8c169fbe1ac33637
Balajin,23-4-0,"5' 9""",145 lbs.,"72""",Orthodox,"Mar 31, 1992",:1.40,:33%,:2.73,:50%,:2.00,:20%,:66%,:0.0,http://ufcstats.com/fighter-details/e626e92a8f2a9737
Raphael Butler,9-2-1,"6' 3""",261 lbs.,--,,"Jan 04, 1984",:4.69,:45%,:0.94,:91%,:0.00,:0%,:100%,:14.1,http://ufcstats.com/fighter-details/f941505e35fb1eae
Bryan Travers,15-4-0,--,155 lbs.,--,,"Apr 11, 1983",:2.33,:48%,:3.93,:55%,:2.00,:28%,:63%,:0.0,http://ufcstats.com/fighter-details/008cf84faae9c7a5
DaMarques Johnson,15-15-0,"6' 1""",170 lbs.,"75""",Orthodox,"Jun 28, 1982",:2.11,:37%,:3.75,:51%,:1.18,:55%,:19%,:0.7,http://ufcstats.com/fighter-details/322a56923b396b4d
Marcus LeVesseur,22-7-0,"5' 9""",155 lbs.,"70""",Southpaw,"Jul 17, 1982",:2.55,:64%,:3.70,:37%,:3.89,:36%,:83%,:0.6,http://ufcstats.com/fighter-details/182f2b78582de3d8
Clint Hester,11-6-0,"6' 2""",205 lbs.,"77""",Orthodox,"Nov 21, 1986",:3.36,:42%,:3.44,:56%,:1.02,:35%,:60%,:0.0,http://ufcstats.com/fighter-details/92b62174c175ce19
Neil Magny,31-14-0,"6' 3""",170 lbs.,"80""",Orthodox,"Aug 03, 1987",:3.41,:46%,:2.44,:51%,:2.18,:39%,:55%,:0.3,http://ufcstats.com/fighter-details/84b3e7d38f2d2ec5
Mike Glenn,5-6-0,--,205 lbs.,--,,"Oct 09, 1977",:0.00,:0%,:0.00,:0%,:0.00,:0%,:0%,:0.0,http://ufcstats.com/fighter-details/ed133185689088b3
Daniel Pineda,28-17-0 (3 NC),"5' 7""",145 lbs.,"69""",Orthodox,"Aug 06, 1985",:2.85,:49%,:3.26,:45%,:1.42,:24%,:54%,:1.5,http://ufcstats.com/fighter-details/361d49960a196976
Stevie Ray,23-9-0,"5' 10""",155 lbs.,"70""",Southpaw,"Mar 25, 1990",:3.73,:44%,:2.93,:54%,:0.75,:46%,:55%,:0.6,http://ufcstats.com/fighter-details/31a13532e724ca2b
Ray Sefo,2-2-0,"6' 0""",240 lbs.,--,Orthodox,"Feb 15, 1971",:0.86,:31%,:1.71,:72%,:0.00,:0%,:66%,:0.0,http://ufcstats.com/fighter-details/646d5dbe509accd4
Daniel Teymur,7-4-0,"5' 5""",145 lbs.,"69""",Orthodox,"Feb 03, 1988",:3.08,:46%,:3.93,:56%,:0.56,:18%,:60%,:0.3,http://ufcstats.com/fighter-details/fbf0537e420e698e
David Marshall,8-4-0,"6' 2""",170 lbs.,--,,"Aug 24, 1984",:0.00,:0%,:0.00,:0%,:0.00,:0%,:0%,:0.0,http://ufcstats.com/fighter-details/0a2813f89a758ff7
Justin Sumter,7-3-0,"6' 2""",185 lbs.,"80""",Southpaw,"Nov 16, 1989",:2.68,:48%,:7.64,:34%,:2.87,:100%,:0%,:0.0,http://ufcstats.com/fighter-details/31f9a1f56cbb6ac5
Mike Budnik,13-4-0,"5' 9""",145 lbs.,"68""",Orthodox,"Aug 08, 1974",:0.65,:52%,:0.95,:53%,:0.00,:0%,:0%,:3.4,http://ufcstats.com/fighter-details/b98209144b63ae26
Joseph Morales,14-2-0,"5' 6""",125 lbs.,"69""",Switch,"Aug 22, 1994",:2.02,:40%,:2.11,:57%,:1.23,:42%,:28%,:2.9,http://ufcstats.com/fighter-details/2fe9032955c2e013
Rafael Estevam,14-0-0,"5' 8""",125 lbs.,"69""",Orthodox,"Aug 10, 1996",:2.10,:54%,:2.59,:47%,:6.01,:38%,:66%,:0.3,http://ufcstats.com/fighter-details/83455a9d17f57dae
Kazuo Misaki,25-11-2 (1 NC),"5' 8""",183 lbs.,--,Orthodox,"Apr 25, 1976",:2.85,:40%,:2.74,:63%,:0.72,:38%,:51%,:0.6,http://ufcstats.com/fighter-details/5e7a28f20927d64a
Ray Wizard,0-1-0,--,--,--,,--,:0.00,:0%,:0.00,:0%,:0.00,:0%,:0%,:0.0,http://ufcstats.com/fighter-details/ea0ad155451ed1f5
Henry Miller,6-16-0 (1 NC),"5' 7""",270 lbs.,--,Southpaw,"Jul 16, 1969",:1.25,:36%,:2.16,:54%,:0.55,:25%,:60%,:0.0,http://ufcstats.com/fighter-details/45a2ba3ef82b9700
Kevin Ferguson,5-2-0 (1 NC),"6' 2""",235 lbs.,"77""",Orthodox,"Feb 08, 1974",:2.30,:50%,:3.41,:38%,:3.10,:72%,:36%,:1.2,http://ufcstats.com/fighter-details/27541033b97c076d
Akira Kikuchi,16-4-0,"5' 8""",155 lbs.,--,Orthodox,"Jul 23, 1978",:3.67,:56%,:0.40,:14%,:2.00,:40%,:100%,:0.0,http://ufcstats.com/fighter-details/9c37681096c6f3a9
Taiga Iwasaki,9-2-0,"6' 1""",185 lbs.,"73""",Orthodox,"Jul 07, 1997",:1.99,:33%,:7.08,:32%,:0.00,:0%,:0%,:0.0,http://ufcstats.com/fighter-details/5b08af4fbc987f9c
Tiki Ghosn,10-7-1,"5' 10""",170 lbs.,--,Orthodox,"Feb 09, 1977",:2.78,:46%,:2.94,:58%,:0.41,:50%,:61%,:0.0,http://ufcstats.com/fighter-details/cb6783c39c01d896
Blake Bowman,2-6-0,"6' 2""",170 lbs.,--,,--,:0.00,:0%,:0.00,:0%,:0.00,:0%,:0%,:0.0,http://ufcstats.com/fighter-details/a95a0504fd73bd3e
Chad Laprise,13-4-0,"5' 10""",170 lbs.,"71""",Orthodox,"Jul 23, 1986",:4.78,:42%,:3.59,:65%,:1.05,:54%,:78%,:0.0,http://ufcstats.com/fighter-details/c03a5022f8439f2a
Quang Le,9-3-0,"5' 7""",135 lbs.,"70""",Orthodox,"Oct 18, 1991",:2.82,:38%,:4.59,:49%,:2.90,:33%,:100%,:0.4,http://ufcstats.com/fighter-details/32feae6d9a1e5047
Roman Bogatov,10-1-0,"5' 8""",155 lbs.,"73""",Orthodox,"Dec 15, 1990",:3.33,:42%,:4.40,:44%,:1.00,:9%,:50%,:0.0,http://ufcstats.com/fighter-details/d61316139d68dbe3
Cristina Stanciu,5-2-0,"5' 3""",115 lbs.,--,Orthodox,"Mar 29, 1994",:2.50,:50%,:3.07,:52%,:0.85,:100%,:40%,:1.7,http://ufcstats.com/fighter-details/175852708cb55776
Andrew Valladerez,5-7-0,--,135 lbs.,--,,--,:0.00,:0%,:0.00,:0%,:0.00,:0%,:0%,:0.0,http://ufcstats.com/fighter-details/2a898bf9fb7710b3
Rolando Dy,9-7-1 (1 NC),"5' 8""",145 lbs.,"69""",Orthodox,"Aug 11, 1990",:3.04,:37%,:4.47,:52%,:0.30,:20%,:68%,:0.0,http://ufcstats.com/fighter-details/55ed59d541f8b90c
Cody Durden,17-8-1,"5' 7""",125 lbs.,"67""",Southpaw,"Mar 29, 1991",:3.44,:44%,:4.35,:50%,:4.13,:47%,:73%,:0.7,http://ufcstats.com/fighter-details/7f6ed67d3ed3c036
Katsunori Kikuno,24-8-2,"5' 8""",145 lbs.,"66""",Orthodox,"Oct 31, 1981",:2.64,:40%,:2.47,:61%,:1.88,:75%,:76%,:0.8,http://ufcstats.com/fighter-details/44470bfd9483c7ad
Willian Colorado,11-1-0,"5' 10""",135 lbs.,"72""",,"Jun 21, 1986",:0.00,:0%,:0.00,:0%,:0.00,:0%,:0%,:0.0,http://ufcstats.com/fighter-details/dfc7f0a2d91ad337
Homer Moore,26-9-2,"5' 10""",205 lbs.,--,Orthodox,"Nov 27, 1971",:0.68,:50%,:0.68,:0%,:5.07,:66%,:0%,:0.0,http://ufcstats.com/fighter-details/e56df3c1d8b4b1cc
Michael Imperato,12-7-0,"5' 7""",135 lbs.,"66""",Switch,"Sep 01, 1989",:1.93,:48%,:2.67,:60%,:1.00,:12%,:0%,:1.0,http://ufcstats.com/fighter-details/59e52d56bab2b1ee
Marloes Coenen,23-8-0,"5' 9""",145 lbs.,"67""",,"Mar 31, 1981",:2.15,:51%,:1.90,:67%,:0.82,:30%,:41%,:2.5,http://ufcstats.com/fighter-details/0b77a05bcbd2de74
Antonio Arroyo,9-5-0,"6' 3""",185 lbs.,"73""",Orthodox,"Jul 01, 1989",:2.82,:66%,:2.02,:50%,:1.14,:41%,:41%,:0.2,http://ufcstats.com/fighter-details/61fb8098ccf81c7f
Joe Moreira,2-2-0,"5' 11""",195 lbs.,--,Southpaw,"Jul 03, 1961",:0.00,:0%,:0.00,:0%,:0.00,:0%,:0%,:0.0,http://ufcstats.com/fighter-details/df85d6ec3493d120
Spencer Fisher,24-9-0,"5' 7""",155 lbs.,"68""",Southpaw,"May 09, 1976",:3.17,:43%,:3.03,:64%,:0.67,:30%,:60%,:0.8,http://ufcstats.com/fighter-details/f34312c2ccfa0e00
Andre Galvao,5-2-0,"5' 7""",168 lbs.,--,Orthodox,"Sep 29, 1982",:2.34,:52%,:1.56,:58%,:2.02,:27%,:0%,:2.8,http://ufcstats.com/fighter-details/45fe6765c56d8018
Khadis Ibragimov,8-4-0,"6' 3""",205 lbs.,"78""",Orthodox,"May 21, 1995",:3.55,:49%,:4.26,:47%,:0.97,:30%,:80%,:0.3,http://ufcstats.com/fighter-details/c3218c810959d279
Joel Alvarez,22-3-0,"6' 3""",155 lbs.,"77""",Orthodox,"Mar 02, 1993",:4.51,:53%,:3.32,:50%,:0.00,:0%,:40%,:1.2,http://ufcstats.com/fighter-details/58bbef3770bb2dfc
Alexandre Ferreira,18-6-0,"5' 7""",205 lbs.,--,Orthodox,"Apr 25, 1979",:2.57,:60%,:8.14,:42%,:0.00,:0%,:0%,:0.0,http://ufcstats.com/fighter-details/28ba5f27e473420c
Ji Yeon Kim,9-7-2,"5' 7""",125 lbs.,"72""",Orthodox,"Oct 18, 1989",:5.37,:36%,:5.41,:56%,:0.00,:0%,:50%,:0.1,http://ufcstats.com/fighter-details/a20f234df70f2182
Juan Manuel Puig,11-4-0,"5' 9""",145 lbs.,--,Orthodox,"Apr 23, 1989",:4.91,:23%,:7.17,:51%,:0.00,:0%,:0%,:0.0,http://ufcstats.com/fighter-details/85d0fafb8b75d634
Alexander Volkanovski,27-4-0,"5' 6""",145 lbs.,"71""",Orthodox,"Sep 29, 1988",:6.18,:56%,:3.36,:58%,:1.67,:34%,:70%,:0.2,http://ufcstats.com/fighter-details/e1248941344b3288
Scott Bessac,4-6-0,"6' 4""",245 lbs.,--,,"Oct 05, 1965",:0.00,:0%,:0.00,:0%,:0.00,:0%,:0%,:0.0,http://ufcstats.com/fighter-details/3f24c96753dbd9f9
Elves Brener,16-6-0,"5' 10""",155 lbs.,"72""",Orthodox,"Sep 27, 1997",:4.76,:47%,:5.86,:50%,:0.99,:16%,:76%,:0.0,http://ufcstats.com/fighter-details/48a9a128784d53d1
John Makdessi,18-9-0,"5' 8""",155 lbs.,"68""",Orthodox,"May 03, 1985",:5.52,:49%,:4.15,:68%,:0.00,:0%,:86%,:0.0,http://ufcstats.com/fighter-details/c21a036b4e012f1c
Daron Cruickshank,18-10-0 (1 NC),"5' 8""",155 lbs.,"72""",Switch,"Jun 11, 1985",:2.88,:38%,:2.98,:57%,:2.04,:41%,:60%,:0.2,http://ufcstats.com/fighter-details/5f99b2bafb10305f
Andre Ewell,17-9-0,"5' 8""",145 lbs.,"75""",Southpaw,"Jan 21, 1988",:4.28,:40%,:4.87,:51%,:0.36,:75%,:72%,:0.1,http://ufcstats.com/fighter-details/5f6f049d54728e88
Claudia Leite,8-3-0,"5' 3""",135 lbs.,"64""",Orthodox,"Nov 04, 1996",:1.27,:47%,:1.73,:57%,:1.00,:25%,:0%,:1.0,http://ufcstats.com/fighter-details/90550a08f0b02b6f
Andre Muniz,24-8-0,"6' 1""",185 lbs.,"78""",Southpaw,"Feb 17, 1990",:2.08,:48%,:2.46,:51%,:3.98,:48%,:35%,:1.1,http://ufcstats.com/fighter-details/886264a0c9f4ea5e
Elizabeth Phillips,6-6-0,"5' 6""",135 lbs.,"65""",Orthodox,"Aug 20, 1986",:2.60,:33%,:3.07,:58%,:0.75,:25%,:53%,:0.2,http://ufcstats.com/fighter-details/dcbf01d605681ad1
Koji Oishi,25-10-10,"5' 8""",170 lbs.,--,Orthodox,"May 31, 1977",:1.43,:9%,:17.86,:43%,:0.00,:0%,:0%,:0.0,http://ufcstats.com/fighter-details/01daf32100ed7517
Chris Curtis,32-12-0 (1 NC),"5' 10""",170 lbs.,"75""",Orthodox,"Jul 15, 1987",:5.98,:50%,:6.19,:54%,:0.00,:0%,:82%,:0.0,http://ufcstats.com/fighter-details/5442f1bc4b47eaf3
Derrick Krantz,22-12-0,"5' 10""",170 lbs.,"72""",Orthodox,"Jan 13, 1988",:2.07,:37%,:4.03,:50%,:3.18,:50%,:0%,:0.8,http://ufcstats.com/fighter-details/714e1e0681ddb703
Brett Cooper,23-12-0,"6' 0""",170 lbs.,--,Orthodox,"Jul 02, 1987",:0.00,:0%,:0.00,:0%,:0.00,:0%,:0%,:0.0,http://ufcstats.com/fighter-details/88ffe9745e218dd8
Melinda Fabian,4-4-2,"5' 6""",125 lbs.,"66""",Orthodox,"Jun 25, 1987",:4.03,:41%,:4.00,:62%,:0.00,:0%,:100%,:0.0,http://ufcstats.com/fighter-details/8c020156779f7888
Mads Burnell,9-3-0,"5' 8""",145 lbs.,"69""",Orthodox,"Mar 06, 1994",:1.28,:41%,:2.71,:51%,:3.45,:47%,:22%,:0.4,http://ufcstats.com/fighter-details/69f01b25dfabaf6b
Yosuke Nishijima,0-5-0,"5' 9""",205 lbs.,--,Orthodox,"May 15, 1973",:1.72,:37%,:5.59,:56%,:0.00,:0%,:0%,:0.0,http://ufcstats.com/fighter-details/5cde96e0a1a1fffe
Ricky Simon,22-6-0,"5' 6""",135 lbs.,"69""",Orthodox,"Aug 31, 1992",:2.93,:44%,:3.72,:61%,:5.01,:43%,:75%,:0.3,http://ufcstats.com/fighter-details/5987b2458f4b5290
Johnny Munoz,12-4-0,"5' 9""",135 lbs.,"71""",Orthodox,"Feb 16, 1993",:2.44,:36%,:2.66,:55%,:2.40,:25%,:45%,:1.8,http://ufcstats.com/fighter-details/f6bcbd91b114ff58
Kevin Rosier,2-6-0,"6' 4""",275 lbs.,--,Orthodox,--,:0.00,:0%,:0.00,:0%,:0.00,:0%,:0%,:0.0,http://ufcstats.com/fighter-details/598a58db87b890ee
Giga Chikadze,15-5-0,"6' 0""",145 lbs.,"74""",Orthodox,"Aug 25, 1988",:3.82,:42%,:3.48,:60%,:0.19,:33%,:65%,:0.2,http://ufcstats.com/fighter-details/9560ff14eb3129f7
Fabio Mello,11-8-0,"5' 5""",155 lbs.,--,Southpaw,"Jun 28, 1975",:0.86,:35%,:3.94,:50%,:0.00,:0%,:0%,:0.0,http://ufcstats.com/fighter-details/8a028648f3f0761d
Erick Sanchez,8-3-0,"5' 10""",145 lbs.,--,,"Oct 04, 1990",:0.00,:0%,:0.00,:0%,:0.00,:0%,:0%,:0.0,http://ufcstats.com/fighter-details/ef3663798164adf0
Taylor Johnson,5-1-0,"6' 0""",185 lbs.,"74""",Switch,"Nov 09, 1990",:5.09,:60%,:1.13,:33%,:8.49,:100%,:100%,:0.0,http://ufcstats.com/fighter-details/552b09cbf13b6328
Matt Foki,5-4-0 (1 NC),"5' 7""",220 lbs.,--,Orthodox,"Mar 16, 1976",:0.00,:0%,:3.37,:56%,:0.00,:0%,:0%,:0.0,http://ufcstats.com/fighter-details/5de61b03868035ff
Anthony Ivy,8-4-0,"6' 2""",185 lbs.,"74""",Orthodox,"Jan 23, 1990",:2.50,:42%,:4.57,:51%,:4.69,:20%,:100%,:0.0,http://ufcstats.com/fighter-details/3c5005b66696d790
Yoshiro Maeda,35-16-5,"5' 7""",139 lbs.,"68""",Southpaw,"Oct 31, 1981",:2.36,:33%,:2.55,:63%,:2.93,:51%,:50%,:0.7,http://ufcstats.com/fighter-details/a4bf17bd3ba3423b
Istela Nunes,6-6-0 (1 NC),"5' 4""",115 lbs.,"66""",Orthodox,"Jul 23, 1992",:4.28,:47%,:4.07,:59%,:0.00,:0%,:47%,:0.0,http://ufcstats.com/fighter-details/efc67b07eed39794
Aljamain Sterling,25-5-0,"5' 7""",145 lbs.,"71""",Orthodox,"Jul 31, 1989",:4.45,:52%,:2.21,:59%,:2.45,:30%,:44%,:0.6,http://ufcstats.com/fighter-details/cb696ebfb6598724
Joey Beltran,17-14-0 (1 NC),"6' 1""",185 lbs.,"75""",Orthodox,"Dec 08, 1981",:4.92,:36%,:5.27,:54%,:0.48,:18%,:75%,:0.0,http://ufcstats.com/fighter-details/46baf0f57edfa4df
Semmy Schilt,26-14-1,"6' 10""",265 lbs.,--,Orthodox,"Oct 27, 1973",:1.20,:50%,:1.31,:53%,:0.00,:0%,:47%,:1.1,http://ufcstats.com/fighter-details/d5ed14b2153c6ed2
Justin Tafa,7-5-0 (1 NC),"6' 0""",264 lbs.,"74""",Southpaw,"Dec 13, 1993",:4.05,:54%,:5.11,:47%,:0.00,:0%,:53%,:0.0,http://ufcstats.com/fighter-details/e13abac8089a801a
Deron Winn,7-3-0,"5' 6""",185 lbs.,"70""",Orthodox,"Jun 13, 1989",:4.55,:44%,:6.21,:46%,:4.28,:52%,:40%,:0.0,http://ufcstats.com/fighter-details/483a953b18d73bb3
Steve Bruno,15-6-0,"5' 10""",170 lbs.,--,Orthodox,"Nov 03, 1981",:0.96,:52%,:3.38,:36%,:1.94,:25%,:46%,:0.4,http://ufcstats.com/fighter-details/2f3f12002564bb55
Matt Dixon,9-1-0,"5' 10""",170 lbs.,"75""",Switch,"Oct 09, 1995",:1.97,:43%,:4.56,:37%,:3.06,:30%,:0%,:0.0,http://ufcstats.com/fighter-details/1db445a4468447d0
JunYoung Hong,13-8-1,"5' 9""",145 lbs.,"69""",Orthodox,"Dec 18, 1990",:2.10,:39%,:2.30,:48%,:0.00,:0%,:35%,:0.0,http://ufcstats.com/fighter-details/b24666e26bd750a3
Abdul Razak Alhassan,12-7-0 (1 NC),"5' 10""",185 lbs.,"73""",Orthodox,"Aug 11, 1985",:3.64,:49%,:4.01,:54%,:0.84,:33%,:51%,:0.2,http://ufcstats.com/fighter-details/eae431e70064e046
Louis Cosce,7-2-0,"5' 9""",170 lbs.,"71""",Orthodox,"Aug 27, 1995",:4.31,:45%,:5.35,:47%,:1.04,:20%,:50%,:0.5,http://ufcstats.com/fighter-details/afe8d5b39ff7fca2
Damon Wilson,9-3-0,"5' 9""",145 lbs.,"69""",Switch,"Apr 29, 1993",:7.56,:49%,:8.27,:52%,:0.00,:0%,:0%,:0.0,http://ufcstats.com/fighter-details/81254702b51cc832
Roxanne Modafferi,25-21-0,"5' 7""",125 lbs.,"69""",Orthodox,"Sep 24, 1982",:3.35,:30%,:5.70,:51%,:1.35,:23%,:30%,:0.1,http://ufcstats.com/fighter-details/4498b382c65a7faa
Josh Thornburg,8-8-0,"6' 0""",170 lbs.,--,,"May 24, 1984",:1.20,:50%,:3.13,:38%,:2.00,:66%,:42%,:2.0,http://ufcstats.com/fighter-details/083e15da67d9b0fa
Jeff Hougland,10-6-0,"5' 7""",135 lbs.,"68""",Orthodox,"Aug 02, 1978",:1.86,:48%,:3.46,:47%,:0.86,:18%,:0%,:1.1,http://ufcstats.com/fighter-details/97a8f39186f489db
Kit Cope,6-7-0,"6' 0""",170 lbs.,--,Orthodox,"Mar 17, 1977",:1.18,:52%,:2.12,:35%,:0.00,:0%,:50%,:3.5,http://ufcstats.com/fighter-details/ce47f49e5c386a9c
Shane Campbell,14-6-0,"6' 0""",155 lbs.,"71""",Orthodox,"Jan 21, 1987",:3.99,:59%,:3.19,:55%,:1.36,:28%,:82%,:0.0,http://ufcstats.com/fighter-details/784285b7ae7dd85f
Tony Johnson,11-3-0,"6' 1""",265 lbs.,--,,--,:2.00,:53%,:4.73,:31%,:2.00,:22%,:0%,:0.0,http://ufcstats.com/fighter-details/a45bab49951a45cd
Daniel Swain,20-10-1,"5' 9""",145 lbs.,"70""",Orthodox,"Jan 30, 1991",:0.80,:44%,:3.20,:40%,:0.00,:0%,:0%,:6.0,http://ufcstats.com/fighter-details/cc39185f2d7d89e4
Jacqueline Cavalcanti,9-1-0,"5' 8""",135 lbs.,"70""",Orthodox,"Aug 29, 1997",:5.73,:46%,:3.32,:70%,:0.00,:0%,:84%,:0.0,http://ufcstats.com/fighter-details/e3964ece586e0635
Vinc Pichel,14-5-0,"5' 10""",155 lbs.,"72""",Orthodox,"Nov 23, 1982",:3.78,:46%,:3.17,:54%,:2.50,:51%,:31%,:0.2,http://ufcstats.com/fighter-details/c77a953488e5607d
Josh Appelt,15-7-0,"5' 10""",255 lbs.,--,Southpaw,"Jun 19, 1983",:1.35,:40%,:11.50,:32%,:0.00,:0%,:33%,:0.0,http://ufcstats.com/fighter-details/0c1a04afca64e38f
Anistavio Medeiros,19-10-0,"5' 6""",145 lbs.,--,Orthodox,"May 01, 1988",:3.64,:44%,:5.00,:47%,:0.00,:0%,:0%,:0.0,http://ufcstats.com/fighter-details/2937cb502dda0808
Nick Agallar,24-6-0,"5' 8""",155 lbs.,--,Orthodox,"Jan 13, 1979",:0.69,:11%,:4.56,:42%,:0.00,:0%,:0%,:0.0,http://ufcstats.com/fighter-details/ebc5af72ad5a28cb
Volkan Oezdemir,20-8-0,"6' 2""",205 lbs.,"75""",Orthodox,"Sep 19, 1989",:4.95,:48%,:4.22,:55%,:0.50,:29%,:80%,:0.1,http://ufcstats.com/fighter-details/0845c81e37d3bcb3
Mario Rivera,6-8-0,"5' 10""",170 lbs.,--,,--,:0.00,:0%,:8.41,:20%,:0.00,:0%,:0%,:0.0,http://ufcstats.com/fighter-details/0f7210aa8d61af8d
Roybert Echeverria,7-1-0,"5' 5""",125 lbs.,"67""",Switch,"Aug 21, 1995",:2.95,:53%,:2.52,:57%,:0.00,:0%,:71%,:2.6,http://ufcstats.com/fighter-details/20b13e96668caaa4
Gloria de Paula,6-5-0,"5' 5""",115 lbs.,"67""",Orthodox,"Jun 10, 1995",:4.89,:53%,:3.77,:66%,:0.74,:37%,:65%,:0.5,http://ufcstats.com/fighter-details/5dd180c8b3196786
Chris Heatherly,9-4-0 (1 NC),"5' 9""",155 lbs.,--,Orthodox,"Nov 24, 1987",:1.08,:45%,:2.67,:52%,:3.39,:50%,:100%,:0.7,http://ufcstats.com/fighter-details/bad8be5827ea1bf1
Jacobe Smith,11-0-0,"5' 10""",170 lbs.,"72""",Southpaw,"Jan 17, 1996",:6.21,:66%,:2.86,:47%,:7.42,:90%,:100%,:0.8,http://ufcstats.com/fighter-details/85497ffd934ecf7e
Martin Svensson,15-6-0,"6' 1""",155 lbs.,--,,"Apr 25, 1985",:2.02,:38%,:5.91,:38%,:0.00,:0%,:0%,:0.0,http://ufcstats.com/fighter-details/bcad7223af3c19da
Kyle Nelson,16-6-1,"5' 11""",155 lbs.,"71""",Switch,"Apr 20, 1991",:3.51,:45%,:4.72,:51%,:1.06,:20%,:73%,:0.6,http://ufcstats.com/fighter-details/31f8081c7600da93
Rafael Carino,2-1-1,"6' 8""",245 lbs.,--,Orthodox,--,:0.00,:0%,:0.00,:0%,:0.00,:0%,:0%,:0.0,http://ufcstats.com/fighter-details/08a7080ff5904661
Yoshihiro Nakao,9-3-0 (2 NC),"6' 0""",220 lbs.,--,Southpaw,"Jun 25, 1972",:1.73,:35%,:2.06,:64%,:2.69,:46%,:0%,:0.5,http://ufcstats.com/fighter-details/e18012194473e8b0
Kai Yoshida,6-2-0,"5' 9""",125 lbs.,"69""",Southpaw,"Oct 10, 1999",:4.32,:50%,:4.96,:54%,:0.00,:0%,:100%,:0.0,http://ufcstats.com/fighter-details/2e517966267a468a
Will Chope,34-13-0,"6' 4""",145 lbs.,--,Switch,"Sep 08, 1990",:4.43,:27%,:9.93,:46%,:0.00,:0%,:0%,:0.0,http://ufcstats.com/fighter-details/db5dc7cb80d7d418
Houston Alexander,17-15-1 (2 NC),"6' 0""",205 lbs.,"72""",Orthodox,"Mar 22, 1972",:3.06,:54%,:3.20,:52%,:1.19,:57%,:33%,:0.0,http://ufcstats.com/fighter-details/0541480fbf719d86
Rafa Garcia,18-4-0,"5' 7""",155 lbs.,"70""",Orthodox,"Aug 05, 1994",:4.31,:45%,:4.54,:61%,:3.13,:44%,:76%,:0.5,http://ufcstats.com/fighter-details/e132d47bd9efbbe0
Krzysztof Jotko,24-6-0,"6' 1""",185 lbs.,"77""",Southpaw,"Aug 19, 1989",:2.98,:42%,:2.23,:57%,:1.33,:39%,:82%,:0.1,http://ufcstats.com/fighter-details/4e06913c91da5200
Arjan Bhullar,9-1-0,"6' 1""",245 lbs.,"75""",Orthodox,"May 13, 1986",:2.33,:56%,:3.25,:59%,:1.73,:75%,:100%,:0.0,http://ufcstats.com/fighter-details/7e511f8d842a109d
Chad Corvin,5-0-0,"6' 5""",255 lbs.,--,,--,:0.00,:0%,:0.00,:0%,:0.00,:0%,:0%,:0.0,http://ufcstats.com/fighter-details/1267b631db78665a
Chad W. Saunders,7-2-0,"5' 10""",170 lbs.,--,Orthodox,--,:0.00,:0%,:0.00,:0%,:0.00,:0%,:0%,:0.0,http://ufcstats.com/fighter-details/4fe9492959834bf7
Tim Stout,12-10-0,"5' 11""",185 lbs.,--,,"Feb 09, 1979",:0.00,:0%,:0.00,:0%,:0.00,:0%,:0%,:0.0,http://ufcstats.com/fighter-details/e1a4568fec1fc24f
Takeshi Yamazaki,15-12-3,"5' 8""",139 lbs.,--,Southpaw,"May 25, 1977",:0.57,:25%,:1.57,:47%,:4.50,:50%,:100%,:1.0,http://ufcstats.com/fighter-details/d1d20e651e6cbc02
Tai Tuivasa,15-8-0,"6' 2""",264 lbs.,"75""",Southpaw,"Mar 16, 1993",:3.77,:46%,:5.18,:44%,:0.00,:0%,:57%,:0.0,http://ufcstats.com/fighter-details/c62fbc117d57b943
Pete Spratt,25-23-0,"5' 9""",170 lbs.,--,Orthodox,"Jan 09, 1971",:1.63,:48%,:1.33,:55%,:0.30,:100%,:46%,:0.3,http://ufcstats.com/fighter-details/c3ea8deeba00462b
Rolles Gracie,8-4-0,"6' 4""",242 lbs.,--,Orthodox,"Jul 14, 1978",:2.30,:32%,:3.38,:55%,:2.30,:10%,:0%,:0.0,http://ufcstats.com/fighter-details/e4a9dbade7c7e1a7
Marc Stevens,21-10-0,"5' 9""",155 lbs.,--,,"May 28, 1985",:0.45,:26%,:1.79,:46%,:0.00,:0%,:0%,:0.0,http://ufcstats.com/fighter-details/310c4d4b2b32796b
Junior Assuncao,16-6-0,"5' 9""",145 lbs.,"72""",Orthodox,"Jun 24, 1981",:3.31,:62%,:2.06,:44%,:2.43,:24%,:66%,:0.7,http://ufcstats.com/fighter-details/d0d7160824278840
Billy Giovanella,9-5-0,"5' 8""",125 lbs.,--,,"Aug 20, 1985",:1.27,:40%,:2.02,:52%,:0.87,:12%,:100%,:1.7,http://ufcstats.com/fighter-details/c1ea31a904fe08a9
Andrea Lee,13-11-0,"5' 6""",125 lbs.,"69""",Orthodox,"Feb 11, 1989",:4.62,:45%,:3.91,:61%,:1.65,:52%,:53%,:0.6,http://ufcstats.com/fighter-details/05fa626cb33d15b8
Cleber Luciano,14-6-0,"5' 6""",155 lbs.,--,,--,:0.00,:0%,:0.00,:0%,:0.00,:0%,:0%,:0.0,http://ufcstats.com/fighter-details/9bdebbf2735d14c2
Shaheen Santana,6-1-0,"6' 1""",155 lbs.,"75""",Orthodox,"Jun 04, 1991",:0.82,:42%,:1.65,:40%,:0.00,:0%,:0%,:2.8,http://ufcstats.com/fighter-details/19809d475ed832d5
Royston Wee,4-1-0,"5' 7""",135 lbs.,"67""",Orthodox,"Nov 15, 1986",:1.10,:60%,:2.45,:49%,:3.38,:81%,:0%,:0.0,http://ufcstats.com/fighter-details/b9c03e7a4557e542
Marvin Eastman,18-15-1,"5' 9""",185 lbs.,"73""",Orthodox,"Jun 08, 1971",:2.21,:35%,:3.92,:42%,:1.38,:33%,:81%,:0.0,http://ufcstats.com/fighter-details/05866d8c3a321856
Josh Grispi,14-5-0,"5' 11""",145 lbs.,"74""",Orthodox,"Oct 14, 1988",:1.44,:41%,:3.71,:50%,:1.97,:36%,:16%,:2.2,http://ufcstats.com/fighter-details/60ba33c3f555a7a3
Murtaza Talha,7-2-0,"6' 0""",205 lbs.,"74""",Orthodox,"Jul 10, 1996",:4.29,:57%,:7.09,:31%,:0.00,:0%,:100%,:0.0,http://ufcstats.com/fighter-details/6aab5c20395ee722
Luke Sanders,13-5-0,"5' 6""",135 lbs.,"67""",Southpaw,"Dec 12, 1985",:6.61,:52%,:4.37,:50%,:0.71,:30%,:72%,:0.2,http://ufcstats.com/fighter-details/96428b9e9bd048ea
Nick Osipczak,6-3-0,"6' 2""",170 lbs.,"76""",Orthodox,"Dec 30, 1984",:2.83,:50%,:3.77,:50%,:1.20,:45%,:71%,:1.0,http://ufcstats.com/fighter-details/5b407acfe0ef9b76
Hayato Sakurai,38-13-2,"5' 7""",168 lbs.,--,Orthodox,"Aug 24, 1975",:2.45,:49%,:1.94,:59%,:1.87,:69%,:56%,:0.3,http://ufcstats.com/fighter-details/85e26e2468b4e82f
Besam Yousef,7-4-0,"5' 11""",170 lbs.,--,Orthodox,"Mar 25, 1985",:3.14,:53%,:3.98,:38%,:1.33,:66%,:50%,:0.0,http://ufcstats.com/fighter-details/98ec9f385cca47fc
Ryan McGivern,13-7-0,"6' 0""",185 lbs.,--,Orthodox,"Jan 17, 1980",:2.22,:29%,:2.22,:57%,:0.00,:0%,:0%,:0.0,http://ufcstats.com/fighter-details/856ec65948b7d234
Taiei Kin,6-3-0,"5' 11""",185 lbs.,--,Orthodox,"Jul 08, 1970",:2.71,:60%,:1.33,:52%,:0.00,:0%,:55%,:0.0,http://ufcstats.com/fighter-details/c7ac79839e86ce33
Alex Crispin,0-1-0,--,155 lbs.,--,,--,:0.00,:0%,:0.00,:0%,:0.00,:0%,:0%,:0.0,http://ufcstats.com/fighter-details/8944a0f9b2f0ce6d
Cory Peterson,2-1-0,"6' 11""",400 lbs.,--,Orthodox,"Feb 04, 1979",:2.17,:60%,:6.51,:40%,:0.00,:0%,:0%,:0.0,http://ufcstats.com/fighter-details/5df10509264586e5
Khabib Nurmagomedov,29-0-0,"5' 10""",155 lbs.,"70""",Orthodox,"Sep 20, 1988",:4.10,:48%,:1.75,:65%,:5.32,:48%,:84%,:0.8,http://ufcstats.com/fighter-details/032cc3922d871c7f
Maria Rios,2-3-0,"5' 5""",125 lbs.,--,,"May 31, 1983",:2.93,:34%,:4.13,:56%,:2.00,:50%,:100%,:0.0,http://ufcstats.com/fighter-details/9ec12134b1515f12
Lorenzo Hood,14-5-0 (1 NC),"6' 3""",265 lbs.,"80""",Southpaw,"Mar 02, 1989",:2.64,:61%,:4.66,:11%,:0.00,:0%,:100%,:0.0,http://ufcstats.com/fighter-details/7f9abc4db2d05764
Shaqueme Rock,12-1-1,--,155 lbs.,--,,"Nov 05, 1993",:0.00,:0%,:0.00,:0%,:0.00,:0%,:0%,:0.0,http://ufcstats.com/fighter-details/52b6bf4528130e86
Ronys Torres,35-5-0,"5' 7""",155 lbs.,--,Orthodox,"Aug 13, 1975",:0.87,:26%,:1.93,:57%,:4.00,:47%,:16%,:0.5,http://ufcstats.com/fighter-details/cce79e827569f26e
Alejandro Villalobos,17-5-0,"5' 7""",145 lbs.,--,,"Oct 26, 1979",:3.93,:46%,:4.07,:67%,:1.00,:50%,:0%,:0.0,http://ufcstats.com/fighter-details/2e88f2030d8a928a
Ricardo Arona,14-5-0,"5' 11""",205 lbs.,--,Orthodox,"Jul 17, 1978",:1.66,:48%,:1.15,:57%,:2.41,:48%,:58%,:1.2,http://ufcstats.com/fighter-details/05fbfe628658c538
Roan Carneiro,21-11-0,"5' 11""",170 lbs.,"76""",Orthodox,"Jun 02, 1978",:1.46,:46%,:1.82,:62%,:3.05,:42%,:83%,:1.4,http://ufcstats.com/fighter-details/1c86754617d9813a
Ivan Serati,12-4-0,"6' 0""",205 lbs.,--,Orthodox,--,:0.86,:26%,:5.33,:29%,:0.00,:0%,:0%,:0.0,http://ufcstats.com/fighter-details/b23fca14c7b79935
Amir Rahnavardi,11-10-0,"6' 0""",205 lbs.,--,Orthodox,"Dec 07, 1974",:0.67,:25%,:0.00,:100%,:0.00,:0%,:50%,:0.0,http://ufcstats.com/fighter-details/bc7f7f0ba3db74d2
Lucas Almeida,15-4-0,"5' 11""",145 lbs.,"71""",Orthodox,"Jan 31, 1991",:4.94,:39%,:5.04,:44%,:0.00,:0%,:53%,:0.0,http://ufcstats.com/fighter-details/710f0f8c5d5c9d41
Ralph Dillon,0-2-1,"6' 2""",205 lbs.,--,Orthodox,--,:0.34,:14%,:0.69,:60%,:0.00,:0%,:0%,:0.0,http://ufcstats.com/fighter-details/b4f7a2d8ecc5e0c3
Dmitry Sosnovskiy,11-0-0,"6' 3""",240 lbs.,"77""",Orthodox,"Jul 06, 1989",:2.95,:70%,:2.53,:35%,:3.16,:66%,:100%,:3.2,http://ufcstats.com/fighter-details/85ff1b9471d35238
Rafael Cavalcante,12-7-0 (1 NC),"6' 1""",205 lbs.,"74""",Orthodox,"Apr 14, 1980",:2.71,:53%,:3.62,:49%,:0.60,:40%,:63%,:0.1,http://ufcstats.com/fighter-details/5c1ca0c72b599a3c
Brad Blackburn,18-13-1 (1 NC),"5' 10""",170 lbs.,"73""",Orthodox,"May 25, 1977",:4.55,:35%,:3.59,:65%,:0.93,:50%,:76%,:0.7,http://ufcstats.com/fighter-details/7e69a4b0961aa555
Keith Wisniewski,28-15-1,"6' 0""",170 lbs.,--,Orthodox,"Oct 25, 1981",:2.32,:52%,:4.86,:42%,:1.57,:40%,:78%,:0.3,http://ufcstats.com/fighter-details/cd12227edd3f134b
Sam Sicilia,15-8-0,"5' 8""",145 lbs.,"67""",Orthodox,"Feb 01, 1986",:2.46,:33%,:3.55,:59%,:1.45,:43%,:70%,:0.9,http://ufcstats.com/fighter-details/b8aef0faf4ce9b31
Trevin Jones,13-10-0 (1 NC),"5' 7""",135 lbs.,"70""",Southpaw,"Aug 04, 1990",:2.13,:37%,:4.29,:39%,:0.62,:15%,:60%,:0.2,http://ufcstats.com/fighter-details/ec23c1be628d8057
Nicco Montano,5-3-0,"5' 5""",135 lbs.,"65""",Southpaw,"Dec 16, 1988",:5.60,:41%,:4.43,:64%,:2.25,:54%,:69%,:0.4,http://ufcstats.com/fighter-details/1de9ad94de18eeaf
Mario Mingaj,7-0-0,--,185 lbs.,--,,--,:0.00,:0%,:0.00,:0%,:0.00,:0%,:0%,:0.0,http://ufcstats.com/fighter-details/1ccaeae54725d897
Dylan Potter,10-6-0,"6' 2""",225 lbs.,"77""",Switch,"Jan 14, 1995",:3.10,:48%,:5.78,:46%,:0.00,:0%,:33%,:1.1,http://ufcstats.com/fighter-details/61e47575b24a06bf
Joe Pyfer,15-3-0,"6' 2""",185 lbs.,"75""",Orthodox,"Sep 17, 1996",:3.47,:43%,:3.05,:53%,:1.23,:33%,:50%,:1.0,http://ufcstats.com/fighter-details/c1085e1701b13eca
Jon Madsen,8-2-0,"6' 0""",240 lbs.,"72""",Orthodox,"Feb 12, 1980",:2.46,:41%,:1.18,:81%,:1.32,:71%,:70%,:0.0,http://ufcstats.com/fighter-details/7691a80e6ca3e55b
Steve Byrnes,6-1-0,"6' 0""",170 lbs.,--,Orthodox,"Aug 26, 1979",:1.20,:51%,:2.67,:27%,:3.00,:60%,:0%,:4.0,http://ufcstats.com/fighter-details/43612456979e5d5e
Brandon Melendez,25-25-0,"5' 11""",155 lbs.,--,Southpaw,"Mar 24, 1983",:0.84,:26%,:0.56,:63%,:0.00,:0%,:25%,:0.0,http://ufcstats.com/fighter-details/2b06b6ad5db63348
Sam Stout,20-12-1,"5' 9""",155 lbs.,"70""",Orthodox,"Apr 23, 1984",:4.17,:28%,:4.08,:57%,:0.63,:38%,:77%,:0.1,http://ufcstats.com/fighter-details/501b07aec9b8fc2d
Satoshi Ishii,15-8-1,"5' 11""",240 lbs.,--,Orthodox,"Dec 19, 1986",:1.41,:36%,:1.58,:63%,:3.47,:52%,:100%,:1.6,http://ufcstats.com/fighter-details/c8a49ff2acb6f3c5
Jordan Vucenic,13-4-0,"5' 10""",155 lbs.,"73""",Orthodox,"Mar 02, 1996",:2.11,:45%,:1.90,:58%,:0.63,:14%,:44%,:0.0,http://ufcstats.com/fighter-details/6d38e41efa47a72d
Dokonjonosuke Mishima,21-7-2,"5' 7""",155 lbs.,--,Southpaw,"Apr 19, 1972",:1.06,:41%,:1.22,:52%,:2.47,:40%,:25%,:1.4,http://ufcstats.com/fighter-details/b14a68c533f4a4aa
Ronaldo Candido,6-0-0,"5' 6""",125 lbs.,--,Southpaw,"Apr 24, 1989",:1.67,:42%,:3.87,:52%,:8.00,:53%,:0%,:5.0,http://ufcstats.com/fighter-details/23fbe02caabcd214
Rulon Gardner,1-0-0,"6' 3""",265 lbs.,--,Orthodox,"Aug 16, 1971",:2.05,:25%,:1.45,:60%,:0.75,:100%,:100%,:0.0,http://ufcstats.com/fighter-details/4f7e290e71d60f87
Mizuto Hirota,18-10-2,"5' 7""",155 lbs.,"67""",Orthodox,"May 05, 1981",:3.36,:40%,:3.50,:54%,:1.36,:50%,:58%,:0.1,http://ufcstats.com/fighter-details/35faad160d346839
Matt Ricehouse,6-1-0,--,155 lbs.,--,,"Mar 11, 1987",:3.70,:44%,:4.80,:47%,:1.00,:22%,:81%,:0.0,http://ufcstats.com/fighter-details/343d57cde1a14338
Brendan Allen,25-7-0,"6' 2""",185 lbs.,"75""",Orthodox,"Dec 28, 1995",:3.85,:53%,:3.96,:47%,:1.65,:41%,:56%,:1.2,http://ufcstats.com/fighter-details/2f181c0467965b98
Josh Diekmann,15-8-0 (1 NC),"5' 4""",246 lbs.,--,,"Oct 09, 1976",:0.28,:5%,:8.17,:25%,:0.00,:0%,:0%,:0.0,http://ufcstats.com/fighter-details/414bddf0c80c41e1
Maiquel Falcao,37-10-0 (1 NC),"5' 11""",185 lbs.,--,Orthodox,"Mar 08, 1981",:1.67,:55%,:0.53,:86%,:1.00,:100%,:71%,:3.0,http://ufcstats.com/fighter-details/d58478ded5534695
Ray Perales,13-22-0,"5' 10""",170 lbs.,--,Orthodox,"Jul 02, 1975",:0.18,:25%,:2.39,:32%,:0.00,:0%,:33%,:0.0,http://ufcstats.com/fighter-details/9a70f67ad2187fa3
Viviane Pereira,13-2-0,"5' 1""",115 lbs.,"63""",Orthodox,"Aug 28, 1993",:2.70,:30%,:4.48,:58%,:0.25,:100%,:28%,:0.2,http://ufcstats.com/fighter-details/d50382dc0565a9e1
Joseph Benavidez,28-8-0,"5' 4""",125 lbs.,"65""",Southpaw,"Jul 31, 1984",:3.52,:34%,:2.67,:61%,:1.41,:30%,:62%,:0.6,http://ufcstats.com/fighter-details/80eacd4da0617c57
Richard Odoms,13-3-0,"6' 5""",265 lbs.,--,Orthodox,"May 08, 1975",:0.00,:0%,:0.00,:0%,:0.00,:0%,:0%,:0.0,http://ufcstats.com/fighter-details/f43907e75f8d9baa
Jason Von Flue,14-12-1,"6' 0""",170 lbs.,--,Orthodox,"Aug 01, 1975",:1.89,:36%,:3.23,:52%,:0.62,:16%,:58%,:1.5,http://ufcstats.com/fighter-details/c4b9296214f4c09c
Vernon White,26-33-2,"6' 0""",205 lbs.,--,Southpaw,"Dec 03, 1971",:2.11,:38%,:2.20,:54%,:0.88,:28%,:44%,:0.0,http://ufcstats.com/fighter-details/12458872d6afae1b
Minoki Ichihara,0-1-0,"5' 7""",178 lbs.,--,Orthodox,"Jun 30, 1968",:0.00,:0%,:0.00,:0%,:0.00,:0%,:0%,:0.0,http://ufcstats.com/fighter-details/4565d435005319c0
Karl Williams,10-2-0,"6' 3""",235 lbs.,"79""",Orthodox,"Jan 06, 1990",:2.68,:48%,:2.15,:55%,:4.20,:48%,:100%,:0.2,http://ufcstats.com/fighter-details/d35f734c56a89103
Robert Valentin,11-6-0 (1 NC),"6' 2""",185 lbs.,"77""",Orthodox,"Mar 31, 1995",:1.13,:56%,:2.83,:32%,:0.00,:0%,:55%,:1.3,http://ufcstats.com/fighter-details/0cd0456d6029cec2
Paul Varelans,9-9-0,"6' 8""",300 lbs.,--,Orthodox,"Sep 17, 1969",:0.00,:0%,:0.00,:0%,:0.00,:0%,:0%,:0.0,http://ufcstats.com/fighter-details/07a18ae55dfc3cd9
Fares Ziam,17-4-0,"6' 1""",155 lbs.,"75""",Orthodox,"Mar 21, 1997",:2.85,:51%,:1.62,:64%,:1.62,:40%,:70%,:0.2,http://ufcstats.com/fighter-details/1e4f273069fb9e85
Joey Gambino,9-2-0,"5' 7""",145 lbs.,--,Orthodox,"Oct 26, 1988",:2.47,:35%,:2.53,:51%,:0.00,:0%,:42%,:0.8,http://ufcstats.com/fighter-details/10559c53de0b950e
Cesar Gracie,0-1-0,"5' 10""",181 lbs.,--,Orthodox,--,:0.00,:0%,:17.14,:50%,:0.00,:0%,:0%,:0.0,http://ufcstats.com/fighter-details/079488710f012779
Rosi Sexton,13-5-0,"5' 3""",135 lbs.,--,Orthodox,"Jul 16, 1977",:3.31,:39%,:7.42,:41%,:0.75,:10%,:80%,:0.0,http://ufcstats.com/fighter-details/5dfe71ade71f3a4b
Rashid Vagabov,14-2-0,"5' 7""",125 lbs.,"63""",Orthodox,"Jun 27, 1998",:1.87,:38%,:0.93,:67%,:3.00,:50%,:100%,:3.0,http://ufcstats.com/fighter-details/0d1190beced94f7c
Sam Watford,2-2-0,--,155 lbs.,--,,--,:0.13,:18%,:0.73,:62%,:2.00,:40%,:60%,:1.0,http://ufcstats.com/fighter-details/1836639ecf9b6e7f
Alex Gorgees,6-1-0,"6' 2""",155 lbs.,"74""",Switch,"Aug 11, 1995",:0.67,:32%,:2.27,:38%,:0.00,:0%,:54%,:0.0,http://ufcstats.com/fighter-details/803bebcfb6d6f506
Chelsea Hackett,3-1-1,"5' 4""",125 lbs.,"66""",Switch,"Aug 16, 1998",:2.58,:51%,:4.85,:46%,:0.00,:0%,:57%,:0.0,http://ufcstats.com/fighter-details/184b7a36d50dcc5e
Alex Hunter,2-0-0,"5' 9""",226 lbs.,--,Orthodox,--,:0.00,:0%,:0.00,:0%,:0.00,:0%,:0%,:0.0,http://ufcstats.com/fighter-details/baa5358456803df8
Cal Worsham,13-10-0,"5' 11""",230 lbs.,--,Orthodox,"Jun 11, 1963",:0.00,:0%,:0.00,:0%,:0.00,:0%,:0%,:0.0,http://ufcstats.com/fighter-details/de3ed2e152520c8d
Hugo Cunha,8-2-0,"6' 3""",263 lbs.,"79""",Orthodox,"Feb 04, 1993",:0.60,:30%,:3.01,:34%,:0.00,:0%,:0%,:0.0,http://ufcstats.com/fighter-details/46a17755f80f63e8
Chris Cariaso,17-8-0,"5' 3""",125 lbs.,"64""",Southpaw,"May 27, 1981",:3.35,:43%,:2.23,:61%,:1.11,:39%,:57%,:0.8,http://ufcstats.com/fighter-details/b2e3aca4cd363477
Jimy Hettes,11-3-0,"5' 9""",145 lbs.,"71""",Southpaw,"Jun 09, 1987",:3.47,:57%,:3.50,:57%,:5.20,:44%,:61%,:1.4,http://ufcstats.com/fighter-details/893d51aaf024eddd
Phil Caracappa,6-1-0,"5' 8""",135 lbs.,"70""",Orthodox,"Jun 05, 1992",:2.93,:50%,:4.07,:29%,:1.00,:8%,:100%,:1.0,http://ufcstats.com/fighter-details/bd81a97864acf098
Manon Fiorot,12-2-0,"5' 7""",125 lbs.,"65""",Orthodox,"Feb 17, 1990",:5.58,:41%,:3.59,:66%,:1.06,:29%,:87%,:0.0,http://ufcstats.com/fighter-details/34ff304266360297
Bibiano Fernandes,20-3-0,"5' 7""",139 lbs.,--,Orthodox,"Mar 30, 1980",:2.91,:40%,:2.02,:72%,:3.97,:53%,:77%,:0.6,http://ufcstats.com/fighter-details/cbc071cb20ea59c7
Hakeem Dawodu,13-4-1,"5' 8""",145 lbs.,"73""",Orthodox,"Jul 02, 1991",:5.45,:50%,:3.37,:56%,:0.00,:0%,:65%,:0.0,http://ufcstats.com/fighter-details/2c9d00968f818270
Kin Moy,8-3-0,"5' 5""",135 lbs.,--,,--,:2.30,:33%,:1.93,:62%,:1.67,:42%,:50%,:1.7,http://ufcstats.com/fighter-details/ae922e7d9e852d7a
Kotetsu Boku,25-11-2,"5' 9""",154 lbs.,--,Orthodox,"May 27, 1977",:2.47,:42%,:2.80,:53%,:0.00,:0%,:0%,:0.0,http://ufcstats.com/fighter-details/d227958e8a0c1466
Jordan Parsons,11-2-0,"5' 9""",145 lbs.,--,,"Aug 26, 1990",:3.29,:40%,:2.37,:60%,:1.54,:21%,:50%,:1.0,http://ufcstats.com/fighter-details/8b2a18d3c6735083
Efrain Escudero,28-12-0,"5' 9""",155 lbs.,"71""",Orthodox,"Jan 15, 1986",:2.92,:44%,:2.30,:63%,:1.31,:40%,:66%,:0.8,http://ufcstats.com/fighter-details/83fd97284f4bb4a4
Anthony Leone,15-8-0,"5' 6""",135 lbs.,--,Orthodox,"May 27, 1987",:1.94,:53%,:2.52,:56%,:1.72,:18%,:0%,:0.0,http://ufcstats.com/fighter-details/86b9b51a81e9c339
Michal Oleksiejczuk,21-9-0 (1 NC),"6' 0""",185 lbs.,"74""",Southpaw,"Feb 22, 1995",:5.34,:51%,:4.41,:59%,:1.02,:43%,:52%,:0.0,http://ufcstats.com/fighter-details/0d65c432720accb9
Joshua Wang-Kim,5-2-0,"5' 9""",135 lbs.,"71""",Switch,"Nov 16, 1992",:2.95,:40%,:4.43,:60%,:1.17,:100%,:66%,:0.0,http://ufcstats.com/fighter-details/d538f13ab21d9633
Randy Couture,19-11-0,"6' 1""",205 lbs.,"75""",Orthodox,"Jun 22, 1963",:2.85,:57%,:1.53,:59%,:2.78,:46%,:58%,:0.5,http://ufcstats.com/fighter-details/0aa92558424ced9e
Jonathan Wiezorek,11-2-0,"6' 3""",250 lbs.,--,Southpaw,"Feb 10, 1978",:1.27,:58%,:5.47,:31%,:1.91,:20%,:0%,:0.0,http://ufcstats.com/fighter-details/60884f31ead1609c
Joe Duarte,10-4-0,--,155 lbs.,--,,"Jan 25, 1977",:2.27,:38%,:4.00,:53%,:3.00,:50%,:69%,:1.0,http://ufcstats.com/fighter-details/454c3e9d4cd4a1b3
Eli Tamez,10-0-0,"5' 7""",135 lbs.,--,,"Aug 22, 1985",:0.00,:0%,:0.00,:0%,:0.00,:0%,:0%,:0.0,http://ufcstats.com/fighter-details/bfd4d50591033a1f
Reginaldo Vieira,13-5-0,"5' 7""",135 lbs.,"65""",Orthodox,"Nov 26, 1982",:3.76,:40%,:2.89,:59%,:1.97,:27%,:25%,:0.8,http://ufcstats.com/fighter-details/f9081770e28ea2e1
Izabela Badurek,6-3-0,"5' 5""",115 lbs.,--,Orthodox,"Jul 11, 1991",:3.74,:71%,:4.90,:32%,:1.75,:12%,:100%,:0.0,http://ufcstats.com/fighter-details/4fcf6e0c4e0e6664
TJ Grant,21-5-0,"5' 10""",155 lbs.,"72""",Orthodox,"Feb 26, 1984",:3.95,:54%,:3.21,:56%,:1.63,:43%,:36%,:0.6,http://ufcstats.com/fighter-details/a26198ba5093147e
Andrew Sanchez,13-7-0,"6' 1""",185 lbs.,"74""",Orthodox,"Apr 08, 1988",:4.30,:43%,:5.10,:50%,:2.55,:36%,:100%,:0.0,http://ufcstats.com/fighter-details/fccf811c1e8b01c7
Magno Almeida,10-3-0 (1 NC),"6' 0""",155 lbs.,--,,"Jun 06, 1985",:1.67,:36%,:2.60,:41%,:0.00,:0%,:40%,:5.0,http://ufcstats.com/fighter-details/d615d6a10a4704cd
Nate Diaz,22-13-0,"6' 0""",170 lbs.,"76""",Southpaw,"Apr 16, 1985",:4.57,:45%,:3.77,:52%,:1.05,:30%,:41%,:1.3,http://ufcstats.com/fighter-details/8355922d564b152c
Enrique Marin,10-4-0,"5' 10""",170 lbs.,--,,"Sep 02, 1986",:1.43,:33%,:3.00,:50%,:2.50,:38%,:60%,:1.0,http://ufcstats.com/fighter-details/23a6e307077c6ccc
Akitoshi Tamura,21-18-2,"5' 9""",135 lbs.,"70""",Orthodox,"May 31, 1980",:3.73,:43%,:1.94,:78%,:0.00,:0%,:20%,:1.0,http://ufcstats.com/fighter-details/c95fbc085e17a532
Mike Campbell,13-4-0,"5' 9""",155 lbs.,--,Southpaw,"Nov 15, 1982",:1.40,:26%,:1.40,:63%,:5.26,:100%,:0%,:0.0,http://ufcstats.com/fighter-details/f5585e675af7afd4
Chris Brown,10-1-0,--,170 lbs.,--,,--,:0.00,:0%,:0.00,:0%,:0.00,:0%,:0%,:0.0,http://ufcstats.com/fighter-details/9e2624ac992660c6
Aziz Khaydarov,21-7-0,"5' 11""",155 lbs.,"72""",Orthodox,"Sep 25, 1993",:2.60,:61%,:2.80,:61%,:0.00,:0%,:85%,:0.0,http://ufcstats.com/fighter-details/a072b512b6f4fc42
Roy Nelson,22-14-0,"6' 0""",263 lbs.,"73""",Orthodox,"Jun 20, 1976",:2.18,:36%,:4.79,:46%,:1.14,:27%,:65%,:0.1,http://ufcstats.com/fighter-details/3f7c14c7eca7195d
Ibo Aslan,14-3-0,"6' 3""",205 lbs.,"77""",Orthodox,"Apr 23, 1996",:5.09,:47%,:3.47,:59%,:0.00,:0%,:86%,:0.0,http://ufcstats.com/fighter-details/6e8f1bcdda94ff45
Felice Herrig,14-10-0,"5' 4""",115 lbs.,"65""",Orthodox,"Sep 18, 1984",:3.84,:37%,:5.19,:48%,:1.08,:28%,:75%,:0.8,http://ufcstats.com/fighter-details/b6850671a008bf9a
Bruno Korea,7-3-0,"5' 6""",135 lbs.,"65""",,"Jun 28, 1991",:2.12,:34%,:3.96,:42%,:0.00,:0%,:25%,:0.0,http://ufcstats.com/fighter-details/6c011be66326ad97
Icaro Brito,7-1-0,--,145 lbs.,--,,"Mar 09, 1999",:0.00,:0%,:0.00,:0%,:0.00,:0%,:0%,:0.0,http://ufcstats.com/fighter-details/06dd61c8d545c63f
Guram Kutateladze,13-5-0,"5' 11""",155 lbs.,"72""",Orthodox,"Jan 08, 1992",:3.53,:45%,:4.22,:54%,:0.61,:15%,:75%,:0.0,http://ufcstats.com/fighter-details/7772b283d288dbe2
Brok Weaver,15-6-0,"6' 0""",155 lbs.,"73""",Southpaw,"Dec 05, 1991",:4.78,:64%,:4.35,:46%,:0.41,:10%,:66%,:0.4,http://ufcstats.com/fighter-details/7c9f96f9a6a5cd50
John Devine,6-4-0,--,--,--,,--,:1.52,:18%,:2.28,:57%,:0.00,:0%,:0%,:0.0,http://ufcstats.com/fighter-details/2bcc39af95d6f2e8
Louis Gaudinot,8-4-0 (1 NC),"5' 3""",125 lbs.,"63""",Orthodox,"Aug 28, 1984",:2.34,:37%,:6.42,:48%,:0.57,:40%,:31%,:1.1,http://ufcstats.com/fighter-details/b72a60a0cadff408
Andrey Koreshkov,19-2-0,"6' 0""",170 lbs.,--,,"Aug 23, 1990",:2.84,:39%,:1.92,:63%,:4.80,:53%,:0%,:0.0,http://ufcstats.com/fighter-details/aee885b8ca29ab4f
Oleg Taktarov,17-5-2,"6' 0""",210 lbs.,--,Orthodox,"Aug 26, 1967",:0.00,:0%,:0.00,:0%,:0.00,:0%,:0%,:0.0,http://ufcstats.com/fighter-details/1dc56b59cb28425d
Steve Berger,21-23-2 (1 NC),"5' 11""",170 lbs.,--,Orthodox,"May 20, 1973",:1.00,:27%,:3.26,:36%,:0.84,:40%,:16%,:1.7,http://ufcstats.com/fighter-details/21b1132949f2a9b0
Gilbert Burns,22-9-0,"5' 10""",170 lbs.,"71""",Orthodox,"Jul 20, 1986",:3.15,:48%,:3.64,:52%,:2.12,:37%,:53%,:0.5,http://ufcstats.com/fighter-details/23024fdfc966410a
Jordan Espinosa,15-9-0 (1 NC),"5' 6""",125 lbs.,"69""",Orthodox,"Nov 08, 1989",:4.22,:52%,:2.94,:57%,:0.75,:28%,:70%,:0.2,http://ufcstats.com/fighter-details/215a70f073a7b726
Joe Charles,6-13-0,"6' 1""",260 lbs.,--,Southpaw,--,:0.00,:0%,:0.00,:0%,:0.00,:0%,:0%,:0.0,http://ufcstats.com/fighter-details/19ffeb5e3fffd6d5
George Hardwick,12-2-0,"5' 10""",155 lbs.,"72""",Orthodox,"Dec 06, 1996",:3.60,:38%,:4.60,:71%,:0.00,:0%,:83%,:0.0,http://ufcstats.com/fighter-details/f55a6807b6bb853d
Alton Cunningham,4-2-0,"6' 2""",205 lbs.,"77""",Orthodox,"Jun 24, 1993",:3.33,:75%,:4.94,:20%,:1.67,:10%,:100%,:0.0,http://ufcstats.com/fighter-details/305bde44ff664788
Hiroshi Izumi,4-2-0,--,205 lbs.,--,Orthodox,"Jun 22, 1982",:1.95,:37%,:2.65,:66%,:3.35,:70%,:100%,:0.5,http://ufcstats.com/fighter-details/53e4e21f4c688801
JaeHyun Park,8-4-0,"5' 8""",155 lbs.,"73""",Orthodox,"Dec 10, 2001",:1.75,:67%,:1.36,:45%,:2.31,:85%,:22%,:0.4,http://ufcstats.com/fighter-details/fe1595732dfb08fc
Sako Chivitchian,8-1-0,"5' 11""",155 lbs.,--,Orthodox,"Mar 11, 1984",:2.40,:27%,:4.80,:46%,:0.00,:0%,:100%,:0.0,http://ufcstats.com/fighter-details/9f7787e56a6bc0f4
Jeremy Hamilton,9-2-0,--,185 lbs.,--,,"Nov 14, 1984",:0.00,:0%,:0.00,:0%,:0.00,:0%,:0%,:0.0,http://ufcstats.com/fighter-details/7ada6ea792a34424
Jon Kunneman,10-0-0,--,185 lbs.,--,,"Jul 14, 1999",:0.00,:0%,:0.00,:0%,:0.00,:0%,:0%,:0.0,http://ufcstats.com/fighter-details/2694c4997a51ed01
Waachiim Spiritwolf,12-13-1 (2 NC),"5' 8""",170 lbs.,--,,"Jan 01, 1976",:10.00,:100%,:10.00,:0%,:0.00,:0%,:0%,:0.0,http://ufcstats.com/fighter-details/71caa995674203aa
Jaime Alvarez,6-1-0,"5' 8""",125 lbs.,"69""",Orthodox,"Mar 08, 1988",:2.73,:40%,:4.53,:56%,:1.00,:33%,:50%,:0.0,http://ufcstats.com/fighter-details/4438482bd1d5a029
Huang Feier,14-8-0,"5' 5""",115 lbs.,"65""",Orthodox,"Mar 12, 1994",:0.00,:0%,:0.00,:0%,:0.00,:0%,:0%,:0.0,http://ufcstats.com/fighter-details/e71c75f533a30daa
Yuki Ishikawa,0-2-0,"5' 11""",205 lbs.,--,Orthodox,"Feb 08, 1967",:1.07,:28%,:8.57,:11%,:0.00,:0%,:50%,:0.0,http://ufcstats.com/fighter-details/119ebea97e914dcf
Jan Finney,11-12-0,"5' 8""",135 lbs.,--,Orthodox,"Apr 18, 1980",:2.16,:28%,:8.75,:42%,:0.77,:11%,:25%,:0.0,http://ufcstats.com/fighter-details/3317823959d32a05
Zhou Kun,13-4-0,--,125 lbs.,--,,--,:0.00,:0%,:0.00,:0%,:0.00,:0%,:0%,:0.0,http://ufcstats.com/fighter-details/d027fff39a34a9df
Matt Grice,15-5-0,"5' 8""",145 lbs.,"70""",Orthodox,"Jul 29, 1981",:4.09,:53%,:2.69,:56%,:2.19,:37%,:82%,:0.5,http://ufcstats.com/fighter-details/bfc2fc38a0e20211
Feng Pengchao,15-9-1,--,135 lbs.,--,,--,:0.00,:0%,:0.00,:0%,:0.00,:0%,:0%,:0.0,http://ufcstats.com/fighter-details/86597694317e5e1b
Isao Kobayashi,21-4-4,"5' 8""",145 lbs.,--,,"Oct 28, 1988",:1.01,:33%,:1.66,:45%,:2.17,:100%,:100%,:0.0,http://ufcstats.com/fighter-details/a02652d063ef5baa
Booker DeRousse,6-5-0,"6' 2""",205 lbs.,--,,"Mar 23, 1981",:0.00,:0%,:0.00,:0%,:0.00,:0%,:0%,:0.0,http://ufcstats.com/fighter-details/f2c91b67f71bbeab
Kristian Rothaermel,4-3-0,"6' 0""",205 lbs.,--,Open Stance,"Jan 31, 1972",:0.75,:50%,:2.49,:41%,:0.00,:0%,:0%,:0.0,http://ufcstats.com/fighter-details/af49a6c491ca22a3
Liudvik Sholinian,9-4-1,"5' 10""",135 lbs.,"71""",Orthodox,"Jan 20, 1990",:2.50,:30%,:5.67,:55%,:0.00,:0%,:66%,:0.0,http://ufcstats.com/fighter-details/1a54231796e24a3f
Tom Gallicchio,19-10-0,"5' 10""",170 lbs.,--,Southpaw,"Sep 23, 1986",:3.53,:26%,:7.07,:43%,:1.00,:11%,:0%,:0.0,http://ufcstats.com/fighter-details/cc81c92fe2254935
Julius Walker,7-1-0,"6' 4""",205 lbs.,"78""",Orthodox,"Jul 16, 1999",:4.33,:55%,:3.53,:43%,:3.50,:36%,:100%,:0.0,http://ufcstats.com/fighter-details/6add18754930182b
Frank Shamrock,23-10-2,"5' 10""",185 lbs.,--,Orthodox,"Dec 08, 1972",:4.75,:53%,:4.66,:57%,:0.35,:50%,:37%,:1.1,http://ufcstats.com/fighter-details/fcaae0385b514f11
Felipe Silva,8-2-0,"6' 0""",155 lbs.,"77""",Orthodox,"May 08, 1984",:5.40,:50%,:1.80,:59%,:1.00,:100%,:71%,:0.0,http://ufcstats.com/fighter-details/1b38a2b897f6209c
Jodie Esquibel,6-6-0,"5' 1""",115 lbs.,"64""",Orthodox,"May 07, 1986",:4.10,:31%,:7.37,:52%,:0.75,:21%,:83%,:0.0,http://ufcstats.com/fighter-details/411539901068522f
Vinicius Salvador,14-7-0,"5' 7""",135 lbs.,"70""",Southpaw,"Jul 24, 1996",:5.48,:43%,:6.50,:48%,:0.36,:11%,:86%,:0.0,http://ufcstats.com/fighter-details/65cdf4ec31143d86
Yves Jabouin,20-11-0,"5' 7""",135 lbs.,"68""",Orthodox,"May 30, 1979",:3.06,:41%,:2.93,:62%,:1.94,:60%,:82%,:0.1,http://ufcstats.com/fighter-details/b4eeac608fc82f88
Gabriel Miglioli,9-9-0,"5' 8""",170 lbs.,--,,--,:0.00,:0%,:0.00,:0%,:0.00,:0%,:0%,:0.0,http://ufcstats.com/fighter-details/a6fa5dd90528e9f7
Losene Keita,16-1-0,"5' 8""",145 lbs.,"72""",Orthodox,"Dec 30, 1997",:0.00,:0%,:0.00,:0%,:0.00,:0%,:0%,:0.0,http://ufcstats.com/fighter-details/5b43d68174b6e2ab
Stephen Palling,11-7-1,"5' 4""",143 lbs.,--,,"Jan 29, 1967",:0.00,:0%,:0.00,:0%,:0.00,:0%,:0%,:0.0,http://ufcstats.com/fighter-details/ab7c212de9f66af0
Bentley Syler,5-1-0,"5' 4""",125 lbs.,--,Orthodox,"Dec 22, 1982",:1.30,:18%,:1.73,:79%,:0.00,:0%,:75%,:0.0,http://ufcstats.com/fighter-details/abd2109bc4cb0291
Julieta Martinez,8-0-0,"5' 1""",115 lbs.,"62""",Orthodox,"Sep 14, 2004",:2.53,:44%,:3.60,:41%,:5.00,:45%,:100%,:0.0,http://ufcstats.com/fighter-details/f77afa72da84c9a8
Sanford Alton Meeks,1-1-0,"6' 5""",265 lbs.,"75""",Orthodox,"Apr 05, 1994",:0.71,:42%,:4.47,:38%,:7.06,:25%,:0%,:0.0,http://ufcstats.com/fighter-details/27c59ac201539d10
Nicolas Dalby,23-6-1 (2 NC),"5' 11""",170 lbs.,"74""",Orthodox,"Nov 16, 1984",:4.05,:43%,:3.69,:52%,:0.98,:27%,:58%,:0.1,http://ufcstats.com/fighter-details/9d19d9e4aa2662e8
Keith Rockel,12-4-1,"6' 0""",185 lbs.,--,Orthodox,"Aug 28, 1965",:1.13,:73%,:0.21,:66%,:4.63,:75%,:100%,:4.6,http://ufcstats.com/fighter-details/c75b99887c8c3f5a
Frank Megallon,2-3-0,"5' 10""",185 lbs.,--,Southpaw,--,:1.14,:21%,:5.32,:54%,:0.00,:0%,:0%,:0.0,http://ufcstats.com/fighter-details/c0a93b52096b7682
Wagner Silva,6-3-0,"6' 0""",170 lbs.,--,Orthodox,"Feb 07, 1987",:1.69,:29%,:2.87,:65%,:0.00,:0%,:58%,:0.0,http://ufcstats.com/fighter-details/fb79582c410d049e
Jamie Mullarkey,18-8-0,"6' 0""",155 lbs.,"74""",Orthodox,"Aug 17, 1994",:4.20,:46%,:4.34,:54%,:2.40,:29%,:78%,:0.1,http://ufcstats.com/fighter-details/af9f42e6894047fc
Namsrai Batbayar,9-1-0,"5' 4""",125 lbs.,"68""",Orthodox,"Dec 29, 2000",:3.50,:39%,:3.58,:45%,:2.15,:25%,:0%,:1.1,http://ufcstats.com/fighter-details/e1f8beeb6d2d871a
Jesse Finney,5-1-0,"6' 0""",170 lbs.,--,,"Jul 11, 1974",:0.00,:0%,:0.00,:0%,:0.00,:0%,:0%,:0.0,http://ufcstats.com/fighter-details/0496cdac0bc9edd8
Nina Nunes,11-7-0,"5' 5""",125 lbs.,"64""",Orthodox,"Dec 03, 1985",:4.39,:45%,:3.47,:55%,:0.24,:33%,:73%,:0.5,http://ufcstats.com/fighter-details/d343df8ba11f4c4e
Cezar Ferreira,13-8-0,"6' 1""",185 lbs.,"78""",Southpaw,"Feb 15, 1985",:1.90,:42%,:2.44,:53%,:2.69,:53%,:84%,:0.5,http://ufcstats.com/fighter-details/dbc17725b887860a
Collin Hart,6-3-1,"6' 1""",185 lbs.,--,Orthodox,"Oct 12, 1989",:6.33,:44%,:7.53,:51%,:2.00,:16%,:50%,:0.0,http://ufcstats.com/fighter-details/16bf6a73bdd302cd
Jared Gordon,21-8-0 (1 NC),"5' 9""",155 lbs.,"68""",Orthodox,"Sep 06, 1988",:5.64,:53%,:4.14,:55%,:1.78,:32%,:60%,:0.0,http://ufcstats.com/fighter-details/7026eca45f65377b
Viscardi Andrade,19-6-0,"5' 11""",170 lbs.,"75""",Orthodox,"Mar 08, 1984",:3.26,:42%,:2.77,:63%,:1.93,:50%,:66%,:0.3,http://ufcstats.com/fighter-details/d221ee27afc7a60e
Lukasz Les,8-3-0,--,170 lbs.,--,,"Nov 05, 1981",:0.00,:0%,:0.00,:0%,:0.00,:0%,:0%,:0.0,http://ufcstats.com/fighter-details/5a8e30ed38a5bc6f
Khomkrit Niimi,6-10-0,"5' 2""",125 lbs.,--,,--,:0.00,:0%,:5.73,:44%,:0.00,:0%,:0%,:0.0,http://ufcstats.com/fighter-details/52a003d768f10d91
Aleksei Oleinik,60-17-1,"6' 2""",240 lbs.,"80""",Orthodox,"Jun 20, 1977",:3.29,:48%,:3.80,:44%,:1.82,:46%,:37%,:1.9,http://ufcstats.com/fighter-details/98c23cb6da5b3352
Travis Browne,18-7-1,"6' 6""",255 lbs.,"79""",Orthodox,"Jul 17, 1982",:2.93,:41%,:4.31,:42%,:1.21,:68%,:75%,:0.2,http://ufcstats.com/fighter-details/3236bf606fe9fa5b
Jared Papazian,20-13-0 (1 NC),"5' 8""",135 lbs.,"67""",Southpaw,"Feb 01, 1988",:3.33,:39%,:3.81,:44%,:0.00,:0%,:50%,:0.0,http://ufcstats.com/fighter-details/edad57b3dddf2168
Billy Vaughan,12-17-0,"5' 6""",155 lbs.,--,,"Dec 02, 1983",:0.00,:0%,:1.36,:50%,:0.00,:0%,:0%,:0.0,http://ufcstats.com/fighter-details/61428ed51f5ff465
Rubens Xavier,5-3-0,"6' 3""",220 lbs.,--,Orthodox,"Sep 08, 1974",:0.77,:42%,:1.82,:21%,:2.10,:40%,:25%,:1.1,http://ufcstats.com/fighter-details/e6dac752a2418a88
Scott Norton,7-1-0,"5' 10""",170 lbs.,--,Orthodox,"Mar 15, 1973",:0.67,:30%,:0.34,:60%,:2.52,:25%,:0%,:0.0,http://ufcstats.com/fighter-details/f21a3d68fb9df387
Kaloyan Kolev,10-1-0,"6' 2""",205 lbs.,"73""",Orthodox,"Oct 17, 1992",:1.12,:45%,:4.49,:42%,:10.11,:60%,:0%,:0.0,http://ufcstats.com/fighter-details/33de378ce1734638
Claudionor Fontinelle,10-15-1,"5' 5""",185 lbs.,--,Orthodox,--,:2.62,:42%,:10.25,:28%,:0.00,:0%,:0%,:0.0,http://ufcstats.com/fighter-details/7a82635ffa9b59fe
Randa Markos,11-12-1,"5' 4""",115 lbs.,"63""",Orthodox,"Aug 10, 1985",:2.97,:43%,:3.10,:58%,:1.12,:28%,:52%,:0.2,http://ufcstats.com/fighter-details/4a57ebb14315b251
Mridul Saikia,8-1-0,"5' 7""",125 lbs.,"68""",Orthodox,"May 09, 1997",:0.91,:28%,:2.74,:36%,:0.00,:0%,:0%,:0.0,http://ufcstats.com/fighter-details/96c76dd695eb3b88
Johnny Rees,13-5-0 (1 NC),"6' 0""",170 lbs.,--,Orthodox,"Oct 21, 1982",:3.29,:64%,:0.84,:47%,:1.15,:25%,:50%,:0.0,http://ufcstats.com/fighter-details/3ba3b5cc94498437
Patrik White,9-2-0,"6' 0""",155 lbs.,"72""",Orthodox,"Jun 11, 1993",:9.77,:49%,:6.28,:60%,:0.00,:0%,:50%,:0.0,http://ufcstats.com/fighter-details/4debc6c4c6249690
Hans Nijman,9-7-0,"6' 0""",250 lbs.,--,Switch,"Oct 23, 1959",:0.00,:0%,:0.00,:0%,:0.00,:0%,:0%,:0.0,http://ufcstats.com/fighter-details/4956f60b7fa57c1a
Gregor Gillespie,14-1-0,"5' 7""",155 lbs.,"71""",Orthodox,"Nov 13, 1986",:3.74,:52%,:2.30,:57%,:6.86,:48%,:100%,:0.8,http://ufcstats.com/fighter-details/84ff027394f7e470
Arnold Allen,20-3-0,"5' 8""",145 lbs.,"70""",Southpaw,"Jan 22, 1994",:3.45,:41%,:2.88,:61%,:0.93,:47%,:75%,:0.3,http://ufcstats.com/fighter-details/040a74bb0a465c54
Sarah Kaufman,18-4-0 (1 NC),"5' 5""",135 lbs.,"66""",Orthodox,"Sep 20, 1985",:6.65,:46%,:4.00,:62%,:0.38,:57%,:81%,:0.0,http://ufcstats.com/fighter-details/36df8e119aec6175
Davi Ramos,10-4-0,"5' 6""",155 lbs.,"70""",Orthodox,"Nov 05, 1986",:2.64,:37%,:3.44,:56%,:1.95,:40%,:83%,:0.6,http://ufcstats.com/fighter-details/0052de90691d4a93
Eric Shelton,12-6-0,"5' 6""",125 lbs.,"68""",Orthodox,"Feb 02, 1991",:2.57,:42%,:1.88,:63%,:2.83,:51%,:46%,:0.2,http://ufcstats.com/fighter-details/a0c64f272b65d441
Valentina Shevchenko,25-4-1,"5' 5""",125 lbs.,"66""",Southpaw,"Mar 07, 1988",:3.14,:52%,:2.06,:63%,:2.62,:60%,:75%,:0.3,http://ufcstats.com/fighter-details/132deb59abae64b1
Harry Moskowitz,6-12-0,"6' 5""",275 lbs.,--,Orthodox,--,:0.00,:0%,:0.00,:0%,:0.00,:0%,:0%,:0.0,http://ufcstats.com/fighter-details/4dc496aa0cfc0d95
Ken Kaneko,0-3-0,"6' 0""",161 lbs.,--,Orthodox,"Oct 19, 1976",:0.00,:0%,:0.94,:42%,:0.00,:0%,:0%,:3.5,http://ufcstats.com/fighter-details/5345f86680378fc1
Slim Trabelsi,5-0-0,"6' 3""",235 lbs.,--,,"May 09, 1993",:0.00,:0%,:0.00,:0%,:0.00,:0%,:0%,:0.0,http://ufcstats.com/fighter-details/ff2ec83f44000f78
Ian McCall,13-5-1,"5' 5""",125 lbs.,"64""",Orthodox,"May 07, 1984",:3.59,:39%,:3.25,:67%,:2.08,:30%,:88%,:0.0,http://ufcstats.com/fighter-details/701e057d63c124d9
Bec Rawlings,7-8-0,"5' 6""",125 lbs.,"64""",Orthodox,"Feb 11, 1989",:4.48,:42%,:5.66,:57%,:0.71,:40%,:68%,:0.4,http://ufcstats.com/fighter-details/907e60fd13407e1e
Mateo Vogel,8-3-0,"5' 8""",145 lbs.,"71""",Orthodox,"Mar 05, 1996",:4.47,:46%,:2.87,:65%,:1.00,:16%,:0%,:0.0,http://ufcstats.com/fighter-details/90b57b19d20e1969
Daniel Roberts,15-7-0,"5' 10""",170 lbs.,"74""",Southpaw,"Aug 05, 1980",:0.73,:20%,:2.27,:46%,:2.46,:44%,:40%,:2.5,http://ufcstats.com/fighter-details/22edaf53ad59a967
Dan Molina,13-9-0,"5' 10""",216 lbs.,--,,"Jun 14, 1984",:0.00,:0%,:5.58,:60%,:0.00,:0%,:0%,:20.9,http://ufcstats.com/fighter-details/606136dee6f6ecea
David Zawada,17-7-0,"6' 0""",170 lbs.,"75""",Orthodox,"Aug 01, 1990",:3.84,:41%,:4.54,:55%,:0.97,:33%,:57%,:1.7,http://ufcstats.com/fighter-details/3bb2dc8e87b10a46
Jacob Volkmann,19-7-0,"5' 9""",155 lbs.,"71""",Southpaw,"Sep 05, 1980",:1.19,:34%,:1.78,:52%,:3.19,:48%,:52%,:2.0,http://ufcstats.com/fighter-details/6f81b6de2557739a
Travis Calanoc,5-1-0,"5' 8""",145 lbs.,--,Orthodox,--,:0.00,:0%,:0.00,:0%,:0.00,:0%,:0%,:0.0,http://ufcstats.com/fighter-details/90d28fee0af74f2d
Roger Carroll,16-14-0,"5' 10""",170 lbs.,--,,--,:7.62,:61%,:10.48,:43%,:0.00,:0%,:100%,:0.0,http://ufcstats.com/fighter-details/572a89dbe1f76761
John Lober,5-9-4,"5' 11""",199 lbs.,--,Orthodox,"Feb 26, 1968",:0.00,:0%,:0.00,:0%,:0.00,:0%,:0%,:0.0,http://ufcstats.com/fighter-details/31652c9267606d54
Kyung Ho Kang,19-11-0 (1 NC),"5' 9""",135 lbs.,"73""",Orthodox,"Sep 09, 1987",:3.13,:47%,:3.32,:54%,:1.97,:50%,:68%,:0.8,http://ufcstats.com/fighter-details/a7897d200692ab64
Edmen Shahbazyan,16-5-0,"6' 2""",185 lbs.,"75""",Orthodox,"Nov 20, 1997",:3.80,:48%,:3.60,:49%,:1.62,:37%,:66%,:0.4,http://ufcstats.com/fighter-details/4144798612ef96e5
Cezary Oleksiejczuk,16-3-0,"6' 3""",185 lbs.,"75""",Southpaw,"Jan 06, 2000",:28.33,:100%,:0.00,:100%,:0.00,:0%,:100%,:0.0,http://ufcstats.com/fighter-details/084532da3d25f3b8
Bibulatov Magomed,14-2-0,"5' 5""",125 lbs.,"65""",Orthodox,"Aug 22, 1988",:3.60,:51%,:1.83,:52%,:2.85,:40%,:75%,:0.0,http://ufcstats.com/fighter-details/87f19d19f4cb73f8
Clay Harvison,13-6-0,"6' 1""",170 lbs.,"74""",Orthodox,"Sep 25, 1980",:3.29,:48%,:3.91,:58%,:0.66,:100%,:68%,:1.3,http://ufcstats.com/fighter-details/83a477a7dba1ca58
Ricardo Prasel,10-2-0,"6' 7""",238 lbs.,"78""",Orthodox,"Jun 02, 1990",:2.21,:57%,:7.83,:37%,:0.00,:0%,:0%,:0.0,http://ufcstats.com/fighter-details/b51d0ed3782a1bf5
JW Wright,1-0-0,--,130 lbs.,--,,"Jan 12, 1976",:0.00,:0%,:0.00,:0%,:0.00,:0%,:0%,:0.0,http://ufcstats.com/fighter-details/2a0b19a96f848eff
Andy Enz,10-4-0,"6' 3""",185 lbs.,"78""",Orthodox,"Aug 15, 1991",:3.51,:23%,:5.32,:57%,:0.00,:0%,:58%,:0.0,http://ufcstats.com/fighter-details/993d385f5a475375
Johnny Rhodes,2-1-0,"6' 0""",210 lbs.,--,Orthodox,--,:0.00,:0%,:0.00,:0%,:0.00,:0%,:0%,:0.0,http://ufcstats.com/fighter-details/319fa1bd3176bded
Gareth Joseph,9-5-0,--,205 lbs.,--,,--,:0.00,:0%,:0.00,:0%,:0.00,:0%,:0%,:0.0,http://ufcstats.com/fighter-details/8ecb9f42da5ef5ac
Aspen Ladd,9-3-0,"5' 6""",135 lbs.,"66""",Orthodox,"Mar 01, 1995",:3.78,:47%,:4.65,:47%,:1.56,:47%,:62%,:0.6,http://ufcstats.com/fighter-details/d4691518d012b9e7
Rinya Nakamura,10-1-0,"5' 7""",135 lbs.,"68""",Southpaw,"Mar 23, 1995",:3.27,:52%,:1.72,:63%,:2.58,:81%,:100%,:1.4,http://ufcstats.com/fighter-details/d8c811df0386d5e8
Guilherme Viana,7-3-0,"6' 4""",205 lbs.,--,,--,:2.92,:40%,:2.72,:59%,:1.20,:66%,:77%,:0.0,http://ufcstats.com/fighter-details/393b8e03fb410a78
Elizeu Zaleski dos Santos,25-10-1,"5' 11""",170 lbs.,"73""",Orthodox,"Dec 11, 1986",:4.16,:41%,:3.56,:55%,:0.79,:20%,:67%,:0.4,http://ufcstats.com/fighter-details/8adcbd525fab8d9b
Renato Sobral,37-11-0,"6' 1""",205 lbs.,"75""",Orthodox,"Sep 07, 1975",:2.23,:45%,:1.53,:57%,:2.48,:42%,:65%,:2.6,http://ufcstats.com/fighter-details/d468288756ae3982
Aleksandra Albu,3-2-0,"5' 2""",115 lbs.,"63""",Orthodox,"Jul 14, 1990",:4.83,:47%,:5.56,:38%,:2.27,:50%,:77%,:0.4,http://ufcstats.com/fighter-details/e76d9f656ceb82ab
Yuji Hisamatsu,16-22-6,"5' 10""",185 lbs.,--,,"Sep 18, 1971",:0.00,:0%,:0.00,:0%,:0.00,:0%,:0%,:0.0,http://ufcstats.com/fighter-details/8332a607df696345
Michelle Montague,7-0-0,"5' 9""",135 lbs.,"68""",Southpaw,"Nov 25, 1993",:2.73,:46%,:3.20,:41%,:5.00,:71%,:0%,:0.0,http://ufcstats.com/fighter-details/ca80d72da81d7224
Wataru Yamauchi,7-2-0,"5' 6""",125 lbs.,"68""",Orthodox,"Jun 22, 1999",:4.01,:52%,:3.57,:62%,:0.00,:0%,:66%,:0.0,http://ufcstats.com/fighter-details/d8bf3df51ff3a270
Rob Broughton,16-7-1,"6' 2""",265 lbs.,"74""",Orthodox,"Mar 03, 1983",:2.83,:60%,:2.54,:51%,:0.00,:0%,:26%,:3.2,http://ufcstats.com/fighter-details/a7d687e6ecb30981
Myktybek Orolbai,14-2-1,"5' 10""",170 lbs.,"74""",Orthodox,"Feb 10, 1998",:3.11,:48%,:3.08,:50%,:5.82,:45%,:40%,:0.7,http://ufcstats.com/fighter-details/bf2c8e01b07d3eb1
TJ Waldburger,16-9-0,"5' 11""",170 lbs.,"75""",Orthodox,"Apr 25, 1988",:2.02,:51%,:2.39,:40%,:3.03,:46%,:40%,:4.8,http://ufcstats.com/fighter-details/8f2939f5fd9cca1e
Rustam Khabilov,24-4-0,"5' 8""",155 lbs.,"73""",Orthodox,"Nov 04, 1986",:1.98,:34%,:2.16,:65%,:3.95,:41%,:61%,:0.1,http://ufcstats.com/fighter-details/9b7694d064a8a0ad
Jason Gilliam,14-9-0,"6' 0""",170 lbs.,--,Orthodox,"Oct 31, 1972",:0.79,:33%,:3.14,:42%,:0.00,:0%,:0%,:0.0,http://ufcstats.com/fighter-details/91720876db0ee468
Onassis Parungao,2-1-0,"5' 11""",200 lbs.,--,,--,:0.00,:0%,:0.00,:0%,:0.00,:0%,:0%,:0.0,http://ufcstats.com/fighter-details/96d173b7f92aa520
Ivan Valenzuela,8-2-0,"6' 2""",185 lbs.,"77""",Orthodox,"Nov 17, 1992",:0.00,:0%,:9.60,:33%,:0.00,:0%,:0%,:0.0,http://ufcstats.com/fighter-details/45b82ebf0b9e0fd2
Mitch Clarke,11-5-0,"5' 10""",155 lbs.,"73""",Orthodox,"Nov 24, 1985",:2.35,:34%,:3.27,:47%,:0.64,:15%,:50%,:0.4,http://ufcstats.com/fighter-details/c76ec2bc3a57666a
Leah Letson,5-3-0,"5' 7""",145 lbs.,"71""",Southpaw,"Aug 21, 1992",:3.06,:41%,:3.84,:52%,:0.51,:50%,:76%,:0.0,http://ufcstats.com/fighter-details/8cb78f3a6c2a08f7
Damacio Page,19-10-0,"5' 6""",135 lbs.,"66""",Orthodox,"Sep 30, 1982",:2.05,:38%,:2.47,:51%,:2.63,:64%,:23%,:0.9,http://ufcstats.com/fighter-details/c96e2ae6021144a1
Dakota Cochrane,29-12-0,"5' 8""",155 lbs.,--,,"May 01, 1986",:2.66,:75%,:2.66,:30%,:4.43,:33%,:0%,:0.0,http://ufcstats.com/fighter-details/8fa7e0bc052185ce
Anthony Drilich,8-2-0,"5' 5""",125 lbs.,"65""",Southpaw,"Mar 17, 1994",:5.80,:31%,:5.07,:40%,:0.00,:0%,:55%,:0.0,http://ufcstats.com/fighter-details/c2c4052f58f54988
Richie Vaculik,10-4-0,"5' 6""",125 lbs.,"69""",Orthodox,"Jun 19, 1983",:3.69,:46%,:4.09,:57%,:3.00,:45%,:31%,:1.0,http://ufcstats.com/fighter-details/54578e5927adea53
Dwight Joseph,5-0-0,"5' 6""",135 lbs.,--,Switch,"Aug 16, 1989",:2.60,:52%,:2.87,:55%,:1.00,:20%,:20%,:1.0,http://ufcstats.com/fighter-details/34ca93f1791a5c50
Bruno Silva,23-13-0,"6' 0""",185 lbs.,"74""",Orthodox,"Jul 13, 1989",:3.86,:48%,:5.35,:41%,:0.77,:22%,:74%,:0.0,http://ufcstats.com/fighter-details/12ebd7d157e91701
Chris Haseman,20-17-0,"5' 11""",205 lbs.,--,Orthodox,"Jun 02, 1969",:0.93,:70%,:4.67,:28%,:0.00,:0%,:40%,:2.0,http://ufcstats.com/fighter-details/5bd533d50c8e7b8a
Olivier Murad,6-0-0,"5' 10""",145 lbs.,"72""",Southpaw,"Dec 21, 1993",:2.60,:36%,:2.20,:61%,:1.00,:100%,:55%,:0.0,http://ufcstats.com/fighter-details/c3dd69333eb8085a
Tommy Cuozzi Jr.,8-1-0,"5' 9""",145 lbs.,"71""",Orthodox,"Aug 31, 1999",:2.43,:17%,:14.22,:34%,:0.00,:0%,:0%,:0.0,http://ufcstats.com/fighter-details/eb49fe2f85ae9526
Joe Pardo,4-6-0,"6' 1""",210 lbs.,--,Southpaw,--,:0.00,:0%,:0.00,:0%,:0.00,:0%,:0%,:0.0,http://ufcstats.com/fighter-details/74fefd43f073cd2f
Damian Pinas,8-1-0,"6' 1""",185 lbs.,"79""",Orthodox,"Mar 12, 2002",:9.62,:50%,:7.36,:45%,:0.00,:0%,:0%,:0.0,http://ufcstats.com/fighter-details/fdd22e895a70e4a8
Jared Chaffee,5-2-0,"5' 10""",155 lbs.,--,,"Dec 15, 1984",:0.00,:0%,:0.00,:0%,:0.00,:0%,:0%,:0.0,http://ufcstats.com/fighter-details/fdf59144e535bc38
Emiliano Sordi,16-7-0,"6' 2""",205 lbs.,--,Orthodox,"Feb 15, 1991",:4.79,:50%,:4.79,:48%,:0.00,:0%,:100%,:8.3,http://ufcstats.com/fighter-details/4c9b84d559822830
Martin Buschkamp,9-0-0 (1 NC),"5' 9""",145 lbs.,--,Orthodox,"Jan 06, 1991",:0.00,:0%,:0.00,:0%,:0.00,:0%,:0%,:0.0,http://ufcstats.com/fighter-details/8fc30d8cebb17116
Kenichi Yamamoto,5-12-2,"6' 0""",170 lbs.,--,Orthodox,"Jul 11, 1976",:0.30,:46%,:1.93,:38%,:0.00,:0%,:10%,:0.3,http://ufcstats.com/fighter-details/9f488f520ed25bbf
Lerryan Douglas,13-5-0,"5' 9""",145 lbs.,"72""",Orthodox,"Apr 27, 1995",:11.67,:87%,:5.00,:66%,:0.00,:0%,:0%,:0.0,http://ufcstats.com/fighter-details/640a0f838f057a81
Nick Gonzalez,17-12-0 (1 NC),"5' 6""",155 lbs.,--,Orthodox,"Mar 03, 1981",:0.59,:20%,:2.35,:33%,:0.00,:0%,:50%,:0.0,http://ufcstats.com/fighter-details/28d8638ea0a71908
Antonio McKee,29-6-2,"5' 8""",155 lbs.,--,Southpaw,"Mar 12, 1970",:1.37,:45%,:0.74,:74%,:1.47,:33%,:57%,:0.0,http://ufcstats.com/fighter-details/3414b50b08a10600
Marius Zaromskis,20-9-0 (1 NC),"5' 9""",170 lbs.,--,Orthodox,"Jul 30, 1980",:5.02,:34%,:5.93,:50%,:0.73,:42%,:73%,:0.0,http://ufcstats.com/fighter-details/abcf7e55a0a9ed89
Brad Scott,11-6-0,"6' 1""",170 lbs.,"76""",Orthodox,"Jun 24, 1989",:3.52,:41%,:4.31,:57%,:0.32,:15%,:63%,:0.7,http://ufcstats.com/fighter-details/34e552520a934063
Abdellah Er-Ramy,7-2-0,"6' 0""",185 lbs.,"74""",Orthodox,"Sep 19, 1996",:0.00,:0%,:8.40,:0%,:0.00,:0%,:0%,:0.0,http://ufcstats.com/fighter-details/b593cd58b0afffb0
Mitch Whitesel,17-27-0 (1 NC),"5' 9""",185 lbs.,--,,"Jul 12, 1981",:0.00,:0%,:0.00,:0%,:0.00,:0%,:0%,:0.0,http://ufcstats.com/fighter-details/b6debbda44d4a5a0
Drew Brokenshire,16-6-0,--,--,--,,--,:0.00,:0%,:0.00,:0%,:0.00,:0%,:0%,:0.0,http://ufcstats.com/fighter-details/aa571d75f80fde7d
John Dixson,15-22-0,"6' 0""",275 lbs.,--,Orthodox,"Oct 15, 1961",:0.00,:0%,:0.00,:0%,:0.00,:0%,:0%,:0.0,http://ufcstats.com/fighter-details/ad4e9055bf8cd04d
Ricardo Abreu,5-1-0,"5' 11""",185 lbs.,--,Orthodox,"Apr 27, 1984",:3.79,:31%,:3.98,:68%,:2.13,:42%,:100%,:0.7,http://ufcstats.com/fighter-details/aa6e591c2a2cdecd
Junior Tafa,6-4-0,"6' 3""",205 lbs.,"75""",Orthodox,"Sep 21, 1996",:3.19,:51%,:2.49,:51%,:0.00,:0%,:69%,:0.0,http://ufcstats.com/fighter-details/c15fa95b9a12fde4
Hashem Arkhagha,6-1-0,"6' 2""",185 lbs.,"75""",Orthodox,"Sep 11, 1989",:1.84,:44%,:8.97,:43%,:0.00,:0%,:50%,:0.0,http://ufcstats.com/fighter-details/9a7ffa80766caa51
Mike Bencic,1-2-0,"6' 0""",215 lbs.,--,Orthodox,"Jul 03, 1966",:0.00,:0%,:3.32,:53%,:0.00,:0%,:0%,:0.0,http://ufcstats.com/fighter-details/a71feb7ea7592a71
Terrence Mitchell,14-4-0,"5' 10""",135 lbs.,"74""",Orthodox,"Dec 30, 1989",:2.21,:34%,:8.85,:41%,:3.69,:50%,:0%,:0.0,http://ufcstats.com/fighter-details/f3ca6908f78efebe
Luke Stewart,6-3-0,"5' 11""",170 lbs.,--,Orthodox,--,:3.75,:56%,:2.34,:53%,:3.75,:33%,:50%,:1.9,http://ufcstats.com/fighter-details/27b1a406ac171b19
Joao Zeferino,21-9-0,"5' 11""",170 lbs.,--,Orthodox,"Jan 15, 1986",:0.83,:36%,:2.60,:48%,:0.50,:5%,:50%,:1.0,http://ufcstats.com/fighter-details/be4076c9e8d791e3
Augusto Montano,15-3-0,"6' 1""",170 lbs.,"73""",Orthodox,"Oct 25, 1984",:3.46,:46%,:2.66,:56%,:0.00,:0%,:66%,:0.0,http://ufcstats.com/fighter-details/94508d80e1f885fc
Eperaim Ginting,6-1-0,"5' 4""",135 lbs.,"64""",Orthodox,"Nov 30, 1995",:0.00,:0%,:0.00,:100%,:15.52,:100%,:0%,:0.0,http://ufcstats.com/fighter-details/bad8ed7d714f1493
Cam Teague,9-2-0,"5' 10""",145 lbs.,"69""",Orthodox,"Feb 13, 1998",:5.70,:28%,:18.44,:32%,:0.00,:0%,:0%,:0.0,http://ufcstats.com/fighter-details/b47c9ea5f2895d6e
Michihiro Omigawa,17-14-1,"5' 6""",145 lbs.,"68""",Orthodox,"Dec 19, 1975",:2.01,:39%,:3.06,:64%,:1.19,:36%,:49%,:1.5,http://ufcstats.com/fighter-details/9f842be1a5337be6
Austin Arnett,16-6-0,"6' 0""",145 lbs.,"72""",Orthodox,"Oct 22, 1991",:4.52,:41%,:6.38,:62%,:0.44,:18%,:57%,:0.2,http://ufcstats.com/fighter-details/bf0e700106d00e55
Sabina Mazo,9-4-0,"5' 7""",125 lbs.,"70""",Orthodox,"Mar 25, 1997",:6.10,:43%,:4.35,:57%,:0.65,:80%,:59%,:0.2,http://ufcstats.com/fighter-details/70d2329a92864fdb
Juan Adams,5-3-0,"6' 5""",265 lbs.,"80""",Orthodox,"Jan 16, 1992",:7.09,:55%,:4.06,:34%,:0.91,:66%,:57%,:0.0,http://ufcstats.com/fighter-details/83b00f7597e5ac83
Eduarda Moura,12-1-0,"5' 6""",125 lbs.,"67""",Orthodox,"Feb 28, 1994",:3.04,:37%,:2.47,:61%,:3.73,:37%,:80%,:0.3,http://ufcstats.com/fighter-details/de594b35c45c2e9a
Joselyne Edwards,16-6-0,"5' 8""",135 lbs.,"70""",Orthodox,"Sep 29, 1995",:4.73,:53%,:3.28,:50%,:1.29,:38%,:61%,:0.5,http://ufcstats.com/fighter-details/f9ab66e67240db7b
Estevan Payan,16-12-0 (1 NC),"5' 10""",145 lbs.,--,Orthodox,"Mar 14, 1982",:4.25,:42%,:3.58,:57%,:0.36,:100%,:60%,:0.4,http://ufcstats.com/fighter-details/d0a5ef38a7778ac2
AJ Fonseca,5-4-0,"5' 4""",145 lbs.,--,,--,:0.00,:0%,:0.00,:0%,:0.00,:0%,:0%,:0.0,http://ufcstats.com/fighter-details/0adf1aacda5e26ac
Young Hwang,8-5-0,"5' 9""",135 lbs.,--,,"Sep 02, 1988",:0.00,:0%,:0.00,:0%,:0.00,:0%,:0%,:0.0,http://ufcstats.com/fighter-details/8588d14c4952b9fa
Kyle Jensen,4-11-2,"5' 9""",170 lbs.,--,Orthodox,"Jul 20, 1979",:0.00,:0%,:0.92,:60%,:6.92,:100%,:0%,:6.9,http://ufcstats.com/fighter-details/aec273fcb765330d
Nam Phan,21-17-0,"5' 6""",135 lbs.,"70""",Orthodox,"Mar 13, 1983",:4.52,:37%,:6.55,:59%,:0.18,:18%,:60%,:0.2,http://ufcstats.com/fighter-details/80dbeb1dd5b53e64
Tim Kennedy,18-6-0,"5' 11""",185 lbs.,"74""",Orthodox,"Sep 01, 1979",:2.78,:47%,:1.84,:62%,:2.58,:35%,:70%,:0.7,http://ufcstats.com/fighter-details/3c660c90d48fc80d
Alex Reyes,13-5-0,"5' 11""",155 lbs.,"73""",Orthodox,"Oct 02, 1986",:4.46,:46%,:6.92,:48%,:1.50,:28%,:0%,:0.0,http://ufcstats.com/fighter-details/dc07493a87dc0a6e
Sean Santella,17-6-1 (1 NC),"5' 5""",125 lbs.,--,,"Oct 25, 1984",:0.00,:0%,:0.00,:0%,:0.00,:0%,:0%,:0.0,http://ufcstats.com/fighter-details/39792c2f42c9f527
Lucasz Sudolski,8-1-0,"6' 4""",205 lbs.,"75""",Orthodox,"Jun 15, 1993",:5.70,:67%,:4.89,:28%,:0.00,:0%,:100%,:0.0,http://ufcstats.com/fighter-details/b160e4f251283d70
Demian Maia,28-11-0,"6' 1""",170 lbs.,"72""",Southpaw,"Nov 06, 1977",:1.80,:43%,:2.07,:63%,:2.49,:24%,:61%,:1.0,http://ufcstats.com/fighter-details/427b5953ac8e3a27
Papy Abedi,10-4-0,"5' 11""",185 lbs.,--,Southpaw,"Jun 30, 1978",:2.80,:55%,:3.15,:48%,:3.47,:57%,:50%,:1.3,http://ufcstats.com/fighter-details/c9f6385af6df66d7
Jonavin Webb,9-2-0 (1 NC),"5' 10""",170 lbs.,--,Orthodox,"Apr 28, 1989",:1.47,:30%,:2.27,:64%,:2.50,:31%,:40%,:1.0,http://ufcstats.com/fighter-details/f40ec51dd4de47c3
Masaaki Satake,1-8-1,"6' 1""",220 lbs.,--,Orthodox,"Aug 17, 1965",:1.40,:35%,:3.76,:41%,:0.00,:0%,:58%,:0.0,http://ufcstats.com/fighter-details/f4a031ac205ac580
Jeremy Umphries,5-2-0,--,160 lbs.,--,,--,:0.00,:0%,:0.00,:0%,:0.00,:0%,:0%,:0.0,http://ufcstats.com/fighter-details/4793a2d90f5ab8ae
Akbarh Arreola,23-11-1,"5' 10""",155 lbs.,"71""",Southpaw,"Jan 14, 1983",:2.32,:45%,:4.01,:56%,:1.07,:100%,:33%,:0.4,http://ufcstats.com/fighter-details/c136b2a8852da5bd
Ilima Macfarlane,6-0-0,"5' 4""",125 lbs.,--,,--,:4.13,:43%,:2.93,:65%,:0.00,:0%,:50%,:1.0,http://ufcstats.com/fighter-details/8cf90e41646491fd
Osamu Tachihikari,0-4-0,"6' 5""",300 lbs.,--,Orthodox,"Sep 12, 1963",:0.00,:0%,:0.00,:0%,:0.00,:0%,:0%,:0.0,http://ufcstats.com/fighter-details/e7bc606d269896aa
John Paul Elias,3-1-0,"6' 4""",205 lbs.,--,,--,:0.00,:0%,:0.00,:0%,:0.00,:0%,:0%,:0.0,http://ufcstats.com/fighter-details/e873203fd50542f6
Brady Hiestand,9-2-0,"5' 8""",135 lbs.,"71""",Orthodox,"Apr 30, 1999",:2.70,:50%,:3.75,:51%,:4.80,:46%,:42%,:1.1,http://ufcstats.com/fighter-details/7af33fc4435017f1
Roy Jones,7-5-0,--,205 lbs.,--,,"Oct 26, 1983",:0.00,:0%,:0.00,:0%,:0.00,:0%,:0%,:0.0,http://ufcstats.com/fighter-details/be8dfcf0442812b1
Jamahal Hill,12-4-0 (1 NC),"6' 4""",205 lbs.,"79""",Southpaw,"May 19, 1991",:6.19,:51%,:4.03,:44%,:0.00,:0%,:73%,:0.0,http://ufcstats.com/fighter-details/5444c5a201d3ee5a
Elias Theodorou,16-3-0,"6' 1""",185 lbs.,"75""",Orthodox,"May 31, 1988",:4.19,:42%,:2.39,:53%,:1.27,:28%,:59%,:0.0,http://ufcstats.com/fighter-details/34f88592c0ab7a54
Joseph Sandoval,7-7-0,"5' 7""",135 lbs.,--,Southpaw,"May 11, 1986",:1.82,:42%,:12.12,:60%,:0.00,:0%,:0%,:0.0,http://ufcstats.com/fighter-details/696002b59f09d73b
Alexander Morgan,11-5-0,"5' 10""",145 lbs.,"71""",Orthodox,"May 14, 1991",:3.71,:44%,:2.78,:47%,:0.00,:0%,:0%,:0.0,http://ufcstats.com/fighter-details/938ea36fe9c269f0
Wallid Ismail,9-3-0,"5' 7""",205 lbs.,--,Orthodox,"Feb 23, 1968",:0.92,:31%,:0.83,:44%,:1.85,:28%,:0%,:0.5,http://ufcstats.com/fighter-details/da6dfd09cca1d705
Al Iaquinta,14-7-1,"5' 10""",155 lbs.,"70""",Orthodox,"Apr 30, 1987",:4.06,:40%,:4.53,:61%,:0.63,:18%,:74%,:0.2,http://ufcstats.com/fighter-details/59279a7c978f7da0
Bobby McAndrews,1-3-0,--,--,--,Orthodox,--,:2.56,:83%,:1.03,:50%,:0.00,:0%,:33%,:7.7,http://ufcstats.com/fighter-details/ef6f45095119d416
Djorden Santos,10-2-0,"6' 0""",185 lbs.,"75""",Orthodox,"Aug 01, 1997",:7.20,:43%,:5.87,:49%,:1.00,:40%,:86%,:0.0,http://ufcstats.com/fighter-details/312f7d7b2b2f7de4
Rodrigo Sezinando,9-2-0,"5' 9""",170 lbs.,"71""",Orthodox,"Dec 11, 1997",:2.25,:27%,:8.76,:42%,:3.37,:25%,:66%,:0.0,http://ufcstats.com/fighter-details/c06d6b18862f9a53
Houston Dorr,1-2-0,"6' 1""",210 lbs.,--,Orthodox,--,:0.00,:0%,:0.00,:0%,:0.00,:0%,:0%,:0.0,http://ufcstats.com/fighter-details/312f47c3d2f83ffa
Yamato Nishikawa,21-3-6,"5' 7""",155 lbs.,--,Orthodox,"Dec 06, 2002",:0.00,:0%,:0.00,:0%,:0.00,:0%,:0%,:0.0,http://ufcstats.com/fighter-details/7beecbe0a08cf002
Chris Condo,0-1-0,"6' 0""",335 lbs.,--,Orthodox,--,:0.00,:0%,:0.00,:0%,:0.00,:0%,:0%,:0.0,http://ufcstats.com/fighter-details/41e77dc504a192c6
Ruslan Magomedov,14-1-0,"6' 3""",242 lbs.,"78""",Orthodox,"Nov 26, 1986",:4.02,:47%,:1.47,:66%,:0.33,:100%,:88%,:0.0,http://ufcstats.com/fighter-details/369e1ce458ef50a6
Pete Rodriguez,5-2-0,"5' 9""",170 lbs.,"71""",Switch,"Nov 13, 1996",:9.28,:43%,:12.83,:42%,:0.00,:0%,:100%,:0.0,http://ufcstats.com/fighter-details/776d4262c4da38bf
Joe Vedepo,18-9-0,"6' 0""",185 lbs.,--,Orthodox,"Jan 01, 1983",:1.43,:42%,:5.71,:38%,:1.07,:20%,:0%,:0.0,http://ufcstats.com/fighter-details/d35c3ed553b71fa2
Tony Gravely,23-9-0,"5' 5""",135 lbs.,"69""",Orthodox,"Sep 28, 1991",:3.82,:48%,:4.47,:44%,:5.40,:41%,:52%,:0.3,http://ufcstats.com/fighter-details/601964f9654f911a
Jeremy Lang,21-2-0,"5' 11""",205 lbs.,--,Southpaw,"May 11, 1975",:1.13,:50%,:1.41,:42%,:4.22,:60%,:0%,:4.2,http://ufcstats.com/fighter-details/09422812370fbdfe
Jason Blackford,3-3-0,--,--,--,,--,:0.00,:0%,:0.00,:0%,:0.00,:0%,:0%,:0.0,http://ufcstats.com/fighter-details/619d807fa54ae8f7
Emilio Chavez,12-9-0,"5' 9""",145 lbs.,--,,--,:2.73,:48%,:1.53,:54%,:3.00,:50%,:0%,:0.0,http://ufcstats.com/fighter-details/84e8920e59ff14a7
Saeed Hosseini,0-1-0,--,--,--,,--,:0.00,:0%,:0.00,:0%,:0.00,:0%,:0%,:0.0,http://ufcstats.com/fighter-details/21f2974fd08085e3
Jason Day,19-12-0,"6' 0""",185 lbs.,"72""",Orthodox,"May 19, 1981",:3.61,:54%,:3.46,:47%,:1.13,:100%,:0%,:0.0,http://ufcstats.com/fighter-details/a6fd2173d5e2d7f0
Alistair Overeem,47-19-0 (1 NC),"6' 4""",265 lbs.,"80""",Orthodox,"May 17, 1980",:3.67,:64%,:2.44,:57%,:1.42,:55%,:73%,:0.8,http://ufcstats.com/fighter-details/b4ad3a06ee4d660c
Karl Willis,0-5-0,--,--,--,,--,:0.00,:0%,:0.00,:0%,:0.00,:0%,:0%,:0.0,http://ufcstats.com/fighter-details/95883dbdab4fcf0f
Paul Georgieff,6-2-0,"6' 2""",170 lbs.,--,Orthodox,"Sep 22, 1982",:2.55,:40%,:2.34,:35%,:0.00,:0%,:0%,:0.0,http://ufcstats.com/fighter-details/2f1700b3a4a09bc7
Eddie Alvarez,29-6-0 (1 NC),"5' 9""",155 lbs.,"69""",Orthodox,"Jan 11, 1984",:4.32,:41%,:4.39,:55%,:2.92,:36%,:92%,:0.5,http://ufcstats.com/fighter-details/33a331684283900f
Chris Inman,1-0-0,--,--,--,,--,:0.00,:0%,:0.00,:0%,:0.00,:0%,:0%,:0.0,http://ufcstats.com/fighter-details/f0a381ba65d2a933
Brandon Girtz,14-7-0,"5' 7""",155 lbs.,--,,"Mar 06, 1985",:2.50,:60%,:1.92,:47%,:5.76,:100%,:100%,:0.0,http://ufcstats.com/fighter-details/81f1810f72df8f25
Brodie Farber,16-7-0,"6' 1""",170 lbs.,--,Orthodox,"Jul 05, 1980",:1.69,:45%,:2.17,:53%,:0.90,:50%,:20%,:0.9,http://ufcstats.com/fighter-details/91d73ee59347ac16
Michal Figlak,8-2-0,"5' 10""",155 lbs.,"70""",Orthodox,"Aug 15, 1996",:4.00,:39%,:4.93,:52%,:0.50,:12%,:57%,:0.0,http://ufcstats.com/fighter-details/b4c57a8c2b773e82
Oleksandr Doskalchuk,10-2-0,"5' 6""",125 lbs.,--,Southpaw,"Mar 13, 1990",:0.00,:0%,:0.00,:0%,:0.00,:0%,:0%,:0.0,http://ufcstats.com/fighter-details/86cb6f5b1ca98dc0
William Macario,9-3-0,"5' 11""",170 lbs.,"75""",Orthodox,"Jul 01, 1991",:4.92,:54%,:3.96,:65%,:1.85,:45%,:78%,:0.0,http://ufcstats.com/fighter-details/ed74afc8b5b47a61
Jason Novelli,11-3-1,"6' 0""",155 lbs.,--,Orthodox,"Jun 08, 1979",:1.73,:24%,:3.55,:66%,:0.70,:33%,:100%,:0.0,http://ufcstats.com/fighter-details/459e4dc69ec669b2
Gerard Gordeau,2-2-0,"6' 5""",216 lbs.,--,Orthodox,"Mar 30, 1959",:0.00,:0%,:0.00,:0%,:0.00,:0%,:0%,:0.0,http://ufcstats.com/fighter-details/279093302a6f44b3
Drakkar Klose,16-3-1,"5' 9""",155 lbs.,"70""",Orthodox,"Mar 09, 1988",:4.25,:55%,:3.65,:49%,:1.49,:26%,:69%,:0.0,http://ufcstats.com/fighter-details/7cbf7c78d3b34218
Lucas Gamaza,8-4-0,--,170 lbs.,--,,--,:7.57,:31%,:6.99,:45%,:0.00,:0%,:0%,:0.0,http://ufcstats.com/fighter-details/289a3b69b85da7cd
Cathal Pendred,17-4-1,"6' 1""",170 lbs.,"75""",Orthodox,"Sep 02, 1987",:2.49,:44%,:3.01,:55%,:2.46,:23%,:83%,:0.4,http://ufcstats.com/fighter-details/99c7610aa74995d3
Yancy Medeiros,15-8-0 (1 NC),"5' 10""",155 lbs.,"75""",Orthodox,"Sep 07, 1987",:4.36,:37%,:5.67,:47%,:0.33,:50%,:73%,:0.7,http://ufcstats.com/fighter-details/813550bc53b15fb0
Lumumba Sayers,6-5-0,"6' 0""",185 lbs.,--,,"Jun 30, 1978",:2.54,:41%,:2.37,:48%,:7.63,:75%,:0%,:2.5,http://ufcstats.com/fighter-details/402ea3b5ee233852
Shawn Teed,5-2-0,"6' 5""",265 lbs.,--,Orthodox,"Feb 13, 1992",:1.40,:42%,:13.31,:21%,:0.00,:0%,:0%,:0.0,http://ufcstats.com/fighter-details/5bb70ebd65075c5c
Rafael Tobias,14-1-0,"6' 2""",205 lbs.,"74""",Orthodox,"Mar 20, 2003",:3.45,:30%,:3.98,:40%,:3.98,:100%,:0%,:4.0,http://ufcstats.com/fighter-details/d6a8edb7410223a0
Dricus Du Plessis,23-3-0,"6' 1""",185 lbs.,"76""",Switch,"Jan 14, 1994",:5.18,:48%,:4.33,:52%,:2.22,:51%,:34%,:0.7,http://ufcstats.com/fighter-details/0d7b51c9d2649a6e
Daichi Abe,6-2-0,"5' 11""",170 lbs.,"71""",Orthodox,"Nov 27, 1991",:3.80,:33%,:4.49,:56%,:0.33,:50%,:0%,:0.0,http://ufcstats.com/fighter-details/5140122c3eecd307
Alexandre Pantoja,30-5-0,"5' 5""",125 lbs.,"67""",Orthodox,"Apr 16, 1990",:4.36,:50%,:3.88,:49%,:2.80,:47%,:69%,:1.0,http://ufcstats.com/fighter-details/a0f0004aadf10b71
Sokun Koh,4-1-0,"6' 1""",205 lbs.,--,,--,:0.00,:0%,:0.00,:0%,:0.00,:0%,:0%,:0.0,http://ufcstats.com/fighter-details/6d8ef8706781c49e
Brett Tillis,0-0-0,--,145 lbs.,--,,--,:0.00,:0%,:0.00,:0%,:0.00,:0%,:0%,:0.0,http://ufcstats.com/fighter-details/7b461ccae8270207
Christophe Leninger,3-4-0,"6' 0""",200 lbs.,--,Southpaw,--,:0.00,:0%,:0.00,:0%,:0.00,:0%,:0%,:0.0,http://ufcstats.com/fighter-details/7269329bd87eb479
Oumar Sy,12-1-0,"6' 4""",205 lbs.,"83""",Orthodox,"Nov 21, 1995",:3.67,:48%,:1.72,:70%,:2.73,:36%,:100%,:0.4,http://ufcstats.com/fighter-details/46e2011d92463b7e
Cesar Almeida,7-1-0,"6' 1""",185 lbs.,"74""",Orthodox,"Mar 28, 1988",:4.16,:58%,:2.32,:48%,:0.00,:0%,:60%,:0.3,http://ufcstats.com/fighter-details/64d47ef881a437a4
Azamat Bekoev,20-3-0,"6' 0""",185 lbs.,"72""",Orthodox,"Dec 30, 1995",:7.59,:61%,:4.48,:46%,:2.59,:33%,:100%,:0.0,http://ufcstats.com/fighter-details/3bc3f60b21cddc6a
Nandor Guelmino,11-5-1,"6' 3""",230 lbs.,--,,"Dec 20, 1975",:3.62,:56%,:3.16,:33%,:0.00,:0%,:42%,:0.0,http://ufcstats.com/fighter-details/1abfb658cd4f8533
Isaiah Hill,5-7-1 (1 NC),"5' 10""",155 lbs.,--,,--,:4.84,:50%,:0.97,:80%,:0.00,:0%,:66%,:14.5,http://ufcstats.com/fighter-details/86b30a86664cb6e4
Keiichiro Yamamiya,45-35-10,"5' 11""",185 lbs.,--,Southpaw,"Jul 12, 1972",:0.00,:0%,:0.00,:0%,:0.00,:0%,:0%,:0.0,http://ufcstats.com/fighter-details/6014d25e73b669c9
Michael Bisping,30-9-0,"6' 1""",185 lbs.,"75""",Orthodox,"Feb 28, 1979",:4.33,:38%,:2.71,:65%,:1.05,:43%,:63%,:0.3,http://ufcstats.com/fighter-details/2b93ebd9f5417ad2
Gegard Mousasi,42-6-2,"6' 2""",185 lbs.,"76""",Orthodox,"Aug 01, 1985",:3.75,:50%,:1.21,:68%,:1.59,:60%,:59%,:1.1,http://ufcstats.com/fighter-details/232c582f29f8f65e
Leo Sylvest,10-16-0,"5' 11""",205 lbs.,--,Orthodox,"Sep 03, 1973",:0.00,:0%,:6.58,:27%,:0.00,:0%,:0%,:0.0,http://ufcstats.com/fighter-details/58a36b4ccf5dc30e
AJ Fletcher,10-3-0,"5' 10""",170 lbs.,"67""",Switch,"Feb 18, 1997",:3.36,:49%,:4.61,:46%,:1.54,:35%,:33%,:0.9,http://ufcstats.com/fighter-details/725b1abc9a39d873
Baergeng Jieleyisi,18-7-0,"5' 9""",145 lbs.,"71""",Orthodox,"Nov 24, 1995",:1.61,:35%,:2.62,:52%,:1.73,:38%,:78%,:0.2,http://ufcstats.com/fighter-details/8677e67a75d65b8e
Todd Brown,16-4-0 (1 NC),"5' 11""",205 lbs.,--,Orthodox,"Dec 13, 1976",:2.15,:45%,:3.85,:48%,:0.00,:0%,:50%,:0.0,http://ufcstats.com/fighter-details/9b68bf67c5695185
Del Hawkins,22-17-0,"5' 5""",135 lbs.,--,Orthodox,--,:1.15,:27%,:2.01,:46%,:0.00,:0%,:0%,:0.0,http://ufcstats.com/fighter-details/885e7f70dcac0007
Hiromitsu Miura,12-7-0,"5' 9""",170 lbs.,"71""",Orthodox,"Sep 22, 1981",:2.12,:34%,:2.12,:58%,:2.23,:50%,:69%,:0.6,http://ufcstats.com/fighter-details/509697e08673d2e5
John Clarke,1-1-0,--,170 lbs.,--,,"Aug 15, 1977",:0.00,:0%,:0.00,:0%,:0.00,:0%,:0%,:0.0,http://ufcstats.com/fighter-details/a77c71a574132188
Oban Elliott,12-3-0,"6' 0""",170 lbs.,"72""",Orthodox,"Dec 19, 1997",:3.50,:48%,:2.24,:60%,:1.70,:44%,:55%,:0.0,http://ufcstats.com/fighter-details/6b56e94a59b7b134
Hailey Cowan,7-4-0,"5' 8""",135 lbs.,"67""",Southpaw,"Feb 12, 1992",:2.50,:42%,:2.79,:33%,:1.63,:36%,:80%,:0.0,http://ufcstats.com/fighter-details/3c26c420584d912d
Ian Freeman,20-7-1,"5' 11""",225 lbs.,--,Orthodox,"Nov 10, 1966",:2.54,:48%,:3.11,:44%,:1.44,:40%,:80%,:0.7,http://ufcstats.com/fighter-details/b4bc2e3353a770b5
Matt Lindland,22-9-0,"6' 0""",185 lbs.,"74""",Southpaw,"May 17, 1970",:2.62,:50%,:1.56,:52%,:3.01,:48%,:60%,:1.3,http://ufcstats.com/fighter-details/0e041d43a47d2e4b
Josiane Nunes,10-4-0,"5' 2""",135 lbs.,"67""",Southpaw,"Dec 23, 1993",:5.65,:43%,:5.76,:51%,:0.00,:0%,:58%,:0.0,http://ufcstats.com/fighter-details/68d35296f566792b
Artur Oumakhanov,9-6-0,"5' 7""",154 lbs.,--,Orthodox,"Feb 27, 1979",:1.20,:33%,:1.67,:82%,:3.00,:75%,:33%,:0.0,http://ufcstats.com/fighter-details/1ef0eae31904e534
Keenan Raymond,3-3-0,--,165 lbs.,--,,--,:0.00,:0%,:0.00,:0%,:0.00,:0%,:0%,:0.0,http://ufcstats.com/fighter-details/bdd16cd6b29cb499
Patrick Kaase,1-2-0,"5' 9""",185 lbs.,--,,--,:4.40,:67%,:0.53,:50%,:0.00,:0%,:50%,:0.0,http://ufcstats.com/fighter-details/b180f05acb24d430
Nyamjargal Tumendemberel,9-1-0,"5' 7""",125 lbs.,"71""",Orthodox,"Mar 22, 1998",:3.18,:39%,:3.33,:52%,:3.10,:38%,:54%,:2.6,http://ufcstats.com/fighter-details/17cb6d8e8187f304
Guto Inocente,7-4-0,"6' 3""",205 lbs.,--,Orthodox,"May 29, 1986",:4.13,:66%,:2.92,:54%,:0.67,:33%,:66%,:0.7,http://ufcstats.com/fighter-details/e7fe5315b1efeb92
Collin Huckbody,8-2-0,"6' 3""",185 lbs.,"76""",Orthodox,"Sep 29, 1994",:2.05,:60%,:2.73,:42%,:10.23,:100%,:0%,:20.4,http://ufcstats.com/fighter-details/f372a848d250e006
Ricky Calatayud,16-2-0,"5' 9""",125 lbs.,--,,"Oct 10, 1982",:0.00,:0%,:0.00,:0%,:0.00,:0%,:0%,:0.0,http://ufcstats.com/fighter-details/800feaa25700a85f
Tony Halme,0-4-0,"6' 3""",300 lbs.,--,Orthodox,"Jan 06, 1963",:0.00,:0%,:0.00,:0%,:0.00,:0%,:0%,:0.0,http://ufcstats.com/fighter-details/bad28b7b34f334de
Sean McCorkle,17-7-0,"6' 7""",265 lbs.,"81""",Orthodox,"Jul 17, 1976",:0.85,:44%,:2.48,:52%,:2.12,:40%,:33%,:4.2,http://ufcstats.com/fighter-details/008dc37cca279def
Jose Ochoa,8-2-0 (1 NC),"5' 7""",125 lbs.,"67""",Southpaw,"Dec 31, 2000",:3.01,:37%,:2.33,:60%,:0.43,:50%,:59%,:1.3,http://ufcstats.com/fighter-details/88be62d6c1e6dadb
Steven Peterson,19-11-0,"5' 10""",145 lbs.,"70""",Orthodox,"May 29, 1990",:4.76,:40%,:5.94,:53%,:1.42,:26%,:64%,:0.7,http://ufcstats.com/fighter-details/b93c06d09d1c4ac0
Nazim Sadykhov,11-1-1,"5' 10""",155 lbs.,"69""",Southpaw,"May 16, 1994",:5.55,:50%,:5.89,:50%,:1.29,:55%,:75%,:0.3,http://ufcstats.com/fighter-details/ff62013d2fce6d13
Dennis Dombrow,7-5-0 (1 NC),--,145 lbs.,--,,"Mar 17, 1986",:0.00,:0%,:0.00,:0%,:0.00,:0%,:0%,:0.0,http://ufcstats.com/fighter-details/4145caa2c999fbac
Benoit Saint Denis,15-3-0 (1 NC),"5' 11""",155 lbs.,"73""",Southpaw,"Dec 18, 1995",:5.05,:55%,:4.19,:42%,:4.35,:37%,:70%,:1.6,http://ufcstats.com/fighter-details/c2299ec916bc7c56
Joaquim Silva,14-6-0,"5' 8""",155 lbs.,"69""",Southpaw,"Feb 05, 1989",:3.43,:43%,:4.17,:53%,:0.34,:50%,:70%,:0.8,http://ufcstats.com/fighter-details/ae7fe94f117f98cf
Darko Stosic,13-4-0,"6' 0""",205 lbs.,"76""",Orthodox,"Feb 09, 1992",:2.61,:45%,:4.04,:58%,:3.42,:50%,:83%,:0.0,http://ufcstats.com/fighter-details/025f0b1b58fbad01
Bubba Jenkins,11-4-0,"5' 7""",145 lbs.,--,,"Feb 05, 1988",:2.41,:37%,:1.58,:67%,:7.23,:68%,:100%,:0.0,http://ufcstats.com/fighter-details/5e841bb3752b6e86
Renato Verissimo,7-5-0 (1 NC),"6' 1""",170 lbs.,--,Orthodox,"Aug 03, 1973",:0.92,:48%,:1.87,:47%,:1.46,:30%,:50%,:2.5,http://ufcstats.com/fighter-details/c24b1db4b809d41b
Tucker Lutz,12-4-0,"5' 8""",145 lbs.,"72""",Orthodox,"Jul 12, 1994",:3.74,:46%,:3.25,:44%,:1.99,:44%,:69%,:0.2,http://ufcstats.com/fighter-details/7832f2f62f04178f
Kennedy Freeman,6-0-0,--,125 lbs.,--,,"Nov 26, 1996",:0.00,:0%,:0.00,:0%,:0.00,:0%,:0%,:0.0,http://ufcstats.com/fighter-details/63d071997c75e3fd
George Sullivan,17-7-0 (1 NC),"6' 0""",170 lbs.,"73""",Orthodox,"Mar 13, 1981",:3.53,:39%,:2.42,:57%,:1.37,:20%,:38%,:0.7,http://ufcstats.com/fighter-details/6c7e25571490aa3b
Jean Silva,19-12-3 (1 NC),"5' 6""",160 lbs.,--,Orthodox,"Oct 08, 1977",:0.73,:22%,:2.93,:52%,:0.00,:0%,:0%,:0.0,http://ufcstats.com/fighter-details/9211aae062b799d6
Dave Zitanick,5-7-0 (1 NC),--,170 lbs.,--,,"Mar 05, 1980",:0.00,:0%,:0.00,:0%,:0.00,:0%,:0%,:0.0,http://ufcstats.com/fighter-details/be124bdd60fab7d5
Hitomi Akano,18-10-0,"5' 4""",135 lbs.,--,Southpaw,"Jul 27, 1974",:0.59,:45%,:2.58,:55%,:0.00,:0%,:8%,:0.5,http://ufcstats.com/fighter-details/2eada40ac8801559
JC Cottrell,17-5-0,"5' 9""",155 lbs.,--,Orthodox,"Nov 04, 1989",:0.79,:25%,:2.75,:45%,:0.79,:100%,:50%,:0.0,http://ufcstats.com/fighter-details/3ec1e4ba98c9c85a
Ryuta Sakurai,24-24-6,"5' 7""",183 lbs.,--,Orthodox,"Sep 18, 1971",:1.80,:48%,:3.44,:58%,:0.52,:100%,:36%,:1.6,http://ufcstats.com/fighter-details/ff9578cdbfabd323
Joe Solecki,13-6-0,"5' 9""",155 lbs.,"70""",Orthodox,"Aug 27, 1993",:1.97,:53%,:1.85,:50%,:2.06,:48%,:14%,:1.4,http://ufcstats.com/fighter-details/af65aa688d13eedf
Augusto Mendes,6-2-0,"5' 6""",135 lbs.,"65""",Orthodox,"Mar 03, 1983",:2.42,:34%,:3.91,:56%,:1.75,:33%,:80%,:0.0,http://ufcstats.com/fighter-details/3d5b1ce6097dbb49
Francis Carmont,25-12-0,"6' 3""",205 lbs.,"78""",Orthodox,"Oct 11, 1981",:2.22,:42%,:1.64,:59%,:1.79,:36%,:73%,:0.6,http://ufcstats.com/fighter-details/3591d0d5d382a381
Lucas Rocha,17-2-0,"5' 3""",125 lbs.,"64""",Orthodox,"Aug 12, 2000",:2.00,:44%,:4.48,:39%,:0.00,:0%,:61%,:0.0,http://ufcstats.com/fighter-details/e0d3d9b564f95635
Khama Worthy,16-9-0,"5' 11""",155 lbs.,"74""",Orthodox,"Oct 15, 1986",:4.18,:48%,:4.45,:46%,:0.00,:0%,:57%,:0.7,http://ufcstats.com/fighter-details/78e501478a36a018
Bret Bergmark,6-1-1,"5' 9""",170 lbs.,--,,"Nov 24, 1973",:2.78,:52%,:2.78,:37%,:4.17,:100%,:50%,:4.2,http://ufcstats.com/fighter-details/2891c9f7b26b26fc
Jeff Molina,11-2-0,"5' 6""",125 lbs.,"69""",Orthodox,"Jul 17, 1997",:7.25,:48%,:5.04,:55%,:0.00,:0%,:66%,:0.0,http://ufcstats.com/fighter-details/008ea710276c9606
Flavio Luiz Moura,19-7-0,"5' 11""",183 lbs.,--,Open Stance,"Jan 26, 1976",:0.67,:16%,:0.00,:0%,:0.00,:0%,:0%,:0.0,http://ufcstats.com/fighter-details/ab35634d1a8c7a11
Rose Namajunas,15-7-0,"5' 5""",125 lbs.,"65""",Orthodox,"Jun 29, 1992",:3.60,:41%,:3.38,:63%,:1.49,:50%,:62%,:0.4,http://ufcstats.com/fighter-details/47b63240018d5d86
Chris Gruetzemacher,15-5-0,"5' 8""",155 lbs.,"68""",Orthodox,"Jun 16, 1986",:6.18,:57%,:4.96,:52%,:0.21,:50%,:65%,:0.0,http://ufcstats.com/fighter-details/feaf00f3373435d6
Chris Wright,8-5-1,--,--,--,,--,:0.00,:0%,:0.00,:0%,:0.00,:0%,:0%,:0.0,http://ufcstats.com/fighter-details/7182146226dabe22
Martin Sano,4-3-1,"5' 11""",170 lbs.,"75""",Orthodox,"May 30, 1991",:4.00,:33%,:12.00,:40%,:0.00,:0%,:0%,:0.0,http://ufcstats.com/fighter-details/16a64f93f6678b7b
Allan Begosso,7-2-1,"5' 5""",135 lbs.,"66""",Orthodox,"Nov 23, 1995",:1.80,:40%,:7.73,:34%,:0.00,:0%,:25%,:2.0,http://ufcstats.com/fighter-details/d6ed764f8b78d32a
Remo Cardarelli,7-5-0,--,135 lbs.,--,,--,:2.27,:47%,:1.47,:59%,:0.00,:0%,:100%,:0.0,http://ufcstats.com/fighter-details/e5512a6aed150d8f
Felipe Franco,8-1-0,"6' 1""",205 lbs.,"76""",Orthodox,"Jan 22, 2001",:2.23,:71%,:2.84,:35%,:6.08,:40%,:100%,:0.0,http://ufcstats.com/fighter-details/e564146b9cf6dbef
Jermaine Andre,14-4-0,"5' 7""",200 lbs.,--,Orthodox,"Jul 16, 1973",:0.00,:0%,:0.00,:0%,:0.00,:0%,:0%,:0.0,http://ufcstats.com/fighter-details/9bad58fa651d6196
Bruno Santos,15-2-0,"5' 9""",185 lbs.,--,Orthodox,"Jul 17, 1987",:1.18,:46%,:2.27,:56%,:3.00,:37%,:66%,:0.3,http://ufcstats.com/fighter-details/da1d8d76404bb6b5
Dinis Paiva Jr.,13-8-0,"5' 9""",145 lbs.,"71""",Southpaw,"May 26, 1988",:2.60,:41%,:2.73,:67%,:0.00,:0%,:81%,:0.0,http://ufcstats.com/fighter-details/ad3a5e465c76e499
Todd Moore,16-7-0,"5' 9""",170 lbs.,"71""",Southpaw,"Dec 30, 1983",:1.83,:26%,:2.30,:57%,:0.78,:14%,:54%,:0.0,http://ufcstats.com/fighter-details/e31502e3f79d00c5
Tyson Griffin,16-8-0,"5' 6""",145 lbs.,"68""",Orthodox,"Apr 20, 1984",:3.71,:41%,:2.30,:65%,:1.87,:46%,:59%,:0.9,http://ufcstats.com/fighter-details/20205040232ed0f3
Chris Fishgold,18-4-1,"5' 8""",145 lbs.,"68""",Orthodox,"Jun 06, 1992",:2.01,:32%,:2.70,:46%,:2.59,:46%,:44%,:1.3,http://ufcstats.com/fighter-details/bebb4ae55ac2bf6f
Alex Dunworth,2-2-0 (1 NC),"5' 8""",155 lbs.,--,,--,:1.94,:31%,:8.71,:35%,:0.00,:0%,:50%,:0.0,http://ufcstats.com/fighter-details/31732a614e7a3d1d
Urijah Faber,35-11-0,"5' 6""",135 lbs.,"67""",Orthodox,"May 14, 1979",:2.65,:40%,:2.59,:64%,:1.54,:30%,:58%,:0.8,http://ufcstats.com/fighter-details/78114b7199cef90c
Eduardo Garagorri,13-2-0,"5' 9""",145 lbs.,"70""",Orthodox,"May 28, 1989",:3.42,:51%,:2.36,:58%,:0.48,:100%,:61%,:0.0,http://ufcstats.com/fighter-details/7bde387d50829adf
Kyle Watson,13-8-1,"6' 0""",155 lbs.,--,Southpaw,"Aug 09, 1979",:3.67,:35%,:3.25,:62%,:0.00,:0%,:100%,:0.0,http://ufcstats.com/fighter-details/d7b2c0b53883ee80
Che Mills,16-10-0 (3 NC),"6' 1""",170 lbs.,"76""",Orthodox,"Sep 29, 1982",:2.08,:52%,:2.87,:43%,:1.18,:66%,:58%,:0.0,http://ufcstats.com/fighter-details/6cadfd8f1d9e7685
Chel Erwin-Davis,5-1-0,"6' 0""",170 lbs.,--,,--,:4.06,:54%,:1.13,:61%,:4.25,:100%,:50%,:1.4,http://ufcstats.com/fighter-details/c26ea30823f37316
Danny Roberts,18-8-0,"6' 1""",170 lbs.,"74""",Southpaw,"Jul 14, 1987",:3.18,:39%,:3.73,:50%,:0.24,:9%,:57%,:0.2,http://ufcstats.com/fighter-details/a6cba6bb66c1a8c9
Anvarbek Daniyalbekov,8-0-0,--,185 lbs.,--,,"May 27, 1995",:0.00,:0%,:0.00,:0%,:0.00,:0%,:0%,:0.0,http://ufcstats.com/fighter-details/859e0dafd04fe1ca
Hatsu Hioki,29-10-2,"5' 11""",145 lbs.,"73""",Orthodox,"Jul 18, 1983",:2.42,:42%,:2.12,:65%,:2.55,:56%,:54%,:0.6,http://ufcstats.com/fighter-details/ef7fa30364cbe7f2
Shana Dobson,4-5-0,"5' 6""",125 lbs.,"69""",Orthodox,"Mar 30, 1989",:3.34,:37%,:5.20,:50%,:0.84,:50%,:14%,:0.0,http://ufcstats.com/fighter-details/122ac9b816d8b71c
Manvel Gamburyan,15-10-0 (1 NC),"5' 5""",135 lbs.,"67""",Orthodox,"May 08, 1981",:2.13,:41%,:2.83,:55%,:3.26,:34%,:69%,:0.7,http://ufcstats.com/fighter-details/cc6f9d1e89f3449a
Aliev Makhmud,0-1-0,"5' 6""",195 lbs.,--,Southpaw,"Feb 13, 1970",:1.12,:30%,:2.24,:36%,:2.10,:50%,:0%,:0.0,http://ufcstats.com/fighter-details/3d481aa374c954a1
Kazunari Murakami,5-5-0,"6' 1""",220 lbs.,--,Orthodox,"Nov 29, 1973",:0.00,:0%,:0.00,:0%,:0.00,:0%,:0%,:0.0,http://ufcstats.com/fighter-details/cfbccfed4e4796fe
Gesias Cavalcante,21-10-1 (2 NC),"5' 8""",155 lbs.,"71""",Orthodox,"Jul 06, 1983",:1.98,:35%,:3.11,:51%,:1.25,:36%,:66%,:1.1,http://ufcstats.com/fighter-details/2a74bbba57058f12
Tony Petarra,2-3-1,"5' 11""",196 lbs.,--,Orthodox,"Nov 08, 1966",:0.00,:0%,:0.00,:0%,:0.00,:0%,:0%,:0.0,http://ufcstats.com/fighter-details/c61f66d8c3fd5f07
Mark Scanlon,9-2-0,"5' 9""",170 lbs.,--,Orthodox,--,:2.20,:35%,:3.33,:48%,:3.00,:75%,:25%,:2.0,http://ufcstats.com/fighter-details/771b60ff889661c8
Tuco Tokkos,11-5-0,"6' 4""",205 lbs.,"76""",Orthodox,"Jun 30, 1990",:2.12,:40%,:4.27,:46%,:4.21,:47%,:33%,:0.5,http://ufcstats.com/fighter-details/3e8118c1ab52f211
Patrick Murphy,5-3-0,"6' 0""",170 lbs.,--,,--,:3.40,:66%,:0.80,:42%,:0.00,:0%,:50%,:1.0,http://ufcstats.com/fighter-details/eca7e064746c161a
Ronda Rousey,12-2-0,"5' 7""",135 lbs.,"66""",Orthodox,"Feb 01, 1987",:4.17,:52%,:4.14,:44%,:6.26,:68%,:50%,:4.8,http://ufcstats.com/fighter-details/8bdac25ce0bb874d
John Marsh,8-7-0,"6' 0""",265 lbs.,--,Orthodox,"Sep 15, 1970",:0.83,:42%,:2.23,:40%,:0.43,:100%,:54%,:0.4,http://ufcstats.com/fighter-details/b6b12014698cc345
Anthony Perosh,15-10-0,"6' 3""",205 lbs.,"75""",Orthodox,"Oct 05, 1972",:2.27,:43%,:3.77,:53%,:2.03,:22%,:33%,:1.1,http://ufcstats.com/fighter-details/4b4753d19489297f
Andre Santos,38-10-0,"6' 0""",170 lbs.,--,,--,:2.77,:34%,:4.17,:41%,:2.50,:29%,:75%,:0.0,http://ufcstats.com/fighter-details/5b5b78116d1fc3eb
Ron Fields,28-32-1,"6' 2""",200 lbs.,--,Orthodox,"Nov 18, 1974",:0.33,:33%,:2.64,:11%,:0.00,:0%,:0%,:0.0,http://ufcstats.com/fighter-details/6e380a4d73ab4f0e
Karine Silva,19-5-0,"5' 5""",125 lbs.,"67""",Orthodox,"Dec 02, 1993",:2.73,:38%,:2.89,:51%,:2.37,:47%,:11%,:1.9,http://ufcstats.com/fighter-details/9d62c2d8ee151f08
Ateba Gautier,9-1-0,"6' 4""",185 lbs.,"81""",Switch,"Apr 10, 2002",:6.57,:60%,:1.95,:53%,:0.98,:100%,:92%,:0.0,http://ufcstats.com/fighter-details/2f815ed5f8278ba6
Jessica Aguilar,20-8-0,"5' 3""",115 lbs.,"63""",Orthodox,"May 08, 1982",:4.93,:50%,:7.19,:53%,:0.94,:25%,:50%,:0.2,http://ufcstats.com/fighter-details/8f382b3baa954d2a
Juan Espino,11-2-0,"6' 3""",255 lbs.,"80""",Orthodox,"Oct 09, 1980",:2.38,:70%,:1.95,:40%,:8.93,:78%,:50%,:2.4,http://ufcstats.com/fighter-details/ccf5dc41417e9daf
Marcus Bossett,1-3-0,"6' 1""",215 lbs.,--,Orthodox,--,:0.00,:0%,:0.00,:0%,:0.00,:0%,:0%,:0.0,http://ufcstats.com/fighter-details/e8fb8e53bc2e29d6
Tatsuya Iwasaki,0-1-0,"5' 9""",205 lbs.,--,Orthodox,"Jun 20, 1969",:0.79,:100%,:8.68,:38%,:0.00,:0%,:0%,:0.0,http://ufcstats.com/fighter-details/243b07fc65ccbb16
Anton Kuivanen,24-10-0,"5' 8""",155 lbs.,"72""",Orthodox,"May 01, 1984",:2.27,:38%,:1.63,:67%,:1.20,:100%,:71%,:0.4,http://ufcstats.com/fighter-details/706f8e2b34e8e18b
Tony Juarez,1-12-0,--,155 lbs.,--,,--,:0.89,:25%,:10.34,:38%,:4.43,:100%,:66%,:0.0,http://ufcstats.com/fighter-details/97f3692d5444a80a
Lowell Anderson,0-1-0,"5' 6""",160 lbs.,--,Orthodox,--,:0.00,:0%,:0.00,:0%,:0.00,:0%,:0%,:0.0,http://ufcstats.com/fighter-details/1ffc38f67785797b
Cody Donovan,8-5-0,"6' 3""",205 lbs.,"74""",Orthodox,"Feb 20, 1981",:5.61,:59%,:5.44,:45%,:1.67,:28%,:0%,:1.7,http://ufcstats.com/fighter-details/7bc96507e4b38d3b
Blas Avena,8-7-0 (1 NC),"6' 0""",170 lbs.,"74""",Orthodox,"Jun 30, 1983",:2.34,:47%,:3.36,:43%,:2.37,:80%,:50%,:1.8,http://ufcstats.com/fighter-details/8753e125f4499816
Billy Quarantillo,18-7-0,"5' 10""",145 lbs.,"70""",Orthodox,"Dec 08, 1988",:7.44,:54%,:5.83,:42%,:1.47,:24%,:61%,:1.0,http://ufcstats.com/fighter-details/aa171d55d4b5208f
Greg Rebello,24-8-0,"6' 0""",240 lbs.,"73""",Southpaw,"Jun 13, 1982",:2.61,:39%,:2.92,:58%,:0.00,:0%,:0%,:0.0,http://ufcstats.com/fighter-details/49d78120e0a4f607
Felicia Spencer,9-3-0,"5' 6""",145 lbs.,"68""",Orthodox,"Nov 29, 1990",:3.21,:48%,:4.54,:45%,:1.18,:18%,:27%,:0.2,http://ufcstats.com/fighter-details/39d91e95949de3d9
Coty Wheeler,14-5-0,"5' 6""",135 lbs.,"67""",Orthodox,"Oct 11, 1978",:1.88,:22%,:3.16,:59%,:0.87,:37%,:33%,:2.6,http://ufcstats.com/fighter-details/e57f0b06ea39e360
Chris Honeycutt,9-1-0 (1 NC),"5' 10""",170 lbs.,"73""",,"Jul 25, 1988",:2.99,:44%,:1.41,:66%,:3.40,:45%,:75%,:0.0,http://ufcstats.com/fighter-details/4d2e3320d815f687
Moti Horenstein,1-6-0,"6' 4""",230 lbs.,--,Orthodox,"Mar 23, 1964",:0.00,:0%,:0.00,:0%,:0.00,:0%,:0%,:0.0,http://ufcstats.com/fighter-details/baf942f4bcb09894
Christien Savoie,10-2-1,"5' 11""",170 lbs.,"72""",Orthodox,"Aug 29, 1992",:1.39,:45%,:6.95,:23%,:0.00,:0%,:12%,:0.0,http://ufcstats.com/fighter-details/67f0d1b1b0b39bec
Anatoly Tokov,25-2-0,"5' 10""",185 lbs.,--,,"Feb 17, 1990",:3.51,:72%,:0.54,:66%,:2.03,:100%,:100%,:0.0,http://ufcstats.com/fighter-details/679ae8c4fd022c6b
Alberto Uda,12-2-0,"6' 3""",185 lbs.,--,Orthodox,"Aug 08, 1984",:1.79,:52%,:3.49,:45%,:2.83,:50%,:66%,:0.0,http://ufcstats.com/fighter-details/8f2deefe8c5dfb5d
Arlene Blencowe,9-6-0,"5' 5""",145 lbs.,--,,"Apr 11, 1983",:2.31,:43%,:2.10,:43%,:0.00,:0%,:55%,:0.6,http://ufcstats.com/fighter-details/35d6337320a4ae48
Viktoriia Dudakova,8-2-0,"5' 5""",115 lbs.,"67""",Orthodox,"Jan 26, 1999",:2.87,:47%,:3.40,:50%,:2.73,:35%,:33%,:0.0,http://ufcstats.com/fighter-details/6c9b66b43663f2f7
Shana Olsen,5-2-0,"5' 7""",145 lbs.,--,,"Dec 17, 1980",:0.00,:0%,:0.00,:0%,:0.00,:0%,:0%,:0.0,http://ufcstats.com/fighter-details/dfbb95ca0c143988
Jacob Kilburn,8-4-0,"5' 9""",145 lbs.,"72""",Orthodox,"Jun 28, 1995",:2.56,:33%,:6.78,:35%,:0.51,:5%,:20%,:0.5,http://ufcstats.com/fighter-details/637bd06c32219f0b
Stephen Regman,9-4-0,"5' 11""",185 lbs.,"76""",Orthodox,"Aug 05, 1991",:1.41,:60%,:4.93,:23%,:3.52,:100%,:0%,:0.0,http://ufcstats.com/fighter-details/24d98df7556ac8af
Jeremy May,13-10-0 (1 NC),"6' 1""",185 lbs.,--,,"Oct 23, 1986",:0.00,:0%,:0.00,:0%,:0.00,:0%,:0%,:0.0,http://ufcstats.com/fighter-details/c32fdfe75cda5b22
Seokhyeon Ko,12-2-0,"5' 10""",170 lbs.,"71""",Southpaw,"Sep 24, 1993",:2.90,:52%,:2.00,:59%,:4.00,:53%,:75%,:0.5,http://ufcstats.com/fighter-details/4a07b1988477502c
Jeisla Chaves,7-0-0,"5' 6""",125 lbs.,"68""",Orthodox,"Feb 02, 1997",:5.67,:51%,:4.27,:60%,:0.00,:0%,:75%,:0.0,http://ufcstats.com/fighter-details/8061a3136026a673
Jonathan Santa Maria,3-4-0,"5' 9""",125 lbs.,--,,--,:3.60,:51%,:2.53,:74%,:0.00,:0%,:80%,:0.0,http://ufcstats.com/fighter-details/3143e5daff9e5b71
Yuri Villefort,10-5-0,"6' 0""",170 lbs.,"73""",Orthodox,"Mar 23, 1991",:3.18,:43%,:5.42,:55%,:2.00,:35%,:40%,:0.3,http://ufcstats.com/fighter-details/0fb1e2694a39a02f
Erick Gonzalez,14-8-0,"5' 11""",155 lbs.,"75""",Orthodox,"Jan 20, 1992",:2.40,:36%,:8.08,:40%,:6.00,:55%,:50%,:0.0,http://ufcstats.com/fighter-details/a2ccf35a88346a91
Gleristone Santos,33-7-0,"5' 9""",145 lbs.,--,,"Aug 20, 1988",:3.40,:31%,:4.40,:64%,:0.00,:0%,:75%,:0.0,http://ufcstats.com/fighter-details/d12ee718fb35c35c
Alonzo Menifield,17-5-1,"6' 0""",205 lbs.,"76""",Orthodox,"Oct 18, 1987",:3.79,:53%,:3.76,:50%,:0.50,:31%,:78%,:0.2,http://ufcstats.com/fighter-details/a495f599e787614f
Alfred Khashakyan,8-3-0,"5' 8""",135 lbs.,"70""",Orthodox,"Jul 17, 1988",:6.14,:42%,:6.38,:40%,:3.54,:25%,:0%,:0.0,http://ufcstats.com/fighter-details/3929efe0c0a83d07
John Castaneda,21-8-0,"5' 6""",135 lbs.,"71""",Switch,"Dec 18, 1991",:4.42,:50%,:4.94,:53%,:1.68,:37%,:73%,:0.1,http://ufcstats.com/fighter-details/5fa2974cbd18e05c
Brandon Hester,3-0-0,"6' 1""",205 lbs.,--,,--,:3.53,:53%,:0.40,:68%,:4.00,:80%,:0%,:0.0,http://ufcstats.com/fighter-details/13150cf89a5b81e0
Diego Nunes,19-7-0,"5' 6""",145 lbs.,"67""",Orthodox,"Nov 30, 1982",:2.72,:43%,:2.59,:58%,:1.18,:44%,:65%,:0.6,http://ufcstats.com/fighter-details/3a24769a4855040a
Tommy Hayden,11-3-0,"5' 9""",145 lbs.,--,Southpaw,"Mar 11, 1986",:1.48,:27%,:2.05,:55%,:3.42,:33%,:66%,:0.0,http://ufcstats.com/fighter-details/0871254cd790c250
Dione Barbosa,8-4-0,"5' 6""",125 lbs.,"66""",Orthodox,"May 08, 1992",:2.27,:45%,:2.45,:66%,:2.23,:42%,:50%,:1.9,http://ufcstats.com/fighter-details/27b388f0aab49780
Brandon Jenkins,15-9-0,"6' 0""",155 lbs.,"71""",Switch,"Sep 30, 1991",:2.93,:41%,:8.05,:33%,:0.00,:0%,:27%,:0.0,http://ufcstats.com/fighter-details/6a8928652fc01bee
Andre Lima,11-0-0,"5' 7""",125 lbs.,"67""",Orthodox,"Feb 04, 1999",:4.06,:60%,:2.49,:57%,:1.36,:75%,:75%,:1.1,http://ufcstats.com/fighter-details/b1f21ce050035d58
Ernie Verdicia,0-1-0,"5' 11""",199 lbs.,--,Orthodox,--,:0.00,:0%,:0.00,:0%,:0.00,:0%,:0%,:0.0,http://ufcstats.com/fighter-details/2b1587a3376ab743
Ricky Steele,6-0-0,"5' 9""",135 lbs.,"74""",Orthodox,"May 26, 1988",:4.07,:70%,:2.93,:50%,:0.00,:0%,:91%,:0.0,http://ufcstats.com/fighter-details/09a6ed4ee97a5606
Juan Mott,3-4-0,"6' 0""",190 lbs.,--,Switch,"Dec 07, 1965",:0.00,:0%,:0.00,:0%,:0.00,:0%,:0%,:0.0,http://ufcstats.com/fighter-details/5da4e8dc02e50ac0
Jeremy Kimball,15-8-0,"6' 0""",205 lbs.,"72""",Switch,"Jan 03, 1991",:2.81,:46%,:3.84,:49%,:1.41,:20%,:50%,:0.0,http://ufcstats.com/fighter-details/917a5cb9821df261
Ray Seraille,8-9-0,"6' 3""",246 lbs.,--,,"Jun 23, 1979",:5.29,:27%,:17.65,:41%,:0.00,:0%,:0%,:0.0,http://ufcstats.com/fighter-details/2f04c4183523be2e
Anthony Hamilton,15-9-0,"6' 5""",260 lbs.,"76""",Orthodox,"Apr 14, 1980",:3.91,:65%,:3.02,:45%,:2.62,:42%,:78%,:0.0,http://ufcstats.com/fighter-details/c727c7d31c50c4cf
Guilherme Costa,7-1-0,--,155 lbs.,--,,--,:0.00,:0%,:0.00,:0%,:0.00,:0%,:0%,:0.0,http://ufcstats.com/fighter-details/28877eddb1c0b967
Patrick Cote,23-11-0,"5' 11""",170 lbs.,"75""",Orthodox,"Feb 29, 1980",:2.81,:48%,:3.21,:48%,:0.68,:20%,:43%,:0.2,http://ufcstats.com/fighter-details/9fa3bd637edd9aa2
Cortavious Romious,9-4-0,"5' 4""",135 lbs.,"68""",Southpaw,"Jan 06, 1994",:1.91,:38%,:3.46,:39%,:2.29,:66%,:64%,:0.8,http://ufcstats.com/fighter-details/8173f134396cb971
Tatsuro Taira,17-1-0,"5' 7""",125 lbs.,"70""",Orthodox,"Jan 27, 2000",:2.87,:60%,:2.54,:47%,:3.21,:48%,:45%,:1.7,http://ufcstats.com/fighter-details/4461d7e47375a895
Keith Jardine,17-11-2,"6' 2""",185 lbs.,"76""",Orthodox,"Oct 31, 1975",:3.25,:36%,:2.98,:59%,:1.18,:45%,:62%,:0.7,http://ufcstats.com/fighter-details/b9d0fd83bb8a147a
James Toney,0-1-0,"5' 9""",220 lbs.,--,Orthodox,"Aug 24, 1968",:0.00,:0%,:2.41,:27%,:0.00,:0%,:0%,:0.0,http://ufcstats.com/fighter-details/d10b35152277cf98
Bryan Baker,18-5-0,"6' 3""",185 lbs.,--,Orthodox,"Oct 13, 1985",:1.78,:52%,:2.83,:45%,:0.44,:50%,:37%,:0.9,http://ufcstats.com/fighter-details/898337ef520fe4d3
Jeremiah Wells,12-4-1,"5' 9""",170 lbs.,"74""",Switch,"Oct 30, 1986",:2.41,:43%,:1.31,:48%,:3.08,:44%,:80%,:0.8,http://ufcstats.com/fighter-details/d66a46de8d705353
Danny Sabatello,9-1-0,"5' 10""",135 lbs.,"71""",Orthodox,"Mar 31, 1993",:2.07,:57%,:0.20,:25%,:3.00,:75%,:100%,:1.0,http://ufcstats.com/fighter-details/cb7ee07982de2a28
Robert McDaniel,28-10-0,"6' 3""",185 lbs.,"75""",Southpaw,"May 03, 1983",:1.64,:44%,:1.98,:56%,:0.93,:50%,:50%,:1.4,http://ufcstats.com/fighter-details/5cafbc97dba2e797
Eduardo Bustillos,5-3-0,"5' 8""",135 lbs.,--,,"Jun 02, 1987",:2.61,:59%,:6.22,:35%,:0.00,:0%,:100%,:0.0,http://ufcstats.com/fighter-details/f273f1b8df04c8a1
Ryo Kawamura,18-9-4,"5' 11""",205 lbs.,--,Orthodox,"Jun 29, 1981",:0.60,:16%,:3.93,:39%,:0.00,:0%,:6%,:0.0,http://ufcstats.com/fighter-details/9e91d7fd2720e241
Kelvin Gastelum,21-10-0 (1 NC),"5' 9""",185 lbs.,"71""",Southpaw,"Oct 24, 1991",:3.67,:42%,:3.53,:57%,:1.01,:34%,:60%,:0.1,http://ufcstats.com/fighter-details/8c0580d4fff106c1
Tedd Williams,7-1-0,"6' 1""",275 lbs.,--,Orthodox,"Dec 19, 1969",:0.00,:0%,:0.00,:0%,:0.00,:0%,:0%,:0.0,http://ufcstats.com/fighter-details/b63e800c18e011b5
Drew McFedries,12-7-0,"6' 0""",185 lbs.,"72""",Southpaw,"Jul 27, 1978",:5.13,:51%,:4.56,:52%,:1.42,:100%,:56%,:0.7,http://ufcstats.com/fighter-details/1fd4fbdcc67de844
Yazan Hajeh,6-1-0,"5' 9""",145 lbs.,--,Orthodox,"Sep 04, 1992",:1.54,:25%,:17.44,:44%,:0.00,:0%,:100%,:0.0,http://ufcstats.com/fighter-details/4955c524c2a71469
Manuel Gaxhja,7-0-0,"5' 8""",155 lbs.,--,Switch,"Jul 23, 1997",:0.00,:0%,:0.00,:0%,:0.00,:0%,:0%,:0.0,http://ufcstats.com/fighter-details/618643d0d5c0631d
Ben Earwood,12-3-0,"5' 8""",170 lbs.,--,Orthodox,--,:0.50,:55%,:0.20,:33%,:3.00,:100%,:0%,:0.0,http://ufcstats.com/fighter-details/ee457ef1e1c326c1
Virna Jandiroba,22-3-0,"5' 3""",115 lbs.,"64""",Orthodox,"May 30, 1988",:1.97,:38%,:2.55,:57%,:2.37,:33%,:73%,:1.8,http://ufcstats.com/fighter-details/7dda2cf308f24a02
Won Sik Park,11-7-1 (1 NC),"5' 11""",154 lbs.,--,Orthodox,"Dec 16, 1986",:2.60,:43%,:2.20,:47%,:0.00,:0%,:0%,:0.0,http://ufcstats.com/fighter-details/9df394db5ca103eb
Jules Bruchez,1-2-0,"6' 0""",205 lbs.,--,Southpaw,"Aug 16, 1977",:0.69,:50%,:5.52,:46%,:0.00,:0%,:0%,:0.0,http://ufcstats.com/fighter-details/d1dcd4e96464a53d
Pat Pytlik,9-2-0,"6' 0""",170 lbs.,"73""",Orthodox,"Apr 24, 1989",:3.12,:56%,:4.56,:22%,:0.00,:0%,:33%,:0.0,http://ufcstats.com/fighter-details/4fd140eea593526e
Brandon Royval,17-8-0,"5' 9""",125 lbs.,"68""",Southpaw,"Aug 16, 1992",:5.55,:41%,:4.23,:43%,:0.67,:75%,:45%,:1.1,http://ufcstats.com/fighter-details/6e15f63b6c2e2c15
Adam Wieczorek,10-2-0,"6' 5""",250 lbs.,"81""",Orthodox,"Feb 05, 1992",:1.68,:38%,:1.87,:48%,:0.41,:33%,:58%,:0.4,http://ufcstats.com/fighter-details/efa1f6b42c86793c
Joe Proctor,11-5-0,"5' 10""",155 lbs.,"72""",Orthodox,"Aug 10, 1985",:3.39,:36%,:3.93,:59%,:0.00,:0%,:70%,:1.8,http://ufcstats.com/fighter-details/a36556bb1565e32d
Mantas Kondratavicius,8-1-0,"6' 2""",185 lbs.,"75""",Orthodox,"Jul 17, 1999",:4.55,:33%,:3.64,:60%,:13.64,:100%,:0%,:0.0,http://ufcstats.com/fighter-details/3cc506f115cbb9d5
Gina Mazany,7-6-0,"5' 6""",125 lbs.,"68""",Southpaw,"Aug 19, 1988",:3.73,:50%,:3.52,:50%,:4.34,:52%,:33%,:0.2,http://ufcstats.com/fighter-details/016a8d958883167c
Naoki Matsushita,12-16-11,"5' 6""",155 lbs.,--,Orthodox,"Mar 31, 1976",:3.30,:32%,:2.20,:63%,:1.50,:100%,:0%,:0.0,http://ufcstats.com/fighter-details/990060b2a68a7b82
Thales Leites,28-9-0,"6' 1""",185 lbs.,"78""",Orthodox,"Sep 06, 1981",:2.13,:40%,:2.99,:52%,:2.10,:27%,:30%,:1.1,http://ufcstats.com/fighter-details/cfb65863d5099327
Ramiz Brahimaj,13-5-0,"5' 10""",170 lbs.,"72""",Orthodox,"Nov 17, 1992",:2.23,:46%,:3.42,:44%,:1.74,:38%,:48%,:2.0,http://ufcstats.com/fighter-details/3d074044a33825e7
Derek Anderson,14-3-0 (1 NC),"6' 0""",155 lbs.,--,,"Feb 02, 1990",:3.97,:37%,:3.08,:61%,:0.34,:14%,:60%,:0.0,http://ufcstats.com/fighter-details/19ba965651486013
Tony Kelley,8-3-0,"5' 9""",135 lbs.,"70""",Switch,"Jan 21, 1987",:5.55,:47%,:4.85,:45%,:0.00,:0%,:52%,:1.4,http://ufcstats.com/fighter-details/1a08b01fdabb6ae2
Bo Cantrell,10-10-0,"6' 2""",235 lbs.,--,Orthodox,"Feb 08, 1969",:3.16,:16%,:12.63,:0%,:0.00,:0%,:0%,:0.0,http://ufcstats.com/fighter-details/6750e338922a099d
Ivan Gnizditskiy,5-0-0,--,205 lbs.,--,,"May 10, 1996",:0.00,:0%,:0.00,:0%,:0.00,:0%,:0%,:0.0,http://ufcstats.com/fighter-details/057a241e4ba90c4d
Chris Lytle,31-18-5,"5' 11""",170 lbs.,"68""",Orthodox,"Aug 18, 1974",:3.76,:45%,:3.03,:58%,:0.70,:55%,:55%,:2.4,http://ufcstats.com/fighter-details/91acd6910b802a9e
Bekzat Almakhan,12-2-0,"5' 7""",135 lbs.,"68""",Orthodox,"Oct 08, 1997",:0.68,:40%,:4.29,:32%,:0.00,:0%,:0%,:0.0,http://ufcstats.com/fighter-details/a4dc0f2b95df4cc1
Dan Argueta,9-3-0 (2 NC),"5' 7""",135 lbs.,"68""",Southpaw,"Aug 13, 1993",:2.48,:43%,:3.44,:50%,:4.36,:35%,:55%,:1.4,http://ufcstats.com/fighter-details/e4ba58725825412d
Kevin Croom,21-15-0 (1 NC),"5' 11""",135 lbs.,"73""",Orthodox,"Jul 15, 1987",:2.65,:34%,:3.10,:41%,:0.48,:5%,:30%,:0.5,http://ufcstats.com/fighter-details/35b3772629e27a49
Said Nurmagomedov,18-5-0,"5' 8""",135 lbs.,"70""",Orthodox,"Apr 05, 1992",:3.08,:48%,:2.05,:55%,:0.86,:15%,:63%,:1.1,http://ufcstats.com/fighter-details/0fd5f4b838e890cc
Ben Rothwell,39-14-0,"6' 4""",265 lbs.,"78""",Orthodox,"Oct 17, 1981",:3.71,:42%,:4.63,:47%,:0.68,:34%,:70%,:0.4,http://ufcstats.com/fighter-details/bd58d34e39b7b12a
Benito Lopez,10-2-0,"5' 10""",135 lbs.,"73""",Switch,"Apr 06, 1994",:4.39,:45%,:5.18,:56%,:0.00,:0%,:73%,:0.3,http://ufcstats.com/fighter-details/773f7feacf96153e
Michael Patt,12-4-0,"6' 0""",205 lbs.,--,Orthodox,--,:1.65,:28%,:5.53,:55%,:0.00,:0%,:0%,:0.0,http://ufcstats.com/fighter-details/83d0de122f2f9664
Scott McAfee,14-7-0,"5' 8""",155 lbs.,--,Orthodox,"Aug 23, 1983",:0.00,:0%,:1.33,:50%,:0.00,:0%,:0%,:0.0,http://ufcstats.com/fighter-details/7e7d81bf162a5ec1
Cory Sandhagen,18-6-0,"5' 11""",135 lbs.,"70""",Switch,"Apr 20, 1992",:4.86,:45%,:3.47,:56%,:1.15,:34%,:56%,:0.2,http://ufcstats.com/fighter-details/65f09bacd3957381
Stephen Ledbetter,8-3-0,"5' 9""",145 lbs.,--,Orthodox,"Jun 30, 1982",:1.20,:38%,:1.60,:57%,:5.00,:45%,:100%,:0.0,http://ufcstats.com/fighter-details/56ec58954158966a
Andre Winner,21-11-2,"5' 11""",155 lbs.,"73""",Orthodox,"Nov 09, 1981",:2.52,:33%,:4.57,:51%,:0.00,:0%,:74%,:0.0,http://ufcstats.com/fighter-details/b45d6b73f4ca4467
Rongzhu,27-6-0,"5' 9""",155 lbs.,"71""",Orthodox,"Mar 07, 2000",:6.02,:51%,:5.44,:52%,:1.35,:62%,:84%,:0.1,http://ufcstats.com/fighter-details/a13d755965a4ec9f
Sean Salmon,18-21-0,"5' 10""",185 lbs.,--,Southpaw,"Sep 11, 1977",:1.49,:33%,:2.03,:65%,:4.06,:50%,:0%,:0.0,http://ufcstats.com/fighter-details/7c0847d3854a95f2
Luke Fernandez,6-0-0,"6' 1""",205 lbs.,"76""",Orthodox,"Jun 29, 1995",:32.00,:100%,:0.00,:100%,:0.00,:0%,:0%,:0.0,http://ufcstats.com/fighter-details/d62e280d0f7b6d6f
Elijah Smith,9-1-0,"5' 9""",135 lbs.,"71""",Orthodox,"Sep 05, 2002",:4.45,:47%,:3.40,:47%,:3.51,:53%,:57%,:0.9,http://ufcstats.com/fighter-details/7478b7f959ba61f5
Jens Pulver,27-19-1,"5' 7""",145 lbs.,"70""",Southpaw,"Dec 06, 1974",:2.12,:37%,:3.13,:56%,:0.22,:33%,:63%,:0.3,http://ufcstats.com/fighter-details/44260175069b6276
Cyril Asker,9-4-0,"6' 0""",247 lbs.,"74""",Orthodox,"Dec 24, 1985",:3.35,:39%,:5.82,:35%,:4.41,:62%,:100%,:0.9,http://ufcstats.com/fighter-details/9be6020024133293
Kyle Driscoll,12-3-0,"5' 11""",145 lbs.,"74""",Orthodox,"Sep 23, 1994",:2.73,:32%,:2.60,:58%,:2.00,:18%,:0%,:0.0,http://ufcstats.com/fighter-details/e5e148d4363deff8
Masakazu Imanari,36-16-2,"5' 4""",139 lbs.,--,Southpaw,"Feb 10, 1976",:0.55,:30%,:1.74,:57%,:0.00,:0%,:0%,:2.1,http://ufcstats.com/fighter-details/a4dd5c9a75763295
Brendon Marotte,8-3-0,"5' 9""",145 lbs.,"70""",Orthodox,"Jan 12, 1996",:0.41,:50%,:5.70,:28%,:0.00,:0%,:0%,:0.0,http://ufcstats.com/fighter-details/d7fe8c6b7d2872e5
Simeon Thoresen,17-6-1,"6' 1""",170 lbs.,"79""",Orthodox,"Mar 14, 1984",:3.85,:43%,:3.85,:64%,:1.12,:40%,:50%,:1.7,http://ufcstats.com/fighter-details/fea8acf9bfcf09ec
Suman Mokhtarian,8-5-0,"5' 8""",145 lbs.,"72""",Orthodox,"Jun 13, 1992",:2.21,:43%,:6.85,:48%,:0.00,:0%,:0%,:0.0,http://ufcstats.com/fighter-details/192520689012c7e4
Diego Ferreira,19-7-0,"5' 9""",155 lbs.,"74""",Orthodox,"Jan 18, 1985",:4.70,:39%,:3.46,:55%,:0.82,:30%,:57%,:0.6,http://ufcstats.com/fighter-details/f53d4f21d1b5f2dc
Samandar Murodov,11-0-0,"6' 1""",170 lbs.,"75""",Orthodox,"Aug 28, 1999",:1.50,:75%,:0.50,:44%,:6.01,:66%,:0%,:1.5,http://ufcstats.com/fighter-details/6f4d199c0adc06f5
Patrick Cummins,10-7-0,"6' 2""",205 lbs.,"76""",Orthodox,"Nov 16, 1980",:4.26,:50%,:3.35,:55%,:4.49,:41%,:28%,:0.1,http://ufcstats.com/fighter-details/e51e5cb722bd47a8
Jim Wallhead,29-11-0,"5' 10""",170 lbs.,--,Orthodox,"Mar 14, 1984",:3.19,:26%,:6.65,:49%,:0.00,:0%,:100%,:0.0,http://ufcstats.com/fighter-details/0c670b443c3d269f
Richard Walsh,9-5-0,"6' 0""",170 lbs.,"73""",Orthodox,"Dec 01, 1988",:3.84,:46%,:2.72,:58%,:1.55,:40%,:66%,:0.2,http://ufcstats.com/fighter-details/303a05a7aa3ff761
James Wilks,7-4-0,"6' 1""",170 lbs.,"75""",Orthodox,"May 04, 1978",:1.82,:45%,:2.03,:50%,:1.27,:22%,:66%,:3.8,http://ufcstats.com/fighter-details/852454c572675334
Aaron Brink,26-26-0 (2 NC),"6' 3""",205 lbs.,--,Orthodox,"Nov 12, 1974",:3.49,:42%,:5.71,:57%,:0.00,:0%,:0%,:0.0,http://ufcstats.com/fighter-details/cf1a88371c8cb690
Eric Castile,3-2-0,"5' 8""",145 lbs.,--,,--,:0.00,:0%,:0.00,:0%,:0.00,:0%,:0%,:0.0,http://ufcstats.com/fighter-details/a0a69dc9914ef6e1
Mark Schultz,1-1-0,"5' 9""",200 lbs.,--,Orthodox,"Oct 26, 1960",:0.00,:0%,:0.00,:0%,:0.00,:0%,:0%,:0.0,http://ufcstats.com/fighter-details/c1684f00c626f4c0
John Howard,24-13-0,"5' 7""",170 lbs.,"72""",Orthodox,"Mar 01, 1983",:2.15,:50%,:3.08,:51%,:2.70,:49%,:53%,:0.4,http://ufcstats.com/fighter-details/fc31f896cde2bc2e
Danny Abbadi,4-6-0,"5' 11""",155 lbs.,--,Orthodox,"Jul 03, 1983",:3.29,:38%,:4.41,:57%,:0.00,:0%,:77%,:0.0,http://ufcstats.com/fighter-details/15df64c02b6b0fde
Nick Rossborough,26-19-1,"6' 5""",205 lbs.,--,,"Nov 18, 1981",:2.80,:35%,:4.33,:35%,:0.00,:0%,:100%,:0.0,http://ufcstats.com/fighter-details/ff3a915256b899c0
Wes Sims,24-14-1 (2 NC),"6' 10""",260 lbs.,--,Orthodox,"Aug 04, 1979",:0.98,:51%,:2.95,:37%,:0.00,:0%,:40%,:2.3,http://ufcstats.com/fighter-details/e0f7c4f3f67bc808
Edson Drago,11-7-0,"6' 4""",220 lbs.,--,Orthodox,"Aug 29, 1977",:1.16,:40%,:2.39,:36%,:0.00,:0%,:55%,:0.0,http://ufcstats.com/fighter-details/f9c7fe2682af3802
Buck Meredith,3-3-0,"6' 2""",185 lbs.,--,,"May 17, 1982",:0.00,:0%,:0.00,:0%,:0.00,:0%,:0%,:0.0,http://ufcstats.com/fighter-details/36120738148f203f
Roman Bravo-Young,0-1-0,--,205 lbs.,--,,--,:0.00,:0%,:0.00,:0%,:0.00,:0%,:0%,:0.0,http://ufcstats.com/fighter-details/37ce890a4670b287
Rose Conceicao,7-1-0,"4' 7""",115 lbs.,"65""",Orthodox,"May 13, 1997",:3.07,:28%,:6.73,:60%,:0.00,:0%,:0%,:0.0,http://ufcstats.com/fighter-details/a76c07e8e4c76e9a
Jack McGlaughlin,1-4-0,--,--,--,Orthodox,--,:0.00,:0%,:0.00,:0%,:0.00,:0%,:0%,:0.0,http://ufcstats.com/fighter-details/237187ed9f419285
Pete Williams,12-6-0,"6' 3""",235 lbs.,--,Orthodox,"Jul 10, 1975",:0.61,:62%,:2.77,:40%,:1.84,:40%,:16%,:0.9,http://ufcstats.com/fighter-details/6291ac0a3726732f
TJ Cook,13-5-0,--,205 lbs.,--,,"Sep 08, 1982",:2.30,:47%,:3.18,:54%,:1.01,:50%,:0%,:0.0,http://ufcstats.com/fighter-details/fa238ecfd048f7d8
Ailiya Muratbek,9-2-0,--,155 lbs.,--,,--,:0.00,:0%,:0.00,:0%,:0.00,:0%,:0%,:0.0,http://ufcstats.com/fighter-details/9b6dcc335ad03696
John Gunther,5-1-0,"5' 9""",155 lbs.,"72""",Orthodox,"Nov 24, 1985",:1.65,:37%,:3.72,:46%,:7.08,:42%,:0%,:0.0,http://ufcstats.com/fighter-details/3956bdc8ab2e54b3
Wes Combs,20-6-0,"6' 2""",205 lbs.,--,Orthodox,"Jun 18, 1973",:2.14,:48%,:4.73,:45%,:0.00,:0%,:0%,:0.0,http://ufcstats.com/fighter-details/a85998eb79650b2c
Louis Jauregui,4-2-0,"5' 7""",170 lbs.,--,,--,:0.00,:0%,:0.00,:0%,:0.00,:0%,:0%,:0.0,http://ufcstats.com/fighter-details/0e8744ded08ee5fb
Hiromitsu Kanehara,19-27-5,"5' 10""",200 lbs.,--,Orthodox,"Oct 05, 1970",:0.76,:22%,:4.39,:40%,:0.00,:0%,:40%,:0.4,http://ufcstats.com/fighter-details/eda579d906cf0ca2
Chris Gutierrez,22-7-2,"5' 9""",135 lbs.,"67""",Orthodox,"Apr 22, 1991",:4.40,:57%,:2.65,:63%,:0.30,:30%,:67%,:0.1,http://ufcstats.com/fighter-details/45f0cc9d18f35137
Dequan Townsend,21-12-0,"6' 3""",205 lbs.,"79""",Orthodox,"May 11, 1986",:1.23,:34%,:3.92,:38%,:0.00,:0%,:46%,:0.0,http://ufcstats.com/fighter-details/3f7dab21b6c971bc
Errol Zimmerman,0-1-0,"6' 3""",185 lbs.,--,Orthodox,"Apr 20, 1986",:2.95,:42%,:0.00,:0%,:0.00,:0%,:0%,:0.0,http://ufcstats.com/fighter-details/0aa74d04c196800c
Chris Solomon,0-0-0,"5' 11""",155 lbs.,--,,--,:0.00,:0%,:2.80,:37%,:0.00,:0%,:33%,:0.0,http://ufcstats.com/fighter-details/324c7a749128df8d
Dean Lister,13-7-0,"6' 1""",185 lbs.,"75""",Orthodox,"Feb 13, 1976",:1.26,:35%,:1.89,:61%,:1.58,:15%,:50%,:1.1,http://ufcstats.com/fighter-details/68c6cd5287b473a7
Hu Yaozong,3-3-0,"6' 3""",185 lbs.,"72""",Orthodox,"Apr 07, 1995",:3.35,:48%,:5.09,:35%,:0.00,:0%,:33%,:0.4,http://ufcstats.com/fighter-details/f1175ea3aafbf351
Jason Jackson,7-2-0,"6' 1""",170 lbs.,"78""",Orthodox,"Oct 30, 1990",:2.24,:48%,:1.31,:56%,:0.00,:0%,:0%,:0.0,http://ufcstats.com/fighter-details/ca8da445dfa82d56
Dennis Bermudez,17-9-0,"5' 6""",155 lbs.,"66""",Orthodox,"Dec 13, 1986",:4.42,:46%,:3.07,:59%,:3.89,:40%,:82%,:1.1,http://ufcstats.com/fighter-details/6f242453c91a5af0
Mike Rodriguez,11-7-0 (1 NC),"6' 4""",205 lbs.,"82""",Southpaw,"Nov 28, 1988",:4.35,:53%,:4.24,:41%,:0.00,:0%,:37%,:0.0,http://ufcstats.com/fighter-details/18b602842a24f7c5
Stefan Struve,33-13-0,"6' 11""",265 lbs.,"84""",Orthodox,"Feb 18, 1988",:3.12,:47%,:4.04,:46%,:0.56,:46%,:55%,:1.7,http://ufcstats.com/fighter-details/ebc1f40e00e0c481
Jeff Monson,60-26-1,"5' 9""",247 lbs.,"74""",Orthodox,"Jan 18, 1971",:0.97,:30%,:2.87,:59%,:1.06,:12%,:66%,:0.7,http://ufcstats.com/fighter-details/cbfd1d34356a004c
Kim In Seok,3-6-0,"5' 6""",145 lbs.,--,Orthodox,"Oct 10, 1980",:0.87,:37%,:5.19,:60%,:0.00,:0%,:0%,:0.0,http://ufcstats.com/fighter-details/88b250ba222c3a98
Min Soo Kim,3-7-0,"6' 1""",255 lbs.,--,Southpaw,"Jan 22, 1975",:0.87,:100%,:3.48,:20%,:0.00,:0%,:0%,:0.0,http://ufcstats.com/fighter-details/831b937811804dad
Arthur Lopes,6-2-0,"6' 2""",234 lbs.,"77""",Southpaw,"Feb 17, 1993",:9.74,:41%,:14.87,:45%,:0.00,:0%,:0%,:0.0,http://ufcstats.com/fighter-details/2aa481e98185e261
Brendson Ribeiro,17-9-0 (1 NC),"6' 3""",205 lbs.,"81""",Orthodox,"Sep 08, 1996",:3.06,:42%,:4.00,:53%,:0.90,:42%,:18%,:0.6,http://ufcstats.com/fighter-details/49edd0d90f60fb7d
David Smith,5-1-0,--,155 lbs.,--,,--,:0.00,:0%,:0.00,:0%,:0.00,:0%,:0%,:0.0,http://ufcstats.com/fighter-details/e955046551f8c7dd
Kasey Tanner,6-1-0,"5' 7""",135 lbs.,"69""",Orthodox,"Jan 11, 1992",:6.60,:50%,:6.67,:63%,:2.00,:33%,:0%,:0.0,http://ufcstats.com/fighter-details/078b732efa497f49
Dos Caras Jr.,9-5-0,"6' 4""",225 lbs.,--,Orthodox,"May 25, 1977",:0.77,:23%,:1.20,:59%,:0.00,:0%,:72%,:0.0,http://ufcstats.com/fighter-details/155a02a8b4311057
Ryan Roberts,21-12-1 (1 NC),"5' 6""",155 lbs.,--,Orthodox,"Jul 16, 1978",:0.00,:0%,:22.50,:45%,:0.00,:0%,:0%,:0.0,http://ufcstats.com/fighter-details/35dc6220b113b7ec
Josias Musasa,8-2-0,"5' 8""",135 lbs.,"74""",Southpaw,"Oct 10, 1998",:3.19,:45%,:4.39,:36%,:0.90,:50%,:81%,:0.5,http://ufcstats.com/fighter-details/723b64c0e9a8f348
Iasmin Lucindo,18-6-0,"5' 3""",115 lbs.,"66""",Orthodox,"Jan 08, 2002",:3.22,:45%,:2.80,:62%,:2.28,:55%,:68%,:0.1,http://ufcstats.com/fighter-details/abcf2cc6efc42031
Ray Rodriguez,16-8-0,"5' 7""",135 lbs.,"70""",Orthodox,"Dec 10, 1987",:0.90,:27%,:3.89,:40%,:1.42,:50%,:44%,:0.0,http://ufcstats.com/fighter-details/90e0985df05e51bc
Maki Pitolo,13-9-0,"5' 10""",185 lbs.,"75""",Orthodox,"Nov 24, 1990",:4.10,:44%,:3.93,:55%,:2.24,:52%,:50%,:0.8,http://ufcstats.com/fighter-details/c549573c0df4d676
Rodolfo Marques Diniz,23-9-1,"5' 6""",135 lbs.,--,,"Jan 23, 1984",:1.08,:32%,:2.36,:33%,:0.00,:0%,:50%,:1.8,http://ufcstats.com/fighter-details/2d2239d0f6fa83dd
Kain Royer,2-2-0,--,185 lbs.,--,,--,:0.00,:0%,:1.63,:14%,:0.00,:0%,:0%,:4.1,http://ufcstats.com/fighter-details/712aa894b3a344df
Marcus Hicks,10-4-0 (1 NC),"5' 6""",155 lbs.,"64""",Southpaw,"Nov 25, 1975",:1.42,:43%,:3.06,:61%,:2.70,:53%,:25%,:4.0,http://ufcstats.com/fighter-details/e69c5ce12f4e762b
Jimmy Drago,7-3-0 (1 NC),"5' 10""",170 lbs.,"71""",Orthodox,"Feb 18, 1995",:3.80,:29%,:5.60,:65%,:1.00,:50%,:0%,:0.0,http://ufcstats.com/fighter-details/cb4bf812d9cb78b4
Terrion Ware,17-9-0,"5' 8""",135 lbs.,"71""",Orthodox,"Mar 31, 1986",:4.02,:32%,:6.07,:50%,:0.50,:22%,:44%,:0.0,http://ufcstats.com/fighter-details/ba5e253af86db1a8
Luke Cummo,6-6-0,"6' 0""",170 lbs.,"74""",Orthodox,"Apr 27, 1980",:1.74,:43%,:1.50,:59%,:0.89,:55%,:42%,:1.4,http://ufcstats.com/fighter-details/93ce4ac89e3d7652
Mariusz Ksiazkiewicz,8-1-0,"6' 3""",185 lbs.,"75""",Southpaw,"Oct 04, 1989",:0.93,:45%,:3.40,:39%,:4.00,:100%,:0%,:2.0,http://ufcstats.com/fighter-details/ab16537dd1e5e81d
Per Eklund,14-5-1,"5' 10""",155 lbs.,"72""",Orthodox,"Nov 12, 1980",:2.07,:61%,:2.38,:67%,:2.07,:11%,:50%,:3.6,http://ufcstats.com/fighter-details/58bc81376286b3d3
Ricardo Lamas,20-8-0,"5' 8""",145 lbs.,"71""",Orthodox,"May 21, 1982",:3.13,:47%,:2.87,:57%,:1.84,:33%,:46%,:0.9,http://ufcstats.com/fighter-details/3974fa35c917af1d
Mohammad Yahya,12-6-0,"5' 9""",145 lbs.,"73""",Switch,"May 23, 1994",:3.50,:39%,:6.39,:43%,:0.50,:20%,:42%,:0.5,http://ufcstats.com/fighter-details/3753714927f18437
Pawan Maan,7-3-1,"5' 7""",155 lbs.,"70""",Orthodox,"Apr 06, 1986",:0.89,:44%,:2.98,:43%,:0.00,:0%,:0%,:0.0,http://ufcstats.com/fighter-details/450bacdacd706bcd
Eddy Millis,0-2-0,"6' 1""",185 lbs.,--,,"Aug 04, 1967",:0.00,:0%,:3.36,:22%,:0.00,:0%,:0%,:7.2,http://ufcstats.com/fighter-details/f2c934689243fe4e
Victor Martinez,13-6-0,"5' 8""",155 lbs.,"70""",Orthodox,"Jul 17, 1991",:7.94,:51%,:7.66,:53%,:0.70,:33%,:80%,:0.0,http://ufcstats.com/fighter-details/3e708ce33b6b18e6
Kris Moutinho,14-7-0,"5' 7""",135 lbs.,"68""",Southpaw,"Aug 09, 1992",:4.51,:31%,:14.68,:29%,:0.00,:0%,:0%,:0.0,http://ufcstats.com/fighter-details/9c27f3217891f3f0
Brandon Sene,2-2-0,"5' 11""",205 lbs.,--,,"May 21, 1981",:0.00,:0%,:0.00,:0%,:0.00,:0%,:0%,:0.0,http://ufcstats.com/fighter-details/3ed134d85dfbd7b4
Ken Shamrock,28-17-2,"6' 1""",205 lbs.,"72""",Orthodox,"Feb 11, 1964",:1.47,:46%,:4.30,:39%,:0.94,:60%,:44%,:2.5,http://ufcstats.com/fighter-details/63b65af1c5cb02cb
Josh Stuart,1-4-0,"5' 9""",160 lbs.,--,,--,:0.00,:0%,:0.00,:0%,:0.00,:0%,:0%,:0.0,http://ufcstats.com/fighter-details/601cf40c09090853
Trenell Young,11-9-0,"5' 6""",145 lbs.,--,Orthodox,"Jun 19, 1976",:1.43,:22%,:5.13,:50%,:1.13,:20%,:0%,:1.1,http://ufcstats.com/fighter-details/bf5183e1c1afc3b2
Zhang Zhenyang,7-2-0,--,155 lbs.,--,,--,:0.00,:0%,:0.00,:0%,:0.00,:0%,:0%,:0.0,http://ufcstats.com/fighter-details/286e1d61fb315355
Sean Gauci,10-1-0,"5' 5""",125 lbs.,"64""",Switch,"Oct 07, 1996",:5.07,:59%,:5.80,:68%,:4.00,:44%,:100%,:0.0,http://ufcstats.com/fighter-details/d758f272d94f5866
Lewis Gonzalez,11-3-0,"5' 10""",170 lbs.,--,Orthodox,"Sep 19, 1987",:1.40,:37%,:1.87,:41%,:2.00,:33%,:62%,:0.0,http://ufcstats.com/fighter-details/2ff2e6e5abea3e53
Maiju Kujala,6-3-0,--,135 lbs.,--,,--,:2.50,:40%,:5.50,:36%,:0.00,:0%,:50%,:0.0,http://ufcstats.com/fighter-details/4e77d070239699e2
Klaudia Sygula,7-2-0,"5' 8""",135 lbs.,"69""",Orthodox,"Dec 30, 1998",:5.30,:53%,:4.73,:57%,:0.70,:20%,:33%,:0.0,http://ufcstats.com/fighter-details/9f5e3c20ce40b344
Crezio de Souza,1-2-0,--,170 lbs.,--,Orthodox,--,:0.00,:0%,:0.00,:0%,:0.00,:0%,:0%,:0.0,http://ufcstats.com/fighter-details/3746e21bb508391a
Michael Lombardo,11-2-0 (1 NC),"6' 0""",170 lbs.,"72""",Orthodox,"Apr 03, 1990",:1.47,:62%,:2.63,:31%,:2.50,:21%,:60%,:0.0,http://ufcstats.com/fighter-details/6d6b9a6cb063b60d
Demetrious Johnson,27-3-1,"5' 3""",125 lbs.,"66""",Orthodox,"Aug 13, 1986",:3.43,:54%,:1.66,:67%,:3.35,:56%,:65%,:0.5,http://ufcstats.com/fighter-details/8a304bfd6bf04a57
Kaiwen,15-7-0,"5' 8""",145 lbs.,"71""",Switch,"Oct 16, 1995",:3.73,:42%,:4.72,:54%,:1.41,:26%,:92%,:0.0,http://ufcstats.com/fighter-details/0565706b1e7f7e7c
Robert Lucarelli,0-1-0,"6' 2""",245 lbs.,--,,--,:0.00,:0%,:0.00,:0%,:0.00,:0%,:0%,:0.0,http://ufcstats.com/fighter-details/96087e90d900f0ef
Jonny Goh,3-4-0,"5' 11""",155 lbs.,--,,--,:0.00,:0%,:0.00,:0%,:0.00,:0%,:0%,:0.0,http://ufcstats.com/fighter-details/e86af30738a5452a
Yuri Panferov,9-1-0,"6' 1""",185 lbs.,"72""",Orthodox,"Aug 30, 1996",:3.65,:50%,:2.55,:60%,:2.64,:57%,:36%,:0.0,http://ufcstats.com/fighter-details/36d811b015635b67
Yana Santos,17-8-0 (1 NC),"5' 6""",135 lbs.,"68""",Orthodox,"Nov 11, 1989",:4.41,:57%,:3.12,:52%,:0.78,:47%,:51%,:0.1,http://ufcstats.com/fighter-details/3143bf892608139a
Steven Asplund,6-1-0,"6' 5""",261 lbs.,"78""",Orthodox,"Jul 16, 1998",:41.25,:64%,:7.50,:71%,:0.00,:0%,:0%,:0.0,http://ufcstats.com/fighter-details/e56cee1ad697db04
Dominik Humburger,8-1-0,--,185 lbs.,--,,"Jan 03, 1996",:0.00,:0%,:0.00,:0%,:0.00,:0%,:0%,:0.0,http://ufcstats.com/fighter-details/e4cbc82c36e47299
Danny Martinez,21-8-0,"5' 6""",125 lbs.,"67""",Orthodox,"Jun 14, 1985",:2.73,:28%,:3.77,:63%,:3.00,:45%,:36%,:0.0,http://ufcstats.com/fighter-details/8a9c6c4301f6d088
Amanda Nunes,23-5-0,"5' 8""",135 lbs.,"69""",Orthodox,"May 30, 1988",:4.55,:51%,:2.62,:57%,:2.73,:54%,:82%,:0.7,http://ufcstats.com/fighter-details/80fa8218c99f9c58
John Albert,6-5-0,"5' 8""",135 lbs.,"68""",Orthodox,"Oct 13, 1986",:3.05,:49%,:2.82,:35%,:0.00,:0%,:50%,:6.1,http://ufcstats.com/fighter-details/7bd94b60d7521e4a
Jose Canseco,0-1-0,"6' 4""",240 lbs.,--,Orthodox,"Jul 02, 1964",:0.78,:10%,:4.68,:62%,:0.00,:0%,:0%,:0.0,http://ufcstats.com/fighter-details/03da33a102d9a45f
CJ Hamilton,11-4-0,"5' 7""",125 lbs.,"68""",Switch,"Oct 07, 1986",:2.47,:31%,:3.93,:58%,:0.00,:0%,:62%,:0.0,http://ufcstats.com/fighter-details/7da5839b223f3728
Anthony Alves,1-4-0,--,--,--,,--,:0.00,:0%,:0.00,:0%,:0.00,:0%,:0%,:0.0,http://ufcstats.com/fighter-details/bd92cf5da5413d2a
Chad Griggs,11-3-0,"6' 1""",205 lbs.,"73""",Orthodox,"May 15, 1978",:2.67,:50%,:2.22,:46%,:1.51,:66%,:41%,:0.0,http://ufcstats.com/fighter-details/fdf18227faa596dd
Regina Malpica Rivera,5-0-0,--,135 lbs.,--,,"Oct 19, 2004",:0.00,:0%,:0.00,:0%,:0.00,:0%,:0%,:0.0,http://ufcstats.com/fighter-details/9f5609dba6584ab2
Ed Ratcliff,7-3-0,"5' 10""",155 lbs.,"71""",Orthodox,"Mar 05, 1983",:2.71,:38%,:2.96,:63%,:0.28,:16%,:53%,:0.0,http://ufcstats.com/fighter-details/8c90c1563972e44d
Everett Sims,4-1-0,"6' 5""",260 lbs.,"77""",Southpaw,"Sep 04, 1988",:0.81,:66%,:2.19,:30%,:0.00,:0%,:42%,:1.2,http://ufcstats.com/fighter-details/59c6d5af765df641
Jordan Griffin,18-9-0,"5' 10""",145 lbs.,"73""",Southpaw,"Feb 28, 1990",:2.52,:46%,:3.02,:50%,:1.45,:35%,:42%,:1.9,http://ufcstats.com/fighter-details/ebef46976554f975
Yao Zhikui,2-4-0,"5' 5""",125 lbs.,"64""",Orthodox,"Feb 07, 1991",:1.44,:21%,:2.82,:48%,:0.66,:16%,:58%,:0.0,http://ufcstats.com/fighter-details/5ea918ea81b7dee2
Masanori Suda,22-11-3,"5' 9""",183 lbs.,--,Orthodox,--,:1.80,:50%,:1.20,:63%,:0.00,:0%,:60%,:0.0,http://ufcstats.com/fighter-details/3a7513372f79c8c8
Daniel Zellhuber,15-3-0,"6' 1""",155 lbs.,"77""",Switch,"Jul 07, 1999",:5.83,:39%,:5.91,:56%,:0.15,:25%,:94%,:0.1,http://ufcstats.com/fighter-details/4148802ae4a50768
Jake Matthews,22-8-0,"5' 11""",170 lbs.,"73""",Orthodox,"Aug 19, 1994",:3.34,:43%,:2.62,:60%,:1.44,:41%,:64%,:0.8,http://ufcstats.com/fighter-details/a845f0735bc67405
Matthew Lopez,10-4-0,"5' 7""",135 lbs.,"69""",Southpaw,"Jan 21, 1987",:3.13,:50%,:3.73,:55%,:3.32,:60%,:71%,:1.3,http://ufcstats.com/fighter-details/2fc7e9701642ca38
Gadzhi Omargadzhiev,13-2-0,"6' 1""",170 lbs.,"71""",Switch,"Feb 24, 1993",:1.80,:39%,:2.20,:39%,:1.35,:30%,:60%,:0.5,http://ufcstats.com/fighter-details/684d3aee255a3d09
Mark Coleman,16-10-0,"6' 1""",205 lbs.,"75""",Orthodox,"Dec 20, 1964",:1.88,:52%,:2.62,:40%,:3.89,:40%,:50%,:0.8,http://ufcstats.com/fighter-details/21b8a0f5c231096f
Mayana Kellem,7-1-0,"5' 5""",135 lbs.,--,Orthodox,"Jul 07, 1981",:1.94,:22%,:2.90,:62%,:0.00,:0%,:0%,:0.0,http://ufcstats.com/fighter-details/c788481ae19e798d
David Michaud,11-3-0,"5' 9""",155 lbs.,--,Orthodox,"Nov 10, 1988",:3.25,:43%,:4.45,:54%,:2.53,:58%,:77%,:0.7,http://ufcstats.com/fighter-details/49f4b511932f71e9
Will Ribeiro,10-2-0,"5' 8""",135 lbs.,--,Orthodox,"Feb 17, 1983",:1.83,:28%,:1.64,:74%,:1.15,:100%,:50%,:2.9,http://ufcstats.com/fighter-details/8f4616698508f24d
Albert Cheng,7-4-0,"5' 11""",170 lbs.,--,Orthodox,"Feb 07, 1985",:1.00,:41%,:2.60,:71%,:0.00,:0%,:0%,:0.0,http://ufcstats.com/fighter-details/d8d7b24d276c8cb0
Makwan Amirkhani,17-9-0,"5' 10""",145 lbs.,"72""",Southpaw,"Nov 08, 1988",:1.33,:44%,:2.98,:46%,:3.96,:43%,:35%,:1.1,http://ufcstats.com/fighter-details/87a1dc546b1c5caf
Caio Bittencourt,14-7-0,"6' 0""",185 lbs.,"75""",Orthodox,"May 22, 1991",:0.29,:16%,:0.57,:33%,:0.00,:0%,:0%,:0.0,http://ufcstats.com/fighter-details/a653cb5eb4b39339
Reza Arianto,5-0-0,--,155 lbs.,--,,--,:0.00,:0%,:0.00,:0%,:0.00,:0%,:0%,:0.0,http://ufcstats.com/fighter-details/90063913321e7670
Antonio Rodrigo Nogueira,34-10-1 (1 NC),"6' 3""",240 lbs.,"77""",Orthodox,"Jun 02, 1976",:1.95,:42%,:2.40,:55%,:1.30,:29%,:36%,:2.4,http://ufcstats.com/fighter-details/ee9d73f4fee9cbdd
John Matua,1-4-0,"6' 2""",400 lbs.,--,Orthodox,--,:0.00,:0%,:0.00,:0%,:0.00,:0%,:0%,:0.0,http://ufcstats.com/fighter-details/c933d423ebdbbbdb
Askar Askar,11-1-0,"5' 7""",145 lbs.,"69""",Orthodox,"Aug 19, 1994",:0.00,:0%,:0.00,:0%,:0.00,:0%,:0%,:0.0,http://ufcstats.com/fighter-details/2abc414136504554
Justin Eilers,19-7-1,"6' 1""",235 lbs.,--,Orthodox,"Jun 28, 1978",:2.86,:43%,:5.66,:49%,:0.82,:25%,:50%,:0.0,http://ufcstats.com/fighter-details/27fc9218a3653e3c
Willie Gates,12-7-0,"5' 8""",125 lbs.,"72""",Orthodox,"Jan 21, 1987",:1.80,:38%,:4.28,:38%,:0.00,:0%,:67%,:0.4,http://ufcstats.com/fighter-details/6ded9184b2284645
Dashon Johnson,9-2-0,"5' 7""",145 lbs.,--,Orthodox,"Jan 25, 1988",:1.01,:69%,:3.83,:35%,:0.85,:33%,:63%,:0.8,http://ufcstats.com/fighter-details/36207c58e854cae5
Hyeonjong Song,8-1-0,--,135 lbs.,--,,"Apr 23, 2002",:0.00,:0%,:0.00,:0%,:0.00,:0%,:0%,:0.0,http://ufcstats.com/fighter-details/c5dc1bf9b78f262c
Ericka Almeida,7-3-0,"5' 6""",115 lbs.,--,Orthodox,"Mar 05, 1989",:1.07,:39%,:3.33,:43%,:0.50,:33%,:37%,:0.0,http://ufcstats.com/fighter-details/67a992d4cff22466
Idris Wasi,2-14-0,"6' 0""",186 lbs.,--,,"Dec 11, 1989",:0.40,:31%,:3.53,:46%,:0.00,:0%,:20%,:0.0,http://ufcstats.com/fighter-details/8a19676a3388845a
Dae Won Kim,11-7-0,"5' 11""",180 lbs.,--,Orthodox,"Nov 01, 1979",:1.75,:32%,:2.51,:36%,:3.43,:42%,:0%,:0.0,http://ufcstats.com/fighter-details/354808cf38d9d73c
Jacob Silva,6-4-0,"5' 5""",125 lbs.,"67""",Orthodox,"Feb 23, 1988",:4.17,:44%,:4.92,:56%,:1.51,:100%,:66%,:0.0,http://ufcstats.com/fighter-details/f6f2ea21a67be3a7
George Zuniga,3-1-0,"5' 9""",185 lbs.,--,,--,:7.64,:38%,:5.45,:37%,:0.00,:0%,:100%,:0.0,http://ufcstats.com/fighter-details/1291dd6b8ab4d952
Theo Haig,6-1-0,"6' 2""",185 lbs.,"77""",Orthodox,"Aug 23, 1996",:0.00,:0%,:28.33,:0%,:0.00,:0%,:0%,:0.0,http://ufcstats.com/fighter-details/8a213af406eb2dd4
Koji Kitao,1-2-0,"6' 7""",350 lbs.,--,Southpaw,"Oct 12, 1963",:0.00,:0%,:0.00,:0%,:0.00,:0%,:0%,:0.0,http://ufcstats.com/fighter-details/2a6f8136da1e52c0
Hugo Viana,8-4-0,"5' 6""",135 lbs.,"67""",Orthodox,"Sep 26, 1982",:3.05,:38%,:3.20,:57%,:0.22,:6%,:50%,:0.0,http://ufcstats.com/fighter-details/f95381efb3051d81
Blair Tugman,10-6-0,"6' 0""",135 lbs.,--,,--,:2.25,:53%,:0.93,:50%,:7.50,:60%,:0%,:0.0,http://ufcstats.com/fighter-details/63f8775391301891
Nate Smith,6-1-0,"5' 6""",125 lbs.,"69""",Switch,"Apr 09, 1995",:1.28,:38%,:2.04,:35%,:0.00,:0%,:33%,:2.3,http://ufcstats.com/fighter-details/0bbb69f69c9a2eea
Naoyuki Kotani,34-14-7,"5' 8""",155 lbs.,"66""",Southpaw,"Dec 08, 1981",:1.02,:31%,:2.89,:50%,:0.83,:16%,:46%,:0.8,http://ufcstats.com/fighter-details/bc8f6b42767e28df
Parker Porter,14-9-0,"6' 0""",265 lbs.,"75""",Orthodox,"Apr 22, 1985",:6.55,:50%,:6.32,:51%,:1.35,:26%,:66%,:0.5,http://ufcstats.com/fighter-details/ac40f7e3cbecdda4
Emily Fernandez,0-0-0,--,--,--,,--,:0.00,:0%,:0.00,:0%,:0.00,:0%,:0%,:0.0,http://ufcstats.com/fighter-details/7ee1babb99f30115
Alex Stiebling,19-11-1 (1 NC),"6' 2""",205 lbs.,--,Southpaw,"Dec 26, 1976",:1.77,:42%,:1.45,:52%,:0.35,:66%,:66%,:0.7,http://ufcstats.com/fighter-details/df5a77121ba84a5d
Eugenio Tadeu,2-3-0 (1 NC),"5' 8""",160 lbs.,--,Orthodox,"Aug 17, 1963",:0.00,:0%,:0.00,:0%,:0.00,:0%,:0%,:0.0,http://ufcstats.com/fighter-details/f70144caea5c4c80
Zviad Lazishvili,13-1-0,"5' 6""",135 lbs.,"69""",Orthodox,"Oct 25, 1991",:4.20,:39%,:6.13,:51%,:0.00,:0%,:0%,:0.0,http://ufcstats.com/fighter-details/41498c2d1a87b154
Klidson Abreu,15-4-0 (1 NC),"6' 0""",205 lbs.,"74""",Orthodox,"Dec 24, 1992",:2.05,:40%,:2.90,:55%,:0.64,:20%,:80%,:0.0,http://ufcstats.com/fighter-details/7279654c7674cd24
Asu Almabayev,22-3-0,"5' 4""",125 lbs.,"65""",Orthodox,"Jan 25, 1994",:2.16,:54%,:1.75,:52%,:4.66,:43%,:50%,:1.5,http://ufcstats.com/fighter-details/8d3273573b85be09
Movsar Evloev,19-0-0,"5' 7""",145 lbs.,"72""",Orthodox,"Feb 11, 1994",:3.99,:48%,:2.66,:60%,:4.67,:48%,:61%,:0.2,http://ufcstats.com/fighter-details/76e2870ffafbe38f
Marcio Barbosa,17-2-0,"5' 6""",145 lbs.,"70""",Orthodox,"May 22, 1998",:8.27,:47%,:7.56,:50%,:0.00,:0%,:100%,:0.0,http://ufcstats.com/fighter-details/c85bad793cd14e28
Rex Holman,4-2-0,"6' 3""",205 lbs.,--,Southpaw,--,:2.75,:34%,:7.25,:40%,:0.00,:0%,:100%,:0.0,http://ufcstats.com/fighter-details/b5ea750025697880
Humberto Brown Morrison,4-6-0,"5' 10""",145 lbs.,--,,"Nov 03, 1984",:1.71,:50%,:2.19,:62%,:1.43,:25%,:0%,:0.0,http://ufcstats.com/fighter-details/e9e7e1c8ff289e1b
Matt Frevola,11-5-1,"5' 9""",155 lbs.,"71""",Orthodox,"Jun 11, 1990",:3.37,:40%,:3.69,:57%,:2.39,:39%,:36%,:1.0,http://ufcstats.com/fighter-details/dccb63727f2f5f74
Enson Inoue,12-8-0,"5' 10""",210 lbs.,--,Orthodox,"Apr 15, 1967",:1.70,:63%,:1.88,:30%,:0.00,:0%,:33%,:0.0,http://ufcstats.com/fighter-details/0cf935519d439ba6
Luigi Fioravanti,26-15-0,"5' 8""",170 lbs.,"70""",Orthodox,"Jan 22, 1981",:2.23,:42%,:2.21,:69%,:3.76,:63%,:67%,:0.9,http://ufcstats.com/fighter-details/9583662df31d943f
Young Sam Jung,4-8-0,"5' 8""",139 lbs.,--,Orthodox,"Oct 27, 1985",:0.53,:9%,:2.79,:63%,:0.00,:0%,:0%,:2.0,http://ufcstats.com/fighter-details/13104eaed3ae96c3
MinWoo Kim,10-2-0,"5' 8""",135 lbs.,"72""",Orthodox,"Jul 21, 1993",:0.00,:0%,:0.00,:0%,:0.00,:0%,:0%,:0.0,http://ufcstats.com/fighter-details/6343a95f1d9e6a33
Jerome LeBanner,3-2-0,"6' 3""",265 lbs.,--,Southpaw,"Dec 26, 1972",:0.92,:35%,:1.03,:37%,:0.00,:0%,:50%,:0.0,http://ufcstats.com/fighter-details/2d0b10789feafddb
Muhammad Naimov,13-3-0,"5' 9""",145 lbs.,"70""",Orthodox,"Aug 07, 1994",:2.61,:40%,:3.45,:45%,:1.69,:36%,:67%,:0.2,http://ufcstats.com/fighter-details/8d11d9c13e2ccdf7
Chris Barnhizer,2-3-0,--,--,--,,--,:0.00,:0%,:0.00,:0%,:0.00,:0%,:0%,:0.0,http://ufcstats.com/fighter-details/91e69a1c3c87325b
Justin Patterson,9-3-0,"5' 10""",170 lbs.,--,,"Dec 07, 1985",:0.00,:0%,:0.00,:0%,:0.00,:0%,:0%,:0.0,http://ufcstats.com/fighter-details/2dc7c49cfaeb867c
Nick Klein,6-3-0,"6' 1""",185 lbs.,"77""",Orthodox,"Sep 08, 1995",:2.51,:56%,:3.41,:39%,:5.79,:35%,:66%,:1.9,http://ufcstats.com/fighter-details/7eaa5e31c2dd86aa
Bruno Souza,10-3-0,"5' 10""",145 lbs.,"70""",Orthodox,"Mar 07, 1996",:3.73,:39%,:5.30,:45%,:0.50,:16%,:60%,:0.0,http://ufcstats.com/fighter-details/0e5c4e72237461bb
Raja Shippen,18-11-1,"5' 6""",145 lbs.,--,,"Oct 07, 1986",:0.00,:0%,:0.00,:0%,:0.00,:0%,:0%,:0.0,http://ufcstats.com/fighter-details/d9e1942637bd57a4
Jalin Turner,14-9-0,"6' 3""",155 lbs.,"77""",Southpaw,"May 18, 1995",:5.53,:48%,:4.55,:41%,:0.77,:55%,:75%,:1.1,http://ufcstats.com/fighter-details/4d8fa64202cee4c1
Daniel Pereira,9-2-0,"5' 10""",185 lbs.,--,,"Dec 13, 1990",:0.00,:0%,:0.00,:0%,:0.00,:0%,:0%,:0.0,http://ufcstats.com/fighter-details/44f46b0592ca0814
Juan Diaz,14-1-1,--,135 lbs.,--,,"Jun 03, 1998",:0.00,:0%,:0.00,:0%,:0.00,:0%,:0%,:0.0,http://ufcstats.com/fighter-details/74939a16c7b56f33
Markus Perez,12-5-0,"6' 1""",185 lbs.,"73""",Orthodox,"Jun 22, 1988",:2.60,:47%,:3.72,:52%,:0.81,:25%,:77%,:1.0,http://ufcstats.com/fighter-details/2ac4628c08ec5125
Brandon Shuey,7-6-0,"5' 7""",155 lbs.,--,Orthodox,"Feb 01, 1976",:0.68,:33%,:1.36,:0%,:0.00,:0%,:0%,:10.2,http://ufcstats.com/fighter-details/585f9ffdb0cd0466
Tony Fryklund,14-9-1,"6' 0""",185 lbs.,--,Orthodox,"Mar 26, 1971",:3.49,:39%,:6.50,:43%,:0.00,:0%,:66%,:0.5,http://ufcstats.com/fighter-details/253de74457bd6374
Kurtis Campbell,8-0-0,"5' 9""",145 lbs.,"72""",Switch,"Jul 29, 2002",:5.25,:77%,:1.50,:60%,:22.50,:40%,:100%,:0.0,http://ufcstats.com/fighter-details/9d51798e61f2e0c7
Megan Anderson,11-5-0,"6' 0""",145 lbs.,"72""",Orthodox,"Feb 11, 1990",:1.76,:46%,:3.35,:37%,:0.52,:25%,:53%,:0.5,http://ufcstats.com/fighter-details/a0e75f4a13eb73f1
Nikita Krylov,30-11-0,"6' 3""",205 lbs.,"77""",Orthodox,"Mar 07, 1992",:4.31,:54%,:2.58,:44%,:2.17,:38%,:53%,:1.4,http://ufcstats.com/fighter-details/1091d4d957141094
Robert Sanchez,8-2-0,"5' 6""",125 lbs.,"66""",Orthodox,"Mar 05, 1986",:0.96,:40%,:1.78,:46%,:3.61,:62%,:50%,:0.7,http://ufcstats.com/fighter-details/546f8599a63c29da
Daniel Spitz,6-3-0,"6' 7""",245 lbs.,"82""",Orthodox,"Jul 31, 1990",:2.60,:35%,:5.30,:46%,:0.74,:66%,:0%,:0.0,http://ufcstats.com/fighter-details/f86cb5f25d545e0e
Rama Supandhi,8-4-0,"5' 5""",125 lbs.,"66""",Southpaw,"Nov 07, 1991",:2.20,:42%,:3.53,:48%,:1.00,:11%,:0%,:0.0,http://ufcstats.com/fighter-details/6d537248fe7cccf1
Adam Hunter,7-1-0,"6' 1""",185 lbs.,--,Orthodox,"Oct 16, 1983",:0.00,:0%,:0.00,:0%,:0.00,:0%,:0%,:0.0,http://ufcstats.com/fighter-details/edc9eb3051f444fa
Sean Alvarez,4-3-0,"6' 0""",235 lbs.,--,Orthodox,"Jul 14, 1971",:0.89,:37%,:3.25,:47%,:0.00,:0%,:0%,:0.0,http://ufcstats.com/fighter-details/e741536153227386
Stephanie Luciano,6-2-1,"5' 6""",115 lbs.,"65""",Orthodox,"Dec 16, 1999",:5.36,:41%,:3.38,:61%,:0.67,:66%,:80%,:0.0,http://ufcstats.com/fighter-details/1b35af4d1529adf6
Nick Garcia,8-3-0 (1 NC),"5' 4""",125 lbs.,--,,--,:0.67,:25%,:3.03,:50%,:0.00,:0%,:83%,:5.1,http://ufcstats.com/fighter-details/8a04d94dfcfab159
Cody Law,9-2-0,--,145 lbs.,--,,"Mar 24, 1995",:0.00,:0%,:0.00,:0%,:0.00,:0%,:0%,:0.0,http://ufcstats.com/fighter-details/e3162dbdbfd78287
Alex Serdyukov,8-5-0,"6' 2""",170 lbs.,"74""",Orthodox,"May 24, 1980",:4.94,:48%,:3.10,:46%,:1.84,:55%,:67%,:1.8,http://ufcstats.com/fighter-details/253d3f9e97ca149a
Tom Aaron,5-3-0,--,155 lbs.,--,,"Jul 13, 1978",:0.00,:0%,:0.00,:0%,:0.00,:0%,:0%,:0.0,http://ufcstats.com/fighter-details/93fe7332d16c6ad9
Ricardo Almeida,13-5-0,"6' 0""",170 lbs.,"74""",Orthodox,"Nov 29, 1976",:2.02,:49%,:1.20,:61%,:3.74,:38%,:31%,:1.2,http://ufcstats.com/fighter-details/91186547a7f3f758
Ray Routh,2-1-0,"5' 8""",185 lbs.,--,Orthodox,--,:0.54,:21%,:3.22,:28%,:2.69,:33%,:0%,:0.0,http://ufcstats.com/fighter-details/cba3a2dfbc06ce79
Darren Elkins,29-12-0,"5' 10""",145 lbs.,"71""",Orthodox,"May 16, 1984",:3.40,:38%,:3.34,:51%,:2.87,:34%,:56%,:1.1,http://ufcstats.com/fighter-details/92a9aa9c93192871
Don Madge,9-3-1,"6' 0""",155 lbs.,"72""",Southpaw,"Nov 12, 1990",:2.08,:52%,:0.74,:67%,:2.22,:25%,:80%,:0.7,http://ufcstats.com/fighter-details/68c7ad953455c73f
Tyson Pedro,10-5-0,"6' 3""",205 lbs.,"79""",Orthodox,"Sep 17, 1991",:2.90,:59%,:2.39,:56%,:0.76,:30%,:50%,:0.8,http://ufcstats.com/fighter-details/49e96ff8ab781589
Gabriel Santos,12-2-0,"5' 9""",145 lbs.,"70""",Orthodox,"Nov 28, 1996",:4.35,:60%,:4.31,:45%,:3.80,:54%,:87%,:1.2,http://ufcstats.com/fighter-details/f2f140ce7532e327
Abel Cullum,20-6-0,"5' 7""",139 lbs.,--,Orthodox,"Apr 21, 1987",:1.82,:40%,:1.23,:46%,:4.01,:52%,:0%,:2.8,http://ufcstats.com/fighter-details/2f8f3c69522db931
Mackenzie Dern,15-5-0,"5' 4""",115 lbs.,"63""",Orthodox,"Mar 24, 1993",:3.31,:40%,:3.90,:52%,:0.89,:17%,:25%,:1.2,http://ufcstats.com/fighter-details/7447e9f28508106a
Marcelo Guimaraes,9-2-1,"6' 0""",185 lbs.,"73""",Orthodox,"Jun 25, 1983",:4.67,:51%,:4.41,:62%,:1.99,:13%,:0%,:0.0,http://ufcstats.com/fighter-details/0c9c0a43d3f3f49d
Matt Secor,8-4-0,"6' 0""",170 lbs.,--,,"Sep 26, 1986",:0.51,:20%,:0.81,:50%,:3.03,:100%,:0%,:3.0,http://ufcstats.com/fighter-details/d1ce40aca99a9b70
Zoila Frausto,13-5-0,"5' 4""",135 lbs.,--,Orthodox,"Dec 10, 1983",:0.77,:31%,:1.64,:53%,:0.00,:0%,:57%,:0.0,http://ufcstats.com/fighter-details/040d3b4c735541aa
Devin Clark,14-9-0,"6' 0""",205 lbs.,"75""",Orthodox,"Apr 12, 1990",:3.03,:54%,:3.24,:44%,:2.17,:32%,:58%,:0.1,http://ufcstats.com/fighter-details/cc7040fe76f0ef91
Kris McCray,8-5-0,"6' 0""",170 lbs.,"76""",Orthodox,"Sep 24, 1981",:2.69,:45%,:2.57,:54%,:2.88,:55%,:38%,:0.0,http://ufcstats.com/fighter-details/baed16f18348908e
Nicholas Sergiacomi,1-1-0,--,170 lbs.,--,,--,:4.38,:55%,:3.94,:59%,:0.00,:0%,:0%,:0.0,http://ufcstats.com/fighter-details/efab191f204ffa17
Charon Spain,14-26-0,"5' 9""",155 lbs.,--,,"Mar 11, 1988",:0.00,:0%,:0.00,:0%,:0.00,:0%,:0%,:0.0,http://ufcstats.com/fighter-details/c278e8843b8abfec
Torrez Finney,11-0-0,"5' 8""",185 lbs.,"75""",Orthodox,"Oct 24, 1998",:1.77,:68%,:1.74,:48%,:9.31,:60%,:0%,:1.1,http://ufcstats.com/fighter-details/fbb60f24af5d5a02
Yuri Vaulin,0-1-0,"6' 4""",197 lbs.,--,Southpaw,"Sep 13, 1963",:0.00,:0%,:0.00,:0%,:0.00,:0%,:0%,:0.0,http://ufcstats.com/fighter-details/4679a38cced7c64a
Ricky Camp,11-4-0,"5' 7""",135 lbs.,--,,--,:0.00,:0%,:0.00,:0%,:0.00,:0%,:0%,:0.0,http://ufcstats.com/fighter-details/4a99978a0366bb29
Ryan Bastianelli,6-7-0 (1 NC),"5' 5""",135 lbs.,--,,"Sep 07, 1979",:0.00,:0%,:0.00,:0%,:0.00,:0%,:0%,:0.0,http://ufcstats.com/fighter-details/29508aff4d93cbbe
Anthony Hernandez,15-2-0 (1 NC),"6' 0""",185 lbs.,"75""",Orthodox,"Oct 18, 1993",:4.59,:62%,:2.53,:49%,:6.46,:48%,:68%,:1.8,http://ufcstats.com/fighter-details/093e1f5bb73850be
Kailan Hill,4-1-0 (1 NC),"6' 1""",185 lbs.,"77""",Southpaw,"Dec 01, 1994",:2.60,:53%,:4.80,:37%,:3.00,:42%,:0%,:0.0,http://ufcstats.com/fighter-details/bc7efc037c5f6550
Shavkat Rakhmonov,19-0-0,"6' 1""",170 lbs.,"77""",Orthodox,"Oct 23, 1994",:3.25,:60%,:2.17,:51%,:1.40,:25%,:85%,:1.2,http://ufcstats.com/fighter-details/01afe0916a40c7c5
Stephanie Egger,8-5-0,"5' 6""",135 lbs.,"68""",Orthodox,"Aug 12, 1988",:2.20,:46%,:2.48,:52%,:2.48,:42%,:50%,:0.6,http://ufcstats.com/fighter-details/5e6294b37bbef029
Robert Drysdale,7-0-0 (1 NC),"6' 3""",205 lbs.,--,Orthodox,"Oct 05, 1981",:0.00,:0%,:0.00,:0%,:7.32,:100%,:0%,:21.9,http://ufcstats.com/fighter-details/d2a9be6bf2de624c
Andre Walker,1-5-0,"5' 11""",205 lbs.,--,Southpaw,"Nov 22, 1972",:2.28,:31%,:4.36,:34%,:0.00,:0%,:0%,:0.0,http://ufcstats.com/fighter-details/18944a1a6ac1becf
Matt Hamill,12-8-0,"6' 1""",205 lbs.,"76""",Orthodox,"Oct 05, 1976",:3.69,:42%,:3.80,:61%,:3.00,:34%,:91%,:0.0,http://ufcstats.com/fighter-details/98b80a717b9bda17
Courtney Buck,12-11-0,"5' 10""",135 lbs.,--,Orthodox,"Mar 19, 1982",:1.49,:28%,:3.24,:54%,:0.00,:0%,:33%,:0.0,http://ufcstats.com/fighter-details/3feed7d02711d8b7
Austen Lane,13-7-0 (1 NC),"6' 6""",245 lbs.,"80""",Orthodox,"Nov 09, 1987",:2.74,:50%,:2.23,:40%,:1.52,:28%,:33%,:0.0,http://ufcstats.com/fighter-details/be9bdec19b7e9ffe
Justin Burlinson,6-1-0,"6' 1""",170 lbs.,"74""",Switch,"May 19, 1997",:1.24,:40%,:3.09,:61%,:0.00,:0%,:100%,:9.3,http://ufcstats.com/fighter-details/dadd80ef954e54ed
Travis Lutter,10-6-0,"5' 11""",185 lbs.,"75""",Orthodox,"May 12, 1973",:0.41,:32%,:2.42,:42%,:1.95,:24%,:30%,:0.7,http://ufcstats.com/fighter-details/622f015c81a9b13a
Akira Shoji,14-17-5,"5' 8""",195 lbs.,--,Orthodox,"Jan 31, 1974",:1.03,:34%,:2.63,:53%,:1.79,:73%,:82%,:0.4,http://ufcstats.com/fighter-details/b0c95dc8e858452c
Peter Sobotta,17-7-1,"6' 0""",170 lbs.,"75""",Southpaw,"Jan 11, 1987",:2.14,:40%,:2.90,:58%,:1.53,:32%,:77%,:0.5,http://ufcstats.com/fighter-details/1fcfc3709fe58151
Megumi Fujii,26-3-0,"5' 3""",113 lbs.,--,,"Apr 26, 1974",:2.40,:42%,:0.00,:100%,:0.00,:0%,:0%,:12.0,http://ufcstats.com/fighter-details/fb6c531726447ff3
YunSeong Jang,7-2-0,"6' 0""",170 lbs.,"72""",Orthodox,"Nov 04, 2002",:2.53,:41%,:4.13,:51%,:2.00,:50%,:90%,:0.0,http://ufcstats.com/fighter-details/c7b0081edfef4bc7
Brad Riddell,10-4-0,"5' 7""",155 lbs.,"71""",Orthodox,"Sep 30, 1991",:4.71,:53%,:3.53,:53%,:1.77,:36%,:63%,:0.0,http://ufcstats.com/fighter-details/37ed1ab2f8b819f4
Dan Moret,13-6-0,"6' 0""",155 lbs.,"73""",Southpaw,"Nov 21, 1986",:2.67,:43%,:3.56,:43%,:1.25,:27%,:45%,:0.4,http://ufcstats.com/fighter-details/66e98b3bb5fc5250
Paddy Holohan,12-2-1,"5' 10""",125 lbs.,"69""",Orthodox,"May 03, 1988",:2.13,:46%,:2.81,:46%,:2.88,:47%,:71%,:1.3,http://ufcstats.com/fighter-details/6e7c758f5cdec01a
Jeremy Stephens,28-20-0 (1 NC),"5' 9""",155 lbs.,"71""",Orthodox,"May 25, 1986",:3.15,:40%,:3.14,:58%,:1.11,:38%,:62%,:0.4,http://ufcstats.com/fighter-details/18968f97ad34f15c
Cain Carrizosa,10-3-0,"5' 8""",155 lbs.,--,Orthodox,"Jul 22, 1986",:2.72,:42%,:5.80,:51%,:0.00,:0%,:14%,:0.0,http://ufcstats.com/fighter-details/064b7dc68d786254
Rafaello Oliveira,17-8-0,"5' 8""",155 lbs.,"71""",Orthodox,"Jan 26, 1982",:2.19,:33%,:3.38,:59%,:2.49,:36%,:11%,:1.6,http://ufcstats.com/fighter-details/15b1b21cd743d652
Michel Pereira,31-14-0 (2 NC),"6' 1""",185 lbs.,"73""",Orthodox,"Oct 06, 1993",:4.49,:52%,:4.35,:51%,:1.13,:52%,:76%,:0.7,http://ufcstats.com/fighter-details/595db60957de51d3
Jianping Yang,11-4-1,"5' 7""",145 lbs.,--,Orthodox,"Nov 27, 1988",:1.40,:26%,:2.07,:65%,:1.00,:25%,:33%,:0.0,http://ufcstats.com/fighter-details/d3c554d6e11fc9d6
Anthony Adams,8-2-0,"6' 1""",185 lbs.,"76""",Orthodox,"Jan 13, 1988",:3.17,:41%,:5.93,:44%,:0.00,:0%,:0%,:0.0,http://ufcstats.com/fighter-details/a77633a989013265
Brett Albee,3-2-0,--,225 lbs.,--,,--,:0.00,:0%,:0.00,:0%,:0.00,:0%,:0%,:0.0,http://ufcstats.com/fighter-details/9b28292abe3166d5
Ken Stone,11-4-0,"5' 8""",135 lbs.,"71""",Southpaw,"Oct 08, 1982",:3.85,:49%,:2.90,:48%,:1.24,:33%,:60%,:0.6,http://ufcstats.com/fighter-details/fbf0947399d14323
Viacheslav Borshchev,8-6-1,"5' 11""",155 lbs.,"69""",Orthodox,"Jan 08, 1992",:5.22,:54%,:4.73,:57%,:0.00,:0%,:42%,:0.1,http://ufcstats.com/fighter-details/19c591115a58982c
CJ Keith,8-4-0,"6' 0""",155 lbs.,--,Orthodox,"Aug 09, 1986",:0.86,:50%,:1.82,:50%,:0.00,:0%,:62%,:0.0,http://ufcstats.com/fighter-details/c0eecd851dbf3146
Jeff Newton,4-2-0,"6' 2""",205 lbs.,--,Sideways,"Dec 11, 1966",:0.28,:20%,:1.41,:52%,:0.00,:0%,:0%,:8.5,http://ufcstats.com/fighter-details/94609dd91731d428
Mats Nilsson,11-4-1,"6' 1""",170 lbs.,--,Orthodox,"Dec 05, 1983",:2.99,:39%,:5.62,:63%,:3.87,:83%,:44%,:2.3,http://ufcstats.com/fighter-details/a9bcf8717dd12532
Zachary Micklewright,15-3-0,"6' 0""",155 lbs.,"74""",Southpaw,"Aug 21, 1976",:5.56,:53%,:4.72,:54%,:0.70,:12%,:100%,:0.0,http://ufcstats.com/fighter-details/a36a14985a57a1c6
Lina Kvokov,0-3-0,"5' 9""",135 lbs.,--,Orthodox,--,:2.31,:30%,:12.12,:19%,:0.00,:0%,:0%,:0.0,http://ufcstats.com/fighter-details/843dd76c50cae0f6
Mike Bronzoulis,18-9-1,"6' 0""",155 lbs.,--,,"Jan 05, 1979",:1.13,:34%,:2.54,:37%,:0.00,:0%,:33%,:0.0,http://ufcstats.com/fighter-details/df3c39573d01f55b
Emily Whitmire,4-5-0,"5' 5""",125 lbs.,"63""",Orthodox,"May 24, 1991",:2.50,:31%,:2.98,:54%,:1.90,:66%,:70%,:0.5,http://ufcstats.com/fighter-details/b3d21b2610dcfaeb
Dustin Moore,0-2-0,"5' 4""",125 lbs.,--,,--,:0.00,:0%,:0.00,:0%,:0.00,:0%,:0%,:0.0,http://ufcstats.com/fighter-details/831de97afe326478
Yuya Shirai,26-14-2,"5' 8""",168 lbs.,--,Orthodox,"Apr 02, 1980",:1.02,:100%,:4.07,:55%,:0.00,:0%,:0%,:0.0,http://ufcstats.com/fighter-details/a79bfbc01b2264d6
Shinsho Anzai,10-3-0,"5' 7""",170 lbs.,"70""",Orthodox,"Dec 01, 1985",:3.23,:58%,:3.75,:45%,:1.83,:16%,:75%,:0.0,http://ufcstats.com/fighter-details/4665f9f909cd7214
Umar Nurmagomedov,18-1-0,"5' 8""",135 lbs.,"69""",Orthodox,"Jan 03, 1996",:4.38,:57%,:2.15,:60%,:3.26,:39%,:78%,:0.3,http://ufcstats.com/fighter-details/2b6fc1c02736833d
Antonio Monteiro,17-5-1 (1 NC),"5' 7""",145 lbs.,"70""",Orthodox,"Jul 02, 1995",:3.93,:49%,:8.33,:33%,:1.00,:33%,:66%,:1.0,http://ufcstats.com/fighter-details/3e38b1ea16bd4d86
Eugene Jackson,15-9-1,"5' 8""",185 lbs.,--,Orthodox,"Sep 23, 1966",:2.19,:33%,:3.44,:32%,:1.91,:71%,:16%,:2.3,http://ufcstats.com/fighter-details/ce783bf73b5131f9
Mohamed Ado,5-1-0,"5' 11""",170 lbs.,"76""",Switch,"May 03, 2000",:1.66,:83%,:0.33,:75%,:4.97,:50%,:50%,:5.0,http://ufcstats.com/fighter-details/7a846fcbf182a7c8
Katsuaki Furuki,1-1-0,"6' 0""",168 lbs.,--,,"Nov 10, 1980",:0.27,:10%,:2.67,:39%,:0.00,:0%,:0%,:3.0,http://ufcstats.com/fighter-details/c3e2eca94b2320bc
Emanuel Newton,26-12-1,"6' 1""",205 lbs.,--,,"Jan 02, 1984",:1.92,:49%,:1.35,:51%,:2.02,:100%,:0%,:0.0,http://ufcstats.com/fighter-details/fbbbc68d368832fa
Karl Reed,6-1-0,"6' 3""",205 lbs.,"78""",Orthodox,"Oct 27, 1988",:2.04,:44%,:3.84,:38%,:1.06,:22%,:53%,:0.0,http://ufcstats.com/fighter-details/11337d069261bf3a
Danillo Villefort,15-5-0,"6' 1""",185 lbs.,--,Orthodox,"May 08, 1983",:2.86,:37%,:2.40,:68%,:1.71,:66%,:33%,:1.7,http://ufcstats.com/fighter-details/fd87b1bbfcde9d5e
Mitch Gagnon,12-5-0,"5' 5""",135 lbs.,"65""",Southpaw,"Oct 10, 1984",:2.76,:46%,:2.21,:61%,:1.16,:25%,:65%,:1.9,http://ufcstats.com/fighter-details/b8592b4a383696cd
Peter Barrett,11-5-0,"5' 10""",145 lbs.,"73""",Southpaw,"Aug 10, 1986",:4.18,:61%,:4.32,:42%,:1.39,:22%,:66%,:0.0,http://ufcstats.com/fighter-details/d21113c9ff3788ae
Phil Cardella,8-5-0,"5' 11""",155 lbs.,--,,"Jul 09, 1976",:2.47,:50%,:2.00,:57%,:0.00,:0%,:11%,:2.5,http://ufcstats.com/fighter-details/f6a7b02c42e9fc5b
Jin Aoi,14-6-1,"5' 6""",145 lbs.,"68""",Orthodox,"Jan 21, 1997",:1.60,:29%,:5.80,:51%,:0.00,:0%,:71%,:0.0,http://ufcstats.com/fighter-details/031da10a00c8ccd4
Seth Baczynski,20-14-0,"6' 3""",170 lbs.,"75""",Orthodox,"Oct 26, 1981",:3.08,:31%,:3.14,:51%,:0.89,:16%,:48%,:0.8,http://ufcstats.com/fighter-details/fd5b6598a3b70c0a
Chris Horodecki,21-7-1 (1 NC),"5' 9""",155 lbs.,"69""",Orthodox,"Sep 24, 1987",:4.59,:41%,:3.16,:65%,:1.52,:55%,:37%,:0.9,http://ufcstats.com/fighter-details/e29cf523ebd155c5
Brooke Mayo,0-1-0,"5' 7""",125 lbs.,--,,--,:1.92,:34%,:3.20,:63%,:3.20,:60%,:0%,:2.1,http://ufcstats.com/fighter-details/1b41c21d947d6f2f
Francisco Rivera,11-7-0 (1 NC),"5' 8""",135 lbs.,"70""",Orthodox,"Oct 08, 1981",:4.07,:41%,:3.16,:68%,:1.01,:63%,:68%,:0.6,http://ufcstats.com/fighter-details/7ea4a9f07df33a45
Vicente Luque,23-11-1,"5' 11""",170 lbs.,"75""",Orthodox,"Nov 27, 1991",:5.02,:51%,:5.25,:52%,:0.97,:51%,:61%,:0.7,http://ufcstats.com/fighter-details/6d4b63c767106d3a
Scott Holtzman,14-6-0,"5' 9""",155 lbs.,"69""",Orthodox,"Sep 30, 1983",:4.32,:47%,:3.66,:55%,:1.88,:56%,:67%,:0.2,http://ufcstats.com/fighter-details/df1eb4354d18a906
Casey O'Neill,10-2-0,"5' 6""",125 lbs.,"69""",Orthodox,"Oct 07, 1997",:7.89,:52%,:5.65,:57%,:1.45,:34%,:70%,:0.7,http://ufcstats.com/fighter-details/04835018f90b118c
Mateusz Rebecki,20-3-0,"5' 7""",155 lbs.,"66""",Southpaw,"Nov 03, 1992",:5.29,:46%,:4.53,:55%,:3.46,:65%,:50%,:0.6,http://ufcstats.com/fighter-details/849c5d9979df5357
Tom Watson,17-9-0,"6' 1""",185 lbs.,"73""",Orthodox,"Jul 13, 1982",:4.01,:44%,:4.41,:50%,:0.15,:7%,:43%,:0.0,http://ufcstats.com/fighter-details/6809c31286b08d97
Jafel Filho,16-4-0,"5' 7""",125 lbs.,"68""",Orthodox,"May 05, 1993",:1.92,:41%,:1.63,:47%,:2.45,:42%,:66%,:2.1,http://ufcstats.com/fighter-details/65adf3856c4d9256
Zhang Lipeng,23-9-1,"5' 11""",155 lbs.,"71""",Southpaw,"Mar 10, 1990",:1.28,:48%,:1.88,:53%,:1.75,:30%,:69%,:0.8,http://ufcstats.com/fighter-details/7b310409440c9102
Chris Sanford,5-1-0,"5' 11""",185 lbs.,--,Orthodox,"Mar 12, 1968",:0.23,:50%,:3.22,:17%,:0.00,:0%,:0%,:3.5,http://ufcstats.com/fighter-details/29f935654825331b
Raphael Pessoa,10-2-0,"6' 3""",262 lbs.,"78""",Orthodox,"Mar 09, 1989",:2.16,:26%,:3.43,:42%,:0.00,:0%,:100%,:0.0,http://ufcstats.com/fighter-details/41f90012b86a11bf
JP Buys,9-6-0,"5' 5""",135 lbs.,"67""",Orthodox,"Apr 30, 1996",:1.88,:39%,:3.02,:40%,:1.55,:25%,:25%,:2.3,http://ufcstats.com/fighter-details/0b362247806341e5
Gilbert Yvel,39-16-1 (1 NC),"6' 2""",225 lbs.,"77""",Orthodox,"Jun 30, 1976",:1.05,:47%,:1.78,:50%,:0.00,:0%,:25%,:1.0,http://ufcstats.com/fighter-details/d29b5c4f22c6357d
Benson Henderson,24-7-0,"5' 9""",170 lbs.,"70""",Southpaw,"Nov 16, 1983",:2.93,:45%,:1.79,:63%,:2.40,:45%,:63%,:0.8,http://ufcstats.com/fighter-details/2676b28836a5a836
Justin Jones,9-2-0,"5' 11""",185 lbs.,--,Orthodox,"Sep 06, 1987",:1.70,:36%,:3.17,:45%,:1.00,:15%,:46%,:0.5,http://ufcstats.com/fighter-details/9b75954db8db2a08
Ben Nguyen,16-8-0,"5' 5""",125 lbs.,"65""",Switch,"Aug 03, 1988",:3.51,:40%,:3.01,:59%,:0.25,:33%,:63%,:1.0,http://ufcstats.com/fighter-details/840d2c82ea68b9aa
Tito Ortiz,19-12-1,"6' 3""",205 lbs.,"74""",Orthodox,"Jan 23, 1975",:2.59,:46%,:2.88,:60%,:2.47,:35%,:54%,:0.6,http://ufcstats.com/fighter-details/2f732dd9210d301f
Chris Bostick,6-3-0,--,--,--,,--,:0.00,:0%,:0.00,:0%,:0.00,:0%,:0%,:0.0,http://ufcstats.com/fighter-details/239224bedeb2c7a4
Jon Murphy,6-4-0,"6' 3""",260 lbs.,--,Orthodox,"Aug 09, 1977",:3.93,:66%,:8.85,:43%,:0.00,:0%,:0%,:0.0,http://ufcstats.com/fighter-details/1b5c146ee7b86e34
Shin Haraguchi,8-2-0 (1 NC),"5' 5""",145 lbs.,"68""",Switch,"Nov 27, 1998",:2.02,:63%,:1.84,:43%,:12.32,:51%,:0%,:0.0,http://ufcstats.com/fighter-details/05b17ae24e6bba81
Joao Paulo Faria,1-1-0,"5' 9""",155 lbs.,--,,--,:6.69,:64%,:2.09,:85%,:1.25,:50%,:0%,:1.2,http://ufcstats.com/fighter-details/04e9955f33e0c267
Dan Ige,19-10-0,"5' 7""",145 lbs.,"71""",Orthodox,"Aug 06, 1991",:3.64,:45%,:3.56,:56%,:0.89,:25%,:56%,:0.2,http://ufcstats.com/fighter-details/82a5152216251682
Deni Daffa,6-2-0,"6' 0""",155 lbs.,"74""",Orthodox,"Sep 08, 1999",:3.47,:38%,:6.45,:38%,:0.00,:0%,:0%,:0.0,http://ufcstats.com/fighter-details/d28bef63e7d8d536
Eduardo Dantas,20-4-0,"5' 10""",135 lbs.,--,,"Feb 03, 1989",:3.33,:60%,:3.00,:60%,:4.00,:23%,:100%,:0.0,http://ufcstats.com/fighter-details/676a2e5ec4d7338c
Mario Piazzon,8-0-0,"5' 9""",265 lbs.,"73""",Orthodox,"Apr 06, 1998",:1.35,:73%,:1.16,:40%,:18.87,:50%,:50%,:0.0,http://ufcstats.com/fighter-details/44f234a36324e6c8
Bojan Velickovic,15-6-1,"6' 0""",170 lbs.,"76""",Southpaw,"Dec 18, 1988",:2.18,:34%,:2.31,:57%,:0.67,:25%,:55%,:0.5,http://ufcstats.com/fighter-details/fcce75a25c14a804
Frederick Brown,3-2-0,"6' 0""",235 lbs.,--,,--,:0.00,:0%,:0.00,:0%,:0.00,:0%,:0%,:0.0,http://ufcstats.com/fighter-details/880c6b788266a3ef
Michael Aswell Jr.,10-3-0,"5' 8""",145 lbs.,"69""",Orthodox,"Sep 27, 2000",:9.10,:44%,:7.93,:54%,:0.00,:0%,:57%,:0.0,http://ufcstats.com/fighter-details/01c9e4013afce141
Reza Madadi,14-6-0,"5' 11""",155 lbs.,"73""",Orthodox,"Jun 20, 1978",:2.51,:46%,:3.31,:66%,:3.17,:33%,:89%,:0.5,http://ufcstats.com/fighter-details/e25bcbcdaf6537a1
Xue Do Won,0-1-0,"5' 7""",165 lbs.,--,,--,:0.00,:0%,:0.00,:0%,:0.00,:0%,:0%,:0.0,http://ufcstats.com/fighter-details/daa89f01e1c0f42a
Matt Lee,14-10-1,"5' 11""",155 lbs.,--,Orthodox,"Jul 09, 1971",:0.00,:0%,:9.68,:21%,:0.00,:0%,:0%,:0.0,http://ufcstats.com/fighter-details/d9e3743bae8d703d
Kai Kara-France,25-12-0 (1 NC),"5' 4""",125 lbs.,"69""",Orthodox,"Mar 26, 1993",:4.46,:40%,:3.24,:64%,:0.56,:30%,:83%,:0.0,http://ufcstats.com/fighter-details/853eb0dd5c0e2149
Mana Martinez,10-4-0,"5' 10""",135 lbs.,"70""",Orthodox,"Mar 25, 1996",:4.33,:48%,:4.94,:50%,:0.72,:42%,:25%,:0.5,http://ufcstats.com/fighter-details/c0386644627a7ee5
Sherrard Blackledge,5-1-0,"5' 11""",155 lbs.,"75""",Orthodox,"Aug 16, 1993",:3.70,:49%,:3.13,:55%,:4.00,:33%,:42%,:0.0,http://ufcstats.com/fighter-details/0e5c79b3594ff0ad
Ailin Perez,12-2-0,"5' 5""",135 lbs.,"66""",Switch,"Oct 05, 1994",:3.10,:54%,:1.79,:55%,:4.68,:46%,:66%,:0.2,http://ufcstats.com/fighter-details/06e4245d16fc5315
Victor Valimaki,18-10-0,"6' 0""",205 lbs.,--,Orthodox,"Dec 17, 1981",:3.94,:30%,:2.99,:67%,:0.90,:14%,:0%,:0.0,http://ufcstats.com/fighter-details/663b76da637402c3
Randall Wallace,15-6-0,"5' 11""",185 lbs.,"73""",Orthodox,"Mar 01, 1989",:1.13,:38%,:4.11,:45%,:2.13,:50%,:0%,:0.0,http://ufcstats.com/fighter-details/95cf6be9071e68b0
Francisco Figueiredo,13-5-1 (1 NC),"5' 6""",125 lbs.,"68""",Southpaw,"Oct 23, 1989",:2.04,:61%,:2.59,:61%,:2.51,:75%,:76%,:0.4,http://ufcstats.com/fighter-details/cdadae5363b66eef
Nassourdine Imavov,17-4-0 (1 NC),"6' 3""",185 lbs.,"75""",Orthodox,"Mar 01, 1996",:4.28,:54%,:3.17,:58%,:0.74,:32%,:81%,:1.0,http://ufcstats.com/fighter-details/881bf86d4cba8578
Ben Lagman,6-5-0,"6' 2""",185 lbs.,--,,"Sep 04, 1986",:0.00,:0%,:0.00,:0%,:0.00,:0%,:0%,:0.0,http://ufcstats.com/fighter-details/b40e65d71a8d4ce5
Jack Cartwright,10-1-0,"5' 9""",135 lbs.,"68""",Orthodox,"May 26, 1994",:0.80,:38%,:3.33,:29%,:6.00,:66%,:0%,:2.0,http://ufcstats.com/fighter-details/1f592bfefb0d62a3
Tony Sims,12-4-0,"5' 11""",155 lbs.,"70""",Southpaw,"Oct 14, 1985",:1.81,:63%,:0.76,:65%,:0.71,:50%,:50%,:0.7,http://ufcstats.com/fighter-details/57bad6a84230f0c9
Mairbek Taisumov,27-6-0,"5' 9""",155 lbs.,"73""",Orthodox,"Aug 08, 1988",:2.98,:39%,:3.03,:64%,:1.34,:63%,:88%,:0.0,http://ufcstats.com/fighter-details/8f5c8850b2484173
Wes Albritton,0-1-0,"5' 10""",188 lbs.,--,Orthodox,--,:0.00,:0%,:0.00,:0%,:0.00,:0%,:0%,:0.0,http://ufcstats.com/fighter-details/184b955181bdef52
Logan Nail,1-1-0,--,185 lbs.,--,,"Jun 20, 1989",:1.93,:51%,:2.27,:39%,:0.00,:0%,:37%,:0.0,http://ufcstats.com/fighter-details/47e0b5833e6bc91a
Danny Barlow,9-1-0,"6' 2""",185 lbs.,"79""",Southpaw,"Aug 02, 1995",:5.62,:50%,:3.70,:51%,:0.00,:0%,:100%,:0.0,http://ufcstats.com/fighter-details/b7c5eb7cdbac6a63
Kyle Dietz,5-2-0,"5' 8""",135 lbs.,--,Orthodox,"Apr 29, 1986",:1.82,:45%,:2.08,:62%,:0.00,:0%,:0%,:0.0,http://ufcstats.com/fighter-details/31da66df48c0c1a0
Dylan Salvador,5-2-0,"5' 9""",155 lbs.,"69""",Southpaw,"May 20, 1993",:4.34,:37%,:11.57,:46%,:0.00,:0%,:0%,:0.0,http://ufcstats.com/fighter-details/a7a3fb5f6c67b122
Abus Magomedov,28-7-1,"6' 2""",185 lbs.,"78""",Orthodox,"Sep 02, 1990",:3.07,:49%,:3.43,:55%,:2.61,:59%,:100%,:0.4,http://ufcstats.com/fighter-details/36b8f265bcd1b7a4
Joe Wilk,19-11-0,"5' 9""",145 lbs.,--,,"Apr 12, 1982",:1.00,:54%,:2.00,:72%,:0.00,:0%,:0%,:0.0,http://ufcstats.com/fighter-details/781014fb7e8e647a
Antonio Dos Santos,6-4-0,"5' 10""",185 lbs.,--,Orthodox,"Jul 21, 1988",:5.40,:51%,:3.94,:43%,:0.00,:0%,:100%,:0.0,http://ufcstats.com/fighter-details/81b8b3fb019dc69d
Acacio Dos Santos,14-5-0,"6' 4""",205 lbs.,"79""",Orthodox,"Sep 29, 1991",:1.27,:41%,:1.40,:43%,:0.00,:0%,:31%,:0.0,http://ufcstats.com/fighter-details/957562fdf68a725a
Mikhail Iloukhine,30-11-1,"5' 9""",205 lbs.,--,Orthodox,"Nov 21, 1966",:0.16,:20%,:2.95,:26%,:0.00,:0%,:0%,:7.0,http://ufcstats.com/fighter-details/b71667c778b6d9e5
Dakota Bush,8-4-0,"5' 10""",155 lbs.,"73""",Orthodox,"Jun 09, 1994",:2.77,:38%,:4.42,:41%,:2.40,:33%,:0%,:0.0,http://ufcstats.com/fighter-details/3033c1c080672475
Raquel Pa'aluhi,6-5-0,"5' 7""",135 lbs.,--,,"Oct 14, 1990",:1.71,:56%,:3.42,:46%,:0.00,:0%,:18%,:0.0,http://ufcstats.com/fighter-details/373be586f370d400
Chad Robichaux,13-2-0,"5' 4""",135 lbs.,--,,"Aug 18, 1975",:0.00,:0%,:0.00,:0%,:0.00,:0%,:0%,:0.0,http://ufcstats.com/fighter-details/b2aa1e07b5b3306e
Jared Gooden,23-10-0,"6' 0""",170 lbs.,"77""",Orthodox,"Dec 05, 1993",:4.40,:48%,:6.74,:45%,:0.91,:45%,:65%,:0.4,http://ufcstats.com/fighter-details/c730a0be691dc081
Igor Borisov,1-1-0,"6' 0""",235 lbs.,--,Orthodox,"May 18, 1964",:0.00,:0%,:0.00,:0%,:0.00,:0%,:0%,:0.0,http://ufcstats.com/fighter-details/0313bf497de9c470
Jack Shore,17-3-0,"5' 8""",145 lbs.,"71""",Orthodox,"Feb 06, 1995",:3.60,:58%,:2.31,:56%,:3.22,:39%,:74%,:0.6,http://ufcstats.com/fighter-details/b8a85389d115e35a
Derrick Mehmen,19-9-0,"6' 4""",205 lbs.,--,,"May 30, 1985",:1.93,:14%,:4.53,:48%,:1.00,:16%,:0%,:0.0,http://ufcstats.com/fighter-details/6c7dafd03b6cc3f8
Jeremy Jackson,9-5-0,"5' 10""",170 lbs.,--,Orthodox,"Sep 19, 1982",:0.71,:27%,:2.03,:25%,:1.52,:40%,:58%,:0.0,http://ufcstats.com/fighter-details/ad32471f01e7b1a5
Anvar Boynazarov,3-1-0,"5' 9""",145 lbs.,--,Orthodox,"Jan 10, 1989",:0.00,:0%,:7.83,:29%,:0.00,:0%,:0%,:0.0,http://ufcstats.com/fighter-details/4a191f4ea2fce7fc
Angga,13-3-0,"5' 7""",145 lbs.,"68""",Orthodox,"Jan 13, 1989",:3.56,:38%,:3.77,:53%,:0.00,:0%,:33%,:0.0,http://ufcstats.com/fighter-details/d6a3e131ad4ba064
Tom Blackledge,10-7-0,--,205 lbs.,--,Orthodox,--,:2.91,:61%,:2.55,:46%,:0.00,:0%,:75%,:0.0,http://ufcstats.com/fighter-details/2adb11835acd815b
Julia Polastri,13-5-0,"5' 2""",115 lbs.,"64""",Orthodox,"Mar 05, 1998",:5.62,:55%,:5.37,:56%,:0.87,:80%,:58%,:0.4,http://ufcstats.com/fighter-details/abb68e3c7ca128f2
Townsend Saunders,0-2-0,"5' 5""",170 lbs.,--,Orthodox,--,:0.00,:0%,:0.00,:0%,:0.00,:0%,:0%,:0.0,http://ufcstats.com/fighter-details/20bd6c3e03c46ee6
Robert Breslin,3-9-0,"5' 11""",155 lbs.,--,,--,:2.21,:46%,:3.50,:66%,:1.38,:100%,:50%,:0.0,http://ufcstats.com/fighter-details/e319d6697d41f3cf
John Doyle,11-22-0 (1 NC),"5' 11""",205 lbs.,--,Orthodox,"Nov 21, 1976",:3.50,:44%,:10.51,:27%,:0.00,:0%,:0%,:0.0,http://ufcstats.com/fighter-details/0509b954421bb327
Cole Province,6-2-0 (1 NC),"5' 9""",145 lbs.,"68""",Orthodox,"Jan 17, 1981",:1.47,:44%,:2.72,:43%,:2.40,:50%,:83%,:1.0,http://ufcstats.com/fighter-details/2a470ad41c22c25a
Steve Steinbeiss,9-4-0,"6' 3""",185 lbs.,"75""",Orthodox,"May 05, 1981",:3.92,:55%,:1.86,:49%,:0.44,:50%,:58%,:0.0,http://ufcstats.com/fighter-details/0b5b6876c2a4723f
Shinya Aoki,39-7-0 (1 NC),"5' 11""",154 lbs.,--,Southpaw,"May 09, 1983",:0.97,:58%,:1.25,:58%,:2.54,:41%,:60%,:4.0,http://ufcstats.com/fighter-details/79ded75550efc139
Tyler Stinson,30-10-0,"6' 3""",170 lbs.,--,,"Jan 17, 1986",:2.80,:23%,:4.60,:56%,:0.50,:100%,:0%,:0.5,http://ufcstats.com/fighter-details/2cf520143e76cd2e
Jordan Johnson,10-0-0,"6' 2""",205 lbs.,"79""",Orthodox,"Nov 18, 1988",:3.45,:47%,:2.64,:53%,:3.25,:42%,:100%,:1.2,http://ufcstats.com/fighter-details/99bcdf5eac39898f
Gugun Gusman,8-4-0,"5' 7""",135 lbs.,"68""",Orthodox,"Mar 03, 1990",:0.88,:27%,:6.18,:41%,:0.00,:0%,:33%,:0.0,http://ufcstats.com/fighter-details/e34e3b1fffa13a6a
Mostapha Al-Turk,6-6-0,"6' 2""",245 lbs.,"77""",Orthodox,"Jul 14, 1973",:1.36,:19%,:3.61,:53%,:0.00,:0%,:0%,:0.0,http://ufcstats.com/fighter-details/1cf1310684a841f5
Shamil Gaziev,14-1-0,"6' 4""",265 lbs.,"78""",Orthodox,"Feb 10, 1990",:2.57,:48%,:3.87,:44%,:0.96,:30%,:83%,:0.3,http://ufcstats.com/fighter-details/6747ccd6d1acd266
David Lee,12-10-0,"5' 10""",155 lbs.,--,Orthodox,"Apr 12, 1988",:1.49,:50%,:3.31,:42%,:0.00,:0%,:50%,:0.0,http://ufcstats.com/fighter-details/8caca5857ce0e30b
Chris Avila,5-4-0,"5' 10""",145 lbs.,--,Orthodox,"Jan 16, 1993",:2.37,:30%,:4.17,:48%,:0.00,:0%,:46%,:0.0,http://ufcstats.com/fighter-details/4665cbf36b08193b
Jamie Pickett,13-11-0,"6' 2""",185 lbs.,"80""",Orthodox,"Aug 29, 1988",:2.65,:47%,:3.62,:50%,:1.26,:40%,:67%,:0.1,http://ufcstats.com/fighter-details/830f60497fab345a
Wulijiburen,20-9-0,"5' 9""",135 lbs.,"69""",Orthodox,"Mar 01, 1989",:1.61,:42%,:3.02,:56%,:3.28,:42%,:77%,:0.4,http://ufcstats.com/fighter-details/2296125b6c362355
Zarrukh Adashev,4-4-0,"5' 5""",125 lbs.,"65""",Southpaw,"Jul 29, 1992",:3.65,:40%,:3.04,:64%,:0.00,:0%,:100%,:0.5,http://ufcstats.com/fighter-details/79cb2a690b9ba5e8
Masutatsu Yano,2-4-1,"5' 9""",198 lbs.,--,Orthodox,"Jul 11, 1975",:0.00,:0%,:0.00,:0%,:0.00,:0%,:0%,:0.0,http://ufcstats.com/fighter-details/d56caaa5e123f518
Dave Jansen,20-4-0,"5' 9""",155 lbs.,"73""",Orthodox,"Aug 21, 1979",:2.94,:33%,:3.67,:58%,:2.79,:28%,:38%,:0.9,http://ufcstats.com/fighter-details/335ad945324c3a2e
Jair De Oliveira,6-1-0,"5' 9""",205 lbs.,"69""",,"May 09, 1996",:3.98,:60%,:3.45,:69%,:0.00,:0%,:0%,:0.0,http://ufcstats.com/fighter-details/f14fbb2e55da044c
Miguel Linares,2-4-0,--,--,--,,--,:6.51,:50%,:8.84,:36%,:0.00,:0%,:0%,:0.0,http://ufcstats.com/fighter-details/18c49685296c60e6
Jose Johnson,16-10-0,"6' 0""",125 lbs.,"71""",Orthodox,"May 20, 1995",:2.27,:57%,:1.61,:53%,:0.69,:60%,:41%,:0.7,http://ufcstats.com/fighter-details/84f727cf0166d6f2
Josh Koscheck,17-11-0,"5' 10""",170 lbs.,"73""",Orthodox,"Nov 30, 1977",:1.79,:36%,:2.27,:63%,:2.46,:48%,:64%,:0.4,http://ufcstats.com/fighter-details/dd37fd509af89f15
Adrienna Jenkins,19-6-0,"5' 8""",145 lbs.,--,,"Jul 22, 1981",:0.00,:0%,:0.00,:0%,:0.00,:0%,:0%,:0.0,http://ufcstats.com/fighter-details/dae85a6a83f53215
Sangwook Kim,13-3-0,"6' 0""",155 lbs.,"71""",Orthodox,"Oct 17, 1993",:5.35,:57%,:5.49,:45%,:2.10,:29%,:71%,:1.7,http://ufcstats.com/fighter-details/a264d4e9a4d6bfe4
Aaron Ely,5-2-0,"5' 8""",135 lbs.,--,,"Mar 18, 1989",:0.82,:15%,:0.66,:69%,:2.47,:100%,:50%,:4.9,http://ufcstats.com/fighter-details/1741343f0ca34dd5
Javier Vazquez,16-5-0,"5' 7""",145 lbs.,"69""",Southpaw,"Jul 16, 1977",:2.43,:36%,:1.99,:72%,:2.56,:52%,:57%,:1.5,http://ufcstats.com/fighter-details/be5cfd73617a5b1a
Gaston Bolanos,8-5-0,"5' 7""",135 lbs.,"69""",Orthodox,"Sep 14, 1992",:3.28,:49%,:2.40,:50%,:0.66,:100%,:42%,:0.0,http://ufcstats.com/fighter-details/96924b0019b3aff1
Ibragim Magomedov,22-8-1,"6' 0""",250 lbs.,--,Orthodox,"Jun 08, 1975",:0.26,:4%,:3.86,:42%,:0.00,:0%,:0%,:0.0,http://ufcstats.com/fighter-details/e7e970d508529bf3
Liang Na,19-8-0,"5' 5""",125 lbs.,"67""",Orthodox,"Jul 27, 1996",:1.99,:42%,:3.95,:36%,:3.60,:58%,:25%,:0.5,http://ufcstats.com/fighter-details/ec0dcceace7d25a3
Glover Teixeira,33-9-0,"6' 2""",205 lbs.,"76""",Orthodox,"Oct 28, 1979",:3.73,:49%,:4.43,:51%,:2.11,:33%,:60%,:0.9,http://ufcstats.com/fighter-details/7ff97850e8c32bda
Mason Fowler,2-0-0,"5' 11""",170 lbs.,--,,--,:0.00,:0%,:0.00,:0%,:0.00,:0%,:0%,:0.0,http://ufcstats.com/fighter-details/d745d4146be48679
JeongYeong Lee,11-3-0,"5' 10""",145 lbs.,"73""",Orthodox,"Nov 13, 1995",:3.38,:49%,:3.82,:50%,:0.63,:66%,:72%,:0.3,http://ufcstats.com/fighter-details/d008d785f6347dc2
Mauricio Ruffy,12-2-0,"5' 11""",155 lbs.,"75""",Orthodox,"Jun 17, 1996",:3.84,:57%,:4.16,:60%,:0.00,:0%,:84%,:0.0,http://ufcstats.com/fighter-details/9c393e836a852f30
Brady Huang,11-2-0,"5' 9""",135 lbs.,"69""",Orthodox,"Dec 16, 1992",:4.62,:37%,:10.77,:30%,:0.00,:0%,:0%,:0.0,http://ufcstats.com/fighter-details/1ec1b6a7a29ffc71
Heraldo Souza,9-2-1,"5' 11""",185 lbs.,"73""",Orthodox,"Dec 15, 1994",:1.62,:33%,:1.62,:50%,:0.00,:0%,:0%,:0.0,http://ufcstats.com/fighter-details/22b43be04d7454d0
Victor Valenzuela,12-3-0,--,170 lbs.,--,,"Feb 09, 1994",:0.00,:0%,:0.00,:0%,:0.00,:0%,:0%,:0.0,http://ufcstats.com/fighter-details/078695e385ec2f57
Chris Clements,12-6-0 (1 NC),"5' 10""",170 lbs.,"70""",Orthodox,"Feb 09, 1976",:3.20,:49%,:2.37,:44%,:0.00,:0%,:32%,:0.3,http://ufcstats.com/fighter-details/e5ecaf884b6da2bc
Travis Wiuff,75-21-0 (1 NC),"6' 3""",205 lbs.,--,Orthodox,"Mar 15, 1978",:0.48,:30%,:4.03,:41%,:4.84,:57%,:44%,:1.2,http://ufcstats.com/fighter-details/7f9f528cb72a6ed1
Chatt Lavender,9-7-0,"5' 8""",170 lbs.,--,,"May 24, 1976",:0.00,:0%,:0.00,:0%,:0.00,:0%,:0%,:0.0,http://ufcstats.com/fighter-details/5449dcccd972ff83
Ryan Loder,8-2-0,"6' 2""",185 lbs.,"76""",Southpaw,"Jun 05, 1991",:5.76,:71%,:2.51,:50%,:1.57,:14%,:100%,:1.6,http://ufcstats.com/fighter-details/d5bab53a1a603aac
Felipe Lima,14-2-0,"5' 6""",135 lbs.,"68""",Orthodox,"May 07, 1998",:2.86,:45%,:2.91,:64%,:2.18,:27%,:85%,:0.7,http://ufcstats.com/fighter-details/9256f591b30c073e
Thomas Diagne,6-6-1,"6' 1""",154 lbs.,--,,"Sep 03, 1983",:4.53,:48%,:4.53,:63%,:2.00,:100%,:66%,:0.0,http://ufcstats.com/fighter-details/8567466ae167216b
Frank Caracci,2-3-0,--,--,--,,--,:0.00,:0%,:0.00,:0%,:0.00,:0%,:0%,:0.0,http://ufcstats.com/fighter-details/44f9c777fed7ca03
Melissa Mullins,7-2-0,"5' 7""",135 lbs.,"68""",Orthodox,"Jul 23, 1991",:3.71,:50%,:4.39,:52%,:2.03,:42%,:85%,:0.0,http://ufcstats.com/fighter-details/bd532e9a2b93870c
Bryan Caraway,21-9-0,"5' 8""",135 lbs.,"68""",Orthodox,"Aug 04, 1984",:2.53,:34%,:3.61,:54%,:2.57,:25%,:80%,:0.8,http://ufcstats.com/fighter-details/5ef0088c1b19beeb
Jacob Noe,3-11-0 (1 NC),--,205 lbs.,--,,--,:0.00,:0%,:0.00,:0%,:0.00,:0%,:0%,:0.0,http://ufcstats.com/fighter-details/9bff1b4c37ebbede
Chris Culley,20-15-0,--,145 lbs.,--,,"Mar 25, 1986",:0.00,:0%,:0.00,:0%,:0.00,:0%,:0%,:0.0,http://ufcstats.com/fighter-details/e59b13321562eed3
Edson Barboza,24-13-0,"5' 11""",155 lbs.,"75""",Orthodox,"Jan 21, 1986",:4.14,:44%,:4.60,:55%,:0.43,:50%,:73%,:0.1,http://ufcstats.com/fighter-details/64a50dad704d1d49
Cam Rowston,13-3-0,"6' 3""",185 lbs.,"78""",Orthodox,"Jan 19, 1995",:3.39,:45%,:2.37,:49%,:0.73,:50%,:28%,:0.7,http://ufcstats.com/fighter-details/8ebc3a8da015d70c
Danyelle Wolf,1-1-0,"5' 11""",145 lbs.,"70""",Orthodox,"Sep 08, 1983",:2.37,:25%,:4.57,:47%,:0.00,:0%,:77%,:0.5,http://ufcstats.com/fighter-details/a7e3f02fe2b2fe30
Scott Lighty,6-2-0,"6' 2""",205 lbs.,--,,"Oct 15, 1978",:2.91,:21%,:4.24,:49%,:0.00,:0%,:0%,:0.0,http://ufcstats.com/fighter-details/998c8890a8dde1eb
Talita Alencar,6-1-1,"5' 1""",115 lbs.,"58""",Orthodox,"Oct 17, 1990",:2.62,:33%,:3.77,:53%,:2.50,:20%,:50%,:0.2,http://ufcstats.com/fighter-details/d35298b6df168456
Luis Gurule,10-2-0,"5' 5""",125 lbs.,"64""",Orthodox,"Nov 16, 1993",:4.93,:42%,:4.53,:61%,:0.41,:9%,:56%,:0.0,http://ufcstats.com/fighter-details/29162be25ebef5f0
Garreth McLellan,13-6-0,"6' 1""",185 lbs.,"72""",Southpaw,"Sep 01, 1982",:3.56,:54%,:2.94,:45%,:1.15,:22%,:34%,:0.9,http://ufcstats.com/fighter-details/f215cfbd4ba3c270
BJ Penn,16-14-2,"5' 9""",155 lbs.,"70""",Orthodox,"Dec 13, 1978",:2.76,:48%,:3.20,:56%,:1.19,:55%,:74%,:0.5,http://ufcstats.com/fighter-details/73c7cfa551289285
Eiji Mitsuoka,18-9-2,"5' 7""",145 lbs.,--,Southpaw,"Jan 01, 1976",:1.49,:49%,:2.26,:45%,:2.30,:36%,:20%,:1.6,http://ufcstats.com/fighter-details/2b4faacc16d66898
Gokhan Saki,1-2-0,"6' 0""",205 lbs.,"73""",Orthodox,"Oct 19, 1983",:7.09,:58%,:4.57,:53%,:0.00,:0%,:100%,:0.0,http://ufcstats.com/fighter-details/4690d47bf725fd98
Chris de la Rocha,5-3-0,"6' 3""",250 lbs.,"80""",Orthodox,"May 15, 1979",:4.08,:45%,:6.37,:43%,:2.02,:30%,:33%,:1.0,http://ufcstats.com/fighter-details/e51ee8ded927fc51
Phil Harris,22-12-0 (2 NC),"5' 4""",125 lbs.,"65""",Orthodox,"Sep 04, 1983",:2.34,:26%,:3.16,:68%,:1.76,:21%,:60%,:0.0,http://ufcstats.com/fighter-details/ba043b03eb799063
Azamat Murzakanov,15-0-0,"5' 10""",205 lbs.,"71""",Southpaw,"Apr 12, 1989",:4.93,:57%,:2.86,:61%,:0.58,:15%,:83%,:0.0,http://ufcstats.com/fighter-details/e90a2f22417af68e
Rex Richards,7-2-0,"6' 5""",265 lbs.,--,,"Oct 17, 1980",:17.65,:58%,:5.29,:72%,:0.00,:0%,:0%,:0.0,http://ufcstats.com/fighter-details/ad23903ef3af7406
Lazar Stojadinovic,12-5-0,"5' 7""",145 lbs.,"68""",Southpaw,"Mar 22, 1989",:1.82,:29%,:1.97,:59%,:0.00,:0%,:0%,:0.0,http://ufcstats.com/fighter-details/4d25497994da569c
Kenneth Seegrist,4-7-0,"6' 0""",185 lbs.,--,Orthodox,"Oct 21, 1980",:3.21,:66%,:1.28,:0%,:0.00,:0%,:40%,:14.4,http://ufcstats.com/fighter-details/55e94a9b525dcf45
Sebastian Szalay,10-1-0,"5' 6""",145 lbs.,"66""",Orthodox,"Feb 03, 1994",:4.25,:44%,:1.27,:71%,:0.00,:0%,:84%,:0.0,http://ufcstats.com/fighter-details/f201f21cf2c79eb2
Andre Soukhamthath,13-8-0,"5' 9""",135 lbs.,"70""",Orthodox,"Oct 23, 1988",:2.77,:44%,:4.31,:49%,:1.25,:53%,:58%,:0.2,http://ufcstats.com/fighter-details/d0e50a3d1b250708
Walter Smith-Cotito,4-5-0 (1 NC),"5' 8""",135 lbs.,--,,--,:2.95,:36%,:3.53,:68%,:2.16,:33%,:57%,:0.0,http://ufcstats.com/fighter-details/625b65b45c1c6888
Glaico Franca Moreira,15-5-0,"6' 0""",155 lbs.,"77""",Orthodox,"Feb 28, 1991",:2.35,:42%,:3.46,:47%,:2.68,:42%,:76%,:0.3,http://ufcstats.com/fighter-details/00a3ff40c4b2cf21
Masuto Kawana,10-4-0,"5' 6""",145 lbs.,"69""",Orthodox,"Jan 30, 1995",:2.54,:41%,:3.79,:41%,:11.67,:55%,:100%,:0.0,http://ufcstats.com/fighter-details/49f4171f14f54220
Nikolay Veretennikov,13-7-0,"6' 1""",170 lbs.,"74""",Orthodox,"Dec 22, 1989",:2.49,:56%,:3.25,:44%,:0.43,:16%,:62%,:0.4,http://ufcstats.com/fighter-details/0f1efce7d2571d10
Thomas Paull,11-4-0,"5' 7""",155 lbs.,"67""",Orthodox,"Oct 15, 1994",:7.33,:33%,:8.67,:64%,:0.00,:0%,:0%,:0.0,http://ufcstats.com/fighter-details/dda67d7d3df6b406
Derrick Lewis,29-12-0 (1 NC),"6' 3""",260 lbs.,"79""",Orthodox,"Feb 07, 1985",:2.51,:50%,:2.49,:40%,:0.56,:26%,:52%,:0.0,http://ufcstats.com/fighter-details/d3df1add9d9a7efb
KyeungPyo Kim,11-4-0,"5' 9""",155 lbs.,"71""",Orthodox,"Jan 29, 1992",:6.77,:46%,:6.32,:63%,:3.87,:40%,:100%,:0.0,http://ufcstats.com/fighter-details/5a9f7b5ffebdd6e7
Lyle Beerbohm,24-3-0,"5' 10""",155 lbs.,--,Southpaw,"Feb 05, 1979",:1.98,:55%,:1.61,:54%,:2.10,:23%,:64%,:0.3,http://ufcstats.com/fighter-details/babc6b5745335f18
Willie Parks,5-2-0,"5' 10""",185 lbs.,--,,"Nov 04, 1983",:0.00,:0%,:0.00,:0%,:0.00,:0%,:0%,:0.0,http://ufcstats.com/fighter-details/86ad0ae839331bd7
Philip De Fries,12-6-0 (1 NC),"6' 5""",250 lbs.,"79""",Orthodox,"Apr 21, 1986",:2.30,:47%,:3.00,:37%,:3.29,:42%,:100%,:0.6,http://ufcstats.com/fighter-details/6ef65b6a152e49d5
Kiichi Kunimoto,18-7-2 (1 NC),"5' 10""",170 lbs.,"71""",Orthodox,"May 01, 1981",:1.87,:44%,:3.92,:41%,:1.59,:20%,:28%,:0.3,http://ufcstats.com/fighter-details/71df36d6d8cf0d74
Tom Erikson,9-4-1,"6' 3""",280 lbs.,--,Orthodox,--,:0.94,:47%,:1.87,:25%,:4.68,:60%,:100%,:6.2,http://ufcstats.com/fighter-details/7b9a85e5ff31ef47
Justin Frazier,10-3-0,"6' 0""",265 lbs.,"75""",Southpaw,"Jun 15, 1989",:1.11,:66%,:6.11,:4%,:0.00,:0%,:0%,:0.0,http://ufcstats.com/fighter-details/78863e4a28204a6b
Joe Slick,16-5-3,"6' 0""",199 lbs.,--,Orthodox,"Oct 17, 1977",:0.00,:0%,:0.00,:0%,:0.00,:0%,:0%,:0.0,http://ufcstats.com/fighter-details/80e6d71e14c1d356
Cody Stamann,21-8-1,"5' 6""",135 lbs.,"64""",Orthodox,"Nov 09, 1989",:4.32,:46%,:3.91,:60%,:2.17,:37%,:76%,:0.0,http://ufcstats.com/fighter-details/bf7ad5628363eec9
Tre'ston Vines,10-4-0,"6' 1""",185 lbs.,"79""",Orthodox,"Jun 18, 1996",:0.00,:0%,:3.56,:50%,:0.00,:0%,:0%,:0.0,http://ufcstats.com/fighter-details/563a1d42bb0e3cef
Chidi Njokuani,25-11-0 (1 NC),"6' 3""",170 lbs.,"80""",Orthodox,"Dec 31, 1988",:4.72,:62%,:2.64,:57%,:0.00,:0%,:73%,:0.2,http://ufcstats.com/fighter-details/c68c68efaa5ca6ef
An Tuan Ho,6-2-0,"5' 6""",125 lbs.,"66""",Switch,"Sep 27, 2000",:1.95,:35%,:2.81,:55%,:1.72,:25%,:16%,:0.0,http://ufcstats.com/fighter-details/6c9384138c82962f
Dan Severn,101-19-1,"6' 2""",250 lbs.,--,Southpaw,"Jun 08, 1958",:0.00,:0%,:0.00,:0%,:0.00,:0%,:0%,:0.0,http://ufcstats.com/fighter-details/c670aa48827d6be6
Chris Wade,12-3-0,"5' 10""",155 lbs.,"70""",Orthodox,"Sep 30, 1987",:1.70,:53%,:1.75,:51%,:2.60,:51%,:55%,:1.1,http://ufcstats.com/fighter-details/c8097968da5e5f13
Christopher Alvidrez,7-1-0,"6' 0""",170 lbs.,"74""",Orthodox,"Dec 27, 1996",:6.97,:62%,:2.11,:50%,:0.00,:0%,:100%,:0.0,http://ufcstats.com/fighter-details/f4abf9aeda861283
Bevon Lewis,7-3-0,"6' 3""",185 lbs.,"79""",Orthodox,"May 05, 1991",:3.73,:43%,:2.67,:54%,:0.00,:0%,:66%,:0.0,http://ufcstats.com/fighter-details/899923ff6ab13917
Bronson Mohika,1-1-0,--,135 lbs.,--,,--,:0.00,:0%,:0.00,:0%,:0.00,:0%,:0%,:0.0,http://ufcstats.com/fighter-details/65239fccecd03404
Seth Dikun,9-8-0,"5' 10""",135 lbs.,"69""",Orthodox,"Aug 05, 1980",:1.45,:26%,:2.18,:55%,:0.00,:0%,:45%,:0.9,http://ufcstats.com/fighter-details/eb42d4febfafefd1
Danny Downes,8-3-0,"6' 0""",155 lbs.,"72""",Orthodox,"Apr 08, 1986",:1.66,:34%,:3.53,:37%,:0.00,:0%,:37%,:0.5,http://ufcstats.com/fighter-details/a66395395b5f1394
Alan Belcher,18-8-0,"6' 2""",185 lbs.,"75""",Orthodox,"Apr 24, 1984",:2.70,:41%,:3.10,:59%,:0.44,:26%,:55%,:0.9,http://ufcstats.com/fighter-details/4130a743d9d22163
Marcio Cruz,8-3-0,"6' 4""",232 lbs.,--,Orthodox,"Apr 24, 1978",:2.92,:46%,:1.51,:68%,:0.53,:7%,:37%,:1.6,http://ufcstats.com/fighter-details/6aa1cbc1466e9a0b
Bart Palaszewski,36-17-0,"5' 9""",145 lbs.,"70""",Orthodox,"May 30, 1983",:2.67,:32%,:3.97,:57%,:0.65,:31%,:53%,:0.5,http://ufcstats.com/fighter-details/4304992c2acc187b
Tyra Parker,4-5-0,"5' 5""",115 lbs.,--,Orthodox,"Sep 18, 1989",:1.50,:22%,:9.00,:14%,:0.00,:0%,:0%,:0.0,http://ufcstats.com/fighter-details/64be3dc99eaa42b6
Ronald Carillo,4-2-0,--,125 lbs.,--,,--,:0.00,:0%,:0.00,:0%,:0.00,:0%,:0%,:0.0,http://ufcstats.com/fighter-details/cbd022eaf2ac546a
Hiroyuki Abe,8-15-3 (1 NC),"5' 6""",145 lbs.,--,Orthodox,"Feb 09, 1970",:1.71,:36%,:3.11,:63%,:0.00,:0%,:33%,:0.0,http://ufcstats.com/fighter-details/c0ed7b208197e8de
David Hood,1-3-0,"6' 0""",200 lbs.,--,,--,:0.00,:0%,:0.00,:0%,:0.00,:0%,:0%,:0.0,http://ufcstats.com/fighter-details/5af480a3b2e1726b
Rocky Lee,3-2-0,"5' 9""",145 lbs.,--,Orthodox,"Apr 08, 1987",:2.47,:51%,:5.33,:44%,:1.00,:10%,:33%,:0.0,http://ufcstats.com/fighter-details/0d1c163b206e8c5f
Charles McCarthy,10-5-0,"5' 10""",185 lbs.,"71""",Orthodox,"Aug 06, 1980",:0.18,:12%,:4.03,:56%,:2.67,:60%,:0%,:2.7,http://ufcstats.com/fighter-details/da97d6c97d09c030
Solomon Renfro,8-2-0,"5' 9""",170 lbs.,"72""",Switch,"Feb 05, 1997",:5.20,:44%,:3.53,:61%,:2.00,:50%,:100%,:0.0,http://ufcstats.com/fighter-details/ce6b5b93a96dd15b
Billy Ray Goff,9-4-0,"5' 10""",170 lbs.,"72""",Switch,"Jun 18, 1998",:7.51,:46%,:5.02,:59%,:1.75,:16%,:66%,:0.0,http://ufcstats.com/fighter-details/fa07345cc9db5cc9
Raul Sandoval,3-3-0,--,130 lbs.,--,,--,:0.00,:0%,:0.00,:0%,:0.00,:0%,:0%,:0.0,http://ufcstats.com/fighter-details/f9ad10f6a49e5452
Cale Yarbrough,8-3-0,"6' 1""",185 lbs.,--,Orthodox,"Dec 27, 1986",:3.16,:27%,:10.00,:72%,:0.00,:0%,:0%,:0.0,http://ufcstats.com/fighter-details/a0b91014e9d16a76
Jason Young,9-6-0,"5' 9""",145 lbs.,"73""",Orthodox,"Jun 28, 1986",:2.97,:37%,:3.20,:50%,:1.98,:66%,:55%,:0.0,http://ufcstats.com/fighter-details/f59e9e49ef85b469
Fernando Padilla,16-6-0,"6' 1""",145 lbs.,"76""",Orthodox,"Dec 15, 1996",:6.07,:40%,:5.74,:52%,:0.00,:0%,:100%,:0.6,http://ufcstats.com/fighter-details/d2f43cfaf8ca3560
Nate Maness,16-3-0,"5' 10""",125 lbs.,"72""",Orthodox,"Jun 27, 1991",:3.14,:50%,:3.88,:42%,:0.68,:75%,:80%,:0.7,http://ufcstats.com/fighter-details/6e9f40c706f91f32
Victor Hugo,25-5-0,"5' 7""",135 lbs.,"71""",Orthodox,"Nov 22, 1992",:3.27,:44%,:2.95,:56%,:0.81,:33%,:73%,:1.2,http://ufcstats.com/fighter-details/f264ba50b007f39e
Danny Henry,12-4-0,"6' 0""",145 lbs.,"73""",Orthodox,"Jul 17, 1988",:5.20,:51%,:4.16,:45%,:0.74,:33%,:50%,:2.2,http://ufcstats.com/fighter-details/f7d73e452b064bf2
Brian Camozzi,7-5-0,"6' 2""",170 lbs.,"78""",Orthodox,"Jun 24, 1991",:3.15,:26%,:6.39,:54%,:0.00,:0%,:0%,:0.7,http://ufcstats.com/fighter-details/1999ffb5cebc314f
Jamie Colleen,4-1-0,"5' 3""",115 lbs.,"65""",Orthodox,"Nov 02, 1985",:3.11,:61%,:5.66,:33%,:0.52,:33%,:50%,:1.6,http://ufcstats.com/fighter-details/6b64db453edf4c50
Kai Kamaka,8-4-1,"5' 7""",145 lbs.,"69""",Orthodox,"Jan 05, 1995",:4.96,:57%,:5.29,:55%,:1.93,:58%,:52%,:0.3,http://ufcstats.com/fighter-details/eee0ef3e2b14816b
Alex Karalexis,10-6-0,"5' 8""",155 lbs.,"66""",Orthodox,"Sep 20, 1977",:2.57,:42%,:2.39,:54%,:2.70,:45%,:86%,:0.9,http://ufcstats.com/fighter-details/e361e5c858af6ff1
Todd Lally,2-1-0,"5' 7""",145 lbs.,--,Orthodox,--,:0.00,:0%,:0.00,:0%,:0.00,:0%,:0%,:0.0,http://ufcstats.com/fighter-details/7d06092326c52528
Alex Oliveira,22-12-1 (2 NC),"5' 11""",170 lbs.,"76""",Orthodox,"Feb 21, 1988",:2.99,:51%,:2.55,:46%,:2.35,:38%,:63%,:0.6,http://ufcstats.com/fighter-details/57b10fca4f9c9a7a
Nick Newell,14-2-0,"5' 10""",155 lbs.,--,Southpaw,"Mar 17, 1986",:3.53,:46%,:4.07,:36%,:0.00,:0%,:33%,:0.0,http://ufcstats.com/fighter-details/f562238becb9ec50
Shannon Ritch,56-83-0 (4 NC),"5' 9""",190 lbs.,--,Orthodox,"Sep 27, 1970",:1.00,:100%,:6.00,:50%,:0.00,:0%,:0%,:0.0,http://ufcstats.com/fighter-details/1c7cce2f5c17160d
Danylo Voievodkin,7-0-0,"6' 4""",265 lbs.,"78""",Southpaw,"Jul 19, 2000",:9.86,:46%,:0.00,:100%,:0.00,:0%,:0%,:12.3,http://ufcstats.com/fighter-details/d73a7c36746fbc5b
Jeff Joslin,5-3-0,"6' 0""",170 lbs.,--,Orthodox,"Apr 30, 1975",:2.17,:39%,:1.57,:65%,:0.50,:33%,:64%,:0.5,http://ufcstats.com/fighter-details/388abbf8832b5adf
Preston Parsons,11-6-0,"5' 11""",170 lbs.,"71""",Orthodox,"Jul 15, 1995",:3.54,:51%,:3.25,:54%,:3.46,:36%,:71%,:2.3,http://ufcstats.com/fighter-details/9fe7af8b3fbe00a0
Pat Audinwood,11-2-1,"6' 0""",155 lbs.,--,Orthodox,"Apr 16, 1986",:1.17,:12%,:4.31,:41%,:0.80,:50%,:0%,:0.0,http://ufcstats.com/fighter-details/196ed28337adc630
Mike Guymon,15-6-1,"6' 0""",170 lbs.,"74""",Orthodox,"Sep 17, 1974",:2.75,:65%,:0.79,:66%,:1.87,:37%,:54%,:1.2,http://ufcstats.com/fighter-details/eaea0fc7b76525a8
Kazushi Sakuraba,26-17-1 (2 NC),"6' 0""",185 lbs.,--,Southpaw,"Jul 14, 1969",:1.26,:41%,:2.03,:51%,:1.26,:31%,:48%,:1.7,http://ufcstats.com/fighter-details/9b5b5a75523728f3
Brad Gumm,10-6-1 (1 NC),"5' 11""",170 lbs.,--,Orthodox,--,:0.00,:0%,:0.00,:0%,:0.00,:0%,:0%,:0.0,http://ufcstats.com/fighter-details/4d74641fac830182
Shaun Etchell,7-3-0,"5' 7""",125 lbs.,"68""",Switch,"Aug 05, 1993",:0.00,:0%,:0.00,:0%,:4.37,:100%,:100%,:0.0,http://ufcstats.com/fighter-details/ea9bfe9c25037bba
Richie Santiago,7-2-0,"5' 7""",135 lbs.,"67""",Southpaw,"Oct 10, 1992",:3.87,:49%,:4.87,:42%,:0.00,:0%,:25%,:0.0,http://ufcstats.com/fighter-details/9f95d6b5b459cc6b
Charles Jourdain,16-8-1,"5' 9""",135 lbs.,"69""",Switch,"Nov 27, 1995",:5.43,:48%,:4.27,:56%,:0.34,:21%,:47%,:0.6,http://ufcstats.com/fighter-details/f1d64ae34e088832
Tony Bonello,16-3-1 (1 NC),"6' 2""",185 lbs.,--,,"Oct 20, 1972",:0.62,:33%,:12.62,:10%,:0.00,:0%,:0%,:0.0,http://ufcstats.com/fighter-details/702a72aa7a266d86
Kevin Jackson,4-2-0,"5' 10""",199 lbs.,--,Switch,"Nov 25, 1964",:0.00,:0%,:0.00,:0%,:0.00,:0%,:0%,:0.0,http://ufcstats.com/fighter-details/13b2f59210dda9cc
John Renken,18-28-4 (1 NC),"6' 0""",190 lbs.,--,Orthodox,"Dec 31, 1972",:0.00,:0%,:0.00,:0%,:0.00,:0%,:0%,:0.0,http://ufcstats.com/fighter-details/1507214bbc7a79e2
Jimmie Rivera,23-5-0,"5' 4""",135 lbs.,"68""",Orthodox,"Jun 29, 1989",:4.03,:40%,:3.90,:60%,:0.88,:27%,:92%,:0.1,http://ufcstats.com/fighter-details/9c907996820d2d69
Jeremiah Billington,11-2-0,"5' 9""",205 lbs.,--,Orthodox,"Nov 14, 1977",:1.60,:62%,:7.06,:35%,:0.00,:0%,:50%,:0.0,http://ufcstats.com/fighter-details/b3b6e80b7d5f8f0d
Mike Dolce,5-10-0,"5' 11""",185 lbs.,--,,"Apr 15, 1976",:0.00,:0%,:0.00,:0%,:0.00,:0%,:0%,:0.0,http://ufcstats.com/fighter-details/29b5791e51e7e832
Gabriel Gonzaga,17-11-0,"6' 2""",242 lbs.,"76""",Orthodox,"May 18, 1979",:2.12,:45%,:2.94,:57%,:2.80,:39%,:66%,:1.1,http://ufcstats.com/fighter-details/270b89c00ef0c55c
Kevin Jousset,10-4-0,"6' 2""",170 lbs.,"75""",Orthodox,"May 02, 1993",:6.61,:51%,:6.49,:50%,:0.69,:40%,:100%,:0.3,http://ufcstats.com/fighter-details/dda15dbfafb792df
Kelly Velasco,2-1-0,"5' 9""",135 lbs.,--,Orthodox,"May 21, 1995",:2.27,:35%,:5.67,:47%,:0.00,:0%,:100%,:0.0,http://ufcstats.com/fighter-details/93c9897f0f9f5dab
Kyle Noblitt,11-2-0,"6' 2""",243 lbs.,--,,"Dec 26, 1989",:0.00,:0%,:0.00,:0%,:0.00,:0%,:0%,:0.0,http://ufcstats.com/fighter-details/4acf03bdec2025d7
Nate Marquardt,35-19-2,"6' 0""",185 lbs.,"74""",Orthodox,"Apr 20, 1979",:2.71,:49%,:2.32,:55%,:1.87,:51%,:70%,:0.8,http://ufcstats.com/fighter-details/a8e6a69796280f17
Ricardo Barros,2-2-0,"6' 1""",205 lbs.,--,,"Mar 22, 1976",:0.00,:0%,:8.22,:31%,:0.00,:0%,:100%,:0.0,http://ufcstats.com/fighter-details/d26394fc0e8e880a
Kenny Ento,14-15-0,"6' 2""",192 lbs.,--,,--,:8.41,:79%,:0.00,:100%,:5.49,:100%,:0%,:11.0,http://ufcstats.com/fighter-details/daf9be103c1edbbd
Josh Ferguson,10-5-0,"5' 5""",125 lbs.,--,Orthodox,"May 13, 1988",:2.13,:43%,:4.18,:32%,:0.59,:11%,:54%,:0.0,http://ufcstats.com/fighter-details/b0f316c60f8d3b47
Terry Etim,16-5-0,"6' 1""",155 lbs.,"73""",Orthodox,"Jan 11, 1986",:2.16,:35%,:2.53,:67%,:0.43,:30%,:39%,:1.4,http://ufcstats.com/fighter-details/33011768c3c4dc9a
Yan Pellerin,11-13-0,"5' 11""",205 lbs.,--,Orthodox,"Mar 20, 1980",:0.59,:25%,:0.89,:66%,:4.43,:100%,:0%,:0.0,http://ufcstats.com/fighter-details/bfe95ec546692b13
Niklas Backstrom,11-3-0 (1 NC),"6' 1""",145 lbs.,--,Orthodox,"Aug 22, 1989",:1.12,:41%,:3.65,:40%,:2.92,:80%,:72%,:2.2,http://ufcstats.com/fighter-details/39cc64bf0a269db9
Thomas Longacre,6-1-0,"5' 9""",145 lbs.,--,Orthodox,--,:0.00,:0%,:0.00,:0%,:0.00,:0%,:0%,:0.0,http://ufcstats.com/fighter-details/989be26791d0aad4
David Rasouri,2-3-0,"5' 7""",155 lbs.,--,,--,:0.00,:0%,:0.00,:0%,:0.00,:0%,:0%,:0.0,http://ufcstats.com/fighter-details/31e1ea6fe6b682f8
Courtney Turner,0-3-0,"6' 2""",170 lbs.,--,,--,:0.00,:0%,:0.00,:0%,:0.00,:0%,:0%,:0.0,http://ufcstats.com/fighter-details/56f4b81ec4db61af
Jorge Gurgel,14-10-0,"5' 7""",155 lbs.,"69""",Orthodox,"Jan 25, 1977",:3.37,:32%,:3.62,:62%,:0.81,:23%,:60%,:0.5,http://ufcstats.com/fighter-details/04d5718ed2661e8c
Murtazali Magomedov,10-0-0,"5' 9""",145 lbs.,"70""",Orthodox,"Aug 26, 1999",:5.57,:40%,:1.86,:84%,:0.00,:0%,:0%,:0.0,http://ufcstats.com/fighter-details/d436f5d55156a521
Vince Murdock,12-4-0 (1 NC),"5' 6""",145 lbs.,"64""",Orthodox,"Mar 21, 1991",:1.21,:21%,:7.17,:40%,:0.00,:0%,:0%,:0.0,http://ufcstats.com/fighter-details/4b90384d7c3519b8
Jay Perrin,10-7-0,"5' 7""",135 lbs.,"67""",Switch,"Jun 15, 1993",:3.71,:46%,:3.90,:44%,:2.83,:52%,:58%,:0.0,http://ufcstats.com/fighter-details/01fed6f61ebea01f
Douglas Silva de Andrade,29-6-0 (1 NC),"5' 7""",135 lbs.,"68""",Orthodox,"Jun 22, 1985",:3.54,:38%,:3.93,:57%,:0.55,:42%,:72%,:0.2,http://ufcstats.com/fighter-details/3a314d9fa7c6825d
Emily Ducote,13-9-0,"5' 2""",115 lbs.,"63""",Orthodox,"Jan 01, 1994",:7.45,:52%,:7.84,:57%,:0.20,:14%,:94%,:0.0,http://ufcstats.com/fighter-details/02f8fedc18cbd26c
Horacio Gutierrez,4-3-0,"5' 10""",145 lbs.,--,,"Sep 15, 1990",:0.86,:26%,:2.91,:46%,:0.00,:0%,:50%,:0.0,http://ufcstats.com/fighter-details/cd85b48dc880fabd
Eric Lawson,9-5-0,"6' 0""",185 lbs.,--,Orthodox,"Feb 12, 1981",:1.58,:57%,:1.97,:44%,:8.88,:42%,:0%,:3.0,http://ufcstats.com/fighter-details/38e5d9dcb0fddc42
Quemuel Ottoni,12-3-0,"6' 0""",155 lbs.,"72""",Orthodox,"Oct 22, 1992",:0.00,:0%,:0.00,:0%,:0.00,:0%,:0%,:0.0,http://ufcstats.com/fighter-details/7ce21433c2a53168
Henry Corrales,13-3-0,"5' 9""",145 lbs.,--,,--,:4.12,:41%,:5.84,:55%,:0.00,:0%,:69%,:0.0,http://ufcstats.com/fighter-details/7cb0946d51b8cde7
Carlos Condit,32-14-0,"6' 2""",170 lbs.,"75""",Orthodox,"Apr 26, 1984",:3.66,:39%,:2.67,:55%,:0.59,:46%,:38%,:1.0,http://ufcstats.com/fighter-details/f9f07bb5a43535ed
Josh Quinlan,6-3-0 (1 NC),"6' 0""",170 lbs.,"72""",Orthodox,"Feb 06, 1993",:3.57,:42%,:6.38,:53%,:0.34,:11%,:71%,:0.0,http://ufcstats.com/fighter-details/876f478f796495f7
Kody Steele,7-1-0,"5' 9""",155 lbs.,"71""",Orthodox,"Apr 21, 1995",:4.44,:32%,:7.17,:52%,:0.62,:14%,:100%,:0.0,http://ufcstats.com/fighter-details/aebaa8cec15b083d
Antonio Duarte,19-7-0,"5' 7""",135 lbs.,--,,"Mar 10, 1987",:4.55,:40%,:4.18,:57%,:0.00,:0%,:60%,:0.0,http://ufcstats.com/fighter-details/29b5d32584e02d8d
Brandon Halsey,9-3-0,"6' 0""",185 lbs.,--,,"Sep 16, 1986",:1.74,:47%,:0.87,:65%,:4.98,:53%,:100%,:1.2,http://ufcstats.com/fighter-details/e763679f15326ae1
Piera Rodriguez,11-2-0,"5' 3""",115 lbs.,"63""",Orthodox,"Nov 11, 1992",:3.54,:47%,:2.81,:55%,:4.53,:54%,:73%,:0.0,http://ufcstats.com/fighter-details/e375cb5caf4717b6
Fabricio Werdum,24-9-1,"6' 4""",231 lbs.,"77""",Orthodox,"Jul 30, 1977",:3.59,:52%,:2.64,:55%,:1.75,:31%,:31%,:1.2,http://ufcstats.com/fighter-details/492b202d2064e7a9
George Roop,15-13-1,"6' 1""",135 lbs.,"72""",Orthodox,"Nov 10, 1981",:3.43,:34%,:2.47,:60%,:1.05,:57%,:59%,:0.1,http://ufcstats.com/fighter-details/3c0437fbeda06962
Isaac Dulgarian,7-1-0,"5' 7""",145 lbs.,"71""",Orthodox,"Jul 04, 1996",:3.37,:64%,:1.82,:41%,:5.15,:52%,:0%,:2.1,http://ufcstats.com/fighter-details/a57cb948c4c70a47
Ivan Jorge,27-7-0,"5' 9""",155 lbs.,"73""",Orthodox,"Nov 07, 1980",:3.41,:49%,:2.91,:59%,:1.56,:16%,:75%,:0.6,http://ufcstats.com/fighter-details/19db7ac26308178f
Karolina Kowalkiewicz,16-9-0,"5' 3""",115 lbs.,"64""",Orthodox,"Oct 15, 1985",:5.54,:43%,:5.51,:57%,:0.31,:22%,:74%,:0.2,http://ufcstats.com/fighter-details/d7c3816669784109
Ryuichi Murata,8-3-1,"5' 8""",183 lbs.,--,Orthodox,"Aug 27, 1976",:0.84,:36%,:1.89,:50%,:4.74,:50%,:100%,:3.2,http://ufcstats.com/fighter-details/e3a6c6d6d0ac0815
Shungo Oyama,14-19-0,"5' 11""",185 lbs.,--,Southpaw,"Apr 11, 1974",:0.64,:25%,:1.96,:57%,:1.07,:57%,:62%,:0.5,http://ufcstats.com/fighter-details/47b7e4e60813b7b2
Cody Garbrandt,14-7-0,"5' 8""",135 lbs.,"65""",Orthodox,"Jul 07, 1991",:2.88,:39%,:3.64,:59%,:0.93,:27%,:83%,:0.0,http://ufcstats.com/fighter-details/d8c7c61b176e3994
Charalampos Grigoriou,8-5-0,"5' 7""",135 lbs.,"67""",Orthodox,"Mar 31, 1992",:2.62,:48%,:3.97,:46%,:2.62,:80%,:90%,:0.0,http://ufcstats.com/fighter-details/68b8ebdfce9dbb61
ChangHo Lee,11-1-0,"5' 8""",135 lbs.,"69""",Orthodox,"May 09, 1994",:4.92,:67%,:2.35,:39%,:3.27,:33%,:37%,:0.4,http://ufcstats.com/fighter-details/117a06469813e4ef
Hidetaka Monma,18-11-4,"6' 0""",168 lbs.,--,Orthodox,"Oct 23, 1973",:1.67,:25%,:9.76,:34%,:0.00,:0%,:0%,:0.0,http://ufcstats.com/fighter-details/a8e133139286df84
Phil Davis,17-4-0 (1 NC),"6' 2""",205 lbs.,"79""",Orthodox,"Sep 25, 1984",:2.85,:34%,:1.33,:72%,:2.99,:38%,:72%,:0.6,http://ufcstats.com/fighter-details/902ab9197b83d0db
Zak Bucia,17-8-0,"5' 10""",170 lbs.,--,,"Sep 27, 1984",:0.00,:0%,:0.00,:0%,:0.00,:0%,:0%,:0.0,http://ufcstats.com/fighter-details/6bbb8dc6e128779e
Zelim Imadaev,8-3-0,"6' 0""",170 lbs.,"76""",Orthodox,"Jan 25, 1995",:2.91,:36%,:4.35,:43%,:0.38,:50%,:60%,:0.0,http://ufcstats.com/fighter-details/7f0f171414d0a287
Marlon Moraes,23-10-1,"5' 6""",135 lbs.,"67""",Orthodox,"Apr 26, 1988",:3.37,:40%,:4.53,:54%,:0.87,:41%,:46%,:0.3,http://ufcstats.com/fighter-details/fea79f9bc8c68769
Todd Duffee,9-3-0 (1 NC),"6' 3""",260 lbs.,"78""",Orthodox,"Dec 06, 1985",:5.93,:37%,:2.87,:56%,:0.72,:25%,:90%,:0.0,http://ufcstats.com/fighter-details/bda04c573563cc2e
Daniel Gracie,5-4-1,"6' 2""",225 lbs.,--,Orthodox,"Jun 28, 1972",:1.90,:38%,:1.33,:59%,:0.36,:100%,:80%,:2.1,http://ufcstats.com/fighter-details/82d6a9ae41aac3f7
Mike French,9-10-0,"5' 10""",145 lbs.,--,,"May 29, 1975",:0.23,:23%,:2.17,:42%,:0.00,:0%,:22%,:1.0,http://ufcstats.com/fighter-details/756f45905fb20cb5
Ben Alloway,18-8-0,"5' 11""",170 lbs.,"76""",Orthodox,"Feb 19, 1981",:1.28,:49%,:1.90,:59%,:0.62,:50%,:26%,:0.0,http://ufcstats.com/fighter-details/c4fe2e9a06ea5bcb
Mario Pinto,10-0-0,"6' 5""",265 lbs.,"79""",Orthodox,"Mar 14, 1998",:3.67,:71%,:5.29,:51%,:0.00,:0%,:100%,:0.0,http://ufcstats.com/fighter-details/39d309957c5c210d
Galore Bofando,5-3-0,"5' 11""",170 lbs.,"72""",Switch,"May 22, 1982",:3.63,:45%,:3.63,:54%,:2.37,:100%,:50%,:0.0,http://ufcstats.com/fighter-details/8a56ea383fd26e52
Chico Camus,17-7-0 (1 NC),"5' 6""",125 lbs.,"66""",Orthodox,"Jan 26, 1985",:2.58,:41%,:2.46,:64%,:0.77,:40%,:72%,:0.4,http://ufcstats.com/fighter-details/32be4b7f7de1c905
Jason Godsey,16-16-0,"6' 2""",230 lbs.,--,Orthodox,"Jan 01, 1964",:0.00,:0%,:0.00,:0%,:0.00,:0%,:0%,:0.0,http://ufcstats.com/fighter-details/5ca158b1cc9cb242
Youssef Zalal,18-5-1,"5' 10""",145 lbs.,"72""",Switch,"Sep 04, 1996",:3.03,:50%,:1.78,:66%,:2.17,:31%,:59%,:1.4,http://ufcstats.com/fighter-details/52c2ae6d2f2d2613
Shoji Maruyama,12-9-1,"5' 7""",139 lbs.,--,Orthodox,"Apr 24, 1983",:1.40,:63%,:0.27,:55%,:0.00,:0%,:54%,:0.0,http://ufcstats.com/fighter-details/c046100aea0dba9a
Cheyden Leialoha,6-0-0,"5' 8""",135 lbs.,"73""",Orthodox,"Mar 15, 1994",:1.87,:28%,:3.20,:53%,:2.00,:33%,:71%,:0.0,http://ufcstats.com/fighter-details/98cbbc06074c68a4
Esteban Ribovics,15-2-0,"5' 10""",155 lbs.,"69""",Orthodox,"Apr 27, 1996",:8.09,:43%,:6.30,:54%,:0.39,:66%,:70%,:0.2,http://ufcstats.com/fighter-details/323d4ca260dfa0ba
Miles McDonald,2-1-0,"5' 7""",115 lbs.,--,,"Aug 13, 1991",:5.10,:45%,:4.00,:43%,:0.00,:0%,:100%,:1.0,http://ufcstats.com/fighter-details/a3f8356ace5e3eb5
Johil de Oliveira,17-15-1 (1 NC),"5' 6""",170 lbs.,--,Orthodox,"Aug 07, 1969",:0.51,:34%,:0.73,:58%,:1.10,:50%,:44%,:0.6,http://ufcstats.com/fighter-details/f9aa6376ae16bfb4
War Machine,14-5-0,"5' 11""",170 lbs.,--,Orthodox,"Nov 30, 1981",:2.32,:60%,:3.17,:43%,:1.16,:50%,:40%,:0.0,http://ufcstats.com/fighter-details/cd7bafbeee1f29a0
Jeremiah Labiano,11-5-0,"5' 10""",135 lbs.,--,,--,:0.00,:0%,:0.00,:0%,:0.00,:0%,:0%,:0.0,http://ufcstats.com/fighter-details/4fe1d105af549845
Jan Nortje,2-6-0,"6' 1""",310 lbs.,--,Southpaw,"Apr 11, 1975",:3.32,:51%,:4.50,:32%,:0.00,:0%,:66%,:2.9,http://ufcstats.com/fighter-details/bd4389b71fdc0ce2
Mike Perry,14-8-0,"5' 10""",170 lbs.,"71""",Orthodox,"Sep 15, 1991",:4.32,:47%,:5.16,:52%,:0.81,:40%,:78%,:0.2,http://ufcstats.com/fighter-details/f2b6fdb20675b11c
Dave Phillips,13-7-0,"6' 0""",185 lbs.,--,Orthodox,"Jan 12, 1980",:0.00,:0%,:2.00,:25%,:0.00,:0%,:0%,:10.0,http://ufcstats.com/fighter-details/99020eeb8cd5689d
Axel Sola,11-0-1,"6' 2""",170 lbs.,"74""",Southpaw,"Sep 17, 1997",:3.74,:42%,:2.74,:75%,:1.25,:25%,:0%,:0.0,http://ufcstats.com/fighter-details/1d2d98ddd05b38fb
Manel Kape,21-7-0,"5' 5""",125 lbs.,"68""",Southpaw,"Nov 14, 1993",:5.04,:55%,:4.05,:57%,:0.42,:30%,:81%,:0.3,http://ufcstats.com/fighter-details/5d1b7e3dd9e11074
Junior Albini,14-6-0,"6' 3""",264 lbs.,"74""",Orthodox,"Mar 15, 1991",:3.98,:51%,:6.08,:52%,:1.54,:37%,:100%,:0.0,http://ufcstats.com/fighter-details/c482c8605455a213
Mike Joy,11-8-0,"5' 6""",155 lbs.,--,Southpaw,"Jul 18, 1985",:0.57,:33%,:1.71,:47%,:0.78,:33%,:0%,:2.3,http://ufcstats.com/fighter-details/35080a7f406f9ab3
Dashawn Boatwright,3-1-0,"6' 0""",205 lbs.,--,Orthodox,"Feb 29, 1988",:0.00,:0%,:52.50,:12%,:0.00,:0%,:0%,:0.0,http://ufcstats.com/fighter-details/046a85108610c0d2
Dennis Reed,45-62-1,--,205 lbs.,--,Orthodox,--,:0.00,:0%,:0.00,:0%,:0.00,:0%,:0%,:0.0,http://ufcstats.com/fighter-details/4a35913bd9aa4161
John Salgado,4-8-1,"5' 10""",170 lbs.,--,,--,:0.99,:50%,:1.86,:40%,:0.00,:0%,:50%,:0.0,http://ufcstats.com/fighter-details/3e36811b7bc1f6ad
John Dave Almanza,6-1-0,"5' 7""",125 lbs.,"67""",Southpaw,"Mar 22, 2004",:1.92,:41%,:5.75,:27%,:0.00,:0%,:0%,:0.0,http://ufcstats.com/fighter-details/088aa1b19b2dc14a
Kevin Casey,9-5-2 (2 NC),"5' 11""",185 lbs.,"77""",Southpaw,"Jun 15, 1981",:2.27,:53%,:3.76,:46%,:0.79,:22%,:27%,:0.4,http://ufcstats.com/fighter-details/8d9586726252dbf7
Alex Perez,25-9-0,"5' 6""",125 lbs.,"65""",Orthodox,"Mar 21, 1992",:4.19,:46%,:3.20,:58%,:2.04,:46%,:77%,:0.8,http://ufcstats.com/fighter-details/ab2b4ff41d6ebe0f
Hunter Worsham,7-3-0,--,185 lbs.,--,,--,:0.00,:0%,:0.00,:0%,:0.00,:0%,:0%,:0.0,http://ufcstats.com/fighter-details/8fb808fc2e145bd6
Julie Kedzie,16-13-0,"5' 5""",135 lbs.,--,Orthodox,"Mar 18, 1981",:2.90,:36%,:3.18,:46%,:1.14,:23%,:78%,:0.0,http://ufcstats.com/fighter-details/981ab7a0576f76a0
Michael Page,24-3-0,"6' 3""",185 lbs.,"79""",Switch,"Apr 07, 1987",:2.39,:60%,:1.68,:57%,:0.23,:16%,:66%,:0.0,http://ufcstats.com/fighter-details/a67d071163962af8
Brian Bowles,10-3-0,"5' 7""",135 lbs.,"70""",Orthodox,"Jun 22, 1980",:2.36,:26%,:2.98,:64%,:1.39,:70%,:54%,:1.4,http://ufcstats.com/fighter-details/b26d3e3746fb4024
Mike Hayes,20-12-2,"6' 4""",230 lbs.,--,Orthodox,"Oct 16, 1980",:4.87,:55%,:1.47,:77%,:0.00,:0%,:75%,:4.0,http://ufcstats.com/fighter-details/0cfbbfa0ba6d9855
Rodrigo Lidio,12-3-0,"5' 11""",155 lbs.,"73""",Orthodox,"Jul 07, 1989",:0.97,:50%,:0.00,:100%,:0.00,:0%,:50%,:0.0,http://ufcstats.com/fighter-details/11b5a809c3120e27
Sergey Khandozhko,28-6-1,"6' 1""",170 lbs.,"74""",Orthodox,"May 19, 1992",:3.41,:41%,:2.37,:60%,:0.76,:28%,:61%,:0.0,http://ufcstats.com/fighter-details/90da09db03e41748
Tatsuya Saika,11-5-0,"6' 0""",155 lbs.,"73""",Orthodox,"Sep 18, 1990",:6.67,:44%,:9.91,:43%,:0.00,:0%,:66%,:0.0,http://ufcstats.com/fighter-details/cc4e571964b084d4
David Teymur,8-2-0,"5' 9""",155 lbs.,"73""",Southpaw,"May 01, 1989",:4.69,:43%,:3.53,:55%,:0.94,:33%,:77%,:0.0,http://ufcstats.com/fighter-details/2747c60e42d9d75f
Juan Alcain,1-2-0,--,--,--,,--,:0.00,:0%,:0.00,:0%,:0.00,:0%,:0%,:0.0,http://ufcstats.com/fighter-details/39f62b833e4cf126
Paul Felder,17-6-0,"5' 11""",155 lbs.,"70""",Orthodox,"Apr 25, 1984",:3.70,:44%,:3.44,:48%,:0.29,:28%,:64%,:0.2,http://ufcstats.com/fighter-details/e5010b1b94ca5755
Jamey-Lyn Horth,8-2-0,"5' 7""",125 lbs.,"66""",Orthodox,"Mar 30, 1990",:3.52,:54%,:2.55,:62%,:1.20,:42%,:76%,:0.2,http://ufcstats.com/fighter-details/5c637af9472ae7cc
Tony Sylvester,11-3-0,"6' 1""",225 lbs.,--,Southpaw,"Jan 27, 1978",:0.00,:0%,:10.12,:12%,:0.00,:0%,:0%,:0.0,http://ufcstats.com/fighter-details/87b7df65c30008c4
Daniel Lacerda,11-6-0 (1 NC),"5' 6""",125 lbs.,"70""",Switch,"Jun 05, 1996",:3.95,:45%,:8.28,:34%,:2.32,:50%,:0%,:1.2,http://ufcstats.com/fighter-details/31bb0772f21cabd8
Alexis Davis,21-11-0,"5' 6""",135 lbs.,"68""",Orthodox,"Oct 04, 1984",:4.63,:49%,:4.45,:54%,:0.95,:44%,:34%,:0.7,http://ufcstats.com/fighter-details/4c2d90e335e6df19
Marius Enache,3-3-0,"5' 11""",155 lbs.,--,,"Oct 16, 1975",:1.71,:34%,:0.66,:84%,:3.94,:100%,:0%,:3.9,http://ufcstats.com/fighter-details/e3f443e4cbc3da8f
Rodrigo Nascimento,11-3-0 (1 NC),"6' 2""",246 lbs.,"80""",Orthodox,"Nov 26, 1992",:3.71,:47%,:4.34,:44%,:1.02,:37%,:60%,:0.5,http://ufcstats.com/fighter-details/d31a5546c0e9b213
Marco Ruas,9-4-2,"6' 1""",210 lbs.,--,Orthodox,"Jan 23, 1961",:0.00,:0%,:0.00,:0%,:0.00,:0%,:0%,:0.0,http://ufcstats.com/fighter-details/597db668b01c442c
Willie Peeters,9-10-1,"5' 9""",220 lbs.,--,Orthodox,"Oct 26, 1965",:0.00,:0%,:0.00,:0%,:0.00,:0%,:0%,:0.0,http://ufcstats.com/fighter-details/e7bfdb5e0112891e
Frank Camacho,22-10-0,"5' 10""",155 lbs.,"73""",Orthodox,"May 18, 1989",:6.56,:46%,:7.44,:51%,:1.11,:31%,:73%,:0.0,http://ufcstats.com/fighter-details/764342d39cdaa54a
Michael Graves,6-0-1,"5' 10""",170 lbs.,"71""",Orthodox,"Jan 08, 1991",:1.25,:54%,:1.47,:58%,:4.80,:52%,:66%,:0.4,http://ufcstats.com/fighter-details/3f1d23b01c552a13
Murilo Bustamante,15-8-1,"6' 2""",183 lbs.,--,Orthodox,"Jul 30, 1966",:1.33,:32%,:1.90,:60%,:2.46,:33%,:54%,:1.2,http://ufcstats.com/fighter-details/85d905f7c4f5a1af
Jeremy Malaterre,4-2-0,"5' 11""",155 lbs.,--,,"Mar 05, 1987",:0.00,:0%,:0.00,:0%,:0.00,:0%,:0%,:0.0,http://ufcstats.com/fighter-details/110404b505fb562c
Julian Marquez,9-6-0,"6' 2""",185 lbs.,"72""",Orthodox,"May 08, 1990",:5.06,:45%,:5.35,:50%,:0.00,:0%,:54%,:2.6,http://ufcstats.com/fighter-details/d0e1b42d41dab603
Tateki Matsuda,13-8-0,"5' 7""",125 lbs.,--,Orthodox,"Feb 27, 1986",:3.20,:34%,:3.43,:69%,:0.00,:0%,:16%,:0.0,http://ufcstats.com/fighter-details/3a524c6700addc24
Rachael Ostovich,4-6-0,"5' 3""",125 lbs.,"62""",Orthodox,"Feb 25, 1991",:2.54,:43%,:3.97,:57%,:2.03,:83%,:66%,:0.8,http://ufcstats.com/fighter-details/01784fbc27c68b14
Luke Riley,9-0-0,--,145 lbs.,--,,"Jun 30, 1999",:0.00,:0%,:0.00,:0%,:0.00,:0%,:0%,:0.0,http://ufcstats.com/fighter-details/b1de86d835638319
Antonio Schembri,5-5-0,"5' 9""",205 lbs.,--,Orthodox,"Jun 01, 1974",:0.72,:26%,:2.12,:55%,:1.31,:40%,:0%,:0.4,http://ufcstats.com/fighter-details/a3244e3238541482
Yoshihisa Yamamoto,14-25-1,"6' 2""",220 lbs.,--,Southpaw,"Jul 04, 1970",:1.65,:38%,:3.05,:53%,:1.00,:20%,:50%,:0.6,http://ufcstats.com/fighter-details/eed2b71d77d95416
Rainy Martinez,0-2-0,"6' 0""",199 lbs.,--,Orthodox,--,:0.00,:0%,:0.00,:0%,:0.00,:0%,:0%,:0.0,http://ufcstats.com/fighter-details/577ec7e108b94be3
Carlos Candelario,8-3-0,"5' 8""",125 lbs.,"68""",Southpaw,"Jun 04, 1991",:3.97,:46%,:5.17,:44%,:2.28,:36%,:53%,:0.3,http://ufcstats.com/fighter-details/760a55d5b6098cbe
Vitor Costa,8-2-0,"6' 2""",185 lbs.,"75""",Orthodox,"Sep 19, 2000",:7.36,:54%,:9.62,:50%,:0.00,:0%,:0%,:0.0,http://ufcstats.com/fighter-details/c41cbb5bf944ca54
Vanessa Melo,11-8-0,"5' 5""",135 lbs.,"65""",Orthodox,"Mar 27, 1988",:3.48,:30%,:6.13,:59%,:0.00,:0%,:71%,:0.0,http://ufcstats.com/fighter-details/9b7dfb3b7d99926a
Jeremy Wallace,4-6-0,"5' 9""",--,--,,"Feb 13, 1987",:0.00,:0%,:0.00,:0%,:0.00,:0%,:0%,:0.0,http://ufcstats.com/fighter-details/b87c3f460709f74c
Edson Gomez,6-2-0,"5' 8""",170 lbs.,"69""",Switch,"Feb 23, 1991",:2.66,:32%,:8.78,:45%,:0.00,:0%,:0%,:0.0,http://ufcstats.com/fighter-details/e90f4291f93708e6
Wendell Oliveira Marques,29-10-0,"5' 10""",170 lbs.,--,Orthodox,"Jun 01, 1983",:3.77,:47%,:4.40,:47%,:0.00,:0%,:100%,:0.0,http://ufcstats.com/fighter-details/32c03df3c9760069
Jared Rollins,8-4-0,"5' 9""",170 lbs.,--,Orthodox,"Jan 26, 1977",:3.33,:57%,:2.41,:39%,:2.50,:50%,:50%,:1.2,http://ufcstats.com/fighter-details/c4b6099f0d25f75e
Doug Marshall,18-8-0,"5' 10""",205 lbs.,--,Orthodox,"Sep 09, 1975",:6.99,:46%,:4.02,:60%,:0.00,:0%,:66%,:2.4,http://ufcstats.com/fighter-details/0c1773639c795466
Damien Trites,7-6-0,"5' 11""",165 lbs.,--,,"Aug 23, 1979",:0.00,:0%,:0.00,:0%,:0.00,:0%,:0%,:0.0,http://ufcstats.com/fighter-details/cb1c09c8126dbee0
John Alessio,35-17-0 (2 NC),"5' 10""",155 lbs.,"72""",Orthodox,"Jul 05, 1979",:2.10,:39%,:2.91,:54%,:1.85,:38%,:70%,:1.2,http://ufcstats.com/fighter-details/7a15f3694c5cbc02
Chris Cope,8-4-0,"6' 0""",170 lbs.,"72""",Orthodox,"Mar 05, 1983",:3.96,:26%,:4.82,:50%,:0.00,:0%,:80%,:0.0,http://ufcstats.com/fighter-details/8c8c92a12621d7e0
Scott Shaffer,0-1-0,"5' 7""",145 lbs.,--,Orthodox,--,:2.40,:67%,:0.53,:50%,:0.00,:0%,:72%,:3.0,http://ufcstats.com/fighter-details/5c38639f860a5542
Mason Jones,17-2-0 (1 NC),"5' 10""",155 lbs.,"74""",Orthodox,"Apr 26, 1995",:5.71,:41%,:4.47,:50%,:4.17,:55%,:81%,:0.2,http://ufcstats.com/fighter-details/f6ad6a1e4d600e0d
Anton Turkalj,8-4-0,"6' 4""",205 lbs.,"78""",Orthodox,"Jun 10, 1996",:2.45,:42%,:3.42,:54%,:4.98,:41%,:16%,:0.0,http://ufcstats.com/fighter-details/82529ce93cd9a2cf
Kerry Schall,24-13-0 (1 NC),"6' 2""",265 lbs.,--,Orthodox,"Aug 09, 1971",:0.94,:11%,:4.84,:63%,:0.00,:0%,:0%,:0.0,http://ufcstats.com/fighter-details/030f08370fd1c2bb
Zhang Tiequan,15-4-0,"5' 8""",155 lbs.,"69""",Orthodox,"Jul 25, 1978",:1.23,:36%,:2.14,:51%,:1.95,:58%,:75%,:3.4,http://ufcstats.com/fighter-details/c23e3d4875340d8d
Abdul Azeem Badakhshi,13-3-0,--,145 lbs.,--,,--,:0.00,:0%,:0.00,:0%,:0.00,:0%,:0%,:0.0,http://ufcstats.com/fighter-details/968764372c49eab6
Dooho Choi,16-4-1,"5' 10""",145 lbs.,"70""",Orthodox,"Apr 10, 1991",:4.67,:56%,:4.02,:56%,:1.43,:53%,:47%,:0.6,http://ufcstats.com/fighter-details/e93b04e308913c2e
Mahamed Aly,4-1-0,"6' 2""",205 lbs.,"78""",Orthodox,"Jan 11, 1994",:6.00,:66%,:12.00,:33%,:0.00,:0%,:0%,:0.0,http://ufcstats.com/fighter-details/86c1441676af2c73
Sara McMann,13-6-0,"5' 6""",135 lbs.,"66""",Orthodox,"Sep 24, 1980",:2.26,:46%,:1.92,:47%,:4.38,:65%,:50%,:0.5,http://ufcstats.com/fighter-details/7be74a12d7352df2
Derek Campos,19-6-0,"5' 9""",155 lbs.,--,,"Apr 01, 1988",:2.41,:23%,:10.34,:44%,:0.00,:0%,:0%,:0.0,http://ufcstats.com/fighter-details/aa8dc72b3a1f761c
Rudy Bears,16-15-0,"5' 11""",170 lbs.,--,Southpaw,--,:1.27,:29%,:2.53,:50%,:0.00,:0%,:0%,:0.0,http://ufcstats.com/fighter-details/74f13066b1417ef3
Nicolle Caliari,8-4-0,"5' 3""",125 lbs.,"62""",Orthodox,"Nov 04, 1996",:3.46,:38%,:7.01,:53%,:2.88,:24%,:0%,:1.0,http://ufcstats.com/fighter-details/fc0a4053eb8a3a59
Cody East,12-3-0,"6' 3""",245 lbs.,--,Orthodox,"Jun 29, 1988",:4.15,:43%,:7.32,:40%,:3.97,:100%,:16%,:0.0,http://ufcstats.com/fighter-details/5713c1d2fac539ac
Rico Farrington,7-3-0,"6' 4""",170 lbs.,"79""",Southpaw,"Jun 19, 1989",:6.33,:41%,:7.20,:51%,:0.00,:0%,:20%,:0.0,http://ufcstats.com/fighter-details/f89e6e66b9b112de
Jeff Bedard,13-3-0,"5' 6""",145 lbs.,--,Orthodox,"Feb 06, 1970",:0.80,:51%,:0.00,:100%,:3.43,:66%,:100%,:2.6,http://ufcstats.com/fighter-details/93bf96be327fcd98
Nah-Shon Burrell,15-7-0 (1 NC),"5' 11""",170 lbs.,--,Orthodox,"Feb 05, 1990",:4.83,:47%,:3.45,:56%,:0.00,:0%,:52%,:0.3,http://ufcstats.com/fighter-details/2c64c035485906aa
Scott Fiedler,0-1-0,"6' 4""",235 lbs.,--,Orthodox,--,:0.00,:0%,:0.00,:0%,:0.00,:0%,:0%,:0.0,http://ufcstats.com/fighter-details/0ec821423baa26bd
Carlos Leal,22-7-0,"5' 11""",170 lbs.,"74""",Orthodox,"May 04, 1994",:9.57,:50%,:7.61,:53%,:0.75,:25%,:90%,:0.0,http://ufcstats.com/fighter-details/28d421729451c8ca
Melissa Croden,6-2-0,--,135 lbs.,--,Orthodox,"Apr 12, 1991",:0.00,:0%,:0.00,:0%,:0.00,:0%,:0%,:0.0,http://ufcstats.com/fighter-details/51e2f44a8dbf6984
Bruno Lopes,14-2-0,"6' 2""",205 lbs.,"74""",Orthodox,"Apr 24, 1993",:2.81,:43%,:3.38,:57%,:2.51,:33%,:100%,:0.0,http://ufcstats.com/fighter-details/0abcf6bc47191219
Timothy Johnson,12-4-0,"6' 3""",265 lbs.,"77""",Southpaw,"Mar 13, 1985",:3.43,:45%,:3.08,:44%,:1.09,:24%,:69%,:0.0,http://ufcstats.com/fighter-details/cc900af167fbedfd
Francisco Prado,12-4-0,"5' 10""",170 lbs.,"69""",Orthodox,"Jun 16, 2002",:4.09,:43%,:4.95,:54%,:0.94,:19%,:50%,:0.5,http://ufcstats.com/fighter-details/3920d0cc288f9b0d
Jared Rosholt,14-4-0,"6' 2""",265 lbs.,"75""",Orthodox,"Aug 04, 1986",:2.08,:46%,:1.52,:59%,:1.83,:41%,:66%,:0.1,http://ufcstats.com/fighter-details/91ea901c458e95dd
George Stork,7-9-0,"5' 10""",185 lbs.,--,,--,:0.00,:0%,:0.00,:0%,:0.00,:0%,:0%,:0.0,http://ufcstats.com/fighter-details/61dd409cb40d1a55
Egidijus Valavicius,29-12-0,"6' 0""",200 lbs.,--,Orthodox,"Dec 23, 1978",:0.00,:0%,:0.00,:0%,:0.00,:0%,:0%,:0.0,http://ufcstats.com/fighter-details/fc1868f56d3036eb
Zach Skinner,10-11-0,"5' 6""",145 lbs.,--,Orthodox,--,:0.53,:50%,:2.40,:32%,:5.00,:27%,:100%,:1.0,http://ufcstats.com/fighter-details/c337c3c85b1871e0
Jerry Bohlander,11-4-0,"5' 11""",199 lbs.,--,Orthodox,"Feb 12, 1974",:0.00,:0%,:0.00,:0%,:0.00,:0%,:0%,:0.0,http://ufcstats.com/fighter-details/93892752c5fc23ca
Ben Reiter,17-2-1,"6' 3""",185 lbs.,--,,"Jun 27, 1987",:1.80,:46%,:1.53,:54%,:7.00,:43%,:0%,:0.0,http://ufcstats.com/fighter-details/ee7b7768a4e6dc45
Daria Zhelezniakova,10-2-0,"5' 9""",135 lbs.,"68""",Orthodox,"Jan 23, 1996",:4.75,:41%,:2.83,:68%,:0.44,:100%,:50%,:0.0,http://ufcstats.com/fighter-details/07047eb7d17fb0a2
Matt Bessette,22-9-0 (1 NC),"5' 10""",145 lbs.,"70""",Orthodox,"Dec 28, 1984",:4.36,:41%,:4.45,:58%,:0.64,:28%,:61%,:0.3,http://ufcstats.com/fighter-details/0b8d512c79b4baf3
Janaina Silva,5-1-0,"5' 1""",115 lbs.,"60""",Orthodox,"Feb 16, 1992",:0.00,:0%,:1.50,:62%,:0.00,:0%,:0%,:0.0,http://ufcstats.com/fighter-details/4784a5b4a452464a
Jake Hecht,11-4-0,"6' 0""",170 lbs.,"73""",Orthodox,"Feb 09, 1984",:3.26,:47%,:2.76,:56%,:2.04,:37%,:40%,:0.0,http://ufcstats.com/fighter-details/e57fdbea1b828202
Adin Duenas,6-1-0,"5' 6""",145 lbs.,--,,"Jul 02, 1988",:0.00,:0%,:0.00,:0%,:0.00,:0%,:0%,:0.0,http://ufcstats.com/fighter-details/cb6c45b26b0a877a
Reza Nasri,0-1-0,"5' 11""",205 lbs.,--,Orthodox,--,:0.00,:0%,:0.00,:0%,:0.00,:0%,:0%,:0.0,http://ufcstats.com/fighter-details/d41937647eae9a34
Geronimo dos Santos,39-19-0,"6' 3""",264 lbs.,--,Orthodox,"Aug 17, 1980",:1.09,:33%,:8.73,:41%,:0.00,:0%,:33%,:0.0,http://ufcstats.com/fighter-details/b51f6791c794e289
Patrick Speight,7-3-0,"6' 1""",170 lbs.,--,Orthodox,--,:0.00,:0%,:0.00,:0%,:0.00,:0%,:0%,:0.0,http://ufcstats.com/fighter-details/ae4650eb56ab6a11
Vitor Belfort,26-14-0 (1 NC),"6' 0""",185 lbs.,"74""",Southpaw,"Apr 01, 1977",:1.59,:46%,:2.83,:50%,:1.02,:60%,:53%,:0.6,http://ufcstats.com/fighter-details/0ee783aa00e468f0
James Giboo,13-5-0,"5' 11""",170 lbs.,--,Orthodox,"Jan 06, 1978",:1.20,:27%,:7.08,:39%,:0.00,:0%,:0%,:0.0,http://ufcstats.com/fighter-details/f74e037b97917027
Anying Wang,2-1-0,"6' 0""",170 lbs.,--,Orthodox,"Apr 04, 1991",:1.32,:26%,:1.63,:44%,:0.00,:0%,:33%,:0.0,http://ufcstats.com/fighter-details/69e8c632135af48b
Alexander Yakovlev,24-10-1,"6' 3""",155 lbs.,"74""",Southpaw,"Jul 18, 1984",:1.74,:47%,:2.41,:58%,:1.66,:35%,:72%,:0.1,http://ufcstats.com/fighter-details/d06f8869449ba7bd
Ariel Gandulla,7-9-0 (1 NC),"5' 11""",205 lbs.,--,Orthodox,"May 07, 1968",:1.95,:23%,:2.07,:72%,:1.88,:66%,:0%,:0.0,http://ufcstats.com/fighter-details/41904fc4d3f5bffc
Brian Rogers,14-9-0,"5' 11""",185 lbs.,--,,"Feb 15, 1984",:4.79,:38%,:5.76,:58%,:1.22,:50%,:100%,:0.6,http://ufcstats.com/fighter-details/f304aff405c4a8fa
Demetrius Gioulacos,0-1-0,"5' 11""",185 lbs.,--,,--,:0.00,:0%,:0.00,:0%,:0.00,:0%,:0%,:0.0,http://ufcstats.com/fighter-details/a58114c6dd0add64
Luiz Dutra,13-6-1,"5' 11""",170 lbs.,--,Orthodox,"May 06, 1982",:3.92,:50%,:4.80,:41%,:0.00,:0%,:100%,:0.0,http://ufcstats.com/fighter-details/2153a7f8396a46cc
Nick Sperling,3-4-0,--,135 lbs.,--,,--,:1.40,:25%,:1.40,:66%,:0.00,:0%,:0%,:0.0,http://ufcstats.com/fighter-details/7d68f3bec89e08ec
Seichi Ikemoto,21-19-5,"5' 11""",168 lbs.,--,Orthodox,"Aug 24, 1975",:2.59,:32%,:3.74,:57%,:1.23,:26%,:60%,:0.0,http://ufcstats.com/fighter-details/81f38d1640c4e70d
Royce Alger,3-2-0,"5' 10""",199 lbs.,--,Orthodox,"Mar 06, 1965",:0.00,:0%,:0.00,:0%,:0.00,:0%,:0%,:0.0,http://ufcstats.com/fighter-details/669a3cb6e394f515
Gustavo Gabriel,13-1-0,"5' 6""",125 lbs.,--,Orthodox,"Apr 01, 1994",:4.06,:65%,:4.26,:46%,:0.00,:0%,:50%,:0.0,http://ufcstats.com/fighter-details/fe98f86284a6eeb3
SeongChan Hong,9-2-0 (2 NC),"5' 7""",155 lbs.,"69""",Orthodox,"Nov 28, 1989",:6.57,:55%,:8.76,:47%,:0.00,:0%,:0%,:0.0,http://ufcstats.com/fighter-details/10d4575f497face4
Sultan Aliev,15-3-0,"5' 11""",170 lbs.,"74""",Orthodox,"Sep 17, 1984",:1.41,:45%,:2.20,:56%,:1.76,:38%,:100%,:0.0,http://ufcstats.com/fighter-details/e70de1859b7ee78e
Duane Ludwig,21-14-0,"5' 10""",170 lbs.,"70""",Orthodox,"Aug 04, 1978",:4.62,:44%,:3.05,:57%,:0.43,:25%,:59%,:0.1,http://ufcstats.com/fighter-details/84ac950d4c1722dd
Derrick Noble,27-15-1,"5' 9""",170 lbs.,--,Southpaw,"Aug 14, 1978",:6.21,:40%,:3.79,:59%,:0.00,:0%,:0%,:0.0,http://ufcstats.com/fighter-details/21321cdfba797c52
Jerron Peoples,4-3-0,"6' 0""",170 lbs.,--,,"May 04, 1982",:0.00,:0%,:0.00,:0%,:0.00,:0%,:0%,:0.0,http://ufcstats.com/fighter-details/a2ac473d74eb157c
Cameron Olson,7-3-0 (1 NC),"6' 1""",205 lbs.,"75""",Orthodox,"Nov 22, 1989",:3.13,:47%,:2.20,:57%,:3.00,:42%,:100%,:1.0,http://ufcstats.com/fighter-details/5a9104718439ef44
Brandon Cash,10-4-0,"6' 5""",255 lbs.,--,Orthodox,--,:5.42,:72%,:0.68,:33%,:10.17,:66%,:0%,:0.0,http://ufcstats.com/fighter-details/3993f7dcb7caf42a
Ryan Benoit,10-8-0,"5' 5""",125 lbs.,"68""",Orthodox,"Aug 25, 1989",:2.88,:39%,:3.65,:58%,:0.28,:22%,:72%,:0.4,http://ufcstats.com/fighter-details/20999e27ddd94bda
Ryan Gandra,8-1-0,"6' 1""",185 lbs.,"74""",Orthodox,"May 08, 1995",:11.23,:51%,:2.11,:79%,:0.00,:0%,:100%,:0.0,http://ufcstats.com/fighter-details/e463ce0a2ca474f4
George Bush,5-2-0,"6' 1""",205 lbs.,--,,--,:6.35,:64%,:2.31,:55%,:17.31,:66%,:0%,:0.0,http://ufcstats.com/fighter-details/f0c779dc2ca3816c
Nursulton Ruziboev,36-9-2 (2 NC),"6' 5""",185 lbs.,"76""",Orthodox,"Nov 19, 1993",:2.59,:46%,:2.89,:48%,:0.75,:66%,:33%,:0.0,http://ufcstats.com/fighter-details/49d2a08964c5eb11
Donovan Beard,7-2-0,"6' 2""",185 lbs.,"78""",Orthodox,"Nov 05, 1989",:0.00,:0%,:5.77,:28%,:0.00,:0%,:0%,:0.0,http://ufcstats.com/fighter-details/3a6ac598320ca7f2
Frank Lester,11-6-0 (1 NC),"5' 11""",170 lbs.,--,Orthodox,"Jun 10, 1984",:2.18,:36%,:3.82,:53%,:0.00,:0%,:0%,:0.0,http://ufcstats.com/fighter-details/edd8d5d8089a35f8
Tae Hyun Bang,18-10-0,"5' 9""",155 lbs.,"71""",Switch,"Apr 15, 1983",:2.72,:38%,:2.07,:66%,:0.49,:33%,:57%,:0.5,http://ufcstats.com/fighter-details/9a2d3567abc02e34
Rico DiSciullo,9-2-0 (1 NC),"5' 8""",135 lbs.,--,Orthodox,"Oct 12, 1986",:1.71,:33%,:4.41,:56%,:0.00,:0%,:0%,:0.0,http://ufcstats.com/fighter-details/ec7f7263bf36579b
Justin Gaethje,26-5-0,"5' 11""",155 lbs.,"70""",Orthodox,"Nov 14, 1988",:6.59,:58%,:7.18,:51%,:0.10,:14%,:68%,:0.0,http://ufcstats.com/fighter-details/9e8f6c728eb01124
Canaan Kawaihae,6-2-0 (1 NC),"6' 0""",145 lbs.,"71""",Southpaw,"Aug 26, 1997",:2.83,:51%,:4.59,:36%,:0.00,:0%,:100%,:0.0,http://ufcstats.com/fighter-details/58d42b9e920b25fc
Darrell Montague,13-5-0,"5' 6""",125 lbs.,"67""",Southpaw,"Nov 03, 1987",:1.92,:25%,:5.38,:52%,:0.72,:25%,:33%,:1.4,http://ufcstats.com/fighter-details/bffeb123b21c9aad
Peggy Morgan,4-4-0,"6' 1""",135 lbs.,--,,"Dec 16, 1979",:2.27,:23%,:8.20,:33%,:0.00,:0%,:50%,:0.0,http://ufcstats.com/fighter-details/92b36014314b028b
Danilo Belluardo,12-5-0,"6' 0""",155 lbs.,"74""",Southpaw,"Jul 21, 1994",:1.52,:61%,:4.79,:41%,:3.50,:100%,:50%,:0.0,http://ufcstats.com/fighter-details/c3f6db17cea09ca7
Alavutdin Gadjiev,18-13-1,"6' 2""",185 lbs.,--,Orthodox,"Jun 23, 1982",:0.99,:27%,:0.99,:57%,:0.00,:0%,:50%,:0.0,http://ufcstats.com/fighter-details/a7a79b8efbceaaac
Jason Saggo,12-4-0,"5' 11""",155 lbs.,"71""",Orthodox,"Nov 23, 1985",:2.50,:39%,:2.94,:52%,:2.33,:40%,:23%,:0.0,http://ufcstats.com/fighter-details/4ac1ecf8ce59ef23
Matheus Camilo,9-3-0,"5' 10""",155 lbs.,"69""",Orthodox,"Jan 02, 2001",:1.49,:48%,:1.38,:55%,:3.44,:66%,:0%,:1.7,http://ufcstats.com/fighter-details/72f890c5d421e705
Bobby Moffett,13-5-0 (1 NC),"5' 10""",145 lbs.,"73""",Orthodox,"Jun 01, 1990",:3.41,:39%,:3.15,:61%,:2.74,:66%,:66%,:1.4,http://ufcstats.com/fighter-details/d76ad9a08c4408ff
Daniel Sarafian,10-6-0,"5' 9""",185 lbs.,"73""",Orthodox,"Aug 21, 1982",:2.23,:46%,:3.10,:58%,:0.36,:7%,:53%,:0.7,http://ufcstats.com/fighter-details/7e47047d0971d566
Joel Thomas,5-2-0,"5' 10""",170 lbs.,--,,--,:0.00,:0%,:0.00,:0%,:0.00,:0%,:0%,:0.0,http://ufcstats.com/fighter-details/2b33e57c4d0a4502
Laureano Staropoli,9-5-0,"6' 1""",185 lbs.,"71""",Orthodox,"Feb 27, 1993",:3.31,:34%,:3.73,:54%,:0.83,:26%,:48%,:0.0,http://ufcstats.com/fighter-details/a12a8314adc1c1c9
Nick Pace,8-3-0,"5' 7""",135 lbs.,"68""",Orthodox,"Apr 17, 1987",:1.48,:34%,:3.14,:57%,:2.52,:43%,:54%,:0.5,http://ufcstats.com/fighter-details/8cb76103cd8a1562
Chance Farrar,8-3-0 (1 NC),"5' 9""",145 lbs.,--,Southpaw,"Sep 11, 1975",:0.81,:22%,:2.21,:67%,:3.02,:100%,:0%,:0.0,http://ufcstats.com/fighter-details/49c7236c737d7e59
Douglas Lima,29-6-0,"6' 1""",170 lbs.,--,,"Jan 05, 1988",:1.92,:36%,:2.84,:60%,:0.60,:100%,:46%,:0.0,http://ufcstats.com/fighter-details/264111bf62662fbf
Brady Fink,2-3-0,"6' 0""",183 lbs.,--,Orthodox,"May 23, 1981",:1.69,:41%,:1.69,:61%,:3.63,:25%,:0%,:3.6,http://ufcstats.com/fighter-details/997b4f52f76a0b53
Jarrod Kwitty,2-2-0,"5' 8""",185 lbs.,--,,--,:0.53,:50%,:4.40,:32%,:8.00,:50%,:0%,:2.0,http://ufcstats.com/fighter-details/849d15ed7e3a0e97
Brandon Moreno,23-8-2,"5' 7""",125 lbs.,"70""",Orthodox,"Dec 07, 1993",:3.96,:44%,:3.62,:60%,:1.51,:44%,:64%,:0.4,http://ufcstats.com/fighter-details/792be9a24df82ed6
Nick Thompson,38-14-1,"6' 1""",170 lbs.,"74""",Orthodox,"Jun 23, 1981",:1.87,:42%,:1.80,:49%,:1.06,:100%,:35%,:2.6,http://ufcstats.com/fighter-details/7d3caf0f96f1b33d
Kristof Midoux,6-10-0,"6' 1""",220 lbs.,--,Orthodox,"Jul 30, 1974",:0.70,:43%,:2.89,:49%,:0.00,:0%,:0%,:0.0,http://ufcstats.com/fighter-details/5b5b9c6f6f270369
Ryan Madigan,5-3-0,"6' 0""",170 lbs.,--,Orthodox,--,:0.00,:0%,:3.35,:47%,:0.00,:0%,:0%,:0.0,http://ufcstats.com/fighter-details/a8d521d913df4e31
Vagner Rocha,14-4-0,"5' 10""",155 lbs.,"73""",Orthodox,"Jun 06, 1982",:2.64,:42%,:4.50,:48%,:1.40,:33%,:50%,:1.9,http://ufcstats.com/fighter-details/d403b1a6f278c95e
Raymond Daniels,0-1-0,"6' 2""",185 lbs.,--,Southpaw,"Apr 29, 1980",:0.00,:0%,:2.61,:38%,:0.00,:0%,:33%,:3.0,http://ufcstats.com/fighter-details/fccb0fee256b7b4d
Casey Olson,14-5-0,"5' 7""",145 lbs.,--,Orthodox,--,:2.48,:60%,:0.00,:100%,:3.54,:57%,:100%,:1.8,http://ufcstats.com/fighter-details/7613773461b276f4
Eric Steenberg,5-1-0,--,155 lbs.,--,,"Jun 22, 1983",:0.00,:0%,:0.00,:0%,:0.00,:0%,:0%,:0.0,http://ufcstats.com/fighter-details/377bc9dc0b2745f9
David Dodd,4-7-0,"6' 2""",200 lbs.,--,Orthodox,"Sep 22, 1973",:0.00,:0%,:0.00,:0%,:0.00,:0%,:0%,:0.0,http://ufcstats.com/fighter-details/c2a7623f398d9bd7
Alan Gomez,2-0-0,--,155 lbs.,--,,--,:0.00,:0%,:0.00,:0%,:0.00,:0%,:0%,:0.0,http://ufcstats.com/fighter-details/0a66de3a797cf73a
Gisele Moreira,8-3-0,"5' 6""",135 lbs.,--,Orthodox,"Jan 14, 1981",:5.93,:42%,:6.33,:48%,:4.00,:57%,:0%,:0.0,http://ufcstats.com/fighter-details/6a125ba3ec37e27e
Teemu Packalen,8-3-0,"6' 1""",155 lbs.,"75""",Orthodox,"May 22, 1987",:2.57,:54%,:3.91,:47%,:2.31,:25%,:100%,:1.5,http://ufcstats.com/fighter-details/8f4eeaf7a0df7c1a
Ben Saunders,22-13-2,"6' 2""",170 lbs.,"77""",Orthodox,"Apr 13, 1983",:3.23,:50%,:3.58,:51%,:0.20,:40%,:66%,:1.3,http://ufcstats.com/fighter-details/484acc7b0f856ce9
Luis Felipe Dias,17-5-0,"5' 10""",185 lbs.,"74""",,"Jan 17, 1995",:1.77,:38%,:2.70,:52%,:6.24,:57%,:66%,:1.6,http://ufcstats.com/fighter-details/33a86e839ad202d8
Hector Urbina,17-10-1,"5' 11""",170 lbs.,"73""",Orthodox,"Sep 17, 1987",:0.97,:38%,:2.44,:39%,:0.00,:0%,:38%,:3.8,http://ufcstats.com/fighter-details/4b8fb0453a596b8e
Fedor Emelianenko,36-5-0 (1 NC),"6' 0""",230 lbs.,"74""",Orthodox,"Sep 28, 1976",:3.18,:51%,:1.00,:63%,:2.00,:63%,:82%,:1.9,http://ufcstats.com/fighter-details/b8da6f5c80ae2d15
Jordan Bailey,6-3-0,"5' 9""",145 lbs.,--,,--,:1.74,:40%,:0.29,:0%,:4.35,:100%,:0%,:4.3,http://ufcstats.com/fighter-details/34dbcd4dbaf21a36
Paul Daley,39-15-2,"5' 9""",170 lbs.,"76""",Orthodox,"Feb 21, 1983",:3.14,:47%,:2.37,:60%,:0.91,:40%,:64%,:0.0,http://ufcstats.com/fighter-details/23725c826c481e7f
Kevin Gray,9-4-0,"5' 4""",125 lbs.,"67""",Orthodox,"May 03, 1985",:3.45,:62%,:4.48,:66%,:0.00,:0%,:0%,:0.0,http://ufcstats.com/fighter-details/bb0d290026d7681d
Jonathan Meunier,8-1-0,"6' 3""",170 lbs.,--,Switch,"Aug 04, 1987",:3.47,:50%,:1.43,:69%,:0.58,:33%,:58%,:0.0,http://ufcstats.com/fighter-details/5823ceab56741617
Qiu Lun,16-9-0,"5' 8""",125 lbs.,"66""",Southpaw,"Jul 08, 1997",:3.51,:46%,:1.78,:67%,:0.67,:18%,:68%,:0.0,http://ufcstats.com/fighter-details/126bdc1710a8cbf4
Braxton Smith,5-2-0,"5' 11""",257 lbs.,"72""",Orthodox,"Jan 01, 1990",:6.46,:48%,:11.54,:32%,:0.00,:0%,:100%,:0.0,http://ufcstats.com/fighter-details/eaa9402e5a7990ad
Rob Wilkinson,11-2-0,"6' 3""",185 lbs.,"80""",Orthodox,"Feb 22, 1992",:2.74,:50%,:5.66,:39%,:4.47,:25%,:0%,:0.0,http://ufcstats.com/fighter-details/826475cc758e60e6
Jiniushiyue,13-4-0,"5' 6""",125 lbs.,"68""",Southpaw,"Dec 09, 2000",:3.00,:41%,:2.71,:50%,:0.79,:28%,:75%,:0.0,http://ufcstats.com/fighter-details/c14a683dac2ebc4c
Piotr Hallmann,18-6-0,"5' 9""",155 lbs.,"71""",Orthodox,"Aug 25, 1987",:3.98,:45%,:3.17,:58%,:2.55,:44%,:70%,:0.4,http://ufcstats.com/fighter-details/a3be148af5c7b088
Kyle Kingsbury,11-6-0 (1 NC),"6' 4""",205 lbs.,"79""",Orthodox,"Mar 22, 1982",:2.97,:40%,:3.81,:51%,:2.64,:41%,:52%,:0.0,http://ufcstats.com/fighter-details/b959e8c7fd8390d2
Zabit Magomedsharipov,18-1-0,"6' 1""",145 lbs.,"73""",Orthodox,"Mar 01, 1991",:4.89,:48%,:3.00,:64%,:5.22,:56%,:77%,:0.8,http://ufcstats.com/fighter-details/87aa9fb63d6b51a1
Bojan Mihajlovic,10-6-0,"5' 11""",205 lbs.,"73""",Orthodox,"Mar 30, 1980",:1.23,:35%,:5.95,:47%,:0.00,:0%,:33%,:0.0,http://ufcstats.com/fighter-details/d6285cba1d1052e0
Carlos Calderon,6-3-0 (1 NC),"5' 11""",145 lbs.,"71""",Southpaw,"Feb 10, 1996",:4.85,:42%,:4.98,:33%,:3.93,:33%,:0%,:0.0,http://ufcstats.com/fighter-details/7d4d7583df7eebf9
Chase Sherman,16-12-0,"6' 4""",250 lbs.,"78""",Orthodox,"Nov 16, 1989",:6.04,:45%,:6.65,:52%,:0.09,:50%,:74%,:0.0,http://ufcstats.com/fighter-details/01b352b6a9074d5c
Charlene Gellner,0-4-0,"5' 2""",125 lbs.,--,,--,:2.01,:42%,:3.24,:43%,:0.00,:0%,:0%,:1.7,http://ufcstats.com/fighter-details/effd0b70e6749ab2
Miguel Cosio,1-13-0,"6' 4""",205 lbs.,--,,"Feb 18, 1981",:0.00,:0%,:0.00,:0%,:0.00,:0%,:0%,:0.0,http://ufcstats.com/fighter-details/d150c6fbdb7687f4
Muin Gafurov,20-6-0,"5' 7""",135 lbs.,"68""",Orthodox,"May 17, 1996",:2.89,:45%,:2.21,:52%,:1.47,:26%,:70%,:0.0,http://ufcstats.com/fighter-details/a54660deb6a8489c
Josh Paiva,8-2-0,"5' 6""",125 lbs.,--,,"Apr 05, 1991",:0.00,:0%,:0.00,:0%,:0.00,:0%,:0%,:0.0,http://ufcstats.com/fighter-details/1e12c1dbbb1e2dda
David Blanco,2-0-0,"5' 7""",145 lbs.,--,,--,:0.00,:0%,:0.00,:0%,:0.00,:0%,:0%,:0.0,http://ufcstats.com/fighter-details/ebf298f8ac7e232b
Pedro Falcao,16-5-0,"5' 6""",135 lbs.,"66""",Orthodox,"Jul 30, 1992",:3.21,:48%,:3.39,:50%,:2.73,:25%,:66%,:0.0,http://ufcstats.com/fighter-details/f7be1db194e03d7e
Yuki Kondo,60-33-9,"5' 11""",183 lbs.,--,Southpaw,"Jul 17, 1975",:1.14,:42%,:2.57,:51%,:0.76,:41%,:37%,:0.5,http://ufcstats.com/fighter-details/1fe7adb23b3eedfb
Eun Soo Lee,17-4-0 (1 NC),"6' 1""",215 lbs.,--,Orthodox,"Mar 07, 1982",:0.00,:0%,:3.05,:60%,:0.00,:0%,:50%,:0.0,http://ufcstats.com/fighter-details/39c568f8c579913e
Kiru Sahota,12-3-0,"5' 10""",125 lbs.,"73""",Orthodox,"May 28, 1995",:4.05,:52%,:2.64,:41%,:0.92,:33%,:50%,:0.5,http://ufcstats.com/fighter-details/296a120cb880477b
Mike Davis,12-3-0,"6' 0""",155 lbs.,"72""",Orthodox,"Oct 07, 1992",:4.73,:53%,:5.23,:54%,:2.40,:44%,:60%,:0.8,http://ufcstats.com/fighter-details/fb3e61720be4690c
Cody Floyd,2-0-0,--,--,--,,"Jul 18, 1988",:0.00,:0%,:0.00,:0%,:0.00,:0%,:0%,:0.0,http://ufcstats.com/fighter-details/8164250600b7c91b
Norma Dumont,12-2-0,"5' 7""",135 lbs.,"67""",Orthodox,"Oct 01, 1990",:3.86,:50%,:2.16,:65%,:1.72,:56%,:72%,:0.0,http://ufcstats.com/fighter-details/d3f5d33d61cd00c9
Ralph Gracie,6-1-0,"5' 9""",183 lbs.,--,Orthodox,"May 25, 1971",:0.86,:37%,:1.72,:31%,:0.00,:0%,:25%,:4.0,http://ufcstats.com/fighter-details/a9c45a8b21eabadc
Charles Radtke,10-5-0,"5' 9""",170 lbs.,"72""",Orthodox,"Jul 09, 1990",:3.11,:49%,:3.66,:52%,:0.49,:12%,:100%,:0.0,http://ufcstats.com/fighter-details/feedf3053472fe56
Brian Sleeman,9-9-1,"5' 8""",185 lbs.,--,,--,:4.00,:48%,:1.85,:70%,:9.23,:100%,:100%,:0.0,http://ufcstats.com/fighter-details/9db861c26b63daa8
Bia Mesquita,5-0-0,"5' 4""",135 lbs.,"67""",Orthodox,"Apr 07, 1991",:0.00,:0%,:0.00,:0%,:0.00,:0%,:0%,:0.0,http://ufcstats.com/fighter-details/eff9074bc066f0f2
Alan Omer,20-5-0,"5' 10""",145 lbs.,--,Orthodox,"Sep 14, 1988",:3.49,:55%,:2.21,:64%,:1.69,:42%,:66%,:0.0,http://ufcstats.com/fighter-details/f2ad06f1007c481a
Ernesta Kareckaite,6-1-1,"5' 9""",125 lbs.,"71""",Orthodox,"Jul 05, 1998",:7.38,:42%,:6.09,:48%,:0.67,:66%,:82%,:0.0,http://ufcstats.com/fighter-details/e4faa79383c9f214
TJ Brown,17-11-0,"5' 9""",145 lbs.,"72""",Switch,"May 22, 1990",:3.37,:44%,:2.89,:49%,:3.41,:57%,:36%,:1.3,http://ufcstats.com/fighter-details/d31cbcdd7d69536d
Michiyoshi Ohara,0-2-0,"5' 10""",205 lbs.,--,Orthodox,"Nov 15, 1967",:0.28,:29%,:3.13,:48%,:0.00,:0%,:33%,:0.0,http://ufcstats.com/fighter-details/6a8a06b542e1516d
Treston Thomison,10-6-0,"5' 8""",145 lbs.,--,,--,:0.00,:0%,:0.00,:0%,:0.00,:0%,:0%,:0.0,http://ufcstats.com/fighter-details/ed5f04f833459877
James Thompson,20-16-0 (1 NC),"6' 5""",265 lbs.,--,Orthodox,"Dec 16, 1978",:5.13,:52%,:3.19,:41%,:3.14,:36%,:53%,:1.3,http://ufcstats.com/fighter-details/9e30f69cc0869301
Melvin Manhoef,30-14-1 (2 NC),"5' 9""",185 lbs.,--,Orthodox,"May 11, 1976",:3.52,:48%,:2.64,:51%,:0.33,:25%,:78%,:0.0,http://ufcstats.com/fighter-details/e5767ed355a937c2
Marcelo Brito,13-8-0,"6' 1""",170 lbs.,--,Orthodox,"Nov 27, 1977",:0.60,:20%,:3.53,:55%,:0.00,:0%,:50%,:0.0,http://ufcstats.com/fighter-details/3a97fda0de6f1fa4
Martin Day,8-6-0,"5' 10""",145 lbs.,"73""",Orthodox,"Nov 10, 1988",:3.97,:45%,:3.79,:53%,:0.72,:60%,:65%,:0.5,http://ufcstats.com/fighter-details/ea3dcc417c322064
Mallory Martin,7-5-0,"5' 4""",115 lbs.,"63""",Orthodox,"Jan 29, 1994",:4.42,:48%,:6.64,:55%,:2.28,:43%,:25%,:0.3,http://ufcstats.com/fighter-details/19b7738321cfae42
Makoto Takimoto,6-5-0,"5' 7""",205 lbs.,--,Southpaw,"Dec 08, 1979",:1.37,:39%,:1.71,:55%,:1.48,:50%,:25%,:1.1,http://ufcstats.com/fighter-details/a7724f51e32e763e
Pedro Rizzo,20-11-0,"6' 1""",241 lbs.,--,Orthodox,"May 03, 1974",:1.93,:34%,:3.02,:50%,:0.26,:28%,:78%,:0.0,http://ufcstats.com/fighter-details/b44f39a5c6596953
Andy Uhrich,11-6-0,"6' 0""",170 lbs.,--,,--,:0.00,:0%,:0.00,:0%,:0.00,:0%,:0%,:0.0,http://ufcstats.com/fighter-details/4a1a492f299581d9
Chris Holdsworth,6-0-0,"5' 11""",135 lbs.,--,,"Oct 24, 1987",:1.85,:29%,:1.94,:58%,:3.38,:62%,:100%,:2.0,http://ufcstats.com/fighter-details/fc60ecf0671b9489
Nobuhiro Obiya,12-5-1,"5' 8""",145 lbs.,--,Orthodox,"Jan 15, 1981",:0.63,:28%,:2.53,:55%,:0.50,:50%,:41%,:0.5,http://ufcstats.com/fighter-details/6e3282d57d2467a0
Makhmud Muradov,26-8-0 (1 NC),"6' 2""",185 lbs.,"75""",Orthodox,"Feb 08, 1990",:4.21,:43%,:2.57,:61%,:3.03,:66%,:77%,:0.2,http://ufcstats.com/fighter-details/ea7e5bc78d9de658
Brian Stann,12-6-0,"6' 1""",205 lbs.,"74""",Orthodox,"Sep 24, 1980",:3.28,:42%,:2.65,:59%,:0.12,:12%,:60%,:0.3,http://ufcstats.com/fighter-details/579fcdfcabd23a7b
Yuneisy Duben,6-1-0 (1 NC),"5' 4""",125 lbs.,"65""",Orthodox,"Jul 08, 1996",:13.53,:48%,:10.75,:53%,:0.00,:0%,:0%,:0.0,http://ufcstats.com/fighter-details/c3d2b9bcb4cead6b
Da'Mon Blackshear,17-8-1,"5' 10""",135 lbs.,"72""",Switch,"Aug 12, 1994",:4.33,:45%,:4.19,:52%,:1.48,:33%,:71%,:1.5,http://ufcstats.com/fighter-details/da22387a0407a2dc
Jorge Rivera,20-9-0,"6' 1""",185 lbs.,"73""",Orthodox,"Feb 28, 1972",:3.16,:48%,:2.64,:54%,:0.84,:50%,:63%,:0.1,http://ufcstats.com/fighter-details/cb46dface0e28a2c
Ariane da Silva,17-11-0,"5' 6""",125 lbs.,"67""",Orthodox,"Jan 26, 1994",:4.05,:41%,:4.40,:50%,:0.47,:38%,:68%,:0.3,http://ufcstats.com/fighter-details/6551c64fbcd1a467
Tresean Gore,6-4-0,"6' 0""",185 lbs.,"75""",Switch,"Jun 21, 1994",:2.76,:42%,:7.48,:40%,:1.83,:75%,:88%,:0.9,http://ufcstats.com/fighter-details/147e70aa6cc48cfc
Neil Wain,13-4-0,"5' 10""",242 lbs.,--,Orthodox,--,:2.64,:50%,:8.57,:43%,:0.00,:0%,:50%,:0.0,http://ufcstats.com/fighter-details/6b7bc7eaf2465387
Marc-Andre Barriault,17-10-0 (1 NC),"6' 1""",185 lbs.,"74""",Orthodox,"Feb 18, 1990",:5.70,:47%,:5.63,:50%,:0.37,:28%,:68%,:0.1,http://ufcstats.com/fighter-details/8e9eb3fc86db0f7d
Steven Graham,2-1-0,"6' 1""",290 lbs.,--,Orthodox,--,:0.00,:0%,:0.00,:0%,:0.00,:0%,:0%,:0.0,http://ufcstats.com/fighter-details/3e514f437c51ce0a
Klayton Mai,8-3-0,"5' 9""",125 lbs.,--,,"Nov 30, 1986",:1.53,:42%,:1.02,:63%,:3.83,:100%,:0%,:7.7,http://ufcstats.com/fighter-details/7a9c1bb08a743d7f
Ricky Legere Jr.,14-4-0,"5' 8""",170 lbs.,--,,"Dec 21, 1985",:1.07,:41%,:1.53,:60%,:5.00,:41%,:0%,:0.0,http://ufcstats.com/fighter-details/5817df778cc27274
Danielle Taylor,9-4-0,"5' 0""",115 lbs.,"60""",Orthodox,"Oct 25, 1989",:2.75,:29%,:3.31,:71%,:0.20,:20%,:70%,:0.2,http://ufcstats.com/fighter-details/b76c6268dc1d3c05
Alan Patrick,15-4-0 (1 NC),"5' 11""",155 lbs.,"74""",Southpaw,"Jul 19, 1983",:1.82,:40%,:2.95,:43%,:3.01,:33%,:43%,:0.3,http://ufcstats.com/fighter-details/cd7763bcadb5d4c8
Henry Cejudo,16-5-0,"5' 4""",135 lbs.,"64""",Orthodox,"Feb 09, 1987",:3.82,:47%,:3.46,:59%,:1.84,:31%,:76%,:0.1,http://ufcstats.com/fighter-details/056c493bbd76a918
Eric McConico,10-3-1,"6' 0""",185 lbs.,"77""",Southpaw,"May 09, 1990",:1.51,:36%,:2.48,:52%,:0.00,:0%,:57%,:0.0,http://ufcstats.com/fighter-details/9508cc6184cb2450
Katlyn Cerminara,18-6-0,"5' 9""",125 lbs.,"68""",Orthodox,"Dec 28, 1988",:4.58,:34%,:4.48,:62%,:0.31,:15%,:50%,:0.3,http://ufcstats.com/fighter-details/e872e9a9a902c045
Michinori Tanaka,11-3-0,"5' 5""",135 lbs.,"67""",Orthodox,"Oct 04, 1990",:1.97,:37%,:1.99,:50%,:2.40,:38%,:43%,:0.2,http://ufcstats.com/fighter-details/64788ee44b062ded
Yan Qihui,25-5-0,"5' 3""",125 lbs.,"62""",Orthodox,"Oct 21, 1996",:4.38,:46%,:5.06,:54%,:3.68,:69%,:62%,:0.0,http://ufcstats.com/fighter-details/5c9c2e247c836b67
Callan Potter,18-9-0,"6' 0""",170 lbs.,"72""",Orthodox,"Jun 09, 1984",:3.18,:50%,:4.72,:58%,:3.29,:66%,:100%,:0.0,http://ufcstats.com/fighter-details/8fc9ae9c7527dfcb
Andrew Craig,9-4-0,"6' 1""",170 lbs.,"76""",Orthodox,"Jan 15, 1986",:2.39,:40%,:3.01,:50%,:0.53,:37%,:72%,:0.0,http://ufcstats.com/fighter-details/8a70ceb3edbe757b
Fernie Garcia,10-5-0,"5' 7""",135 lbs.,"67""",Orthodox,"Apr 12, 1992",:2.04,:34%,:3.79,:48%,:0.28,:50%,:50%,:0.6,http://ufcstats.com/fighter-details/9e92e1ca498d7244
Kimo Leopoldo,10-7-1,"6' 3""",235 lbs.,--,Orthodox,"Jan 05, 1968",:0.76,:83%,:2.12,:30%,:4.55,:100%,:0%,:2.3,http://ufcstats.com/fighter-details/08ae5cd9aef7ddd3
Mario Miranda,14-7-0,"6' 3""",185 lbs.,"74""",Orthodox,"Jul 12, 1979",:1.96,:54%,:2.46,:36%,:1.02,:60%,:54%,:0.0,http://ufcstats.com/fighter-details/df2bf09c99594848
Muhammad Mokaev,13-0-0 (1 NC),"5' 7""",125 lbs.,"70""",Orthodox,"Jul 30, 2000",:1.61,:45%,:1.35,:57%,:5.29,:41%,:25%,:0.8,http://ufcstats.com/fighter-details/75353550928a7921
Jonathan Rivera,4-2-0,--,155 lbs.,--,,--,:4.36,:49%,:3.90,:60%,:0.00,:0%,:0%,:0.0,http://ufcstats.com/fighter-details/145df84ea4dfd904
Sean Wilson,36-29-0,"5' 8""",145 lbs.,--,,"Oct 20, 1982",:1.01,:31%,:5.88,:62%,:0.00,:0%,:0%,:0.0,http://ufcstats.com/fighter-details/b8e6393c39cb9740
Orion Cosce,8-2-0,"5' 11""",170 lbs.,"71""",Switch,"Jul 15, 1994",:2.77,:53%,:4.02,:44%,:1.92,:40%,:61%,:0.0,http://ufcstats.com/fighter-details/2c010b26a3306969
Tim Sylvia,31-10-0 (1 NC),"6' 8""",265 lbs.,"80""",Orthodox,"Mar 05, 1976",:4.23,:41%,:2.61,:61%,:0.11,:100%,:75%,:0.1,http://ufcstats.com/fighter-details/2a542ee8a8b83559
Dan Stittgen,12-5-0,"6' 1""",170 lbs.,--,Orthodox,"Nov 17, 1980",:2.97,:46%,:4.42,:37%,:0.78,:100%,:100%,:0.0,http://ufcstats.com/fighter-details/cc3147b49c7d7d92
Timur Valiev,18-3-0 (1 NC),"5' 6""",135 lbs.,"67""",Orthodox,"Jan 19, 1990",:5.19,:53%,:3.33,:45%,:1.73,:40%,:55%,:0.3,http://ufcstats.com/fighter-details/45e738622ea2c02c
Gary Goodridge,23-22-1,"6' 3""",249 lbs.,--,Orthodox,"Jan 17, 1966",:1.84,:56%,:2.14,:48%,:0.40,:100%,:53%,:0.8,http://ufcstats.com/fighter-details/fbbde91f7bc2d3c5
Jose Montanha,6-1-0,--,265 lbs.,--,,"Aug 25, 1996",:0.00,:0%,:0.00,:0%,:0.00,:0%,:0%,:0.0,http://ufcstats.com/fighter-details/4e30f2761b6bd3b5
Herbert Burns,11-6-0,"5' 9""",145 lbs.,"73""",Orthodox,"Feb 02, 1988",:1.86,:36%,:5.17,:41%,:2.94,:34%,:66%,:1.8,http://ufcstats.com/fighter-details/4f140403000158b5
Anna Elmose,3-2-0,"5' 3""",115 lbs.,--,Orthodox,"Oct 06, 1984",:3.68,:49%,:4.64,:56%,:0.00,:0%,:33%,:0.0,http://ufcstats.com/fighter-details/1536a25e16fc299b
Godofredo Pepey,13-6-0,"5' 7""",145 lbs.,"73""",Orthodox,"Jul 02, 1987",:2.32,:38%,:3.23,:47%,:0.37,:7%,:35%,:1.5,http://ufcstats.com/fighter-details/fa37628269132d1a
Rio Tirto,8-1-0,"5' 4""",125 lbs.,"66""",Switch,"Feb 09, 2000",:0.00,:0%,:2.11,:69%,:0.00,:0%,:0%,:0.0,http://ufcstats.com/fighter-details/c830bc2eb134b646
James Wallace,5-2-0,"5' 10""",155 lbs.,"69""",Orthodox,"Nov 17, 1992",:0.52,:28%,:3.41,:35%,:0.00,:0%,:0%,:0.0,http://ufcstats.com/fighter-details/4078de7181a19142
Ulysses Gomez,9-5-0,"5' 6""",125 lbs.,--,Orthodox,"May 25, 1983",:2.72,:25%,:3.57,:68%,:0.00,:0%,:0%,:0.0,http://ufcstats.com/fighter-details/1e35aa8955794580
Kevin Haley,6-4-0,"6' 2""",205 lbs.,--,,--,:0.87,:59%,:0.87,:64%,:3.00,:100%,:0%,:2.0,http://ufcstats.com/fighter-details/439d4bbefd4e6940
YeDam Seo,7-4-0,"5' 3""",115 lbs.,"63""",Orthodox,"Mar 20, 1992",:1.07,:27%,:2.40,:58%,:0.50,:20%,:42%,:0.0,http://ufcstats.com/fighter-details/762572d67204fadb
Jesse Taylor,31-15-0,"6' 0""",170 lbs.,"73""",Orthodox,"Jan 02, 1983",:1.94,:65%,:0.55,:38%,:7.28,:50%,:100%,:3.1,http://ufcstats.com/fighter-details/dd992d569aaebee6
Dylan Lockard,6-2-0,"5' 9""",145 lbs.,"72""",Orthodox,"May 19, 1992",:1.31,:53%,:3.31,:52%,:2.31,:40%,:28%,:1.2,http://ufcstats.com/fighter-details/9caa254991a5a698
Malcolm Gordon,14-8-0,"5' 7""",125 lbs.,"71""",Switch,"May 19, 1990",:2.50,:45%,:2.00,:43%,:1.72,:35%,:26%,:1.0,http://ufcstats.com/fighter-details/dee294e9717012c2
Will Santiago,9-5-0,"5' 7""",185 lbs.,--,Orthodox,"Feb 08, 1983",:1.47,:39%,:5.53,:56%,:1.00,:50%,:100%,:0.0,http://ufcstats.com/fighter-details/4920292f5d9b76df
Dileno Lopes,19-3-0,"5' 5""",135 lbs.,--,,"Sep 26, 1984",:2.37,:36%,:3.33,:53%,:2.50,:31%,:100%,:1.5,http://ufcstats.com/fighter-details/8270c00fae24c922
Matt Andersen,14-8-1,"6' 2""",230 lbs.,--,Southpaw,"May 29, 1971",:0.00,:0%,:0.00,:0%,:0.00,:0%,:0%,:0.0,http://ufcstats.com/fighter-details/8738eacd62e82a32
Vladimir Matyushenko,27-8-0,"6' 0""",205 lbs.,"74""",Orthodox,"Jan 04, 1971",:1.90,:44%,:1.62,:59%,:3.25,:46%,:70%,:0.1,http://ufcstats.com/fighter-details/ccdd90bd1fc7dab6
Yuta Sasaki,21-6-2,"5' 10""",125 lbs.,"71""",Southpaw,"Oct 07, 1989",:2.16,:41%,:2.50,:50%,:3.03,:43%,:41%,:1.2,http://ufcstats.com/fighter-details/7c3c48cf54a2848e
Zachary Scroggin,7-1-0,"6' 3""",170 lbs.,"74""",Orthodox,"Mar 09, 1996",:2.40,:37%,:8.80,:68%,:0.00,:0%,:0%,:0.0,http://ufcstats.com/fighter-details/03dee485905dbc9f
George Mangos,7-1-0,"5' 10""",145 lbs.,"70""",Switch,"Aug 19, 2003",:0.93,:51%,:0.27,:77%,:0.00,:0%,:0%,:2.0,http://ufcstats.com/fighter-details/122ae3b34275fbb2
Jhonata Silva,8-2-0,"5' 5""",125 lbs.,"66""",Orthodox,"Apr 24, 1997",:4.86,:52%,:9.85,:44%,:0.00,:0%,:0%,:0.0,http://ufcstats.com/fighter-details/4e33534d1e036444
Matt Lucas,15-3-0,"6' 1""",205 lbs.,--,,"Dec 27, 1973",:1.27,:48%,:3.93,:40%,:1.00,:10%,:0%,:0.0,http://ufcstats.com/fighter-details/668222c99c5c311d
Adriano Martins,28-9-0,"5' 10""",155 lbs.,"72""",Southpaw,"Dec 16, 1982",:1.80,:38%,:2.14,:65%,:0.83,:80%,:81%,:0.4,http://ufcstats.com/fighter-details/7dcf06c1967801c1
Denis Stojnic,13-3-0 (1 NC),"6' 0""",245 lbs.,--,Orthodox,"Feb 02, 1980",:1.51,:23%,:6.06,:36%,:0.00,:0%,:80%,:1.0,http://ufcstats.com/fighter-details/a421465acbe59c77
Russell Patrick,6-4-0,"5' 9""",145 lbs.,--,,"Sep 30, 1984",:0.00,:0%,:0.00,:0%,:0.00,:0%,:0%,:0.0,http://ufcstats.com/fighter-details/eafedba0617ced81
Abdul-Kareem Al-Selwady,15-4-0,"5' 8""",155 lbs.,"69""",Orthodox,"Apr 10, 1995",:4.14,:34%,:3.60,:59%,:2.32,:30%,:20%,:0.0,http://ufcstats.com/fighter-details/597499ac7a5aac62
Ian Entwistle,9-3-0,"5' 5""",135 lbs.,--,Orthodox,"Nov 19, 1986",:0.11,:7%,:7.36,:31%,:0.00,:0%,:0%,:12.1,http://ufcstats.com/fighter-details/d7adfcfdf7c6c1f8
Marcos Galvao,18-8-1,"5' 7""",135 lbs.,--,Orthodox,"Jun 23, 1981",:1.97,:32%,:3.86,:61%,:2.27,:28%,:88%,:1.1,http://ufcstats.com/fighter-details/e15d0a2519d6a0b5
Josh Bryant,15-4-0,"5' 10""",185 lbs.,--,Orthodox,"Apr 23, 1980",:1.10,:20%,:6.10,:43%,:0.00,:0%,:0%,:0.0,http://ufcstats.com/fighter-details/01f022fa494188e2
David Hulett,22-10-0,"5' 10""",170 lbs.,--,,"Sep 07, 1980",:0.00,:0%,:0.00,:0%,:0.00,:0%,:0%,:0.0,http://ufcstats.com/fighter-details/b0718335e9868cfd
Ricardo Funch,9-6-0,"5' 10""",170 lbs.,"74""",Southpaw,"Aug 14, 1980",:2.61,:65%,:3.57,:40%,:1.24,:18%,:60%,:0.0,http://ufcstats.com/fighter-details/e9e1acc96536bb4f
Eddie Wineland,24-16-1,"5' 7""",135 lbs.,"69""",Orthodox,"Jun 26, 1984",:3.40,:29%,:3.76,:68%,:0.34,:33%,:86%,:0.1,http://ufcstats.com/fighter-details/fc9a9559a05f2704
Bernardo Magalhaes,13-4-0,"5' 9""",155 lbs.,--,Orthodox,"Apr 08, 1981",:1.80,:27%,:3.37,:68%,:0.00,:0%,:0%,:0.5,http://ufcstats.com/fighter-details/7a613f78dd7ee8f8
Francesco Maturi,0-1-0,--,--,--,,--,:0.00,:0%,:0.00,:0%,:0.00,:0%,:0%,:0.0,http://ufcstats.com/fighter-details/d3b5ad3b15a64a18
James Te Huna,16-9-0,"6' 2""",185 lbs.,"75""",Orthodox,"Sep 29, 1981",:4.04,:51%,:2.99,:62%,:2.75,:37%,:58%,:0.2,http://ufcstats.com/fighter-details/f5431394fb284bb9
Mike Russow,15-3-0 (1 NC),"6' 1""",255 lbs.,"73""",Orthodox,"Sep 11, 1976",:1.55,:47%,:2.90,:59%,:4.66,:43%,:0%,:0.7,http://ufcstats.com/fighter-details/353de740bb6c7e75
Phillipe Nover,11-8-1,"5' 9""",145 lbs.,"72""",Orthodox,"Feb 03, 1984",:1.79,:35%,:2.48,:56%,:0.99,:28%,:44%,:0.7,http://ufcstats.com/fighter-details/64360e618823a8e4
Mal Foki,5-5-0,"5' 7""",220 lbs.,--,Orthodox,"Mar 16, 1976",:2.86,:14%,:14.29,:54%,:0.00,:0%,:0%,:0.0,http://ufcstats.com/fighter-details/fa534853eb195270
Belal Muhammad,24-4-0 (1 NC),"5' 11""",170 lbs.,"72""",Orthodox,"Jul 09, 1988",:4.46,:43%,:3.78,:55%,:2.24,:38%,:90%,:0.1,http://ufcstats.com/fighter-details/b1b0729d27936f2f
Radley Da Silva,8-1-0,"5' 9""",145 lbs.,"71""",Orthodox,"Jun 20, 1995",:0.27,:22%,:0.93,:48%,:6.00,:100%,:100%,:0.0,http://ufcstats.com/fighter-details/0d68c7bfdff1dc34
Michael Morales,18-0-0,"6' 0""",170 lbs.,"79""",Orthodox,"Jun 24, 1999",:5.62,:49%,:3.31,:53%,:1.09,:41%,:89%,:0.0,http://ufcstats.com/fighter-details/c32aeb1a59e6272d
Diego Lopes,27-7-0,"5' 11""",145 lbs.,"72""",Orthodox,"Dec 30, 1994",:4.10,:48%,:4.72,:47%,:0.79,:55%,:67%,:1.7,http://ufcstats.com/fighter-details/f166e93d04a8c274
Taila Santos,19-3-0,"5' 6""",125 lbs.,"68""",Orthodox,"Jun 22, 1993",:3.39,:48%,:2.64,:58%,:2.00,:76%,:86%,:1.1,http://ufcstats.com/fighter-details/f7467152fd9f18a2
Julio Arce,19-6-0,"5' 7""",145 lbs.,"70""",Southpaw,"Oct 27, 1989",:4.36,:36%,:3.05,:68%,:0.46,:28%,:96%,:0.3,http://ufcstats.com/fighter-details/1291edf2d566a71a
Phil Hawes,12-6-0,"6' 0""",185 lbs.,"77""",Orthodox,"Jan 08, 1989",:5.33,:59%,:3.72,:55%,:2.11,:34%,:90%,:0.2,http://ufcstats.com/fighter-details/547afe1017e72dbe
Dennis Hallman,53-20-2 (1 NC),"5' 9""",155 lbs.,"72""",Orthodox,"Dec 02, 1975",:1.12,:44%,:1.96,:43%,:1.79,:30%,:25%,:2.1,http://ufcstats.com/fighter-details/8a8a84b743ae7699
Andy Murad,15-2-0,"5' 9""",185 lbs.,--,,--,:2.60,:76%,:2.87,:32%,:1.00,:20%,:42%,:0.0,http://ufcstats.com/fighter-details/fd0b4e3eb18eafb7
Casey Ryan,7-3-0,--,185 lbs.,--,,--,:0.00,:0%,:0.00,:0%,:0.00,:0%,:0%,:0.0,http://ufcstats.com/fighter-details/5b1b383265433f51
Jay Cucciniello,8-1-0,"5' 7""",155 lbs.,--,Orthodox,"Jul 23, 1986",:0.93,:21%,:4.73,:36%,:0.00,:0%,:71%,:0.0,http://ufcstats.com/fighter-details/683ea28a198936fe
Kwon Won Il,14-5-0,--,135 lbs.,--,,"Jun 24, 1995",:0.00,:0%,:0.00,:0%,:0.00,:0%,:0%,:0.0,http://ufcstats.com/fighter-details/751aa58b7fb03c74
Zhang Weili,26-3-0,"5' 4""",115 lbs.,"63""",Switch,"Aug 13, 1989",:5.15,:53%,:2.77,:54%,:2.24,:45%,:74%,:0.5,http://ufcstats.com/fighter-details/1ebe20ebbfa15e29
Jussier Formiga,23-8-0,"5' 5""",125 lbs.,"67""",Orthodox,"Apr 14, 1985",:1.42,:39%,:2.34,:64%,:1.82,:35%,:87%,:0.6,http://ufcstats.com/fighter-details/b102c26727306ab6
Luis Santos,63-10-1 (1 NC),"6' 1""",170 lbs.,--,Southpaw,"Jan 02, 1980",:4.40,:57%,:4.00,:64%,:0.00,:0%,:0%,:0.0,http://ufcstats.com/fighter-details/7701377be464d2ef
Alexandre Dantas,0-3-0,"6' 2""",238 lbs.,--,Orthodox,"Mar 01, 1979",:0.21,:25%,:1.87,:60%,:0.00,:0%,:0%,:3.1,http://ufcstats.com/fighter-details/8dc46e9a7895ce1a
Jimmy Quinlan,3-1-1,"6' 0""",185 lbs.,--,Orthodox,"May 25, 1986",:2.08,:70%,:5.94,:16%,:4.46,:25%,:0%,:0.0,http://ufcstats.com/fighter-details/ddbe4fa2ea573393
Diego Saraiva,22-20-1,"5' 6""",155 lbs.,--,Orthodox,"Apr 23, 1982",:1.64,:32%,:3.58,:62%,:1.33,:40%,:0%,:0.7,http://ufcstats.com/fighter-details/4f4dac51adc1af4f
Brian Johnston,5-5-0,"6' 3""",230 lbs.,--,Orthodox,"Jul 28, 1968",:0.00,:0%,:0.00,:0%,:0.00,:0%,:0%,:0.0,http://ufcstats.com/fighter-details/1c3f5e85b59ec710
Danny Castillo,17-10-0,"5' 9""",155 lbs.,"71""",Orthodox,"Aug 25, 1979",:2.57,:42%,:1.96,:62%,:2.95,:38%,:63%,:0.2,http://ufcstats.com/fighter-details/d1e7fc58d4225cdf
Jake O'Brien,15-4-0,"6' 3""",205 lbs.,"76""",Orthodox,"Sep 25, 1984",:1.31,:31%,:1.92,:69%,:6.39,:54%,:25%,:0.2,http://ufcstats.com/fighter-details/20bcc9966affb19c
Nik Lentz,30-12-2 (1 NC),"5' 8""",145 lbs.,"68""",Orthodox,"Aug 13, 1984",:3.44,:47%,:3.25,:50%,:3.30,:32%,:43%,:1.2,http://ufcstats.com/fighter-details/6fb1ba67bef41b37
Kenyon Jackson,4-3-0,"6' 0""",185 lbs.,--,,--,:0.00,:0%,:0.00,:0%,:0.00,:0%,:0%,:0.0,http://ufcstats.com/fighter-details/56c5132870a526d5
Kyler Phillips,12-4-0,"5' 8""",135 lbs.,"72""",Orthodox,"Jun 12, 1995",:5.04,:42%,:3.83,:60%,:2.31,:45%,:75%,:0.4,http://ufcstats.com/fighter-details/60425d07ef4b91a7
Polyana Viana,13-8-0,"5' 5""",115 lbs.,"67""",Orthodox,"Jun 14, 1992",:2.74,:40%,:2.50,:53%,:0.75,:33%,:35%,:1.7,http://ufcstats.com/fighter-details/9673a497a9da119a
Dwayne Cason,1-1-0,"5' 10""",212 lbs.,--,Orthodox,--,:0.00,:0%,:0.00,:0%,:0.00,:0%,:0%,:0.0,http://ufcstats.com/fighter-details/31c01fbc2586a5eb
Mike Altman,1-4-0,"5' 10""",185 lbs.,--,Orthodox,--,:1.56,:20%,:2.08,:75%,:0.00,:0%,:0%,:0.0,http://ufcstats.com/fighter-details/c11036da9162cb5f
Fabio Nascimento,11-6-0,"5' 10""",185 lbs.,--,Orthodox,"Mar 18, 1981",:2.94,:38%,:4.63,:55%,:0.00,:0%,:55%,:0.8,http://ufcstats.com/fighter-details/307064d3e0f036c2
Daniel Barez,17-7-0,"5' 6""",125 lbs.,"66""",Orthodox,"Dec 10, 1988",:3.65,:49%,:5.95,:50%,:1.93,:28%,:80%,:0.6,http://ufcstats.com/fighter-details/e8fe9c15d348e778
Nick Nolte,5-4-0,"6' 0""",170 lbs.,--,,"Mar 04, 1981",:0.00,:0%,:0.00,:0%,:0.00,:0%,:0%,:0.0,http://ufcstats.com/fighter-details/d665de9b4da87c22
Carlos Eduardo Rocha,9-4-0,"5' 10""",170 lbs.,"73""",Orthodox,"Jul 12, 1981",:1.24,:34%,:1.85,:55%,:0.00,:0%,:52%,:1.4,http://ufcstats.com/fighter-details/4f736494fc733095
Kevin Szaflarski,11-2-0,"6' 5""",260 lbs.,"77""",Orthodox,"Dec 30, 1994",:1.13,:28%,:8.07,:30%,:0.00,:0%,:0%,:0.0,http://ufcstats.com/fighter-details/d2d05dda5f887f87
Allan Goes,10-5-2,"6' 0""",205 lbs.,--,Orthodox,"Apr 20, 1971",:0.64,:52%,:1.35,:41%,:1.75,:40%,:0%,:2.6,http://ufcstats.com/fighter-details/e62b36885ecdac27
Andrew Montanez,9-12-1,--,185 lbs.,--,,--,:0.00,:0%,:0.00,:0%,:0.00,:0%,:0%,:0.0,http://ufcstats.com/fighter-details/72c9c2eadfc3277e
Sam Liera,12-10-0,--,--,--,,--,:0.82,:60%,:7.36,:51%,:0.00,:0%,:66%,:0.0,http://ufcstats.com/fighter-details/421ccfc6ddb17958
Kaleio Romero,6-2-0,"5' 10""",145 lbs.,"69""",Switch,"Apr 19, 1996",:2.60,:48%,:3.27,:50%,:1.00,:8%,:0%,:1.0,http://ufcstats.com/fighter-details/33df417d0017eb0c
Elias Urbina,3-1-0,"6' 3""",185 lbs.,"77""",Southpaw,"Oct 09, 1993",:3.85,:37%,:6.17,:50%,:0.00,:0%,:0%,:0.0,http://ufcstats.com/fighter-details/47fcdcaccb58ca80
Natalia Silva,19-5-1,"5' 4""",125 lbs.,"65""",Southpaw,"Feb 03, 1997",:5.04,:46%,:2.46,:65%,:0.34,:25%,:92%,:0.0,http://ufcstats.com/fighter-details/262d32ebda89efc4
Mansur Abdul-Malik,8-0-1,"6' 2""",185 lbs.,"80""",Orthodox,"Oct 07, 1997",:4.27,:48%,:3.49,:51%,:0.49,:33%,:82%,:0.0,http://ufcstats.com/fighter-details/841695e02c99a521
Chris Tuchscherer,21-4-0 (1 NC),"6' 2""",258 lbs.,"76""",Orthodox,"Sep 08, 1975",:1.35,:31%,:3.17,:47%,:1.19,:18%,:0%,:0.6,http://ufcstats.com/fighter-details/df05aa15b2d66f57
Chris Amarante,2-0-0,--,185 lbs.,--,,--,:0.00,:0%,:0.00,:0%,:0.00,:0%,:0%,:0.0,http://ufcstats.com/fighter-details/ee0b69e307c857e5
Jason Butcher,10-2-0,"6' 3""",185 lbs.,--,,"Oct 23, 1984",:1.82,:40%,:2.73,:25%,:13.64,:50%,:0%,:0.0,http://ufcstats.com/fighter-details/30e39145fec48d25
Joaquin Buckley,21-7-0,"5' 10""",170 lbs.,"76""",Southpaw,"Apr 27, 1994",:3.88,:36%,:2.93,:59%,:1.54,:45%,:72%,:0.1,http://ufcstats.com/fighter-details/b9437600497350f3
John Dowdy,0-1-0,--,--,--,,--,:0.00,:0%,:0.00,:0%,:0.00,:0%,:0%,:0.0,http://ufcstats.com/fighter-details/e780ccc79a209985
Bryanna Fissori,2-4-0,"5' 4""",145 lbs.,--,,--,:1.40,:46%,:1.20,:57%,:2.00,:25%,:50%,:0.0,http://ufcstats.com/fighter-details/5517bd590dbbe1f8
Melissa Gatto,9-2-2,"5' 5""",135 lbs.,"69""",Orthodox,"May 02, 1996",:3.78,:49%,:2.84,:54%,:1.47,:28%,:63%,:0.5,http://ufcstats.com/fighter-details/a4a80dd7336ffd59
Fabiano Iha,9-5-0,"5' 8""",155 lbs.,--,Orthodox,"Jul 28, 1970",:1.73,:47%,:2.49,:42%,:2.88,:40%,:50%,:2.9,http://ufcstats.com/fighter-details/263ebd4a669e1e98
John Adajar,6-2-0,"5' 9""",170 lbs.,"75""",Orthodox,"Jun 22, 1991",:3.90,:52%,:6.28,:44%,:0.00,:0%,:0%,:0.0,http://ufcstats.com/fighter-details/989b85f6540c86b1
Bobby Lashley,15-2-0,"6' 3""",255 lbs.,"78""",Orthodox,"Jul 16, 1976",:3.10,:63%,:0.76,:63%,:11.47,:70%,:0%,:0.0,http://ufcstats.com/fighter-details/b0826525fa17231d
Sam Hughes,11-6-0,"5' 5""",115 lbs.,"64""",Orthodox,"Jun 28, 1992",:4.34,:46%,:4.44,:58%,:1.23,:35%,:60%,:0.2,http://ufcstats.com/fighter-details/e94085e821bd81de
Cody Carrillo,11-16-0,"5' 10""",155 lbs.,--,,--,:0.00,:0%,:0.00,:0%,:0.00,:0%,:0%,:0.0,http://ufcstats.com/fighter-details/9346efb4bbaedd08
Roger Gracie,8-2-0,"6' 4""",185 lbs.,"79""",Orthodox,"Sep 26, 1981",:1.78,:35%,:1.79,:61%,:1.87,:53%,:60%,:1.9,http://ufcstats.com/fighter-details/a6bbd3df469c6bea
Keita Nakamura,34-10-2 (1 NC),"5' 11""",170 lbs.,"73""",Southpaw,"May 22, 1984",:2.23,:36%,:3.20,:58%,:1.65,:48%,:63%,:0.3,http://ufcstats.com/fighter-details/65ddc8a9ac4e8531
Anderson Silva,34-11-0 (1 NC),"6' 2""",185 lbs.,"77""",Southpaw,"Apr 14, 1975",:3.05,:61%,:2.05,:60%,:0.50,:77%,:69%,:0.8,http://ufcstats.com/fighter-details/1f454354805b6f75
Fernando Gonzalez,26-14-0,"5' 9""",170 lbs.,"68""",Southpaw,"Sep 15, 1983",:4.47,:47%,:4.03,:65%,:0.86,:33%,:43%,:1.4,http://ufcstats.com/fighter-details/be5aab761c40ef35
Richardson Moreira,7-4-0,"6' 2""",185 lbs.,--,Orthodox,"Mar 31, 1984",:1.17,:28%,:1.83,:67%,:0.00,:0%,:100%,:0.0,http://ufcstats.com/fighter-details/9147679e1a4ad4a3
Daniel McWilliams,15-37-0,"6' 1""",185 lbs.,--,,"Jan 14, 1983",:3.36,:77%,:0.00,:0%,:0.00,:0%,:100%,:21.6,http://ufcstats.com/fighter-details/7b03d9df5910917d
Blake Watkins,5-1-0,--,185 lbs.,--,,--,:5.45,:62%,:7.64,:61%,:0.00,:0%,:0%,:0.0,http://ufcstats.com/fighter-details/117580b232409824
Mauricio Alonso,13-7-0 (1 NC),"6' 2""",170 lbs.,--,,"Feb 27, 1980",:5.74,:34%,:1.91,:67%,:0.00,:0%,:0%,:0.0,http://ufcstats.com/fighter-details/c6bf75775b278ed8
Zhu Kangjie,21-4-0 (1 NC),"5' 8""",145 lbs.,"70""",Orthodox,"Jan 16, 1996",:2.89,:48%,:1.33,:70%,:0.33,:100%,:51%,:0.0,http://ufcstats.com/fighter-details/6f4ec5aa3eced219
Egan Inoue,13-8-0,"5' 9""",190 lbs.,--,Southpaw,"Jul 04, 1965",:1.66,:36%,:3.31,:57%,:0.00,:0%,:0%,:0.0,http://ufcstats.com/fighter-details/37a6c95201592fea
Marcelo Mello,1-0-0,"5' 7""",170 lbs.,--,Southpaw,--,:0.00,:0%,:0.00,:0%,:0.00,:0%,:0%,:0.0,http://ufcstats.com/fighter-details/672ef06fd9f41f7d
Tamdan McCrory,14-5-0,"6' 4""",185 lbs.,"76""",Switch,"Nov 05, 1986",:2.07,:49%,:1.60,:46%,:2.28,:50%,:33%,:2.5,http://ufcstats.com/fighter-details/eff47295daf721a6
Kazuyuki Miyata,15-9-0,"5' 8""",139 lbs.,--,Orthodox,"Jan 29, 1976",:2.04,:52%,:1.82,:63%,:4.31,:46%,:68%,:0.0,http://ufcstats.com/fighter-details/af70d268e5352186
Adam Bramhald,13-3-0,"5' 10""",135 lbs.,"70""",Orthodox,"Mar 24, 1994",:7.65,:45%,:8.05,:33%,:0.00,:0%,:100%,:0.0,http://ufcstats.com/fighter-details/3c99bd6cb5d835ef
Cole Williams,11-3-0,"6' 0""",170 lbs.,"73""",Orthodox,"Dec 15, 1983",:0.31,:27%,:5.34,:23%,:0.00,:0%,:25%,:0.0,http://ufcstats.com/fighter-details/f9a20a17d712ef7c
Art Jimmerson,0-1-0,"6' 1""",196 lbs.,--,Orthodox,"Aug 04, 1963",:0.00,:0%,:0.00,:0%,:0.00,:0%,:0%,:0.0,http://ufcstats.com/fighter-details/a5c53b3ddb31cc7d
Sumit Kumar,8-1-0,"5' 5""",125 lbs.,"66""",Orthodox,"Sep 09, 2000",:2.80,:24%,:4.67,:46%,:6.00,:30%,:60%,:0.0,http://ufcstats.com/fighter-details/a0a625221e0dd339
Alexander Poppeck,9-3-0,"6' 2""",205 lbs.,--,Orthodox,"Apr 06, 1992",:4.01,:57%,:9.81,:33%,:0.00,:0%,:0%,:0.0,http://ufcstats.com/fighter-details/56bf3ed155bd0fcd
Jordan Wright,12-5-0 (1 NC),"6' 2""",205 lbs.,"77""",Orthodox,"Oct 07, 1991",:4.10,:56%,:6.03,:31%,:2.09,:45%,:100%,:0.4,http://ufcstats.com/fighter-details/c878270af633eb11
Iouri Kotchkine,7-4-1,"6' 2""",235 lbs.,--,Orthodox,"Dec 21, 1969",:0.67,:38%,:4.92,:15%,:0.00,:0%,:25%,:0.0,http://ufcstats.com/fighter-details/c6becb722706c7d8
Danny Silva,10-2-0,"5' 11""",145 lbs.,"70""",Switch,"Jan 30, 1997",:6.67,:55%,:7.47,:61%,:2.00,:33%,:81%,:0.2,http://ufcstats.com/fighter-details/d964a59c48381cb6
George Allen,13-19-2,"6' 2""",205 lbs.,--,Open Stance,"Jan 13, 1967",:0.80,:38%,:3.10,:43%,:0.00,:0%,:50%,:0.0,http://ufcstats.com/fighter-details/1e13936d708bcff7
Trevin Giles,16-7-0,"6' 0""",170 lbs.,"74""",Orthodox,"Aug 06, 1992",:3.17,:54%,:2.39,:58%,:1.07,:50%,:72%,:0.3,http://ufcstats.com/fighter-details/b27a1fcb56a3035a
Daniel Straus,24-7-0 (1 NC),"5' 7""",145 lbs.,"71""",,"Jul 27, 1984",:4.76,:43%,:2.99,:57%,:0.84,:15%,:81%,:1.1,http://ufcstats.com/fighter-details/15347cd4cdf01b03
Mariya Agapova,10-5-0,"5' 6""",125 lbs.,"68""",Southpaw,"Apr 07, 1997",:4.43,:54%,:3.62,:52%,:0.55,:66%,:45%,:0.8,http://ufcstats.com/fighter-details/a08ddd04eaffd81d
Jose Aldo,32-10-0,"5' 7""",135 lbs.,"70""",Orthodox,"Sep 09, 1986",:3.65,:46%,:3.81,:60%,:0.47,:51%,:92%,:0.1,http://ufcstats.com/fighter-details/d0f3959b4a9747e6
Rodrigo Gripp de Sousa,7-9-0,"5' 11""",205 lbs.,--,Orthodox,--,:0.48,:23%,:4.81,:52%,:0.00,:0%,:0%,:9.6,http://ufcstats.com/fighter-details/dde70a112e053a6c
Peter Petties,5-3-0 (1 NC),"5' 11""",145 lbs.,"72""",Southpaw,"Dec 20, 1990",:2.61,:29%,:8.24,:48%,:0.00,:0%,:0%,:0.0,http://ufcstats.com/fighter-details/7ea5d60d2e6a8ad0
Thiago Tavares,21-7-1,"5' 7""",145 lbs.,"70""",Orthodox,"Nov 08, 1984",:2.00,:40%,:2.31,:62%,:3.83,:42%,:62%,:1.5,http://ufcstats.com/fighter-details/8a59d346dc976a10
Angela Magana,11-9-0,"5' 1""",115 lbs.,"65""",Orthodox,"Aug 02, 1983",:1.53,:28%,:4.92,:42%,:0.40,:25%,:28%,:0.4,http://ufcstats.com/fighter-details/bd878a638e0e3be3
Robert Whittaker,27-9-0,"6' 0""",185 lbs.,"73""",Orthodox,"Dec 20, 1990",:4.39,:43%,:3.36,:59%,:0.73,:38%,:82%,:0.0,http://ufcstats.com/fighter-details/e1147d3d2dabe1ce
Kenneth Bergh,8-0-0 (1 NC),"6' 2""",205 lbs.,"74""",Orthodox,"Jun 26, 1989",:4.56,:75%,:1.27,:28%,:0.00,:0%,:0%,:0.0,http://ufcstats.com/fighter-details/aa8189053b3a8994
Brandon Saling,8-6-0,"5' 10""",170 lbs.,--,,"Jan 28, 1986",:2.88,:40%,:6.08,:20%,:0.00,:0%,:57%,:0.0,http://ufcstats.com/fighter-details/a049aa06508b9c7b
Jason Fairn,4-5-0,"6' 1""",230 lbs.,--,,--,:0.00,:0%,:0.00,:0%,:0.00,:0%,:0%,:0.0,http://ufcstats.com/fighter-details/adea9f0090aa8e14
Tommy McMillen,9-0-0,"6' 0""",145 lbs.,"74""",Orthodox,"Dec 15, 1997",:7.53,:51%,:5.67,:55%,:0.00,:0%,:83%,:0.0,http://ufcstats.com/fighter-details/6b0a6def604de298
Evan Esguerra,8-7-0 (1 NC),--,145 lbs.,--,,--,:0.00,:0%,:0.00,:0%,:0.00,:0%,:0%,:0.0,http://ufcstats.com/fighter-details/ed220e87bef0cc64
Kalib Starnes,17-11-1,"6' 3""",185 lbs.,"74""",Orthodox,"Jan 06, 1975",:2.71,:48%,:4.43,:53%,:1.46,:33%,:25%,:0.6,http://ufcstats.com/fighter-details/c8136ab8aa32c974
Dustin Stoltzfus,16-8-0,"6' 0""",185 lbs.,"75""",Orthodox,"Nov 15, 1991",:3.30,:45%,:3.23,:47%,:2.08,:37%,:46%,:1.1,http://ufcstats.com/fighter-details/71505842fb6455c3
Alden Coria,11-3-0 (1 NC),"5' 8""",125 lbs.,"67""",Orthodox,"Apr 24, 1998",:3.89,:44%,:1.11,:78%,:2.78,:100%,:75%,:0.0,http://ufcstats.com/fighter-details/5e9ca8dd7d783a75
Alberto Crane,15-5-0,"5' 5""",155 lbs.,--,Orthodox,"Jul 14, 1976",:0.43,:25%,:2.61,:57%,:0.00,:0%,:50%,:4.0,http://ufcstats.com/fighter-details/25433871e4eee0f4
Jack Marshman,23-10-0,"6' 0""",185 lbs.,"73""",Orthodox,"Dec 19, 1989",:2.74,:25%,:4.19,:56%,:0.00,:0%,:20%,:0.0,http://ufcstats.com/fighter-details/045f25b3a4c08e81
Austin Vanderford,13-3-0,"5' 11""",170 lbs.,"74""",Orthodox,"Mar 21, 1990",:3.04,:59%,:2.71,:48%,:3.08,:35%,:100%,:1.2,http://ufcstats.com/fighter-details/32c3ee378671a5d9
Ryan Jimmo,19-5-0,"6' 1""",205 lbs.,"73""",Orthodox,"Nov 27, 1981",:3.12,:66%,:2.77,:46%,:0.45,:28%,:87%,:0.0,http://ufcstats.com/fighter-details/bc3ec52ef70fc155
Jovan Leka,10-2-0,--,265 lbs.,--,,"Mar 15, 2002",:0.00,:0%,:0.00,:0%,:0.00,:0%,:0%,:0.0,http://ufcstats.com/fighter-details/182a73d5b4e57871
Chalid Arrab,7-3-0,"5' 11""",205 lbs.,--,Orthodox,"May 28, 1975",:1.56,:34%,:1.63,:56%,:3.05,:75%,:37%,:1.0,http://ufcstats.com/fighter-details/770b9d4813c25902
James Krause,28-9-0,"6' 2""",170 lbs.,"73""",Orthodox,"Jun 04, 1986",:4.79,:49%,:4.11,:61%,:0.96,:18%,:59%,:0.9,http://ufcstats.com/fighter-details/8f6a18831a120817
Roland Payne,0-1-0,"5' 9""",205 lbs.,--,Orthodox,--,:0.00,:0%,:0.00,:0%,:0.00,:0%,:0%,:0.0,http://ufcstats.com/fighter-details/2e04a3b4a2011b97
Achilles Estremadura,7-1-0,"5' 10""",155 lbs.,"68""",Orthodox,"Mar 11, 1992",:3.20,:43%,:3.27,:70%,:0.00,:0%,:0%,:0.0,http://ufcstats.com/fighter-details/41f3cfdab0b22236
Leiticia Pestova,0-2-0,"5' 6""",135 lbs.,--,Orthodox,"Jan 15, 1984",:0.00,:0%,:24.62,:44%,:0.00,:0%,:0%,:0.0,http://ufcstats.com/fighter-details/f3743d8ef5dde970
Igor Vovchanchyn,55-10-0 (1 NC),"5' 8""",205 lbs.,--,Orthodox,"Aug 06, 1973",:1.59,:49%,:0.97,:63%,:1.19,:66%,:50%,:0.5,http://ufcstats.com/fighter-details/7929be8290289a47
Charles McTorry,3-0-0,--,--,--,,--,:0.00,:0%,:0.00,:0%,:0.00,:0%,:0%,:0.0,http://ufcstats.com/fighter-details/acd8a53f7c0ce85e
Joao Roque,7-2-4,"5' 6""",155 lbs.,--,Orthodox,"Jul 22, 1971",:0.00,:0%,:0.00,:0%,:0.00,:0%,:0%,:0.0,http://ufcstats.com/fighter-details/0f6528b461e47462
Tonya Evinger,19-8-0 (1 NC),"5' 7""",135 lbs.,"70""",Orthodox,"Jun 04, 1981",:1.16,:42%,:4.02,:38%,:0.93,:30%,:33%,:0.9,http://ufcstats.com/fighter-details/b12a1d19ee383b7c
Dustin Kimura,11-3-0,"5' 7""",135 lbs.,"71""",Orthodox,"May 21, 1989",:1.33,:21%,:3.82,:51%,:0.93,:37%,:50%,:2.2,http://ufcstats.com/fighter-details/fe91d254db77a7fc
Andre Mussi,11-5-0,"6' 3""",242 lbs.,--,Orthodox,--,:0.00,:0%,:10.59,:35%,:0.00,:0%,:0%,:0.0,http://ufcstats.com/fighter-details/d0d43cb9b14f231c
Molly McCann,14-8-0,"5' 4""",115 lbs.,"62""",Orthodox,"May 04, 1990",:5.28,:49%,:4.65,:62%,:1.78,:36%,:38%,:0.5,http://ufcstats.com/fighter-details/51018a31ddf31eb2
Jonas Bilharinho,9-1-1,"5' 11""",145 lbs.,"75""",Switch,"May 22, 1990",:3.71,:60%,:3.36,:57%,:0.00,:0%,:100%,:0.0,http://ufcstats.com/fighter-details/ebbf571f349e79d9
Michel Batista,4-1-0 (1 NC),"6' 3""",260 lbs.,--,Orthodox,"Apr 20, 1984",:0.00,:0%,:4.03,:40%,:6.72,:50%,:0%,:0.0,http://ufcstats.com/fighter-details/34218661c44ed55d
Lucas Martins,19-3-0,"6' 0""",145 lbs.,"72""",Southpaw,"Nov 11, 1988",:2.87,:35%,:4.14,:60%,:0.00,:0%,:76%,:0.5,http://ufcstats.com/fighter-details/7413b80dbb0f8f9f
Julio Cesar Neves Jr.,33-1-0,"5' 8""",145 lbs.,--,,"Apr 25, 1994",:1.98,:35%,:4.81,:51%,:1.06,:25%,:76%,:0.0,http://ufcstats.com/fighter-details/195d0d3e14a2e256
Holly Holm,15-7-0 (1 NC),"5' 8""",135 lbs.,"69""",Southpaw,"Oct 17, 1981",:3.13,:40%,:2.92,:55%,:0.87,:30%,:76%,:0.1,http://ufcstats.com/fighter-details/634e2fb70bde3fd5
Gary Mangat,15-3-0,"5' 7""",135 lbs.,--,,--,:0.00,:0%,:0.00,:0%,:0.00,:0%,:0%,:0.0,http://ufcstats.com/fighter-details/1c0ffc63d8ec8f45
Freddy Vidal,4-0-0,"6' 3""",205 lbs.,"79""",Orthodox,"May 06, 1994",:2.84,:64%,:2.23,:28%,:0.00,:0%,:60%,:1.0,http://ufcstats.com/fighter-details/024158997e7c5829
Emmanuel Yarborough,1-2-0,"6' 8""",770 lbs.,--,Open Stance,"Sep 05, 1960",:0.00,:0%,:0.00,:0%,:0.00,:0%,:0%,:0.0,http://ufcstats.com/fighter-details/2299605af59fd309
Charles Rosa,14-8-0,"5' 9""",145 lbs.,"69""",Switch,"Aug 24, 1986",:3.08,:36%,:3.86,:47%,:1.67,:35%,:38%,:1.0,http://ufcstats.com/fighter-details/40093d1d2d78394e
Tim McKenzie,14-9-0,"6' 0""",185 lbs.,"74""",Orthodox,"Jul 21, 1982",:1.37,:54%,:2.96,:44%,:0.00,:0%,:28%,:2.1,http://ufcstats.com/fighter-details/9ca265dfe8323db3
Pat Healy,34-23-0 (1 NC),"6' 0""",155 lbs.,"72""",Orthodox,"Jul 20, 1983",:2.57,:36%,:2.57,:50%,:3.08,:37%,:55%,:1.1,http://ufcstats.com/fighter-details/50d2f0018bcf9eef
Askar Askarov,14-1-1,"5' 6""",125 lbs.,"67""",Orthodox,"Oct 09, 1992",:3.05,:54%,:2.80,:57%,:2.60,:24%,:66%,:0.4,http://ufcstats.com/fighter-details/b1d19449397541dc
Luke Caudillo,17-17-0,"5' 7""",155 lbs.,--,Orthodox,"Nov 30, 1980",:1.97,:28%,:5.07,:55%,:0.44,:20%,:85%,:0.0,http://ufcstats.com/fighter-details/68d76fd9ecf7431d
Igor Gracie,5-4-0,"5' 11""",170 lbs.,--,,"Feb 04, 1980",:1.86,:60%,:0.99,:50%,:3.72,:50%,:0%,:3.7,http://ufcstats.com/fighter-details/722b870449243083
Harold Howard,1-3-0,"6' 2""",240 lbs.,--,Orthodox,--,:0.00,:0%,:0.00,:0%,:0.00,:0%,:0%,:0.0,http://ufcstats.com/fighter-details/a2b06ca02bca14c0
Liam McGeary,12-2-0,"6' 6""",205 lbs.,--,,"Oct 04, 1982",:1.28,:48%,:1.92,:50%,:0.51,:100%,:0%,:2.5,http://ufcstats.com/fighter-details/e4e0993befecdaf8
Zhalgas Zhumagulov,14-9-0,"5' 4""",125 lbs.,"66""",Switch,"Aug 29, 1988",:5.24,:43%,:5.86,:52%,:1.30,:19%,:75%,:0.2,http://ufcstats.com/fighter-details/55fa6ce3e522c8bb
Aaron Simpson,12-5-0,"6' 0""",170 lbs.,"73""",Orthodox,"Jul 20, 1974",:3.60,:52%,:2.53,:56%,:3.78,:34%,:83%,:0.5,http://ufcstats.com/fighter-details/d5f820c11a121050
Tatsuya Mizuno,16-12-1,"6' 1""",205 lbs.,--,Southpaw,"Jun 02, 1981",:2.25,:37%,:3.52,:53%,:1.19,:25%,:40%,:3.6,http://ufcstats.com/fighter-details/478c8706bdb92440
Leonardo Morales,6-2-0,"5' 8""",135 lbs.,--,Southpaw,"Dec 22, 1992",:2.05,:47%,:2.05,:58%,:0.00,:0%,:62%,:0.0,http://ufcstats.com/fighter-details/45230be0641f3f53
Willamy Freire,26-6-0,"5' 8""",155 lbs.,--,Orthodox,"Jul 28, 1987",:1.53,:37%,:0.93,:62%,:0.50,:100%,:73%,:0.0,http://ufcstats.com/fighter-details/f1f37d667bcd0d27
Vitor Ribeiro,20-5-0,"5' 8""",154 lbs.,--,Orthodox,"Feb 24, 1979",:1.00,:28%,:1.95,:48%,:1.58,:26%,:100%,:1.2,http://ufcstats.com/fighter-details/a757c06bbdba61d2
Eduardo Pamplona,16-4-0,"5' 11""",170 lbs.,--,,"Feb 20, 1973",:0.00,:0%,:0.00,:0%,:0.00,:0%,:0%,:0.0,http://ufcstats.com/fighter-details/f31c0905045fa100
Christian Rodriguez,12-4-0,"5' 7""",145 lbs.,"71""",Orthodox,"Dec 17, 1997",:3.85,:50%,:2.85,:56%,:1.75,:40%,:67%,:1.1,http://ufcstats.com/fighter-details/5ec591b78349ba7e
Cory McKenna,8-4-0,"5' 3""",115 lbs.,"58""",Orthodox,"Jul 11, 1999",:2.94,:38%,:3.68,:46%,:2.00,:47%,:75%,:0.4,http://ufcstats.com/fighter-details/3351aa64aa83c4d9
Renee Forte,8-4-0,"5' 7""",155 lbs.,"71""",Orthodox,"Mar 27, 1987",:2.08,:32%,:2.12,:63%,:2.32,:58%,:66%,:0.0,http://ufcstats.com/fighter-details/44bc27bfa76dcd9e
Pete Sabala,3-15-0,--,135 lbs.,--,,--,:0.00,:0%,:0.00,:0%,:0.00,:0%,:0%,:0.0,http://ufcstats.com/fighter-details/7956f026e2672c47
Dustin Jacoby,21-9-1,"6' 3""",205 lbs.,"76""",Orthodox,"Apr 04, 1988",:5.37,:47%,:4.02,:57%,:0.33,:25%,:62%,:0.0,http://ufcstats.com/fighter-details/e4277e87a789d687
Yuji Ephoevi-Ga,11-1-0,"6' 0""",155 lbs.,"75""",Switch,"Oct 19, 1999",:2.67,:71%,:2.60,:44%,:0.00,:0%,:60%,:0.0,http://ufcstats.com/fighter-details/919fc4bc3edf4de7
Keigo Kunihara,3-2-0,"6' 0""",235 lbs.,--,Orthodox,--,:0.17,:10%,:1.99,:57%,:4.97,:40%,:100%,:2.5,http://ufcstats.com/fighter-details/782a2a17d3e38fdf
Matheus Nicolau,19-6-1,"5' 6""",125 lbs.,"66""",Orthodox,"Jan 06, 1993",:3.31,:51%,:2.98,:65%,:1.22,:43%,:90%,:0.8,http://ufcstats.com/fighter-details/1a31ef98efce7a79
Duda Santana,3-1-0,"5' 7""",145 lbs.,"73""",Orthodox,"Jan 10, 1996",:6.01,:39%,:2.72,:73%,:6.44,:60%,:0%,:0.0,http://ufcstats.com/fighter-details/d6ead04919a894b1
Darian Weeks,5-3-0,"5' 11""",170 lbs.,"72""",Orthodox,"Nov 23, 1993",:4.49,:51%,:4.56,:51%,:2.00,:30%,:100%,:0.0,http://ufcstats.com/fighter-details/326a001926ffb7ec
Chasen Blair,7-4-0,"5' 10""",155 lbs.,"71""",Orthodox,"Oct 14, 1998",:4.31,:39%,:5.39,:55%,:0.00,:0%,:100%,:0.0,http://ufcstats.com/fighter-details/0f4a536507f33576
Jacob Malkoun,8-3-0,"5' 9""",185 lbs.,"73""",Orthodox,"Aug 26, 1995",:3.86,:56%,:2.48,:52%,:6.62,:42%,:20%,:0.4,http://ufcstats.com/fighter-details/d4270315cbcf2569
Caio Borralho,17-2-0 (1 NC),"6' 1""",185 lbs.,"75""",Southpaw,"Jan 16, 1993",:3.44,:56%,:2.50,:60%,:1.28,:48%,:76%,:0.4,http://ufcstats.com/fighter-details/4126a78111c0855a
Marcos Brigagao,11-1-0,"6' 3""",205 lbs.,"76""",Southpaw,"Apr 01, 1996",:3.07,:43%,:3.27,:25%,:0.00,:0%,:36%,:0.0,http://ufcstats.com/fighter-details/11547e29f253fb89
Luis Ramos,20-10-2,"5' 8""",170 lbs.,--,Orthodox,"Jan 18, 1981",:2.40,:35%,:5.60,:42%,:1.50,:20%,:100%,:0.0,http://ufcstats.com/fighter-details/7bc475b0fc2020ab
Adam Schindler,10-6-0,"5' 8""",155 lbs.,--,,"May 19, 1983",:0.00,:0%,:0.00,:0%,:0.00,:0%,:0%,:0.0,http://ufcstats.com/fighter-details/89ea01f5a7ada40c
Denys Bondar,14-5-0,"5' 6""",125 lbs.,"69""",Orthodox,"Jun 27, 1992",:4.59,:50%,:5.16,:56%,:3.99,:58%,:62%,:0.0,http://ufcstats.com/fighter-details/2526be54e6a0e62a
Reyes Cortez Jr.,7-3-0,"5' 7""",135 lbs.,"68""",Orthodox,"Jul 31, 1992",:4.10,:45%,:7.43,:52%,:1.50,:11%,:100%,:0.0,http://ufcstats.com/fighter-details/1a7d44196949577c
Carina Damm,2-13-0,"5' 4""",135 lbs.,--,,--,:0.00,:0%,:0.00,:0%,:0.00,:0%,:0%,:0.0,http://ufcstats.com/fighter-details/033343da4c0cff8a
Geza Kalman,4-9-0,"6' 1""",200 lbs.,--,,--,:0.00,:0%,:0.00,:0%,:0.00,:0%,:0%,:0.0,http://ufcstats.com/fighter-details/304fcd812f12c589
Mike Breeden,11-6-0,"5' 10""",155 lbs.,"70""",Orthodox,"Apr 21, 1989",:5.75,:45%,:7.28,:42%,:0.98,:30%,:67%,:0.0,http://ufcstats.com/fighter-details/d80ee110748171ac
Jose Quinonez,9-5-0,"5' 8""",135 lbs.,"69""",Southpaw,"Jul 28, 1990",:3.60,:45%,:3.00,:64%,:2.70,:47%,:42%,:0.6,http://ufcstats.com/fighter-details/36549928f90f1d36
James Gray,4-1-0,"5' 9""",135 lbs.,--,Orthodox,"Oct 25, 1987",:2.61,:50%,:18.26,:44%,:0.00,:0%,:0%,:0.0,http://ufcstats.com/fighter-details/2db65fc038c0018e
Steve Nelmark,2-1-0,"6' 0""",240 lbs.,--,Orthodox,--,:0.00,:0%,:0.00,:0%,:0.00,:0%,:0%,:0.0,http://ufcstats.com/fighter-details/13e62d766b709aa6
Jeremy Tavares,1-6-0,--,135 lbs.,--,,--,:0.00,:0%,:0.00,:0%,:0.00,:0%,:0%,:0.0,http://ufcstats.com/fighter-details/681d07e328798ec0
Nolan Ticman,4-3-0,"5' 6""",125 lbs.,--,Orthodox,"May 17, 1988",:2.57,:47%,:2.53,:67%,:0.00,:0%,:60%,:0.0,http://ufcstats.com/fighter-details/9eb069062a0cfc13
Chris Yee,4-6-0,"5' 9""",185 lbs.,--,,--,:0.00,:0%,:0.00,:0%,:0.00,:0%,:0%,:0.0,http://ufcstats.com/fighter-details/920632ca1b78fae5
Marcelo Aguiar,2-3-1,"5' 10""",170 lbs.,--,Orthodox,"Jan 20, 1969",:0.00,:0%,:0.00,:0%,:0.00,:0%,:0%,:0.0,http://ufcstats.com/fighter-details/44aa652b181bcf68
Kelly Faszholz,4-2-0,"5' 8""",135 lbs.,--,Orthodox,"Apr 09, 1985",:4.01,:48%,:3.61,:52%,:0.00,:0%,:44%,:0.0,http://ufcstats.com/fighter-details/9c42a0de8e012870
William Knight,11-5-0,"5' 10""",205 lbs.,"73""",Orthodox,"Apr 03, 1988",:2.62,:56%,:3.30,:35%,:1.78,:40%,:48%,:0.4,http://ufcstats.com/fighter-details/5da33b8fbfa5ee95
Michael McDonald,1-1-0,"5' 11""",205 lbs.,--,Orthodox,"Feb 06, 1965",:0.00,:0%,:0.40,:50%,:0.00,:0%,:0%,:0.0,http://ufcstats.com/fighter-details/d52ef694108f8235
Max Holloway,27-8-0,"5' 11""",145 lbs.,"69""",Orthodox,"Dec 04, 1991",:7.20,:48%,:4.74,:59%,:0.24,:53%,:83%,:0.3,http://ufcstats.com/fighter-details/150ff4cc642270b9
Abel Trujillo,15-8-0 (1 NC),"5' 8""",155 lbs.,"70""",Orthodox,"Sep 18, 1983",:2.65,:41%,:2.31,:59%,:2.18,:45%,:40%,:0.4,http://ufcstats.com/fighter-details/e14b5aa06eea9653
Josh Wick,12-6-0,"5' 9""",155 lbs.,"69""",Switch,"Oct 04, 1994",:0.65,:60%,:6.52,:41%,:0.00,:0%,:80%,:0.0,http://ufcstats.com/fighter-details/13935768cf8aeb86
Dmitrii Smoliakov,9-3-0,"6' 2""",253 lbs.,"74""",Switch,"Aug 05, 1982",:1.44,:42%,:3.81,:55%,:0.00,:0%,:75%,:0.0,http://ufcstats.com/fighter-details/75afb06215a07341
Jesse Bongfeldt,16-5-1,"6' 0""",185 lbs.,--,Orthodox,"Aug 28, 1980",:2.91,:62%,:1.01,:50%,:1.51,:33%,:33%,:0.0,http://ufcstats.com/fighter-details/934de214814b8ff4
Shanelle Dyer,6-1-0,"5' 6""",115 lbs.,"65""",Orthodox,"Apr 23, 2001",:7.67,:41%,:7.80,:44%,:0.00,:0%,:0%,:0.0,http://ufcstats.com/fighter-details/cfbb3edab781dfd2
Wilson Reis,23-10-0,"5' 4""",125 lbs.,"65""",Southpaw,"Jan 06, 1985",:1.83,:29%,:3.04,:55%,:5.15,:42%,:47%,:0.6,http://ufcstats.com/fighter-details/5aedf14771ca82d2
Carl Malenko,6-4-0,"5' 11""",200 lbs.,--,Orthodox,"Jan 25, 1970",:0.00,:0%,:0.00,:0%,:0.00,:0%,:0%,:0.0,http://ufcstats.com/fighter-details/a314687f372b2cec
Gavin Tucker,13-3-0,"5' 6""",145 lbs.,"66""",Southpaw,"Jun 17, 1986",:4.29,:44%,:4.18,:57%,:3.13,:44%,:53%,:1.5,http://ufcstats.com/fighter-details/da816417a579a0bd
Alex Nicholson,7-4-0,"6' 4""",185 lbs.,"77""",Orthodox,"May 02, 1990",:4.12,:43%,:4.65,:47%,:0.00,:0%,:50%,:0.5,http://ufcstats.com/fighter-details/2b6d855c6e280fb1
Masakatsu Funaki,39-13-2,"6' 0""",185 lbs.,--,Southpaw,"Mar 13, 1969",:1.82,:68%,:2.92,:35%,:0.00,:0%,:0%,:5.5,http://ufcstats.com/fighter-details/aa3153a9941b4d44
Mike Kyle,22-14-1 (2 NC),"6' 4""",205 lbs.,"77""",Orthodox,"Mar 31, 1980",:3.93,:51%,:3.35,:49%,:1.33,:62%,:50%,:0.8,http://ufcstats.com/fighter-details/56b8b24f65f9f057
Dennis Buzukja,12-5-0,"5' 9""",145 lbs.,"70""",Switch,"Oct 01, 1997",:4.21,:43%,:4.82,:48%,:0.63,:27%,:75%,:0.2,http://ufcstats.com/fighter-details/c4d039123e62f6a9
Alexander Soldatkin,14-4-0,"6' 2""",250 lbs.,"75""",Orthodox,"Jun 10, 1993",:1.16,:60%,:1.35,:26%,:1.45,:50%,:50%,:0.0,http://ufcstats.com/fighter-details/f1451d605bad178e
Mark Robinson,1-0-0 (1 NC),"6' 0""",265 lbs.,--,Orthodox,--,:0.00,:0%,:5.80,:13%,:0.00,:0%,:0%,:0.0,http://ufcstats.com/fighter-details/4604ab1de9058474
Ignacio Bahamondes,17-6-0,"6' 3""",155 lbs.,"75""",Orthodox,"Aug 27, 1997",:6.55,:45%,:4.33,:56%,:0.00,:0%,:75%,:0.4,http://ufcstats.com/fighter-details/e4a47b07044ddd72
Nick Diaz,26-10-0 (2 NC),"6' 1""",170 lbs.,"76""",Southpaw,"Aug 02, 1983",:5.71,:42%,:3.84,:59%,:1.28,:32%,:60%,:1.0,http://ufcstats.com/fighter-details/f57a8a52ca401ed9
Jhonata Diniz,9-1-0,"6' 4""",254 lbs.,"79""",Orthodox,"Jun 23, 1991",:4.58,:56%,:3.71,:59%,:0.00,:0%,:78%,:0.0,http://ufcstats.com/fighter-details/25f9a5f3e8a52618
Jonathan Pearce,14-7-0,"6' 0""",145 lbs.,"71""",Switch,"May 01, 1992",:5.12,:54%,:3.32,:54%,:5.02,:50%,:55%,:0.8,http://ufcstats.com/fighter-details/87c0b1c696ddfb43
Jose Maria,37-7-0 (2 NC),"5' 5""",125 lbs.,--,Orthodox,"Jan 04, 1982",:3.20,:53%,:3.98,:52%,:2.32,:27%,:33%,:2.3,http://ufcstats.com/fighter-details/b35ba64b6a2bbcb3
Mike Grundy,12-4-0,"5' 7""",145 lbs.,"72""",Orthodox,"Jan 03, 1987",:2.09,:45%,:4.45,:56%,:4.06,:28%,:50%,:0.4,http://ufcstats.com/fighter-details/56fcb2c4d99f9d1b
Stefan Sekulic,12-4-0,"6' 0""",170 lbs.,"75""",Southpaw,"Feb 12, 1992",:1.83,:50%,:2.83,:64%,:2.00,:33%,:25%,:0.5,http://ufcstats.com/fighter-details/348dff4e03bd18c6
Rick Davis,3-1-1,"5' 9""",155 lbs.,--,Orthodox,--,:3.09,:50%,:6.19,:64%,:0.00,:0%,:0%,:0.0,http://ufcstats.com/fighter-details/2549d63da9c456cb
Leon Shahbazyan,7-2-0,"6' 4""",170 lbs.,"74""",Orthodox,"Nov 18, 1995",:6.33,:52%,:8.18,:32%,:1.46,:50%,:0%,:0.0,http://ufcstats.com/fighter-details/9eed2bcc9e0b92af
Assuerio Silva,16-8-0 (1 NC),"5' 10""",241 lbs.,--,Orthodox,"Jun 18, 1974",:1.42,:46%,:4.20,:54%,:2.66,:34%,:25%,:1.8,http://ufcstats.com/fighter-details/e091482fa6648261
John Reedy,11-6-0,"5' 8""",155 lbs.,--,,--,:0.00,:0%,:0.00,:0%,:0.00,:0%,:0%,:0.0,http://ufcstats.com/fighter-details/fb4ca5c7e4448645
Chuck Liddell,21-8-0,"6' 2""",205 lbs.,"76""",Orthodox,"Dec 17, 1969",:2.97,:35%,:2.71,:56%,:0.44,:75%,:81%,:0.0,http://ufcstats.com/fighter-details/a390eb8a9b2df298
Roque Martinez,15-8-2,"5' 10""",250 lbs.,"72""",Orthodox,"Mar 04, 1986",:3.28,:53%,:4.90,:56%,:0.38,:50%,:53%,:0.4,http://ufcstats.com/fighter-details/2c5a0b8317f8f27a
Taylor Callens,6-0-0,"5' 10""",155 lbs.,--,,"May 21, 1991",:0.00,:0%,:0.00,:0%,:0.00,:0%,:0%,:0.0,http://ufcstats.com/fighter-details/53d471e9bf5f2fc8
Jessin Ayari,16-6-0,"6' 0""",155 lbs.,"73""",Orthodox,"May 31, 1992",:3.53,:37%,:3.59,:58%,:0.00,:0%,:50%,:0.3,http://ufcstats.com/fighter-details/6eaec40f724852f4
Conor McGregor,22-6-0,"5' 9""",155 lbs.,"74""",Southpaw,"Jul 14, 1988",:5.32,:49%,:4.66,:54%,:0.67,:55%,:66%,:0.1,http://ufcstats.com/fighter-details/f4c49976c75c5ab2
Herschel Walker,2-0-0,"6' 1""",215 lbs.,--,Orthodox,"Mar 03, 1962",:3.42,:67%,:0.45,:46%,:1.94,:100%,:100%,:0.0,http://ufcstats.com/fighter-details/bd92e38aef641673
Jason Brilz,22-6-1,"5' 11""",205 lbs.,"71""",Orthodox,"Jul 07, 1975",:2.66,:40%,:1.78,:65%,:2.37,:25%,:25%,:1.3,http://ufcstats.com/fighter-details/497ba5b12a4bfc47
Greg McIntyre,6-4-0,"5' 10""",155 lbs.,--,Orthodox,"Apr 21, 1980",:0.79,:30%,:1.36,:41%,:5.09,:50%,:0%,:0.0,http://ufcstats.com/fighter-details/00a905a4a4a2b071
Karo Parisyan,24-11-0 (1 NC),"5' 10""",170 lbs.,"72""",Orthodox,"Aug 28, 1982",:2.49,:41%,:2.19,:58%,:5.27,:59%,:59%,:1.0,http://ufcstats.com/fighter-details/349aaa3da11eb587
Dan Charles,10-6-1,"6' 2""",228 lbs.,--,,"Sep 24, 1985",:2.82,:45%,:3.51,:44%,:0.00,:0%,:31%,:0.0,http://ufcstats.com/fighter-details/32a4f1235f0dad73
James Vick,13-5-0,"6' 3""",155 lbs.,"76""",Orthodox,"Feb 23, 1987",:4.13,:39%,:3.31,:60%,:0.26,:33%,:57%,:0.7,http://ufcstats.com/fighter-details/6256b2b1562cb8e1
Jack Della Maddalena,18-2-0,"5' 11""",170 lbs.,"73""",Switch,"Sep 10, 1996",:6.84,:52%,:4.53,:64%,:0.16,:11%,:69%,:0.2,http://ufcstats.com/fighter-details/6b453bc35a823c3f
Matt Arroyo,3-3-0,"5' 10""",170 lbs.,"72""",Orthodox,"Sep 01, 1982",:1.62,:47%,:2.01,:58%,:2.12,:36%,:100%,:5.3,http://ufcstats.com/fighter-details/de62052b2ede65ba
Jorge de Oliveira,9-2-0,"5' 8""",155 lbs.,--,Orthodox,"Jan 22, 1980",:1.26,:31%,:4.84,:48%,:0.00,:0%,:22%,:0.0,http://ufcstats.com/fighter-details/ddf3e0ea10ea6d8c
SangWon Kim,10-6-1,"5' 9""",145 lbs.,"69""",Orthodox,"Sep 01, 1993",:3.18,:57%,:3.73,:58%,:0.69,:25%,:72%,:0.0,http://ufcstats.com/fighter-details/e9712cad24948ce1
Kajan Johnson,23-13-1,"5' 11""",155 lbs.,"75""",Orthodox,"Apr 21, 1984",:2.47,:42%,:1.59,:64%,:1.54,:37%,:62%,:0.2,http://ufcstats.com/fighter-details/633a45d131192ffe
Miranda Granger,7-3-0,"5' 7""",115 lbs.,"68""",Orthodox,"Apr 13, 1992",:2.79,:47%,:2.57,:57%,:0.00,:0%,:33%,:0.0,http://ufcstats.com/fighter-details/7559395ad833c074
Yusup Saadulaev,16-4-1 (1 NC),"5' 6""",135 lbs.,--,,"Mar 31, 1985",:0.57,:45%,:0.96,:66%,:5.73,:60%,:0%,:1.0,http://ufcstats.com/fighter-details/b1669a810fae4220
Kevin Aguilar,17-5-0,"5' 7""",155 lbs.,"73""",Orthodox,"Sep 07, 1988",:3.96,:40%,:4.81,:52%,:0.16,:16%,:78%,:0.0,http://ufcstats.com/fighter-details/cf946e03ba2e7666
Jacob Rosales,13-7-0,"5' 11""",155 lbs.,"74""",Orthodox,"Jul 28, 1995",:7.19,:46%,:10.66,:44%,:1.12,:18%,:50%,:0.6,http://ufcstats.com/fighter-details/f7faf5b19e0dec2e
Lerone Murphy,17-0-1,"5' 9""",145 lbs.,"73""",Orthodox,"Jul 22, 1991",:4.48,:53%,:2.51,:61%,:1.41,:54%,:51%,:0.5,http://ufcstats.com/fighter-details/396fe87b84ac2e1c
Cole Escovedo,17-9-0,"5' 7""",135 lbs.,"72""",Orthodox,"Aug 30, 1981",:1.77,:43%,:4.32,:49%,:0.43,:33%,:13%,:0.0,http://ufcstats.com/fighter-details/5df17b3620145578
Alexia Thainara,13-1-0,"5' 4""",115 lbs.,"67""",Orthodox,"Nov 20, 1995",:4.52,:40%,:2.46,:65%,:3.91,:60%,:100%,:1.7,http://ufcstats.com/fighter-details/545092d13c67aa49
Zac Pauga,7-3-0,"6' 2""",205 lbs.,"76""",Orthodox,"Feb 25, 1988",:4.46,:62%,:2.73,:58%,:0.38,:7%,:100%,:0.0,http://ufcstats.com/fighter-details/56f7d7ee06be4aab
Anthony Taylor,1-3-0,"5' 7""",145 lbs.,--,,--,:0.00,:0%,:0.00,:0%,:0.00,:0%,:0%,:0.0,http://ufcstats.com/fighter-details/637a4d8825464c62
Riki Fukuda,24-9-0 (1 NC),"6' 0""",185 lbs.,"73""",Southpaw,"Jan 06, 1981",:4.24,:43%,:3.71,:64%,:2.17,:43%,:70%,:0.0,http://ufcstats.com/fighter-details/7c35f869033901ae
Rashad Coulter,9-4-0,"5' 11""",205 lbs.,"76""",Orthodox,"Nov 27, 1981",:4.82,:56%,:6.68,:50%,:0.00,:0%,:62%,:0.0,http://ufcstats.com/fighter-details/d1528ac5675558b1
Gray Maynard,13-7-1 (1 NC),"5' 9""",155 lbs.,"70""",Orthodox,"May 09, 1979",:1.92,:32%,:2.64,:66%,:2.91,:47%,:81%,:0.7,http://ufcstats.com/fighter-details/7d96bc577e5178b2
Pat Barry,8-7-0,"5' 11""",235 lbs.,"74""",Orthodox,"Jul 07, 1979",:2.72,:52%,:3.54,:59%,:0.00,:0%,:76%,:0.2,http://ufcstats.com/fighter-details/658c3465581ae46b
David Gomez,1-2-0,--,155 lbs.,--,,"Aug 08, 1983",:0.00,:0%,:0.00,:0%,:0.00,:0%,:0%,:0.0,http://ufcstats.com/fighter-details/489413d3be819647
Nasrudin Nasrudinov,9-1-0,"6' 0""",205 lbs.,"71""",Orthodox,"Oct 06, 1991",:1.03,:87%,:0.29,:75%,:2.20,:50%,:40%,:0.0,http://ufcstats.com/fighter-details/769fa803bf9d2e3b
David Dvorak,20-6-0,"5' 5""",125 lbs.,"68""",Orthodox,"Jun 05, 1992",:3.48,:43%,:3.29,:59%,:0.58,:30%,:70%,:0.2,http://ufcstats.com/fighter-details/9ada30894bf04e19
Mike Nickels,9-5-0,"6' 4""",205 lbs.,--,Orthodox,"Dec 13, 1971",:4.44,:52%,:1.11,:64%,:11.11,:80%,:0%,:2.8,http://ufcstats.com/fighter-details/330ec26453c44a59
Jesse Juarez,23-12-0,"6' 1""",170 lbs.,--,Orthodox,"May 08, 1981",:1.71,:48%,:2.87,:52%,:2.69,:33%,:50%,:0.0,http://ufcstats.com/fighter-details/cd039ff136d89ded
Siala Siliga,12-5-0,"6' 1""",290 lbs.,--,Orthodox,"Oct 08, 1970",:1.08,:26%,:1.96,:50%,:1.47,:50%,:80%,:0.0,http://ufcstats.com/fighter-details/3cf68c1d17f66af7
Davey Grant,17-7-0,"5' 8""",135 lbs.,"69""",Orthodox,"Dec 18, 1985",:5.18,:44%,:3.74,:55%,:1.04,:40%,:63%,:0.2,http://ufcstats.com/fighter-details/113df4fde64735c6
Ruan Potts,11-6-0,"6' 2""",247 lbs.,"75""",Orthodox,"Feb 23, 1978",:0.85,:37%,:5.92,:22%,:0.75,:16%,:33%,:2.3,http://ufcstats.com/fighter-details/7e208569469c8bc8
JP Felty,4-5-0,--,170 lbs.,--,,"Apr 28, 1979",:0.00,:0%,:0.00,:0%,:0.00,:0%,:0%,:0.0,http://ufcstats.com/fighter-details/954e3f4e2b0e6510
Brendan Loughnane,17-3-0,"5' 10""",145 lbs.,"70""",Switch,"Dec 05, 1989",:6.23,:63%,:6.70,:53%,:1.50,:30%,:92%,:0.0,http://ufcstats.com/fighter-details/b788862dd1c11eac
Joey Hart,6-2-0,"6' 3""",170 lbs.,"79""",Orthodox,"Jun 24, 1997",:4.53,:34%,:4.53,:45%,:0.00,:0%,:40%,:0.0,http://ufcstats.com/fighter-details/6412da484125716b
Ivan Menjivar,25-12-0,"5' 6""",145 lbs.,"64""",Orthodox,"May 30, 1982",:2.78,:37%,:2.76,:65%,:0.56,:28%,:38%,:1.0,http://ufcstats.com/fighter-details/5755960ebd0b16f6
Masakatsu Okuda,8-5-0,--,--,--,,--,:0.00,:0%,:4.27,:34%,:0.00,:0%,:0%,:4.3,http://ufcstats.com/fighter-details/02a65a55f25fb4f3
Paul Herrera,1-1-0,"5' 10""",185 lbs.,--,Orthodox,"Feb 21, 1964",:0.00,:0%,:0.00,:0%,:0.00,:0%,:0%,:0.0,http://ufcstats.com/fighter-details/440c9dbab63528fb
Jonathan Figueroa,16-1-0,--,185 lbs.,--,,"Feb 05, 1995",:0.00,:0%,:0.00,:0%,:0.00,:0%,:0%,:0.0,http://ufcstats.com/fighter-details/2226445c4a196dc8
Muslim Salikhov,22-5-0,"5' 11""",170 lbs.,"70""",Orthodox,"Jun 09, 1984",:3.39,:49%,:2.92,:62%,:1.08,:32%,:72%,:0.0,http://ufcstats.com/fighter-details/447f9858ae78f921
Paulo Henrique,12-2-0,"5' 7""",125 lbs.,"69""",,"Jul 03, 2002",:0.93,:32%,:1.87,:61%,:0.00,:0%,:50%,:0.0,http://ufcstats.com/fighter-details/3fe8ad7e1594537a
Dieusel Berto,0-3-0,"5' 9""",200 lbs.,--,,--,:0.00,:0%,:0.00,:0%,:0.00,:0%,:0%,:0.0,http://ufcstats.com/fighter-details/0db70ca89e1c7374
Shogo Sato,5-1-0 (1 NC),"5' 7""",170 lbs.,"66""",Southpaw,"Jun 08, 1993",:2.14,:25%,:25.71,:29%,:0.00,:0%,:0%,:0.0,http://ufcstats.com/fighter-details/c982b98d33825763
Dean Hancock,2-1-0,--,155 lbs.,--,,--,:7.97,:63%,:1.94,:67%,:1.71,:33%,:75%,:1.7,http://ufcstats.com/fighter-details/24e9d6b0a24cff9d
Li Jingliang,19-9-0,"6' 0""",170 lbs.,"71""",Orthodox,"Mar 20, 1988",:4.46,:42%,:3.95,:56%,:1.19,:41%,:60%,:0.0,http://ufcstats.com/fighter-details/e64b96c07d7ce999
Elaina Maxwell,7-4-0,"5' 8""",145 lbs.,--,Orthodox,"Dec 16, 1978",:2.07,:60%,:2.40,:53%,:0.00,:0%,:50%,:1.0,http://ufcstats.com/fighter-details/a16ce18149021139
Nicdali Rivera-Calanoc,9-10-0,"5' 3""",105 lbs.,--,,"Jun 12, 1985",:1.82,:20%,:2.42,:78%,:0.00,:0%,:0%,:0.0,http://ufcstats.com/fighter-details/60917f79b7271d83
Yizha,26-5-0,"5' 7""",145 lbs.,"71""",Orthodox,"Jan 08, 1997",:2.97,:45%,:2.81,:47%,:3.51,:30%,:54%,:1.1,http://ufcstats.com/fighter-details/3f11fd1751fa83b1
Brian Ebersole,51-18-1 (1 NC),"6' 0""",170 lbs.,"73""",Southpaw,"Nov 27, 1980",:2.32,:49%,:2.14,:56%,:1.70,:23%,:61%,:0.1,http://ufcstats.com/fighter-details/32ba186f4b0e3267
Jason High,21-6-0,"5' 8""",155 lbs.,"73""",Southpaw,"Oct 12, 1981",:1.28,:42%,:1.56,:48%,:2.36,:63%,:37%,:2.8,http://ufcstats.com/fighter-details/e5d03e4d966126bd
Shamar Bailey,16-11-0,"5' 9""",155 lbs.,"75""",Southpaw,"Sep 22, 1982",:1.56,:20%,:3.91,:69%,:1.50,:33%,:37%,:0.0,http://ufcstats.com/fighter-details/e2b8186b618b00c4
Shannon Gugerty,15-7-0,"5' 10""",155 lbs.,"71""",Orthodox,"Dec 30, 1981",:1.25,:39%,:1.88,:58%,:2.13,:27%,:50%,:3.4,http://ufcstats.com/fighter-details/9f1641c08cf8fbe2
Yuma Horiuchi,9-5-0,"5' 6""",125 lbs.,"67""",Switch,"Sep 22, 1997",:3.73,:30%,:5.00,:35%,:2.00,:16%,:0%,:2.0,http://ufcstats.com/fighter-details/f6c1ce7cfd600662
AJ McKee,8-0-0,"5' 10""",145 lbs.,--,,--,:2.75,:32%,:0.92,:80%,:11.01,:100%,:100%,:11.0,http://ufcstats.com/fighter-details/f3ec0214794a699e
Eric Esch,15-10-1,"5' 11""",350 lbs.,--,Orthodox,"Aug 03, 1968",:3.07,:71%,:1.74,:43%,:0.00,:0%,:0%,:2.0,http://ufcstats.com/fighter-details/0e4daed84a8f39a6
Timmy Cuamba,9-3-0,"5' 9""",135 lbs.,"71""",Orthodox,"Feb 08, 1999",:3.12,:42%,:4.30,:58%,:1.11,:26%,:80%,:0.0,http://ufcstats.com/fighter-details/0e46690e55a8df75
Ramsey Nijem,9-6-0,"5' 11""",155 lbs.,"75""",Orthodox,"Apr 01, 1988",:3.05,:44%,:1.62,:62%,:5.32,:62%,:55%,:1.1,http://ufcstats.com/fighter-details/22aa91e402d0fe1f
Garrett Armfield,10-5-0,"5' 6""",135 lbs.,"70""",Orthodox,"Oct 09, 1996",:5.35,:53%,:3.64,:56%,:1.10,:50%,:64%,:0.6,http://ufcstats.com/fighter-details/1effd880e1f1bb30
Gigo Jara,6-9-0,"5' 9""",145 lbs.,--,,--,:2.26,:57%,:2.71,:51%,:0.00,:0%,:66%,:0.0,http://ufcstats.com/fighter-details/99d5cf1eda8b25c1
Fredy Serrano,3-2-0,"5' 3""",125 lbs.,"65""",Orthodox,"Sep 22, 1979",:1.58,:26%,:1.89,:61%,:2.84,:25%,:84%,:0.0,http://ufcstats.com/fighter-details/0ccab7c889ede9ea
Eric Wray,5-1-0,"6' 0""",170 lbs.,--,Orthodox,--,:1.76,:48%,:3.12,:28%,:4.07,:66%,:0%,:2.0,http://ufcstats.com/fighter-details/eb6edce3028f05c0
Brianna Fortino,9-3-0,"5' 0""",115 lbs.,"62""",Southpaw,"Aug 04, 1993",:3.53,:41%,:3.23,:57%,:2.50,:45%,:66%,:0.0,http://ufcstats.com/fighter-details/b53c46f613f6f248
JJ Aldrich,14-7-0,"5' 5""",125 lbs.,"67""",Southpaw,"Sep 29, 1992",:3.96,:47%,:4.32,:61%,:0.75,:26%,:67%,:0.0,http://ufcstats.com/fighter-details/6fd953151d981979
Mario Neto,13-5-0,"6' 0""",229 lbs.,--,Orthodox,--,:1.89,:50%,:1.89,:70%,:2.84,:100%,:0%,:0.0,http://ufcstats.com/fighter-details/1209b5134401ca53
Gerry Harris,1-4-0,"6' 8""",270 lbs.,--,Orthodox,--,:0.00,:0%,:0.00,:0%,:0.00,:0%,:0%,:0.0,http://ufcstats.com/fighter-details/30cd319d39ee689b
Wagner Prado,12-3-0 (1 NC),"6' 0""",205 lbs.,"74""",Southpaw,"Dec 30, 1986",:1.72,:40%,:3.06,:50%,:0.00,:0%,:22%,:0.0,http://ufcstats.com/fighter-details/7f6ef4e1227600bc
Chris Ewert,7-1-0,"6' 0""",185 lbs.,"75""",Orthodox,"Sep 06, 1993",:3.40,:37%,:4.33,:50%,:0.00,:0%,:42%,:0.0,http://ufcstats.com/fighter-details/54c2576b7f2f1f57
Daniel Spohn,15-6-0,"6' 4""",205 lbs.,"79""",Southpaw,"Oct 12, 1984",:2.42,:49%,:1.60,:53%,:0.00,:0%,:28%,:2.5,http://ufcstats.com/fighter-details/87f3bbf52e6c9dc9
Gunnar Nelson,19-6-1,"5' 11""",170 lbs.,"72""",Switch,"Jul 28, 1988",:1.77,:61%,:3.06,:48%,:2.00,:52%,:68%,:1.0,http://ufcstats.com/fighter-details/fd55393021a8c255
Siyar Bahadurzada,24-8-1,"5' 11""",170 lbs.,"73""",Orthodox,"Apr 17, 1984",:2.91,:40%,:3.23,:49%,:1.32,:61%,:62%,:0.3,http://ufcstats.com/fighter-details/aec185309b4843d0
Patricky Freire,17-8-0,"5' 7""",155 lbs.,"71""",,"Jun 01, 1986",:3.06,:44%,:3.34,:69%,:1.26,:33%,:100%,:0.0,http://ufcstats.com/fighter-details/90e6dde9113830bd
Lavar Johnson,18-10-0,"6' 4""",240 lbs.,"82""",Orthodox,"Jun 11, 1977",:5.39,:55%,:2.54,:55%,:0.61,:66%,:54%,:0.6,http://ufcstats.com/fighter-details/e6c5908910cc26e4
Tsuyoshi Tamakairiki,0-3-0,"6' 0""",220 lbs.,--,Orthodox,"Jul 16, 1966",:0.00,:0%,:26.67,:50%,:0.00,:0%,:0%,:0.0,http://ufcstats.com/fighter-details/eaa0a728cc91ef60
Dong Hyun Kim,22-4-1 (1 NC),"6' 2""",170 lbs.,"76""",Southpaw,"Nov 17, 1981",:2.12,:49%,:1.89,:58%,:2.93,:43%,:71%,:0.6,http://ufcstats.com/fighter-details/9bcf8603ceb25680
Sarah Payant,1-4-0,"5' 4""",115 lbs.,--,,--,:0.29,:16%,:2.06,:30%,:0.00,:0%,:0%,:0.0,http://ufcstats.com/fighter-details/748d4e35f846a029
Jose Delano,16-3-0,"5' 8""",145 lbs.,"70""",Orthodox,"Sep 11, 1996",:9.73,:65%,:2.53,:72%,:0.00,:0%,:60%,:0.0,http://ufcstats.com/fighter-details/d7c4956d61ae76a9
Edson Silva,14-12-0 (1 NC),--,205 lbs.,--,Orthodox,--,:2.69,:14%,:5.37,:50%,:0.00,:0%,:0%,:0.0,http://ufcstats.com/fighter-details/a1153013cb5f628f
Aleksander Emelianenko,23-7-0,"6' 6""",255 lbs.,--,Orthodox,"Aug 02, 1981",:2.75,:41%,:1.70,:65%,:2.32,:72%,:66%,:0.9,http://ufcstats.com/fighter-details/f54200f1dfb9b5d4
Katsuhiko Nagata,6-7-3,"5' 7""",154 lbs.,--,Southpaw,"Oct 31, 1973",:1.05,:19%,:1.50,:63%,:0.98,:28%,:28%,:0.0,http://ufcstats.com/fighter-details/d5ae8074631762fc
Jay Silva,10-11-1,"6' 2""",185 lbs.,--,Southpaw,--,:1.13,:34%,:3.07,:40%,:0.00,:0%,:38%,:1.0,http://ufcstats.com/fighter-details/53bb0d40905b87c0
Ryan Couture,11-5-0,"5' 10""",155 lbs.,"73""",Orthodox,"Aug 27, 1982",:3.54,:45%,:2.87,:54%,:1.55,:29%,:46%,:1.3,http://ufcstats.com/fighter-details/46fd223e3ced39b3
Brian Gassaway,29-20-2 (1 NC),"6' 1""",170 lbs.,--,Orthodox,"Aug 07, 1972",:0.34,:26%,:3.65,:44%,:0.00,:0%,:42%,:0.0,http://ufcstats.com/fighter-details/e4770d5ed44a3970
Lauren Murphy,16-7-0,"5' 5""",125 lbs.,"67""",Orthodox,"Jul 27, 1983",:3.94,:38%,:5.19,:56%,:1.09,:24%,:67%,:0.2,http://ufcstats.com/fighter-details/729d4bd5a6cd0a97
Logan Woods,5-1-0,--,185 lbs.,--,,"May 30, 1994",:0.00,:0%,:0.00,:0%,:0.00,:0%,:0%,:0.0,http://ufcstats.com/fighter-details/133a9d2e6efd8a50
Andy Ogle,9-6-0,"5' 8""",145 lbs.,"69""",Orthodox,"Feb 16, 1989",:2.24,:44%,:2.23,:50%,:1.44,:26%,:58%,:0.0,http://ufcstats.com/fighter-details/b6c4451cb13c9303
Armando Villarreal,5-2-0,"5' 7""",135 lbs.,"66""",Southpaw,"Aug 08, 1989",:3.23,:55%,:4.30,:52%,:3.23,:25%,:0%,:0.0,http://ufcstats.com/fighter-details/454c1f0b638972ab
Julio Paulino,23-5-0,"6' 0""",170 lbs.,--,Orthodox,"Dec 04, 1975",:0.97,:27%,:1.87,:48%,:0.00,:0%,:37%,:0.5,http://ufcstats.com/fighter-details/60c72f7459827881
KyuSung Kim,12-6-0,"5' 11""",125 lbs.,"69""",Orthodox,"Nov 05, 1992",:1.53,:53%,:0.87,:69%,:0.00,:0%,:33%,:0.0,http://ufcstats.com/fighter-details/e7ecfab8fd86d3e1
Gary Tapusoa,8-3-0,"5' 7""",185 lbs.,--,,"Sep 02, 1979",:0.00,:0%,:0.00,:0%,:0.00,:0%,:0%,:0.0,http://ufcstats.com/fighter-details/37ac9e0f4fc86171
Rocky Long,21-37-1,--,145 lbs.,--,,"Feb 18, 1978",:0.00,:0%,:0.00,:0%,:0.00,:0%,:0%,:0.0,http://ufcstats.com/fighter-details/10e04e5e81f391a0
Branko Cikatic,0-2-0,"6' 1""",215 lbs.,--,Orthodox,"Oct 03, 1954",:0.00,:0%,:0.00,:0%,:0.00,:0%,:0%,:0.0,http://ufcstats.com/fighter-details/4e5bbc4566049cbf
Alexandre Barros,22-11-0,"5' 9""",170 lbs.,--,Southpaw,"Nov 19, 1976",:0.98,:40%,:4.05,:36%,:1.84,:50%,:100%,:0.0,http://ufcstats.com/fighter-details/8fd1f27e86661ede
Dante Rivera,16-7-0,"6' 1""",185 lbs.,--,Southpaw,"Dec 08, 1974",:2.27,:53%,:4.00,:25%,:0.00,:0%,:16%,:0.0,http://ufcstats.com/fighter-details/288aaa8f82040e02
Alatengheili,17-10-2,"5' 5""",135 lbs.,"66""",Orthodox,"Dec 14, 1991",:2.82,:32%,:5.12,:57%,:1.74,:43%,:75%,:0.0,http://ufcstats.com/fighter-details/1897b7b913736a7c
Josh San Diego,8-3-0,"5' 10""",135 lbs.,--,,--,:0.00,:0%,:0.00,:0%,:0.00,:0%,:0%,:0.0,http://ufcstats.com/fighter-details/983e281d257c24dc
Patrick Walsh,10-3-0,"5' 11""",185 lbs.,--,,"Nov 28, 1988",:2.03,:19%,:2.83,:64%,:3.00,:54%,:100%,:1.5,http://ufcstats.com/fighter-details/b4c96c3d9139bf0e
Darryl Cobb,6-8-0,"5' 9""",185 lbs.,--,,"Aug 04, 1980",:0.00,:0%,:0.00,:0%,:0.00,:0%,:0%,:0.0,http://ufcstats.com/fighter-details/dc6d8256ee3dfba5
Marcio Alexandre Junior,17-4-0,"6' 0""",185 lbs.,"75""",Southpaw,"May 05, 1989",:1.61,:45%,:2.89,:42%,:0.35,:20%,:66%,:0.7,http://ufcstats.com/fighter-details/d53482bef23235ba
Charlie Valencia,12-7-0,"5' 3""",135 lbs.,"64""",Orthodox,"Oct 31, 1974",:2.58,:37%,:2.61,:77%,:1.40,:53%,:75%,:0.5,http://ufcstats.com/fighter-details/8a0be41c0380188d
Mashrabjon Ruzibaev,20-4-1,"5' 8""",155 lbs.,"67""",Orthodox,"Feb 16, 1996",:0.00,:0%,:0.00,:0%,:0.00,:0%,:0%,:0.0,http://ufcstats.com/fighter-details/e5a898f2a1afec67
Joe Benoit,11-4-0,"5' 9""",170 lbs.,--,Orthodox,"Mar 12, 1982",:0.00,:0%,:0.00,:100%,:0.00,:0%,:0%,:0.0,http://ufcstats.com/fighter-details/a30f6d375dea5f9b
Marvin Vettori,19-9-1,"6' 0""",185 lbs.,"74""",Southpaw,"Sep 20, 1993",:4.68,:45%,:4.52,:56%,:1.43,:45%,:65%,:0.4,http://ufcstats.com/fighter-details/7acbb0972e75281a
Johnny Walker,22-9-0 (1 NC),"6' 6""",205 lbs.,"82""",Orthodox,"Mar 30, 1992",:4.06,:55%,:3.09,:45%,:0.42,:60%,:57%,:0.8,http://ufcstats.com/fighter-details/c21f26bbde777573
Gabriel Carrasco,7-0-0,"5' 6""",135 lbs.,--,,--,:4.15,:37%,:1.53,:80%,:0.00,:0%,:100%,:0.0,http://ufcstats.com/fighter-details/89ed44801968b8e3
Thomas Petersen,10-3-0,"6' 1""",264 lbs.,"74""",Southpaw,"Mar 30, 1995",:3.74,:59%,:2.94,:57%,:4.42,:66%,:100%,:0.6,http://ufcstats.com/fighter-details/764d39074a352e33
Billy Evangelista,13-3-0 (1 NC),"5' 8""",155 lbs.,"68""",Orthodox,"Oct 07, 1980",:4.51,:40%,:3.96,:61%,:1.60,:19%,:61%,:0.2,http://ufcstats.com/fighter-details/9766ed20b68c7c33
Yoji Anjo,0-5-1,"5' 11""",205 lbs.,--,Orthodox,"Mar 28, 1967",:0.00,:0%,:3.13,:25%,:0.00,:0%,:0%,:0.0,http://ufcstats.com/fighter-details/e06fd1260ac865a7
Keith Berry,15-14-1 (1 NC),"6' 1""",185 lbs.,--,,"Oct 25, 1987",:0.27,:12%,:6.27,:28%,:0.00,:0%,:0%,:0.0,http://ufcstats.com/fighter-details/0b935b9bbbe5fc07
Shawn Bunch,7-3-0,"5' 5""",135 lbs.,--,,"Mar 19, 1983",:0.00,:0%,:1.55,:55%,:0.00,:0%,:50%,:0.0,http://ufcstats.com/fighter-details/6e9af164ab91a229
Manny Vazquez,11-2-0,"5' 10""",125 lbs.,"72""",Orthodox,"Nov 19, 1993",:1.47,:41%,:2.67,:48%,:1.00,:33%,:0%,:1.0,http://ufcstats.com/fighter-details/8d4d25fd9218860b
Nick Hein,14-5-0 (1 NC),"5' 6""",155 lbs.,"66""",Southpaw,"Apr 24, 1984",:2.65,:35%,:3.61,:59%,:0.86,:33%,:83%,:0.0,http://ufcstats.com/fighter-details/2816ced060a21be3
Mario Sperry,13-4-0,"6' 2""",205 lbs.,--,Orthodox,"Sep 28, 1966",:2.81,:52%,:1.53,:47%,:2.09,:42%,:71%,:1.4,http://ufcstats.com/fighter-details/5f2197acaba7d5ef
Zachary Borrego,3-1-0,"6' 2""",185 lbs.,"78""",Switch,"Jul 18, 1996",:0.00,:0%,:1.94,:33%,:0.00,:0%,:0%,:0.0,http://ufcstats.com/fighter-details/b8fdb2903a2582a8
Santiago Luna,7-0-0,"5' 9""",135 lbs.,"74""",Orthodox,"Aug 06, 2004",:5.36,:37%,:4.29,:50%,:0.00,:0%,:100%,:0.0,http://ufcstats.com/fighter-details/faf317c665546a36
Jean Matsumoto,17-1-0,"5' 6""",135 lbs.,"68""",Orthodox,"Sep 09, 1999",:5.43,:41%,:5.43,:48%,:2.14,:41%,:53%,:0.6,http://ufcstats.com/fighter-details/ffd3224638c01b57
Tafon Nchukwi,6-4-0,"6' 0""",185 lbs.,"77""",Orthodox,"Oct 14, 1994",:5.57,:52%,:4.11,:54%,:0.76,:57%,:64%,:0.0,http://ufcstats.com/fighter-details/6aae253467e8f9ce
Manuel Torres,16-3-0,"5' 10""",155 lbs.,"73""",Switch,"Mar 25, 1995",:7.87,:60%,:4.20,:52%,:2.00,:66%,:88%,:1.0,http://ufcstats.com/fighter-details/2e7878927067fdca
Brennan Ward,14-5-0,"5' 10""",170 lbs.,"71""",,"Jun 28, 1988",:7.20,:60%,:2.76,:52%,:0.00,:0%,:100%,:3.6,http://ufcstats.com/fighter-details/67cd6495280b0a57
Bruno Carvalho,10-5-0,"5' 8""",154 lbs.,--,,"Jun 07, 1982",:0.60,:45%,:0.93,:53%,:0.00,:0%,:66%,:4.0,http://ufcstats.com/fighter-details/456c02115efc4a01
Rodolfo Bellato,12-3-1 (1 NC),"6' 3""",205 lbs.,"75""",Orthodox,"Feb 05, 1996",:5.13,:59%,:5.86,:46%,:1.44,:35%,:94%,:0.2,http://ufcstats.com/fighter-details/69898645d600abdb
Marc Cofer,7-5-0,--,185 lbs.,--,,"Mar 03, 1972",:0.00,:0%,:0.00,:0%,:0.00,:0%,:0%,:0.0,http://ufcstats.com/fighter-details/e90d9d0681270953
Pat Curran,22-7-0,"5' 9""",145 lbs.,--,,"Aug 31, 1987",:4.70,:58%,:4.40,:63%,:2.50,:62%,:66%,:0.0,http://ufcstats.com/fighter-details/d8291d0dd63da29c
Evan Dunham,18-9-1,"5' 10""",155 lbs.,"70""",Southpaw,"Dec 18, 1981",:5.33,:39%,:3.54,:61%,:1.82,:33%,:79%,:1.0,http://ufcstats.com/fighter-details/e5c9de15bb58b1c6
Brandon Wolff,7-5-0,"5' 9""",170 lbs.,--,Orthodox,"Oct 18, 1975",:0.47,:33%,:10.91,:19%,:0.00,:0%,:0%,:0.0,http://ufcstats.com/fighter-details/aa79d5399571068e
Nathan Fletcher,9-3-0,"5' 7""",135 lbs.,"70""",Orthodox,"Jan 03, 1998",:3.41,:59%,:2.16,:57%,:3.37,:38%,:50%,:0.7,http://ufcstats.com/fighter-details/a2d342ffc83913ed
Al Matavao,8-3-0,"5' 8""",205 lbs.,"67""",Orthodox,"Feb 23, 1994",:7.84,:46%,:6.70,:58%,:0.00,:0%,:0%,:0.0,http://ufcstats.com/fighter-details/eec3fe66a8b11a26
Josh Samman,13-4-0,"6' 3""",185 lbs.,"79""",Orthodox,"Mar 14, 1988",:2.08,:52%,:2.47,:34%,:1.09,:33%,:33%,:0.4,http://ufcstats.com/fighter-details/9deff9e3e8d94d47
Brandon Sayles,5-1-0,"6' 5""",265 lbs.,--,,"Apr 23, 1981",:0.00,:0%,:0.00,:0%,:0.00,:0%,:0%,:0.0,http://ufcstats.com/fighter-details/72b7c071910990b1
Aliaskhab Khizriev,14-0-0 (1 NC),"5' 9""",185 lbs.,"74""",Southpaw,"Aug 24, 1990",:6.01,:64%,:4.38,:61%,:5.64,:60%,:100%,:3.8,http://ufcstats.com/fighter-details/7ab478c397cd68ef
John Moraga,19-7-0,"5' 6""",125 lbs.,"66""",Orthodox,"Mar 20, 1984",:2.57,:43%,:2.55,:56%,:0.62,:23%,:44%,:1.1,http://ufcstats.com/fighter-details/92437c6775b3f7d1
Shane Young,13-8-0,"5' 8""",145 lbs.,"72""",Orthodox,"Jul 31, 1993",:5.19,:40%,:5.46,:52%,:0.63,:18%,:64%,:0.0,http://ufcstats.com/fighter-details/4cd8b03aee1d0138
Jason Freeman,6-4-0 (1 NC),"6' 2""",225 lbs.,--,,"Sep 02, 1976",:0.00,:0%,:0.00,:0%,:0.00,:0%,:0%,:0.0,http://ufcstats.com/fighter-details/5870bd1eadf4f322
Lauren Mueller,5-3-0,"5' 5""",125 lbs.,"67""",Orthodox,"Nov 15, 1991",:4.08,:41%,:3.77,:58%,:0.70,:50%,:71%,:0.0,http://ufcstats.com/fighter-details/f923e012414c883e
Crafton Wallace,18-6-1,"6' 0""",185 lbs.,--,Orthodox,"Nov 10, 1975",:1.55,:44%,:2.36,:47%,:0.00,:0%,:42%,:0.0,http://ufcstats.com/fighter-details/bf41b5131545da12
Michael Trizano,11-3-0,"5' 11""",145 lbs.,"71""",Orthodox,"Dec 31, 1991",:3.63,:53%,:4.40,:50%,:0.36,:66%,:72%,:0.5,http://ufcstats.com/fighter-details/5bf31a46becc1204
Nick Catone,10-4-0,"6' 0""",185 lbs.,"72""",Southpaw,"Sep 01, 1981",:2.11,:44%,:2.32,:63%,:3.71,:44%,:83%,:0.5,http://ufcstats.com/fighter-details/f8fe2053d73d7bcf
Joshua Weems,11-3-0,"5' 8""",135 lbs.,"69""",Orthodox,"May 05, 1994",:5.25,:64%,:3.34,:61%,:4.77,:40%,:100%,:0.0,http://ufcstats.com/fighter-details/69888118d968ba52
Damien Brown,17-12-0,"5' 10""",155 lbs.,"68""",Orthodox,"Dec 25, 1984",:3.66,:38%,:4.86,:50%,:0.68,:27%,:53%,:0.7,http://ufcstats.com/fighter-details/d024ed963e8bf7ea
Greg Stott,0-1-0,"5' 7""",220 lbs.,--,Southpaw,--,:0.00,:0%,:0.00,:0%,:0.00,:0%,:0%,:0.0,http://ufcstats.com/fighter-details/91181b29be041f1c
Atsushi Yamamoto,19-11-3,"5' 6""",139 lbs.,--,Orthodox,"Oct 02, 1980",:1.97,:39%,:1.27,:70%,:1.12,:33%,:100%,:0.0,http://ufcstats.com/fighter-details/351264d11286d09a
Justin Wren,13-2-0,"6' 2""",265 lbs.,--,Orthodox,"Apr 27, 1987",:3.43,:35%,:2.07,:64%,:0.00,:0%,:100%,:0.0,http://ufcstats.com/fighter-details/e78f601035d677f2
Paul Sass,14-2-0,"6' 0""",155 lbs.,"73""",Orthodox,"Aug 04, 1988",:0.53,:26%,:1.90,:51%,:0.53,:16%,:33%,:7.4,http://ufcstats.com/fighter-details/7b143a54451263d9
Darrion Caldwell,10-1-0,"5' 10""",135 lbs.,--,,"Dec 19, 1987",:0.85,:34%,:0.57,:60%,:3.41,:66%,:100%,:0.8,http://ufcstats.com/fighter-details/b7dc25ee40ee8334
Mac Danzig,21-12-1,"5' 8""",155 lbs.,"70""",Orthodox,"Jan 02, 1980",:3.39,:48%,:3.44,:57%,:1.20,:37%,:46%,:0.6,http://ufcstats.com/fighter-details/86f582852a5b240a
Devonte Smith,11-4-0,"5' 9""",155 lbs.,"76""",Orthodox,"Jul 30, 1993",:4.55,:53%,:3.91,:49%,:0.35,:25%,:85%,:0.3,http://ufcstats.com/fighter-details/207773daeb4afa7b
Roman Salazar,10-6-0 (1 NC),"5' 7""",135 lbs.,--,Orthodox,"Feb 21, 1988",:1.95,:39%,:2.89,:57%,:1.77,:18%,:50%,:0.0,http://ufcstats.com/fighter-details/72c4b253d2f5ebf2
Humberto Bandenay,14-7-0 (1 NC),"5' 11""",145 lbs.,"71""",Southpaw,"Sep 04, 1994",:2.22,:41%,:4.79,:41%,:2.90,:46%,:62%,:0.5,http://ufcstats.com/fighter-details/2c2caf2f2bab9df5
Gleidson Cutis,7-4-0,"5' 9""",155 lbs.,--,Orthodox,"Feb 07, 1989",:2.99,:52%,:8.28,:59%,:0.00,:0%,:0%,:0.0,http://ufcstats.com/fighter-details/44a94bbde42246e4
Karlos Vemola,17-5-0,"6' 0""",185 lbs.,"75""",Orthodox,"Jul 03, 1985",:1.67,:44%,:2.13,:37%,:1.93,:25%,:31%,:1.7,http://ufcstats.com/fighter-details/d23ccf4a6c221284
Maimaitituoheti Keremuaili,26-11-0,"5' 6""",135 lbs.,"66""",Orthodox,"Mar 18, 1991",:1.47,:52%,:1.67,:37%,:1.00,:33%,:84%,:0.0,http://ufcstats.com/fighter-details/772022b989534f0d
Lisa Ellis,15-11-0,"5' 4""",115 lbs.,--,,"Nov 15, 1982",:1.68,:48%,:2.32,:57%,:4.19,:63%,:50%,:0.6,http://ufcstats.com/fighter-details/77350fd0e6d1dba8
Agulali,13-2-0,"5' 9""",125 lbs.,"67""",Switch,"Apr 07, 2005",:2.74,:60%,:2.19,:59%,:0.00,:0%,:100%,:0.0,http://ufcstats.com/fighter-details/b2efa582adf73604
Victor Dias,11-3-0,"5' 6""",125 lbs.,"69""",Orthodox,"Dec 26, 1990",:2.87,:44%,:5.80,:55%,:5.00,:41%,:0%,:0.0,http://ufcstats.com/fighter-details/f7202b3130421d27
Edgar Cardenas,4-1-0,--,145 lbs.,--,,--,:0.00,:0%,:0.00,:0%,:0.00,:0%,:0%,:0.0,http://ufcstats.com/fighter-details/99a86b134dccc166
Lucio Linhares,19-8-0,"6' 2""",185 lbs.,--,Orthodox,"Dec 08, 1973",:0.99,:22%,:3.47,:34%,:1.86,:50%,:50%,:1.9,http://ufcstats.com/fighter-details/a780d16cf7eed44d
Heather Clark,7-6-0,"5' 6""",115 lbs.,"64""",Orthodox,"Sep 19, 1980",:3.69,:49%,:5.62,:50%,:0.33,:4%,:80%,:0.3,http://ufcstats.com/fighter-details/dd4c16777fb2ccf9
Micol Di Segni,7-3-0,"5' 3""",115 lbs.,"60""",Orthodox,"Dec 29, 1987",:7.47,:40%,:5.87,:33%,:0.00,:0%,:37%,:0.0,http://ufcstats.com/fighter-details/8126e4dff0cdf69e
Pat Schilling,5-2-0,"5' 8""",145 lbs.,--,Orthodox,"Aug 28, 1988",:1.87,:26%,:8.24,:52%,:0.00,:0%,:0%,:0.0,http://ufcstats.com/fighter-details/de12bd65e2f46478
Sam Spengler,9-5-0,"5' 11""",185 lbs.,--,Orthodox,"Apr 04, 1976",:3.27,:62%,:3.27,:54%,:1.75,:11%,:75%,:1.8,http://ufcstats.com/fighter-details/221b2a3070c7ce3e
Patrick Williams,8-6-0,"5' 8""",135 lbs.,"73""",Orthodox,"Sep 07, 1981",:4.12,:51%,:4.12,:52%,:2.71,:41%,:100%,:0.5,http://ufcstats.com/fighter-details/39330403ad27c2bb
Jake Rosholt,12-5-0 (1 NC),"6' 1""",185 lbs.,--,Orthodox,"Feb 09, 1982",:2.68,:53%,:2.33,:49%,:6.51,:68%,:0%,:1.8,http://ufcstats.com/fighter-details/4f2fcbefb668689d
Igor Zinoviev,4-1-2,"6' 1""",199 lbs.,--,Orthodox,"May 23, 1966",:0.00,:0%,:0.00,:0%,:0.00,:0%,:0%,:0.0,http://ufcstats.com/fighter-details/108afe61a26bcbf4
Ion Cherdivara,1-1-0,--,205 lbs.,--,,--,:0.00,:0%,:0.00,:0%,:0.00,:0%,:0%,:0.0,http://ufcstats.com/fighter-details/c713a845360d604b
Robbie Ring,6-1-0,"5' 9""",145 lbs.,"68""",Orthodox,"Jul 14, 2000",:5.11,:38%,:9.15,:38%,:4.04,:33%,:0%,:0.0,http://ufcstats.com/fighter-details/fa9746fa5d23c202
Jose Palacios,3-2-0,"5' 9""",145 lbs.,--,Orthodox,"Nov 10, 1982",:2.67,:70%,:1.00,:79%,:0.00,:0%,:50%,:1.7,http://ufcstats.com/fighter-details/de20ffb3fc2e7629
Justin Hawes,6-9-0,"5' 11""",205 lbs.,--,,"Jan 13, 1979",:0.00,:0%,:3.41,:37%,:0.00,:0%,:0%,:0.0,http://ufcstats.com/fighter-details/5c7fc58e782b6842
Maheshate,10-5-0,"6' 0""",155 lbs.,"71""",Orthodox,"Dec 01, 1999",:3.96,:31%,:5.96,:51%,:0.00,:0%,:47%,:0.0,http://ufcstats.com/fighter-details/8c1ca54b5089d199
Ravena Oliveira,7-2-1,"5' 5""",115 lbs.,"65""",Orthodox,"Feb 20, 1997",:1.00,:48%,:1.20,:48%,:2.00,:66%,:62%,:0.0,http://ufcstats.com/fighter-details/4948e412fa6ab67d
Brendan Schaub,10-5-0,"6' 4""",245 lbs.,"78""",Orthodox,"Mar 18, 1983",:2.92,:37%,:2.22,:57%,:2.32,:46%,:72%,:0.4,http://ufcstats.com/fighter-details/89a407032911e27e
Devin Cole,20-10-1,"6' 4""",240 lbs.,--,Orthodox,"Oct 01, 1976",:3.50,:55%,:2.14,:48%,:2.18,:42%,:66%,:0.0,http://ufcstats.com/fighter-details/1174782eacde9b0c
Corey Hill,6-9-0,"6' 4""",155 lbs.,"80""",Orthodox,"Oct 03, 1978",:3.57,:46%,:1.61,:70%,:3.02,:80%,:100%,:0.0,http://ufcstats.com/fighter-details/abbc737317f66b81
Drew Dimanlig,3-4-0,--,185 lbs.,--,,--,:3.70,:73%,:3.17,:20%,:0.00,:0%,:0%,:0.0,http://ufcstats.com/fighter-details/cc2ad11b1f9d818b
Xavier Foupa-Pokam,32-22-0,"6' 1""",185 lbs.,--,Open Stance,"Jul 03, 1982",:1.47,:43%,:2.50,:49%,:0.00,:0%,:16%,:0.0,http://ufcstats.com/fighter-details/ec33146e43e58933
Frankie Edgar,23-11-1,"5' 6""",135 lbs.,"68""",Orthodox,"Oct 16, 1981",:3.77,:40%,:2.82,:65%,:2.29,:31%,:65%,:0.3,http://ufcstats.com/fighter-details/f2688492b9a525a3
Carlos Zevallos,3-4-0,"6' 0""",205 lbs.,--,Orthodox,"Sep 05, 1978",:4.36,:65%,:2.28,:68%,:0.00,:0%,:100%,:0.0,http://ufcstats.com/fighter-details/cbf69fa846c7e3ee
Alexander Sarnavskiy,35-6-0,"5' 11""",155 lbs.,--,,"Jan 17, 1989",:1.43,:66%,:2.06,:42%,:0.00,:0%,:75%,:0.0,http://ufcstats.com/fighter-details/2097b1a5ff47dfb0
Cortney Casey,10-10-0,"5' 7""",125 lbs.,"67""",Orthodox,"May 05, 1987",:4.29,:39%,:4.00,:55%,:0.39,:31%,:39%,:0.5,http://ufcstats.com/fighter-details/5f179af5fffeb9f6
Jennifer Maia,21-10-1,"5' 4""",125 lbs.,"64""",Orthodox,"Oct 06, 1988",:4.35,:38%,:4.52,:55%,:0.42,:27%,:58%,:0.1,http://ufcstats.com/fighter-details/8e1f36476ef02a6a
Pat Sabatini,20-5-0,"5' 8""",145 lbs.,"70""",Orthodox,"Nov 09, 1990",:1.87,:62%,:1.22,:49%,:3.98,:48%,:50%,:1.8,http://ufcstats.com/fighter-details/b8bbdeff718dbb7d
Allan Nascimento,21-6-0,"5' 8""",125 lbs.,"69""",Orthodox,"Sep 11, 1991",:2.64,:60%,:1.96,:50%,:1.42,:24%,:30%,:0.9,http://ufcstats.com/fighter-details/253076a23d03dcd0
Ivan Lopez,14-3-1,"5' 6""",135 lbs.,--,Southpaw,--,:0.90,:26%,:2.24,:65%,:0.00,:0%,:30%,:0.0,http://ufcstats.com/fighter-details/0db9d2486d564a3c
Stefan Leko,0-3-0,"6' 2""",215 lbs.,--,Orthodox,"Jun 03, 1974",:2.40,:43%,:6.17,:68%,:0.00,:0%,:0%,:0.0,http://ufcstats.com/fighter-details/d56bb6dff2ae77eb
Jose Alday,14-6-1,"5' 7""",135 lbs.,"68""",Orthodox,"Sep 14, 1991",:3.13,:44%,:3.13,:58%,:0.00,:0%,:57%,:0.0,http://ufcstats.com/fighter-details/7460ddef986d3144
Turrell Galloway,8-6-0,"5' 3""",145 lbs.,--,,"Aug 11, 1976",:0.00,:0%,:0.00,:0%,:0.00,:0%,:0%,:0.0,http://ufcstats.com/fighter-details/7e654edcddd71550
Max Rohskopf,5-1-0,"6' 1""",155 lbs.,"71""",Orthodox,"Sep 27, 1994",:1.70,:31%,:5.80,:42%,:3.00,:33%,:0%,:1.5,http://ufcstats.com/fighter-details/59a27d2e6d0802ac
Gabrielle Holloway,6-5-0,"5' 3""",145 lbs.,--,,"Apr 15, 1990",:0.70,:42%,:3.07,:34%,:3.00,:35%,:16%,:1.0,http://ufcstats.com/fighter-details/e30715382f42b772
Francisco Trinaldo,28-9-0,"5' 9""",170 lbs.,"70""",Southpaw,"Aug 24, 1978",:3.13,:45%,:2.67,:60%,:0.98,:42%,:60%,:0.5,http://ufcstats.com/fighter-details/a8283a4f415e1eb9
Mark Climaco,9-2-0,"5' 4""",125 lbs.,"65""",Southpaw,"Nov 06, 1997",:4.13,:59%,:2.90,:57%,:3.50,:36%,:46%,:0.0,http://ufcstats.com/fighter-details/60098849c703e389
Ali AlQaisi,8-5-0,"5' 6""",135 lbs.,"68""",Orthodox,"Sep 23, 1990",:2.43,:42%,:1.97,:56%,:3.50,:29%,:60%,:1.0,http://ufcstats.com/fighter-details/e87a13e02c01331d
Reinier de Ridder,21-2-0,"6' 4""",185 lbs.,"78""",Southpaw,"Sep 07, 1990",:2.95,:52%,:2.44,:50%,:2.86,:27%,:66%,:0.6,http://ufcstats.com/fighter-details/d549cefc7c54ab78
Kazuma Maruyama,11-7-0,"5' 11""",155 lbs.,"72""",Orthodox,"Jul 19, 1992",:3.83,:41%,:2.23,:53%,:4.79,:33%,:100%,:0.0,http://ufcstats.com/fighter-details/aa1a873d05acc7eb
Claudio Silva,14-4-0,"5' 11""",170 lbs.,"71""",Southpaw,"Sep 06, 1982",:2.48,:42%,:3.00,:46%,:2.85,:26%,:44%,:1.1,http://ufcstats.com/fighter-details/6f7c616b98e18c29
Richard Jacobi,6-1-1,"6' 4""",260 lbs.,"75""",Orthodox,"Sep 28, 1993",:0.88,:44%,:3.94,:51%,:3.28,:100%,:100%,:0.0,http://ufcstats.com/fighter-details/46f557bd44da630e
Tom Sauer,25-12-0,"6' 1""",263 lbs.,--,,"Nov 11, 1970",:0.00,:0%,:0.00,:0%,:0.00,:0%,:0%,:0.0,http://ufcstats.com/fighter-details/36ab6af06e312b41
Joey Armstrong,5-2-0,--,--,--,,--,:0.00,:0%,:0.00,:0%,:0.00,:0%,:0%,:0.0,http://ufcstats.com/fighter-details/30ad2050273d016a
Ryan LaFlare,14-3-0,"6' 1""",170 lbs.,"74""",Southpaw,"Oct 01, 1983",:2.89,:40%,:1.86,:63%,:2.13,:44%,:58%,:0.2,http://ufcstats.com/fighter-details/4c7781da8c6cae93
Ramazan Kuramagomedov,8-0-0,"6' 1""",170 lbs.,"73""",Orthodox,"Aug 23, 1996",:11.67,:67%,:9.13,:54%,:1.00,:14%,:0%,:0.0,http://ufcstats.com/fighter-details/b6a73e6f11a8835c
Pearl Gonzalez,6-3-0,"5' 4""",115 lbs.,--,Orthodox,"Aug 12, 1986",:2.23,:37%,:4.07,:57%,:1.04,:11%,:0%,:0.5,http://ufcstats.com/fighter-details/1ebdcb7488d0ebee
Justin Ledet,9-4-0 (1 NC),"6' 4""",205 lbs.,"80""",Orthodox,"Sep 28, 1988",:3.35,:39%,:4.82,:49%,:0.23,:50%,:42%,:0.2,http://ufcstats.com/fighter-details/ba1e6cb3d43f7430
Kerry Vera,2-0-0,"5' 7""",135 lbs.,--,Orthodox,--,:0.00,:0%,:0.00,:0%,:0.00,:0%,:0%,:0.0,http://ufcstats.com/fighter-details/df0a1c1e11ad199b
Magomed Ankalaev,21-2-1 (1 NC),"6' 3""",205 lbs.,"75""",Orthodox,"Jun 02, 1992",:3.65,:52%,:2.59,:56%,:0.79,:22%,:87%,:0.0,http://ufcstats.com/fighter-details/d802174b0c0c1f4e
Tim Means,33-17-1 (1 NC),"6' 2""",170 lbs.,"75""",Orthodox,"Feb 20, 1984",:5.04,:49%,:3.65,:60%,:1.14,:40%,:64%,:0.2,http://ufcstats.com/fighter-details/4b47e71384a9522f
Bao Quach,19-10-1,"5' 3""",145 lbs.,--,Orthodox,"Sep 04, 1979",:0.00,:0%,:0.00,:0%,:0.00,:0%,:0%,:0.0,http://ufcstats.com/fighter-details/d365ee924f5cc3fc
Marvin Maldonado,2-4-0 (1 NC),"5' 6""",135 lbs.,--,,--,:0.87,:56%,:3.47,:43%,:0.00,:0%,:20%,:0.0,http://ufcstats.com/fighter-details/e5ce754b01f922be
Lukasz Sajewski,13-3-0,"5' 8""",155 lbs.,"71""",Orthodox,"Nov 27, 1990",:2.06,:35%,:3.88,:57%,:1.01,:25%,:66%,:0.0,http://ufcstats.com/fighter-details/fb41432b622992a9
Everett Cummings,12-0-0,--,205 lbs.,--,,--,:0.43,:60%,:4.34,:45%,:0.00,:0%,:0%,:2.2,http://ufcstats.com/fighter-details/05e4be525cb3578c
Magomed Zaynukov,8-0-0,"5' 10""",155 lbs.,"68""",Orthodox,"Jan 02, 1995",:15.67,:60%,:4.80,:58%,:2.00,:100%,:0%,:0.0,http://ufcstats.com/fighter-details/04ff3a711504d6b3
Ben Sosoli,7-3-0 (2 NC),"6' 0""",265 lbs.,"72""",Southpaw,"Dec 10, 1989",:2.31,:31%,:4.30,:47%,:0.00,:0%,:0%,:0.0,http://ufcstats.com/fighter-details/326f94d6cfb1bf25
Hilarie Rose,4-2-0,"5' 3""",115 lbs.,"63""",Orthodox,"Nov 11, 1992",:2.33,:33%,:6.13,:44%,:0.00,:0%,:100%,:0.0,http://ufcstats.com/fighter-details/b9163ec845c3bfc8
Shawn Jordan,19-8-0,"6' 0""",260 lbs.,"75""",Southpaw,"Oct 21, 1984",:2.87,:50%,:3.30,:47%,:1.97,:38%,:76%,:0.1,http://ufcstats.com/fighter-details/ca2efc9d7d523c43
Daniel Acacio,30-18-0,"5' 8""",180 lbs.,--,Orthodox,"Dec 27, 1977",:3.52,:36%,:2.85,:62%,:0.33,:20%,:81%,:0.0,http://ufcstats.com/fighter-details/1c5879330d42255f
Salvador Becerra,5-2-0,"5' 9""",155 lbs.,--,,--,:4.57,:31%,:3.83,:58%,:0.00,:0%,:66%,:0.0,http://ufcstats.com/fighter-details/4fd76e7ba8313457
Mickey Gall,7-7-0,"6' 2""",170 lbs.,"74""",Switch,"Jan 22, 1992",:3.50,:49%,:4.72,:49%,:1.15,:32%,:37%,:1.6,http://ufcstats.com/fighter-details/9e50097a89442158
So Yul Kim,8-1-0,--,115 lbs.,--,,"May 25, 1997",:0.00,:0%,:0.00,:0%,:0.00,:0%,:0%,:0.0,http://ufcstats.com/fighter-details/864c07a7ff90caae
Alex Da Silva,21-4-0,"5' 8""",155 lbs.,"73""",Orthodox,"Feb 04, 1996",:2.14,:46%,:2.52,:56%,:1.97,:43%,:76%,:0.3,http://ufcstats.com/fighter-details/c3ded6f7155f9ea4
Clayton MacFarlane,4-1-0,--,170 lbs.,--,,--,:1.33,:52%,:1.82,:55%,:1.05,:33%,:37%,:0.0,http://ufcstats.com/fighter-details/39831e62d12e7ad1
Trevor Prangley,34-11-2,"6' 1""",185 lbs.,"75""",Orthodox,"Aug 24, 1972",:2.59,:60%,:2.02,:48%,:3.38,:55%,:74%,:1.0,http://ufcstats.com/fighter-details/f5ff7bcdcfeba3ad
Levi Avera,18-15-0,"6' 1""",170 lbs.,--,,"May 17, 1982",:0.00,:0%,:0.00,:0%,:0.00,:0%,:0%,:0.0,http://ufcstats.com/fighter-details/ba5c6eeb8ef45f5c
Josh Hokit,6-0-0,"6' 1""",238 lbs.,"73""",Orthodox,"Nov 12, 1997",:4.43,:77%,:1.15,:56%,:14.75,:46%,:0%,:0.0,http://ufcstats.com/fighter-details/955da1675ad58a50
Sione Latu,1-0-0,"6' 0""",215 lbs.,--,,--,:0.00,:0%,:0.00,:0%,:0.00,:0%,:0%,:0.0,http://ufcstats.com/fighter-details/5898357a45a73674
Levi Alford,1-7-0,--,--,--,,--,:0.00,:0%,:0.00,:0%,:0.00,:0%,:0%,:0.0,http://ufcstats.com/fighter-details/41b34b7f11f6d085
Garrett Gross,11-7-0,"5' 9""",155 lbs.,--,Orthodox,"Aug 08, 1988",:2.39,:45%,:1.67,:46%,:0.00,:0%,:52%,:0.0,http://ufcstats.com/fighter-details/6741218640534d8b
Mike Ricci,11-5-0,"6' 0""",155 lbs.,"76""",Southpaw,"Mar 18, 1986",:1.80,:32%,:1.64,:65%,:0.67,:100%,:54%,:0.0,http://ufcstats.com/fighter-details/3c921b1a30fdcbdd
Michael Johnson,25-19-0,"5' 10""",155 lbs.,"73""",Southpaw,"Jun 04, 1986",:4.28,:39%,:3.79,:58%,:0.58,:38%,:81%,:0.0,http://ufcstats.com/fighter-details/511e82663651438d
Lissette Neri,6-4-0,"5' 2""",145 lbs.,--,,"Aug 05, 1987",:0.00,:0%,:0.00,:0%,:0.00,:0%,:0%,:0.0,http://ufcstats.com/fighter-details/f4db63258ecf0613
Marcelo Golm,6-3-0,"6' 3""",249 lbs.,"75""",Orthodox,"Sep 15, 1992",:4.27,:58%,:4.30,:45%,:0.45,:50%,:87%,:0.5,http://ufcstats.com/fighter-details/ac29d508d78384c9
Bruno Silva,14-7-2 (1 NC),"5' 4""",125 lbs.,"65""",Orthodox,"Mar 16, 1990",:3.83,:49%,:4.81,:50%,:1.79,:23%,:60%,:0.2,http://ufcstats.com/fighter-details/294aa73dbf37d281
Rafael  Del Real,6-20-0,"5' 11""",225 lbs.,--,,--,:5.58,:40%,:0.00,:0%,:20.93,:100%,:100%,:0.0,http://ufcstats.com/fighter-details/e82b2adcaeff71ec
Bruno Assis,8-4-0,"6' 2""",185 lbs.,--,Orthodox,"May 23, 1992",:1.27,:43%,:3.20,:36%,:2.00,:50%,:66%,:1.0,http://ufcstats.com/fighter-details/ff222167cce02919
Allen Frye Jr.,6-0-0,--,265 lbs.,--,,"Apr 15, 1998",:0.00,:0%,:0.00,:0%,:0.00,:0%,:0%,:0.0,http://ufcstats.com/fighter-details/73a78713bd899f4c
Leslie Hernandez,4-2-0,"5' 3""",115 lbs.,"64""",Orthodox,"Dec 29, 1997",:3.60,:58%,:2.53,:55%,:0.00,:0%,:54%,:0.0,http://ufcstats.com/fighter-details/fc8610cc15674ae2
Jackie Lee,0-1-0,--,--,--,,--,:0.00,:0%,:0.00,:0%,:0.00,:0%,:0%,:0.0,http://ufcstats.com/fighter-details/4985113c0928aa62
Gian Siqueira,19-5-0,"6' 1""",170 lbs.,"74""",Orthodox,"Jun 23, 1994",:0.80,:100%,:3.41,:19%,:0.00,:0%,:0%,:0.0,http://ufcstats.com/fighter-details/a46fdda658fee832
Tina Lahdemaki,5-1-0,"5' 2""",115 lbs.,--,Orthodox,"May 28, 1988",:1.93,:20%,:4.67,:57%,:0.00,:0%,:16%,:0.0,http://ufcstats.com/fighter-details/e5ca2bc2451a5956
Kleydson Rodrigues,8-4-0,"5' 5""",135 lbs.,"67""",Orthodox,"Oct 22, 1995",:4.58,:57%,:2.29,:53%,:0.60,:22%,:53%,:0.6,http://ufcstats.com/fighter-details/102a8fdf8cbf7467
HanSeul Kim,13-6-0,"6' 1""",170 lbs.,"73""",Southpaw,"Jun 19, 1990",:5.79,:42%,:5.68,:52%,:0.00,:0%,:50%,:1.7,http://ufcstats.com/fighter-details/2bc47c7cc6c05bd7
Mick Parkin,10-1-0,"6' 4""",265 lbs.,"79""",Orthodox,"Oct 02, 1995",:4.70,:50%,:4.13,:58%,:1.38,:46%,:50%,:0.2,http://ufcstats.com/fighter-details/0d5cc0170c1a7e71
Landon Quinones,7-3-1,"5' 9""",155 lbs.,"70""",Southpaw,"Nov 21, 1995",:6.77,:40%,:7.70,:55%,:0.50,:33%,:100%,:0.0,http://ufcstats.com/fighter-details/267f4a6568abe245
Wuziazibieke Jiahefu,29-12-1,"5' 9""",145 lbs.,"70""",Orthodox,"Apr 09, 1990",:0.41,:50%,:2.84,:41%,:6.08,:50%,:0%,:0.0,http://ufcstats.com/fighter-details/2d077e22886298be
OJ Dominguez,0-1-0,--,--,--,,--,:0.00,:0%,:0.00,:0%,:0.00,:0%,:0%,:0.0,http://ufcstats.com/fighter-details/1a50e734bb54861a
Carls John De Tomas,6-2-0,"5' 5""",125 lbs.,"71""",Southpaw,"Aug 28, 1996",:1.74,:37%,:3.93,:44%,:1.37,:33%,:66%,:0.0,http://ufcstats.com/fighter-details/2a4200ead401a9ce
Ryan Parker,0-1-0,"6' 3""",235 lbs.,--,Southpaw,--,:0.00,:0%,:0.00,:0%,:0.00,:0%,:0%,:0.0,http://ufcstats.com/fighter-details/6a0b80a24f22e152
Kaushik Saikumar,5-1-0,"5' 10""",135 lbs.,"71""",Orthodox,"Dec 11, 1997",:0.81,:28%,:5.35,:41%,:0.00,:0%,:33%,:1.2,http://ufcstats.com/fighter-details/6a6c4709ebc5499a
Joe Pearson,45-30-1,"5' 10""",145 lbs.,--,Orthodox,"Mar 28, 1978",:0.59,:18%,:3.51,:33%,:0.00,:0%,:0%,:4.4,http://ufcstats.com/fighter-details/122806b56775a53a
Mike Bourke,10-16-1 (1 NC),"6' 0""",275 lbs.,--,Orthodox,"Nov 25, 1968",:0.00,:0%,:0.00,:0%,:0.00,:0%,:0%,:0.0,http://ufcstats.com/fighter-details/dfdd0c5dd0d4bc23
Chris Wilson,18-10-0 (1 NC),"6' 1""",170 lbs.,"75""",Orthodox,"Jun 07, 1977",:2.32,:50%,:1.36,:55%,:1.31,:50%,:60%,:1.6,http://ufcstats.com/fighter-details/a56607a451e4c70d
Ivana Petrovic,7-3-0,"5' 8""",125 lbs.,"70""",Southpaw,"Jun 11, 1994",:1.91,:41%,:2.05,:56%,:2.12,:38%,:61%,:0.8,http://ufcstats.com/fighter-details/38c5817ade8a8014
Waylon Lowe,16-7-0 (2 NC),"5' 7""",145 lbs.,--,Southpaw,"Oct 31, 1980",:1.88,:55%,:2.40,:53%,:4.47,:55%,:83%,:0.3,http://ufcstats.com/fighter-details/28f62d866c59c709
Alex Caceres,21-15-0 (1 NC),"5' 10""",145 lbs.,"73""",Southpaw,"Jun 20, 1988",:4.21,:49%,:3.09,:62%,:0.54,:68%,:64%,:0.7,http://ufcstats.com/fighter-details/7aa3d6964eff4877
Andre Amado,6-4-1,"6' 0""",154 lbs.,--,Orthodox,"Oct 09, 1983",:2.27,:24%,:5.91,:63%,:0.00,:0%,:20%,:0.0,http://ufcstats.com/fighter-details/20821819c401ced8
Abdul-Kerim Edilov,17-4-0,"6' 2""",205 lbs.,--,Orthodox,"Nov 25, 1991",:10.22,:61%,:0.13,:92%,:3.98,:100%,:0%,:2.0,http://ufcstats.com/fighter-details/37e03538c960bac6
Adam Fugitt,10-5-0,"6' 1""",170 lbs.,"77""",Southpaw,"Jan 12, 1989",:4.59,:46%,:4.54,:51%,:1.83,:25%,:50%,:0.0,http://ufcstats.com/fighter-details/a01a62132460a98d
AJ Matthews,8-7-0,"5' 11""",185 lbs.,--,,"Jan 23, 1988",:5.11,:52%,:4.96,:51%,:0.00,:0%,:100%,:0.0,http://ufcstats.com/fighter-details/18e4f61f16f458c6
Harry Hunsucker,7-6-0,"6' 2""",205 lbs.,"75""",Orthodox,"Jan 03, 1989",:3.54,:52%,:6.53,:42%,:0.00,:0%,:0%,:2.0,http://ufcstats.com/fighter-details/f703250471acaf96
Tomomi Iwama,9-6-2,"5' 3""",155 lbs.,--,Orthodox,"Feb 07, 1977",:1.00,:20%,:3.00,:70%,:0.00,:0%,:0%,:0.0,http://ufcstats.com/fighter-details/ac5f67109accb482
Ty Miller,6-0-0 (1 NC),"6' 2""",170 lbs.,"77""",Orthodox,"Jun 04, 2000",:5.60,:34%,:3.80,:70%,:0.00,:0%,:50%,:0.0,http://ufcstats.com/fighter-details/0859524157a19045
Nora Cornolle,9-3-0,"5' 7""",135 lbs.,"67""",Orthodox,"Dec 06, 1989",:2.75,:54%,:1.98,:58%,:0.25,:11%,:47%,:0.2,http://ufcstats.com/fighter-details/f2b3f4ef3f780168
Luiz Cane,17-7-0 (1 NC),"6' 2""",185 lbs.,"77""",Southpaw,"Apr 24, 1981",:4.79,:41%,:5.00,:60%,:0.56,:28%,:100%,:0.3,http://ufcstats.com/fighter-details/24b033b3daf1c9df
Jin Oh Kim,0-4-0,"5' 9""",205 lbs.,--,Orthodox,"Dec 12, 1979",:5.06,:25%,:8.43,:50%,:0.00,:0%,:66%,:0.0,http://ufcstats.com/fighter-details/8d04923f2db59b7f
Lisa Kyriacou,7-2-0,"5' 5""",125 lbs.,"64""",Orthodox,"Nov 17, 1993",:4.67,:41%,:4.40,:47%,:0.00,:0%,:33%,:0.0,http://ufcstats.com/fighter-details/edbc609a3b0d2aba
Nobuhiko Takada,2-6-2,"6' 0""",220 lbs.,--,Southpaw,"Apr 12, 1962",:0.31,:24%,:1.92,:39%,:1.15,:20%,:0%,:0.0,http://ufcstats.com/fighter-details/a25b71fe5e31fa97
Max Gimenis,6-1-0,--,265 lbs.,--,,"Apr 14, 1983",:0.00,:0%,:0.00,:0%,:0.00,:0%,:0%,:0.0,http://ufcstats.com/fighter-details/6a311920edd73c85
Evan Elder,10-2-0,"5' 10""",155 lbs.,"72""",Switch,"Apr 11, 1997",:5.66,:50%,:4.94,:57%,:0.48,:15%,:40%,:0.5,http://ufcstats.com/fighter-details/d9a56ecb6e94f02e
Eduardo Torres Caut,16-2-0,"5' 7""",135 lbs.,"70""",Orthodox,"Apr 26, 1995",:1.10,:34%,:1.24,:65%,:2.06,:33%,:50%,:0.0,http://ufcstats.com/fighter-details/c8d46028907bcece
Vince Cachero,7-4-0,"5' 6""",145 lbs.,"68""",Orthodox,"Nov 07, 1989",:3.29,:45%,:6.51,:43%,:0.00,:0%,:18%,:0.5,http://ufcstats.com/fighter-details/ed2a8cc402173781
Justin Lawrence,10-4-0,"5' 8""",145 lbs.,"67""",Orthodox,"May 15, 1990",:3.84,:35%,:2.83,:67%,:0.72,:28%,:73%,:0.0,http://ufcstats.com/fighter-details/879f6cae48d25baa
Ketlen Souza,15-6-0,"5' 3""",115 lbs.,"63""",Orthodox,"Aug 18, 1994",:4.56,:57%,:4.40,:53%,:0.30,:14%,:50%,:0.3,http://ufcstats.com/fighter-details/8bd4200561c77a62
Eddie Yagin,16-7-1,"5' 7""",145 lbs.,--,Orthodox,"Mar 23, 1979",:3.13,:30%,:5.77,:42%,:0.00,:0%,:62%,:1.0,http://ufcstats.com/fighter-details/cc84b68f862b466f
Albert Morales,7-4-1,"5' 9""",135 lbs.,"72""",Orthodox,"May 25, 1991",:3.81,:35%,:3.96,:56%,:0.91,:35%,:70%,:0.2,http://ufcstats.com/fighter-details/544d7460b3e44393
Nick Pica,5-1-0,"5' 10""",185 lbs.,--,,--,:0.00,:0%,:0.00,:0%,:0.00,:0%,:0%,:0.0,http://ufcstats.com/fighter-details/7922e8269adcc25a
Sarah Alpar,9-6-0,"5' 4""",135 lbs.,"63""",Southpaw,"Jun 01, 1991",:2.36,:44%,:6.06,:38%,:1.61,:26%,:20%,:0.4,http://ufcstats.com/fighter-details/49b130de1da2e1bf
Misha Cirkunov,15-9-0,"6' 3""",205 lbs.,"77""",Orthodox,"Feb 27, 1987",:3.86,:51%,:3.06,:57%,:4.15,:39%,:76%,:1.7,http://ufcstats.com/fighter-details/67f272324a030d00
Ryan Larson,6-2-0,--,170 lbs.,--,,"Dec 30, 1980",:0.00,:0%,:0.00,:0%,:0.00,:0%,:0%,:0.0,http://ufcstats.com/fighter-details/7107e53ebd7435fb
Cesar Marscucci,3-2-0,--,--,--,,--,:0.00,:0%,:0.00,:0%,:0.00,:0%,:0%,:0.0,http://ufcstats.com/fighter-details/e8efeb9cf33b1941
John Richard,3-5-1,--,205 lbs.,--,,"May 22, 1982",:0.00,:0%,:0.00,:0%,:0.00,:0%,:0%,:0.0,http://ufcstats.com/fighter-details/b3e5a460b6851080
John Gunderson,35-16-2,"5' 9""",155 lbs.,"69""",Orthodox,"Jan 05, 1979",:1.04,:27%,:1.71,:58%,:1.67,:33%,:11%,:2.0,http://ufcstats.com/fighter-details/a0c139b34f11421a
Ian Machado Garry,16-1-0,"6' 3""",170 lbs.,"74""",Orthodox,"Nov 17, 1997",:4.77,:54%,:2.77,:51%,:1.02,:33%,:73%,:0.4,http://ufcstats.com/fighter-details/442c9011034ae1fd
John Donaldson,2-2-0,"5' 8""",145 lbs.,--,,"Jul 09, 1992",:1.21,:23%,:4.22,:51%,:0.00,:0%,:0%,:0.0,http://ufcstats.com/fighter-details/1c610f900f9884ab
Andre Roberts,14-2-1,"6' 2""",345 lbs.,--,Orthodox,"Feb 24, 1965",:0.00,:0%,:0.00,:0%,:0.00,:0%,:0%,:0.0,http://ufcstats.com/fighter-details/a54a35a670d8e852
Steve Kozola,8-0-0,--,155 lbs.,--,,--,:3.90,:39%,:4.36,:50%,:2.34,:100%,:100%,:0.0,http://ufcstats.com/fighter-details/fc36e2352dccf2a4
Marcos Rogerio de Lima,22-10-1,"6' 1""",253 lbs.,"75""",Orthodox,"Jun 25, 1985",:3.70,:57%,:2.90,:51%,:1.40,:45%,:59%,:0.5,http://ufcstats.com/fighter-details/ab943cd2c3c17825
Maria Silva,8-1-0,"5' 3""",115 lbs.,"64""",Orthodox,"Dec 19, 1995",:3.00,:57%,:1.13,:62%,:2.00,:100%,:55%,:0.5,http://ufcstats.com/fighter-details/4408865b4e65e374
Ricky Palacios,10-1-0,"5' 6""",145 lbs.,--,Orthodox,"Jul 05, 1987",:7.73,:53%,:3.27,:59%,:0.00,:0%,:100%,:0.0,http://ufcstats.com/fighter-details/797ddccda75f169f
Alex Gilpin,11-1-0,"5' 7""",145 lbs.,--,Orthodox,"Mar 26, 1992",:6.80,:54%,:12.29,:42%,:2.17,:25%,:0%,:2.2,http://ufcstats.com/fighter-details/762c69860eef65d8
Mirsad Bektic,13-4-0,"5' 8""",145 lbs.,"70""",Orthodox,"Feb 16, 1991",:2.43,:41%,:1.80,:57%,:3.98,:52%,:92%,:0.4,http://ufcstats.com/fighter-details/cbd3e590a85b18c5
Brad Pickett,25-14-0,"5' 6""",135 lbs.,"68""",Orthodox,"Sep 24, 1978",:3.02,:31%,:4.63,:55%,:2.47,:44%,:58%,:0.4,http://ufcstats.com/fighter-details/c945adc22c2bfe8f
Josh Emmett,19-6-0,"5' 6""",145 lbs.,"70""",Orthodox,"Mar 04, 1985",:3.72,:35%,:4.43,:60%,:1.08,:37%,:43%,:0.1,http://ufcstats.com/fighter-details/fba03cd6cc28dc41
Hong Man Choi,4-5-0,"7' 2""",330 lbs.,--,Orthodox,"Oct 30, 1980",:1.32,:26%,:1.46,:36%,:0.71,:100%,:84%,:0.0,http://ufcstats.com/fighter-details/2c104b7e59a72629
Jaqueline Amorim,10-1-0,"5' 3""",115 lbs.,"68""",Orthodox,"Jun 24, 1995",:2.68,:53%,:1.43,:64%,:2.22,:37%,:0%,:4.8,http://ufcstats.com/fighter-details/bc7d1ad49fcb2d08
Wes Shivers,7-1-0,"6' 8""",--,--,,"Mar 08, 1977",:0.00,:0%,:0.00,:0%,:0.00,:0%,:0%,:0.0,http://ufcstats.com/fighter-details/ad863b0d57952c57
Alex Andrade,10-5-0,"5' 11""",200 lbs.,--,Orthodox,"May 14, 1974",:0.20,:36%,:2.60,:53%,:0.00,:0%,:25%,:0.8,http://ufcstats.com/fighter-details/1562b12763cc8d67
Brock Jardine,12-6-0,"5' 11""",170 lbs.,--,Orthodox,"Jul 10, 1985",:1.06,:30%,:3.34,:56%,:0.00,:0%,:14%,:0.8,http://ufcstats.com/fighter-details/64959f90b6dd9759
Kaan Ofli,12-4-1,"5' 7""",145 lbs.,"66""",Orthodox,"Jun 19, 1993",:2.00,:45%,:2.93,:60%,:0.00,:0%,:0%,:0.0,http://ufcstats.com/fighter-details/7facc9c45d792985
Alejandro Perez,23-9-1,"5' 6""",135 lbs.,"67""",Orthodox,"Sep 02, 1989",:3.45,:35%,:3.18,:61%,:0.54,:22%,:70%,:0.3,http://ufcstats.com/fighter-details/80daefbed11ce998
Tokimitsu Ishizawa,1-5-1,"6' 0""",185 lbs.,--,Orthodox,"Aug 05, 1968",:1.34,:30%,:2.99,:59%,:2.74,:18%,:0%,:0.0,http://ufcstats.com/fighter-details/f3155a94ca420126
Rafael Fiziev,13-4-0,"5' 8""",155 lbs.,"71""",Switch,"Mar 05, 1993",:4.77,:52%,:4.77,:50%,:0.89,:72%,:90%,:0.0,http://ufcstats.com/fighter-details/c814b4c899793af6
Aaron Riley,30-14-1,"5' 8""",155 lbs.,"69""",Southpaw,"Dec 09, 1980",:3.45,:34%,:3.78,:61%,:1.18,:34%,:60%,:0.1,http://ufcstats.com/fighter-details/f2c8ebbeafd45f2b
Rodrigo Damm,13-9-0,"5' 7""",155 lbs.,"71""",Orthodox,"Feb 03, 1980",:3.50,:36%,:5.61,:57%,:0.44,:16%,:80%,:0.3,http://ufcstats.com/fighter-details/a20d7dfaba74c067
Joe Martin,6-8-0,"5' 9""",170 lbs.,--,,--,:0.73,:40%,:2.40,:45%,:0.00,:0%,:16%,:0.0,http://ufcstats.com/fighter-details/325550dab63fb25a
Serhiy Sidey,12-2-0,"5' 11""",135 lbs.,"72""",Switch,"Jul 04, 1996",:4.49,:39%,:4.26,:54%,:1.58,:25%,:20%,:1.3,http://ufcstats.com/fighter-details/1a2bf44edb8055b6
Sofia Montenegro,6-2-0,"5' 6""",125 lbs.,"67""",Orthodox,"Jun 18, 1999",:4.27,:40%,:5.67,:48%,:1.00,:25%,:100%,:0.0,http://ufcstats.com/fighter-details/8b1b051038354655
Benji Radach,21-7-0 (1 NC),"5' 10""",185 lbs.,--,Orthodox,"Apr 05, 1979",:2.62,:49%,:2.31,:51%,:1.06,:41%,:71%,:0.4,http://ufcstats.com/fighter-details/01b39decaf0abf6a
Kaleo Kwan,11-16-0,"5' 7""",155 lbs.,--,,"Aug 01, 1970",:0.00,:0%,:0.00,:0%,:0.00,:0%,:0%,:0.0,http://ufcstats.com/fighter-details/2545c7f47a65bca3
Zach Light,9-11-0,"5' 8""",170 lbs.,--,Orthodox,"Feb 06, 1974",:0.81,:33%,:1.90,:48%,:1.36,:100%,:0%,:0.0,http://ufcstats.com/fighter-details/5d7c18191b8aa432
Rolando Bedoya,14-5-0,"5' 11""",155 lbs.,"74""",Orthodox,"Jan 13, 1997",:6.23,:47%,:5.50,:52%,:0.00,:0%,:75%,:0.2,http://ufcstats.com/fighter-details/40a456a25d52ee65
Koyomi Matsushima,13-6-0,"5' 7""",145 lbs.,"66""",Orthodox,"Oct 08, 1992",:2.70,:47%,:2.83,:59%,:9.00,:52%,:33%,:0.0,http://ufcstats.com/fighter-details/5ad226da6c74a48e
Greg Nagy,1-3-0,"6' 1""",210 lbs.,--,Orthodox,"Oct 18, 1983",:0.41,:50%,:2.69,:37%,:0.00,:0%,:0%,:1.2,http://ufcstats.com/fighter-details/342422bb6ced1e8d
Emily Kagan,3-3-0,"5' 3""",115 lbs.,--,,"Jul 14, 1981",:2.60,:36%,:5.29,:38%,:1.86,:14%,:50%,:0.0,http://ufcstats.com/fighter-details/c1ea9d56cd953586
David Levicki,1-3-0,"6' 5""",275 lbs.,--,,--,:0.00,:0%,:0.00,:0%,:0.00,:0%,:0%,:0.0,http://ufcstats.com/fighter-details/49590e0508b2c19f
Sergio Gomez,10-3-0,"5' 6""",155 lbs.,--,Orthodox,"Apr 29, 1982",:1.50,:42%,:1.16,:56%,:2.57,:66%,:31%,:0.0,http://ufcstats.com/fighter-details/af1e5c64b8663aa0
Clay Collard,14-7-0 (1 NC),"5' 11""",145 lbs.,"73""",Orthodox,"Mar 10, 1993",:4.22,:32%,:5.00,:50%,:2.81,:39%,:71%,:0.5,http://ufcstats.com/fighter-details/cc900c6a71ed23f3
Mehdi Baghdad,11-5-0,"6' 1""",155 lbs.,--,Orthodox,"Apr 13, 1985",:3.13,:30%,:4.56,:46%,:0.00,:0%,:33%,:0.0,http://ufcstats.com/fighter-details/e4d2564ea0e34e2b
Gilbert Melendez,22-8-0,"5' 9""",145 lbs.,"73""",Orthodox,"Apr 12, 1982",:3.44,:33%,:2.53,:63%,:1.64,:41%,:71%,:0.2,http://ufcstats.com/fighter-details/aa5b4eff51bdc7d1
Solomon Hutcherson,11-7-0 (1 NC),"5' 11""",185 lbs.,--,Southpaw,"Aug 31, 1972",:2.59,:39%,:2.59,:64%,:3.53,:100%,:0%,:0.0,http://ufcstats.com/fighter-details/155bfc7ed36622df
Dennis Siver,23-11-0 (1 NC),"5' 6""",145 lbs.,"70""",Orthodox,"Jan 13, 1979",:3.87,:32%,:2.67,:65%,:0.87,:32%,:65%,:0.3,http://ufcstats.com/fighter-details/5f87a5c00b3d17ed
Jesse Murray,8-4-0,"6' 3""",205 lbs.,"78""",Orthodox,"Jan 26, 1993",:2.38,:28%,:7.72,:43%,:0.00,:0%,:0%,:0.0,http://ufcstats.com/fighter-details/d0147e906106cd2e
Erik Silva,9-3-0,"5' 9""",145 lbs.,"71""",Orthodox,"Mar 16, 1987",:2.07,:70%,:1.57,:40%,:3.76,:80%,:62%,:0.0,http://ufcstats.com/fighter-details/21b813b919776d90
Reynaldo Trujillo,21-19-0,"5' 9""",155 lbs.,--,,"Jan 01, 1982",:0.00,:0%,:0.00,:0%,:0.00,:0%,:0%,:0.0,http://ufcstats.com/fighter-details/e6b233a007cb06c4
Tsuyoshi Kurihara,10-8-2,"5' 10""",185 lbs.,--,Orthodox,"Jul 13, 1973",:0.00,:0%,:12.00,:50%,:0.00,:0%,:0%,:0.0,http://ufcstats.com/fighter-details/032b65d5fff611b2
Anton Zafir,7-3-0,"5' 11""",170 lbs.,--,Orthodox,"May 10, 1987",:2.99,:64%,:2.31,:52%,:6.11,:60%,:0%,:0.0,http://ufcstats.com/fighter-details/8c822811eedc11ad
Justin Bruckmann,7-3-0,"5' 9""",170 lbs.,--,Orthodox,"Jul 23, 1974",:0.59,:66%,:5.91,:16%,:0.00,:0%,:33%,:0.0,http://ufcstats.com/fighter-details/5f8e00c27b7e7410
Adrian Serrano,56-29-4,"5' 8""",170 lbs.,--,,"Dec 23, 1963",:0.00,:0%,:0.00,:0%,:0.00,:0%,:0%,:0.0,http://ufcstats.com/fighter-details/e7ec11096eac0282
Marco Beltran,8-6-0,"5' 8""",125 lbs.,"69""",Orthodox,"May 18, 1986",:2.07,:37%,:1.93,:63%,:0.70,:50%,:46%,:0.2,http://ufcstats.com/fighter-details/ec71a892fada28c7
Casey Huffman,3-1-0,"6' 3""",185 lbs.,--,,--,:0.00,:0%,:0.00,:0%,:0.00,:0%,:0%,:0.0,http://ufcstats.com/fighter-details/737d93a42b8c2e94
Rodolfo Vieira,11-3-0,"6' 0""",185 lbs.,"73""",Orthodox,"Sep 25, 1989",:3.77,:55%,:4.12,:51%,:3.09,:23%,:100%,:1.0,http://ufcstats.com/fighter-details/260e9e0d4954aea6
TJ Laramie,12-5-0,"5' 6""",145 lbs.,"66""",Orthodox,"Oct 15, 1997",:1.49,:50%,:2.64,:38%,:1.44,:33%,:40%,:0.0,http://ufcstats.com/fighter-details/cd2e5a390821fb48
Matt Horning,20-25-0 (1 NC),"5' 4""",125 lbs.,--,,"Aug 18, 1976",:0.00,:0%,:0.00,:0%,:0.00,:0%,:0%,:0.0,http://ufcstats.com/fighter-details/21632ba272c0785a
Jose Torres,8-1-0,"5' 4""",125 lbs.,"65""",Orthodox,"Aug 02, 1992",:4.37,:36%,:9.84,:50%,:1.28,:33%,:75%,:0.0,http://ufcstats.com/fighter-details/d2036f31c035e0d1
Mark Hall,5-6-0,"6' 0""",190 lbs.,--,Orthodox,"Jan 26, 1961",:0.00,:0%,:0.00,:0%,:0.00,:0%,:0%,:0.0,http://ufcstats.com/fighter-details/18524b46c570730b
Leonard Garcia,18-13-1,"5' 10""",145 lbs.,"68""",Orthodox,"Jul 14, 1979",:2.77,:24%,:4.79,:52%,:0.30,:26%,:42%,:0.5,http://ufcstats.com/fighter-details/917e53fa0adea0d3
Michael Mangan,0-3-0,--,155 lbs.,--,,--,:1.94,:33%,:4.52,:46%,:19.35,:50%,:100%,:0.0,http://ufcstats.com/fighter-details/9297ce6eee046f7a
Mike Brown,26-9-0,"5' 6""",145 lbs.,"70""",Orthodox,"Sep 08, 1975",:2.98,:44%,:2.45,:60%,:3.23,:40%,:66%,:0.6,http://ufcstats.com/fighter-details/e0b74df14f52cd15
Ramona Pascual,6-5-0,"5' 7""",135 lbs.,"66""",Southpaw,"Sep 23, 1988",:3.87,:57%,:8.43,:46%,:1.81,:19%,:100%,:0.0,http://ufcstats.com/fighter-details/3eb4dc9a7d4ac906
Wang Cong,8-1-0,"5' 6""",125 lbs.,"66""",Southpaw,"May 15, 1992",:7.48,:57%,:2.68,:63%,:1.05,:75%,:100%,:0.7,http://ufcstats.com/fighter-details/2997e7fe3c9d3d4a
Walel Watson,14-10-0,"5' 11""",135 lbs.,"75""",Orthodox,"Jul 16, 1984",:2.10,:29%,:3.79,:43%,:0.00,:0%,:61%,:1.4,http://ufcstats.com/fighter-details/92aafa8f4b26269b
Marcio Navarro,14-14-0,"6' 0""",155 lbs.,--,,"Sep 17, 1978",:0.00,:0%,:0.00,:0%,:0.00,:0%,:0%,:0.0,http://ufcstats.com/fighter-details/52f7d300738961ac
Adam Steele,0-1-0,--,170 lbs.,--,,--,:0.00,:0%,:0.00,:0%,:0.00,:0%,:0%,:0.0,http://ufcstats.com/fighter-details/16044bd8762cf794
Vadym Kutsyi,17-2-0,"6' 0""",170 lbs.,"71""",Orthodox,"Jul 18, 1991",:5.53,:48%,:4.94,:55%,:3.53,:40%,:0%,:0.0,http://ufcstats.com/fighter-details/aeb2bcd4371f40d5
Chris Manuel,9-7-2,"5' 9""",135 lbs.,--,Orthodox,"Jul 21, 1987",:2.53,:40%,:2.67,:66%,:1.00,:20%,:100%,:0.0,http://ufcstats.com/fighter-details/a23e63184c65f5b8
Randy Brown,20-6-0,"6' 3""",170 lbs.,"78""",Orthodox,"Jul 08, 1990",:4.47,:47%,:3.26,:54%,:0.79,:39%,:73%,:0.6,http://ufcstats.com/fighter-details/c6aee362c7a7d482
James McSweeney,15-15-0,"6' 4""",230 lbs.,"77""",Switch,"Oct 24, 1980",:3.94,:55%,:4.33,:42%,:0.52,:33%,:100%,:1.1,http://ufcstats.com/fighter-details/cac08b8685387ca5
Jesse Gillespie,3-2-0,--,185 lbs.,--,,--,:0.00,:0%,:0.00,:0%,:0.00,:0%,:0%,:0.0,http://ufcstats.com/fighter-details/160b931119c1bf91
Rodney Faverus,25-20-3 (1 NC),"6' 0""",215 lbs.,--,Southpaw,"Jan 03, 1975",:2.30,:53%,:1.60,:54%,:4.50,:100%,:25%,:0.0,http://ufcstats.com/fighter-details/5af26b3201690d29
Li Yunfeng,9-5-0,"5' 8""",135 lbs.,"68""",Orthodox,"Mar 08, 1999",:0.53,:29%,:2.55,:35%,:0.00,:0%,:50%,:0.0,http://ufcstats.com/fighter-details/4c7afd56ef1947ac
Aleksandar Rakic,14-5-0,"6' 4""",205 lbs.,"78""",Orthodox,"Feb 06, 1992",:4.16,:50%,:2.91,:51%,:0.66,:23%,:85%,:0.1,http://ufcstats.com/fighter-details/333b9e5c723ac873
Yuki Sasaki,25-22-2,"6' 2""",185 lbs.,--,Orthodox,"Sep 12, 1976",:1.09,:43%,:1.20,:57%,:0.43,:100%,:66%,:0.0,http://ufcstats.com/fighter-details/e5c38954c006f15c
Tim Caron,7-1-0 (1 NC),"6' 1""",185 lbs.,--,Orthodox,"Jul 24, 1987",:0.59,:50%,:6.90,:12%,:0.00,:0%,:0%,:0.0,http://ufcstats.com/fighter-details/b80ea4880f25c187
Bill Cooper,2-1-0,--,155 lbs.,--,,"May 05, 1984",:0.00,:0%,:0.00,:0%,:0.00,:0%,:0%,:0.0,http://ufcstats.com/fighter-details/78bd6940d093fd33
Tristan Connelly,14-8-0,"5' 10""",145 lbs.,"68""",Orthodox,"Dec 12, 1985",:3.31,:51%,:2.96,:50%,:0.33,:14%,:60%,:0.3,http://ufcstats.com/fighter-details/2ebfbe72ed703925
Reese Andy,7-3-0,"6' 0""",205 lbs.,--,Orthodox,"Mar 31, 1973",:2.87,:50%,:3.50,:58%,:0.67,:20%,:40%,:0.0,http://ufcstats.com/fighter-details/46e2ca71fd5089cb
Billy Pasulatan,10-3-0,"5' 5""",125 lbs.,"66""",Switch,"Aug 07, 1991",:0.65,:20%,:5.22,:48%,:0.00,:0%,:0%,:4.9,http://ufcstats.com/fighter-details/e5a59983f4603621
Allan Zuniga,13-1-0,"5' 7""",155 lbs.,"70""",Orthodox,"Apr 04, 1992",:3.93,:52%,:1.80,:61%,:0.00,:0%,:57%,:1.0,http://ufcstats.com/fighter-details/523af801b3429015
Milco Voorn,20-11-1,--,220 lbs.,--,Orthodox,--,:0.00,:0%,:0.00,:100%,:0.00,:0%,:0%,:0.0,http://ufcstats.com/fighter-details/277ffed20cf07aea
Rin Nakai,19-2-1,"5' 1""",135 lbs.,--,Orthodox,"Oct 22, 1986",:1.57,:33%,:3.90,:60%,:3.00,:18%,:75%,:0.5,http://ufcstats.com/fighter-details/f9ae6914f604aa9f
Mark Eddiva,6-3-0,"5' 8""",145 lbs.,"68""",Orthodox,"Feb 16, 1986",:3.37,:45%,:2.98,:54%,:1.45,:22%,:63%,:0.0,http://ufcstats.com/fighter-details/40ff198adda94b9f
Zhang Qinghe,16-8-1,"5' 7""",135 lbs.,"67""",Southpaw,"Nov 05, 2001",:2.87,:33%,:4.73,:49%,:0.00,:0%,:50%,:0.0,http://ufcstats.com/fighter-details/45c7979c71751fcf
Jordan Mein,31-12-0,"6' 0""",170 lbs.,"73""",Orthodox,"Oct 10, 1989",:3.35,:44%,:2.55,:69%,:1.56,:58%,:66%,:0.2,http://ufcstats.com/fighter-details/2aa49b3766a59bcd
Francimar Barroso,19-7-0 (1 NC),"6' 1""",205 lbs.,"75""",Orthodox,"Feb 28, 1980",:2.77,:52%,:3.07,:59%,:2.22,:24%,:83%,:0.0,http://ufcstats.com/fighter-details/b69f24c500d783e7
Frank Mir,18-11-0,"6' 3""",264 lbs.,"79""",Southpaw,"May 24, 1979",:2.18,:47%,:3.84,:38%,:2.02,:40%,:54%,:2.0,http://ufcstats.com/fighter-details/1ff9589f9065a9ed
Carlos Huachin,10-5-1,"5' 4""",135 lbs.,"67""",Southpaw,"Jun 04, 1996",:2.10,:21%,:4.80,:50%,:0.00,:0%,:66%,:0.0,http://ufcstats.com/fighter-details/225def29ecfe0fc1
Alice Ardelean,10-7-0,"5' 3""",115 lbs.,"62""",Orthodox,"Apr 19, 1992",:6.73,:44%,:5.04,:57%,:1.00,:50%,:87%,:0.0,http://ufcstats.com/fighter-details/87f8699fdcc2c404
Alptekin Ozkilic,9-5-0,"5' 5""",125 lbs.,"65""",Orthodox,"Mar 27, 1986",:3.81,:32%,:5.72,:59%,:4.21,:58%,:75%,:0.0,http://ufcstats.com/fighter-details/e18a19001a3f7c7d
Pingyuan Liu,13-7-0,"5' 6""",135 lbs.,"72""",Orthodox,"Feb 13, 1993",:2.36,:33%,:2.99,:54%,:0.25,:20%,:56%,:1.0,http://ufcstats.com/fighter-details/31bbd39c0a075d4e
Malcolm Wellmaker,10-0-0,"5' 10""",135 lbs.,"71""",Switch,"Jun 04, 1994",:7.20,:62%,:4.80,:60%,:0.00,:0%,:100%,:0.0,http://ufcstats.com/fighter-details/2e45d08b3f2f02c8
Steve White,1-4-0,"5' 11""",175 lbs.,--,,--,:0.00,:0%,:0.00,:0%,:0.00,:0%,:0%,:0.0,http://ufcstats.com/fighter-details/d181689653115b6a
Leonardo Santos,18-7-1,"6' 0""",155 lbs.,"75""",Orthodox,"Feb 05, 1980",:2.82,:46%,:3.40,:54%,:0.88,:25%,:86%,:0.2,http://ufcstats.com/fighter-details/9c65736747ca92ec
Carlton Minus,10-3-0 (1 NC),"5' 10""",170 lbs.,"75""",Orthodox,"Apr 26, 1993",:3.50,:40%,:4.97,:50%,:0.00,:0%,:58%,:0.0,http://ufcstats.com/fighter-details/40d8b74488743800
Gerald Meerschaert,37-20-0,"6' 1""",185 lbs.,"77""",Southpaw,"Dec 18, 1987",:3.02,:45%,:3.49,:53%,:1.83,:30%,:42%,:1.4,http://ufcstats.com/fighter-details/6ac9bc2953c47345
Erisson Ferreira,12-2-0,"5' 6""",125 lbs.,"70""",Orthodox,"May 03, 1991",:1.75,:32%,:2.75,:56%,:1.11,:100%,:66%,:1.7,http://ufcstats.com/fighter-details/1c2a8915f8431507
Ken Cross,11-3-0,"6' 0""",155 lbs.,"72""",Southpaw,"Oct 04, 1994",:2.20,:57%,:1.40,:55%,:1.00,:12%,:66%,:0.0,http://ufcstats.com/fighter-details/923767209632e08a
Antonio Braga Neto,9-3-0 (1 NC),"6' 3""",185 lbs.,"77""",Orthodox,"Oct 29, 1987",:1.36,:33%,:3.92,:45%,:3.07,:37%,:0%,:0.5,http://ufcstats.com/fighter-details/fae67903c4fe636b
Aisling Daly,16-6-0,"5' 2""",115 lbs.,"64""",Orthodox,"Dec 24, 1987",:2.92,:52%,:1.40,:55%,:2.15,:41%,:33%,:0.9,http://ufcstats.com/fighter-details/e50cd77732d39967
Santiago Ponzinibbio,31-9-0,"6' 0""",170 lbs.,"73""",Orthodox,"Sep 26, 1986",:4.78,:41%,:4.68,:61%,:0.60,:27%,:71%,:0.0,http://ufcstats.com/fighter-details/6d1bffff14897645
Brandon Foxworth,18-4-0,"5' 11""",145 lbs.,--,Orthodox,"Apr 28, 1979",:1.33,:32%,:4.59,:50%,:0.00,:0%,:0%,:0.0,http://ufcstats.com/fighter-details/f65a0eb902f9476b
Nick Piccininni,7-1-0,"5' 6""",125 lbs.,"66""",Orthodox,"Dec 16, 1996",:3.20,:43%,:6.03,:42%,:8.00,:44%,:100%,:0.0,http://ufcstats.com/fighter-details/a5cb1c29461853ca
Nad Narimani,12-4-0,"5' 8""",145 lbs.,"70""",Orthodox,"Apr 14, 1987",:3.33,:42%,:3.00,:58%,:1.92,:41%,:70%,:0.0,http://ufcstats.com/fighter-details/776a58a67665a171
Dylan Andrews,18-7-0 (1 NC),"6' 1""",185 lbs.,"74""",Switch,"Nov 15, 1979",:2.21,:50%,:2.72,:46%,:2.83,:50%,:57%,:0.4,http://ufcstats.com/fighter-details/00debc804e2b1cd4
Roger Huerta,23-9-1 (1 NC),"5' 9""",155 lbs.,"70""",Orthodox,"May 20, 1983",:3.64,:36%,:2.33,:56%,:2.13,:46%,:52%,:0.5,http://ufcstats.com/fighter-details/daf1b84aebd6602b
Ronnie Lawrence,8-2-0 (1 NC),"5' 8""",135 lbs.,"68""",Switch,"Jun 13, 1992",:2.78,:56%,:1.75,:52%,:6.75,:77%,:45%,:0.2,http://ufcstats.com/fighter-details/e7e01e266a9d4342
Dominic Clark,10-7-0,"5' 10""",155 lbs.,--,,"Aug 01, 1985",:0.00,:0%,:0.00,:0%,:0.00,:0%,:0%,:0.0,http://ufcstats.com/fighter-details/8a64b3f87ad29d1e
Jaime Jara,38-18-0 (1 NC),"6' 1""",205 lbs.,--,Southpaw,"Aug 02, 1969",:2.20,:60%,:1.47,:56%,:0.00,:0%,:25%,:0.0,http://ufcstats.com/fighter-details/805ad1801eb26abb
Joe Son,0-4-0,"5' 4""",236 lbs.,--,Orthodox,"Nov 22, 1970",:0.00,:0%,:0.00,:0%,:0.00,:0%,:0%,:0.0,http://ufcstats.com/fighter-details/83b743fedde154fb
Drew Pendleton,5-0-0,--,145 lbs.,--,,"Dec 08, 1983",:0.00,:0%,:0.00,:0%,:0.00,:0%,:0%,:0.0,http://ufcstats.com/fighter-details/34b634cb2471bdde
Tyler Toner,15-7-0 (1 NC),"5' 8""",145 lbs.,"70""",Orthodox,"Mar 31, 1983",:2.95,:52%,:2.13,:62%,:0.00,:0%,:54%,:0.4,http://ufcstats.com/fighter-details/8e893f269d5696b2
Michael Diaz,1-2-0,--,260 lbs.,--,,--,:0.00,:0%,:0.00,:0%,:0.00,:0%,:0%,:0.0,http://ufcstats.com/fighter-details/5e7a48e469770615
Josh Jarvis,1-4-0,--,--,--,,--,:0.00,:0%,:0.00,:0%,:0.00,:0%,:0%,:0.0,http://ufcstats.com/fighter-details/32e8e0e8498f03c2
TJ O'Brien,20-8-0,"6' 2""",155 lbs.,--,Orthodox,"Jan 01, 1987",:3.77,:46%,:4.78,:57%,:0.94,:100%,:0%,:0.0,http://ufcstats.com/fighter-details/d25b93992f285953
Ruben Villareal,22-28-3,"6' 4""",265 lbs.,--,Orthodox,"May 01, 1970",:5.18,:53%,:4.86,:35%,:0.00,:0%,:0%,:0.0,http://ufcstats.com/fighter-details/39f68882def7a507
Charlie Ward,3-3-0,"5' 11""",170 lbs.,--,Orthodox,"Dec 17, 1980",:1.64,:19%,:7.21,:53%,:0.00,:0%,:0%,:0.0,http://ufcstats.com/fighter-details/e81dd0bb8a64b550
Luis Gomez,4-1-0,"5' 7""",145 lbs.,"68""",Orthodox,"Jan 28, 1995",:1.57,:33%,:4.03,:55%,:4.48,:50%,:33%,:0.0,http://ufcstats.com/fighter-details/513e84bfe65ff509
Montel Jackson,15-2-0,"5' 10""",135 lbs.,"75""",Southpaw,"Apr 24, 1992",:3.22,:53%,:1.39,:62%,:3.24,:62%,:68%,:0.4,http://ufcstats.com/fighter-details/cc1a8b4b38b92c6d
Diego Sanchez,31-13-0,"5' 10""",170 lbs.,"72""",Southpaw,"Dec 31, 1981",:2.69,:37%,:3.02,:56%,:1.51,:24%,:46%,:0.8,http://ufcstats.com/fighter-details/82e7929bf6c2b689
Trey Waters,9-2-0,"6' 5""",170 lbs.,"77""",Orthodox,"Feb 21, 1995",:6.39,:44%,:5.83,:55%,:0.40,:33%,:85%,:0.8,http://ufcstats.com/fighter-details/31dbfbe4e7a6727c
Amar Suloev,24-7-0,"5' 9""",183 lbs.,--,Orthodox,"Jul 01, 1976",:1.98,:37%,:2.19,:70%,:0.27,:100%,:88%,:0.3,http://ufcstats.com/fighter-details/7aa88401f93ce836
Curt Warburton,13-6-0,"6' 0""",155 lbs.,"73""",Orthodox,--,:2.13,:42%,:3.44,:43%,:2.35,:50%,:83%,:0.9,http://ufcstats.com/fighter-details/2721bb808bb2523c
Bob Schrijber,20-17-1,"6' 0""",240 lbs.,--,Orthodox,"Mar 03, 1965",:0.00,:0%,:0.00,:0%,:0.00,:0%,:0%,:0.0,http://ufcstats.com/fighter-details/d86e913c548c07c2
Daermisi Zhawupasi,9-2-0,"5' 8""",135 lbs.,"68""",Switch,"Sep 15, 1999",:1.86,:40%,:2.36,:55%,:7.74,:65%,:53%,:1.4,http://ufcstats.com/fighter-details/fd52e5f9ab25c94c
Sean Sharaf,4-1-0,"6' 3""",252 lbs.,"77""",Orthodox,"Jul 11, 1993",:7.31,:44%,:9.79,:44%,:2.07,:12%,:0%,:0.0,http://ufcstats.com/fighter-details/0f3a990526c5e706
Carlos Hernandez,10-5-0,"5' 8""",125 lbs.,"67""",Orthodox,"Oct 25, 1993",:3.83,:45%,:3.50,:50%,:1.56,:21%,:65%,:0.2,http://ufcstats.com/fighter-details/798e48f9e7f6ba22
Akihito Tanaka,2-2-0,--,--,--,Southpaw,--,:0.19,:50%,:2.05,:38%,:5.59,:66%,:0%,:0.0,http://ufcstats.com/fighter-details/1bf49bf829964144
Tetsuji Kato,20-10-0,--,155 lbs.,--,Orthodox,--,:1.20,:29%,:2.10,:70%,:2.00,:57%,:80%,:0.5,http://ufcstats.com/fighter-details/542db012217ecb83
Dan Cramer,11-4-0,"6' 2""",170 lbs.,--,Orthodox,"Oct 31, 1985",:0.97,:30%,:2.10,:31%,:0.00,:0%,:66%,:0.5,http://ufcstats.com/fighter-details/480b702debcb5433
Kevin Lee,18-8-0,"5' 9""",170 lbs.,"77""",Orthodox,"Sep 04, 1992",:3.88,:42%,:3.60,:50%,:3.18,:43%,:75%,:0.8,http://ufcstats.com/fighter-details/ee9ebceabfd16fa7
Melton Bowen,0-1-0,"6' 0""",225 lbs.,--,Orthodox,"Jul 16, 1969",:0.00,:0%,:0.00,:0%,:0.00,:0%,:0%,:0.0,http://ufcstats.com/fighter-details/81ca2c245b19b3c5
Zach Underwood,13-7-0,"6' 2""",185 lbs.,--,,--,:0.00,:0%,:0.00,:0%,:0.00,:0%,:0%,:0.0,http://ufcstats.com/fighter-details/1e310618d02ff93b
Jon Delos Reyes,8-5-0,"5' 6""",125 lbs.,"67""",Orthodox,"Aug 19, 1987",:2.99,:38%,:4.14,:51%,:3.20,:83%,:55%,:1.9,http://ufcstats.com/fighter-details/0d0351c20169a499
Neil Seery,16-13-0,"5' 4""",125 lbs.,"64""",Orthodox,"Aug 30, 1979",:3.56,:41%,:3.79,:58%,:0.78,:27%,:53%,:1.6,http://ufcstats.com/fighter-details/49a74b9fb2e45fdf
Marcos Vinicius,23-11-1,"5' 9""",125 lbs.,--,Orthodox,"Dec 05, 1979",:1.93,:49%,:2.91,:47%,:0.00,:0%,:25%,:0.5,http://ufcstats.com/fighter-details/e363b21261814830
Adlan Amagov,14-2-1,"6' 2""",170 lbs.,"76""",Orthodox,"Oct 30, 1986",:3.29,:47%,:0.82,:78%,:5.84,:56%,:100%,:0.0,http://ufcstats.com/fighter-details/1e327b281ef6a745
Justin Willis,8-2-0,"6' 1""",264 lbs.,"78""",Southpaw,"Jul 19, 1987",:3.37,:59%,:2.57,:57%,:0.96,:66%,:36%,:0.0,http://ufcstats.com/fighter-details/ce1e867808ef5fce
Brunno Ferreira,14-2-0,"5' 10""",185 lbs.,"72""",Orthodox,"Nov 04, 1992",:3.41,:50%,:3.34,:51%,:1.39,:28%,:57%,:1.0,http://ufcstats.com/fighter-details/1e719d4b676dc19a
Raimond Magomedaliev,10-2-0,"6' 1""",170 lbs.,"75""",Orthodox,"Jun 10, 1990",:4.07,:41%,:4.75,:41%,:0.00,:0%,:0%,:0.0,http://ufcstats.com/fighter-details/d16373b3568678d4
Mike Wessel,15-8-0,"6' 0""",260 lbs.,--,Orthodox,"Dec 02, 1977",:1.82,:56%,:6.43,:22%,:6.29,:50%,:0%,:0.0,http://ufcstats.com/fighter-details/b51841e7c594090d
Jake Shields,31-9-1 (1 NC),"6' 0""",170 lbs.,"72""",Orthodox,"Jan 09, 1979",:2.45,:36%,:1.80,:56%,:2.83,:29%,:35%,:1.2,http://ufcstats.com/fighter-details/fe435e440b5de0ff
Ryan Jensen,21-8-0,"6' 1""",185 lbs.,"76""",Orthodox,"Sep 20, 1977",:2.84,:39%,:2.99,:59%,:1.55,:50%,:31%,:1.9,http://ufcstats.com/fighter-details/aae99701b21554e4
Magomed Sultanakhmedov,18-6-0,"6' 2""",185 lbs.,--,Southpaw,"May 11, 1984",:0.00,:0%,:2.40,:42%,:9.00,:100%,:0%,:9.0,http://ufcstats.com/fighter-details/fe1fdc6be470f773
Felipe dos Santos,8-3-0 (1 NC),"5' 7""",125 lbs.,"70""",Orthodox,"Sep 11, 2000",:3.75,:39%,:3.80,:41%,:0.00,:0%,:20%,:0.5,http://ufcstats.com/fighter-details/5cdf5339728f580d
Herman Terrado,15-3-1,--,170 lbs.,--,,--,:0.00,:0%,:0.00,:0%,:0.00,:0%,:0%,:0.0,http://ufcstats.com/fighter-details/61d6368013f8637f
Chad Vance,7-5-0,"6' 0""",185 lbs.,--,Orthodox,--,:0.00,:0%,:0.00,:0%,:0.00,:0%,:0%,:0.0,http://ufcstats.com/fighter-details/26d61e92a6069cd2
Wagner da Conceicao Martins,9-8-0 (1 NC),"6' 7""",390 lbs.,--,Orthodox,"May 19, 1978",:1.91,:37%,:5.43,:42%,:2.20,:100%,:100%,:0.0,http://ufcstats.com/fighter-details/563d051c9e769b24
Marko Damiani,0-2-0,"6' 0""",170 lbs.,--,,--,:0.00,:0%,:0.00,:0%,:0.00,:0%,:0%,:0.0,http://ufcstats.com/fighter-details/6e9b5c74c0860deb
Jae Suk Lim,17-6-0,"5' 9""",170 lbs.,--,Orthodox,"Nov 09, 1979",:2.43,:50%,:4.05,:37%,:12.16,:100%,:100%,:0.0,http://ufcstats.com/fighter-details/bbb15f301e4a490a
Jim Miller,38-19-0 (1 NC),"5' 8""",155 lbs.,"71""",Southpaw,"Aug 30, 1983",:2.92,:42%,:3.44,:56%,:1.50,:45%,:48%,:1.7,http://ufcstats.com/fighter-details/d1941565abf50b16
Fabiola Pidroni,5-0-0,--,115 lbs.,--,,"Jan 04, 1994",:0.00,:0%,:0.00,:0%,:0.00,:0%,:0%,:0.0,http://ufcstats.com/fighter-details/9561eb5f0d63ffcc
Tallison Teixeira,8-1-0,"6' 7""",258 lbs.,"83""",Orthodox,"Dec 07, 1999",:12.83,:59%,:8.98,:56%,:0.00,:0%,:0%,:0.0,http://ufcstats.com/fighter-details/17923f676f100e16
Andy Waters,1-2-0,"6' 0""",170 lbs.,--,,"Feb 08, 1985",:0.00,:0%,:0.00,:0%,:0.00,:0%,:0%,:0.0,http://ufcstats.com/fighter-details/103e2e67919379c5
Martin Kampmann,20-7-0,"6' 0""",170 lbs.,"72""",Orthodox,"Apr 17, 1982",:3.22,:42%,:3.28,:62%,:1.86,:41%,:78%,:2.0,http://ufcstats.com/fighter-details/8b69839f3555a67b
Islem Masraf,3-1-0,"6' 0""",205 lbs.,"74""",Southpaw,"Jun 07, 1996",:0.68,:20%,:3.88,:15%,:0.00,:0%,:100%,:0.0,http://ufcstats.com/fighter-details/6dedfe07640a9acc
ChangMin Yoon,8-3-1,"5' 8""",145 lbs.,"70""",Orthodox,"May 10, 1994",:5.70,:48%,:2.15,:64%,:1.90,:28%,:100%,:0.0,http://ufcstats.com/fighter-details/29ab96eae72bad9f
Chris Indich,6-4-0,"5' 10""",170 lbs.,--,,"Apr 22, 1987",:1.31,:30%,:4.32,:43%,:0.75,:50%,:50%,:1.5,http://ufcstats.com/fighter-details/d5b7fac960e58920
Terrell Brown,3-1-0,--,185 lbs.,--,,"Apr 13, 1983",:0.00,:0%,:0.00,:0%,:0.00,:0%,:0%,:0.0,http://ufcstats.com/fighter-details/85df85a4e276c90e
Wagnney Fabiano,16-4-0,"5' 6""",145 lbs.,"69""",Southpaw,"Jul 14, 1975",:1.19,:38%,:0.66,:70%,:3.44,:64%,:100%,:0.4,http://ufcstats.com/fighter-details/40389d39a92f5bfa
He-Man Gipson,1-2-0,--,--,--,,--,:0.00,:0%,:0.00,:0%,:0.00,:0%,:0%,:0.0,http://ufcstats.com/fighter-details/3e03cec9767d37e6
Tom Murphy,8-0-0,"6' 2""",227 lbs.,--,Southpaw,"Nov 19, 1974",:2.50,:71%,:0.17,:84%,:7.51,:85%,:0%,:2.5,http://ufcstats.com/fighter-details/62918a2118de08b2
Shang Zhifa,32-8-0,"5' 7""",125 lbs.,"63""",Orthodox,"Mar 15, 1986",:1.27,:32%,:1.27,:60%,:2.00,:100%,:0%,:0.0,http://ufcstats.com/fighter-details/5a7350645bc9bd6e
Alex Soto,8-3-1,"5' 8""",135 lbs.,--,Southpaw,"Feb 15, 1984",:2.95,:25%,:5.02,:59%,:2.82,:30%,:0%,:0.0,http://ufcstats.com/fighter-details/d18dbcb0f8e2b55d
James Gabert,6-4-0,--,178 lbs.,--,,--,:0.00,:0%,:0.00,:0%,:0.00,:0%,:0%,:0.0,http://ufcstats.com/fighter-details/fcd8b623892b9a10
Levi Rodrigues,5-0-0,--,205 lbs.,--,,"Oct 15, 1996",:0.00,:0%,:0.00,:0%,:0.00,:0%,:0%,:0.0,http://ufcstats.com/fighter-details/9ac4e43ed56429ed
Ovince Saint Preux,27-18-0,"6' 3""",205 lbs.,"80""",Southpaw,"Apr 08, 1983",:3.03,:47%,:3.33,:47%,:1.09,:36%,:67%,:0.5,http://ufcstats.com/fighter-details/50db8711c70196cd
Krishaun Gilmore,0-1-0,--,--,--,,--,:0.00,:0%,:0.00,:0%,:0.00,:0%,:0%,:0.0,http://ufcstats.com/fighter-details/10ccdcd14c3dfcf1
Kenji Arai,15-15-5,"5' 10""",145 lbs.,--,Southpaw,"Oct 05, 1979",:8.79,:27%,:10.29,:39%,:0.00,:0%,:0%,:0.0,http://ufcstats.com/fighter-details/269d103c96a4c3a5
Kendall Grove,23-17-0 (1 NC),"6' 6""",185 lbs.,"79""",Orthodox,"Nov 12, 1982",:2.31,:41%,:2.40,:54%,:0.49,:45%,:56%,:1.7,http://ufcstats.com/fighter-details/234f3767ff0e5701
Shane Nelson,16-7-0,"5' 9""",155 lbs.,"70""",Southpaw,"Nov 29, 1984",:1.38,:31%,:2.84,:61%,:1.31,:18%,:54%,:1.6,http://ufcstats.com/fighter-details/2db7fa8db6bc9632
Rogerio Nogueira,23-10-0,"6' 2""",205 lbs.,"75""",Southpaw,"Jun 02, 1976",:2.43,:35%,:2.34,:59%,:0.64,:44%,:62%,:0.8,http://ufcstats.com/fighter-details/73e09f837f3b5ecc
Journey Newson,10-5-0 (1 NC),"5' 5""",135 lbs.,"67""",Orthodox,"Mar 07, 1989",:2.64,:32%,:2.57,:64%,:0.56,:16%,:43%,:0.3,http://ufcstats.com/fighter-details/78f485f851891d68
Laverne Clark,27-21-1,"5' 11""",170 lbs.,--,Orthodox,"Dec 02, 1973",:0.00,:0%,:0.00,:0%,:0.00,:0%,:0%,:0.0,http://ufcstats.com/fighter-details/1c2f2571b18791b6
Sergei Kharitonov,26-6-0,"6' 0""",245 lbs.,--,Orthodox,"Aug 18, 1980",:3.90,:44%,:3.03,:54%,:1.16,:53%,:70%,:1.0,http://ufcstats.com/fighter-details/0693b2eab79198ea
Denzel Freeman,6-1-0,--,265 lbs.,--,,--,:0.00,:0%,:0.00,:0%,:0.00,:0%,:0%,:0.0,http://ufcstats.com/fighter-details/b5c19c34f12c917e
Jinensibieke Asikeerbai,36-11-0,"5' 6""",155 lbs.,"69""",Orthodox,"Jul 10, 1988",:2.00,:50%,:10.00,:0%,:0.00,:0%,:0%,:0.0,http://ufcstats.com/fighter-details/4eccb78d628b2238
Jessica Penne,14-9-0,"5' 5""",115 lbs.,"67""",Orthodox,"Jan 30, 1983",:2.63,:33%,:5.05,:45%,:1.29,:18%,:36%,:0.5,http://ufcstats.com/fighter-details/c742287ed86a09bc
Nikolas Motta,15-6-0 (1 NC),"5' 9""",155 lbs.,"70""",Orthodox,"Feb 08, 1993",:4.13,:38%,:5.28,:52%,:0.00,:0%,:83%,:0.0,http://ufcstats.com/fighter-details/37f560436d745c18
Diyar Nurgozhay,10-2-0,"6' 2""",205 lbs.,"74""",Southpaw,"Apr 22, 1997",:3.04,:50%,:2.99,:61%,:2.54,:100%,:100%,:0.0,http://ufcstats.com/fighter-details/709fadb644ee3f51
Jordan Radev,23-5-0,"5' 7""",185 lbs.,--,Southpaw,"Sep 28, 1976",:1.35,:23%,:2.38,:66%,:0.00,:0%,:80%,:0.0,http://ufcstats.com/fighter-details/45bc8f98d62bd096
Oli Thompson,17-10-0,"6' 1""",242 lbs.,"75""",Orthodox,"Jan 02, 1980",:1.66,:46%,:5.31,:46%,:0.00,:0%,:50%,:0.5,http://ufcstats.com/fighter-details/dcdd511ff757f15c
Eddie Gordon,8-4-0,"6' 0""",185 lbs.,"76""",Orthodox,"Jul 22, 1983",:2.03,:32%,:2.57,:60%,:1.93,:83%,:63%,:0.0,http://ufcstats.com/fighter-details/8cad40a75e5c97f5
Amir Aliakbari,10-1-0,"6' 3""",250 lbs.,--,,"Jun 10, 1984",:0.00,:0%,:0.00,:0%,:0.00,:0%,:0%,:0.0,http://ufcstats.com/fighter-details/e17770faae3ca54c
Lemont Davis,2-6-0,"5' 8""",170 lbs.,--,Orthodox,--,:0.87,:54%,:1.27,:55%,:1.00,:50%,:0%,:1.0,http://ufcstats.com/fighter-details/a993ef2dd36cea5f
Eliot Marshall,10-4-0,"6' 2""",205 lbs.,"77""",Orthodox,"Jul 07, 1980",:1.93,:27%,:2.39,:67%,:0.47,:33%,:79%,:0.9,http://ufcstats.com/fighter-details/a08d909a5be6f410
Jon Manley,9-4-0,"6' 1""",170 lbs.,--,Orthodox,"Jul 07, 1986",:1.13,:20%,:4.33,:45%,:1.00,:7%,:20%,:0.0,http://ufcstats.com/fighter-details/a0602dd050bebefc
Tomoya Miyashita,17-9-7,"5' 7""",139 lbs.,--,Southpaw,"Jul 20, 1981",:1.67,:65%,:0.93,:33%,:4.00,:80%,:0%,:2.0,http://ufcstats.com/fighter-details/c9885b1b7c7055a0
Billy Brand,5-2-0,"5' 6""",135 lbs.,"65""",Orthodox,"Jul 03, 1996",:2.86,:25%,:8.57,:40%,:0.00,:0%,:75%,:0.0,http://ufcstats.com/fighter-details/edae6db2b3453632
Luis Pajuelo,8-2-0,"5' 10""",145 lbs.,"69""",Orthodox,"Dec 18, 1994",:6.03,:57%,:8.20,:52%,:0.00,:0%,:66%,:0.0,http://ufcstats.com/fighter-details/e530df53922f413e
Albert Tadevosyan,13-3-1,--,170 lbs.,--,,"Apr 12, 1992",:0.00,:0%,:0.00,:0%,:0.00,:0%,:0%,:0.0,http://ufcstats.com/fighter-details/6751b11102b6adfe
Jack Nilson,2-6-0,--,--,--,,--,:0.00,:0%,:0.00,:0%,:0.00,:0%,:0%,:0.0,http://ufcstats.com/fighter-details/53e533db1b8e9712
Chan-Mi Jeon,5-2-0,"5' 5""",115 lbs.,--,Orthodox,"Aug 28, 1997",:6.23,:31%,:7.77,:55%,:0.00,:0%,:0%,:0.0,http://ufcstats.com/fighter-details/24174a3f44ce8e03
Milton Vieira,13-8-2,"6' 0""",145 lbs.,--,Orthodox,"Oct 04, 1978",:1.13,:35%,:2.36,:48%,:2.67,:53%,:12%,:0.7,http://ufcstats.com/fighter-details/7cf20446453f852b
Matt Hobar,9-3-0,"5' 10""",135 lbs.,"70""",Southpaw,"Jan 07, 1987",:3.23,:42%,:4.27,:52%,:3.66,:44%,:50%,:0.0,http://ufcstats.com/fighter-details/b57edace7b647f07
Frank Gomez,10-6-0,"5' 10""",135 lbs.,"67""",Orthodox,"Mar 31, 1986",:1.52,:48%,:0.79,:66%,:1.14,:60%,:70%,:0.8,http://ufcstats.com/fighter-details/a0a680fe2f6cc8e6
Jake Collier,13-10-0,"6' 3""",230 lbs.,"78""",Orthodox,"Oct 25, 1988",:5.80,:44%,:5.08,:50%,:0.71,:33%,:67%,:0.6,http://ufcstats.com/fighter-details/92fa1401b7927da3
Cristian Quinonez,18-5-0,"5' 8""",135 lbs.,"70""",Orthodox,"Apr 26, 1996",:4.19,:40%,:4.55,:55%,:1.37,:37%,:84%,:0.0,http://ufcstats.com/fighter-details/7debc13b36343605
Aaron Rosa,18-6-0,"6' 4""",205 lbs.,"77""",Orthodox,"May 28, 1983",:4.03,:47%,:4.41,:45%,:0.36,:33%,:85%,:0.4,http://ufcstats.com/fighter-details/11f8860028b68fcf
Roberta Rovel,4-1-0,"5' 8""",145 lbs.,--,,--,:0.87,:46%,:3.00,:26%,:0.00,:0%,:100%,:0.0,http://ufcstats.com/fighter-details/9d7fbf438766791f
Taylor Lapilus,21-4-0,"5' 6""",135 lbs.,"73""",Southpaw,"Apr 08, 1992",:4.59,:48%,:2.61,:62%,:0.27,:33%,:77%,:0.3,http://ufcstats.com/fighter-details/8b1ed83b02303075
Junye Gao,19-12-0,--,125 lbs.,--,,--,:0.00,:0%,:0.00,:0%,:0.00,:0%,:0%,:0.0,http://ufcstats.com/fighter-details/8b27d25ce0221d60
Bolaji Oki,10-3-0,"5' 10""",155 lbs.,"73""",Orthodox,"Nov 15, 1995",:6.59,:44%,:5.15,:61%,:1.01,:60%,:66%,:0.0,http://ufcstats.com/fighter-details/4bdedbdeedff7d1d
Victor Altamirano,12-5-0,"5' 8""",125 lbs.,"70""",Switch,"Jan 23, 1991",:4.58,:53%,:3.82,:53%,:2.88,:38%,:63%,:0.0,http://ufcstats.com/fighter-details/dc7927cd622676a7
Guy Mezger,30-14-2,"6' 1""",200 lbs.,--,Orthodox,"Jan 01, 1968",:2.30,:32%,:1.36,:72%,:0.39,:50%,:88%,:0.0,http://ufcstats.com/fighter-details/946f341df6472ee0
Will Kerr,9-3-0,"5' 10""",155 lbs.,"69""",Orthodox,"Oct 21, 1982",:1.91,:42%,:6.22,:33%,:0.00,:0%,:0%,:14.3,http://ufcstats.com/fighter-details/ef61d9f5176b3200
Chris Mierzwiak,5-3-0,"6' 1""",185 lbs.,--,,"Feb 14, 1988",:1.60,:61%,:1.73,:48%,:2.00,:28%,:0%,:1.0,http://ufcstats.com/fighter-details/2b284840ca89876a
Thiago Silva,19-6-0 (2 NC),"6' 2""",205 lbs.,"74""",Orthodox,"Nov 12, 1982",:3.92,:50%,:2.55,:67%,:1.03,:47%,:70%,:0.7,http://ufcstats.com/fighter-details/2924886ee9c4c527
Len Bentley,10-6-0,"5' 9""",155 lbs.,--,,"Nov 30, 1982",:0.00,:0%,:0.00,:0%,:0.00,:0%,:0%,:0.0,http://ufcstats.com/fighter-details/592d23aed850e652
Jamie Moyle,4-3-0,"5' 1""",115 lbs.,"65""",Orthodox,"Mar 17, 1989",:4.51,:51%,:4.00,:65%,:1.00,:21%,:50%,:0.0,http://ufcstats.com/fighter-details/882d62561063a927
Don Frye,20-9-1 (1 NC),"6' 1""",219 lbs.,--,Orthodox,"Nov 23, 1965",:2.87,:64%,:3.57,:37%,:0.91,:57%,:45%,:0.7,http://ufcstats.com/fighter-details/271fe91f4ba9d2c5
Javier Reyes,22-5-0,"5' 7""",145 lbs.,"73""",,"Oct 10, 1993",:8.29,:46%,:0.79,:77%,:0.00,:0%,:50%,:0.0,http://ufcstats.com/fighter-details/4a574b8512fc1b30
Colin Robinson,10-12-0,"6' 4""",243 lbs.,--,Orthodox,"Nov 27, 1968",:6.19,:69%,:7.91,:37%,:2.58,:100%,:50%,:5.2,http://ufcstats.com/fighter-details/1a1a4d7a29041d77
Asbel Cancio,0-1-0,"5' 10""",225 lbs.,--,,--,:0.00,:0%,:0.00,:0%,:0.00,:0%,:0%,:0.0,http://ufcstats.com/fighter-details/2a7afe14b3a0a058
Sean Holden,5-2-0,"5' 10""",170 lbs.,--,,"Sep 17, 1984",:2.40,:59%,:0.60,:59%,:5.00,:83%,:0%,:2.0,http://ufcstats.com/fighter-details/acbb9c76f5894e36
Andrei Semenov,34-9-2,"6' 0""",185 lbs.,--,Orthodox,"Jun 17, 1977",:0.78,:15%,:2.44,:60%,:1.74,:80%,:55%,:0.4,http://ufcstats.com/fighter-details/5f2f0da6fd6a84fd
Kestutis Smirnovas,24-8-2,"5' 10""",200 lbs.,--,Orthodox,"Apr 08, 1976",:4.95,:52%,:5.05,:54%,:1.55,:50%,:100%,:1.6,http://ufcstats.com/fighter-details/1979c80150f630c4
Josh Stansbury,4-8-0,"6' 2""",205 lbs.,"74""",Orthodox,"Nov 19, 1984",:3.22,:54%,:3.54,:54%,:0.00,:0%,:87%,:1.0,http://ufcstats.com/fighter-details/30ea504870f8597b
Eric Galvan,0-0-0,--,155 lbs.,--,,--,:0.00,:0%,:0.00,:0%,:0.00,:0%,:0%,:0.0,http://ufcstats.com/fighter-details/ad3fdba28a7540cf
Din Thomas,26-9-0 (1 NC),"5' 9""",155 lbs.,--,Orthodox,"Sep 28, 1976",:1.85,:37%,:2.60,:59%,:1.38,:52%,:76%,:1.2,http://ufcstats.com/fighter-details/40a604761ca7d64d
Colleen Schneider,11-7-0,--,135 lbs.,--,,--,:2.17,:48%,:2.50,:50%,:2.50,:50%,:60%,:0.0,http://ufcstats.com/fighter-details/aa943b9bc00cb0ed
Genki Sudo,15-4-2,"5' 9""",155 lbs.,--,Orthodox,"Mar 08, 1978",:1.55,:39%,:2.23,:33%,:3.58,:60%,:50%,:4.2,http://ufcstats.com/fighter-details/99dd0147dc4ef80c
Jeremy  Freitag,6-10-0,"6' 1""",205 lbs.,--,,--,:0.00,:0%,:8.37,:19%,:0.00,:0%,:33%,:1.9,http://ufcstats.com/fighter-details/a47e9ec288c91067
Nick Penner,11-3-0,"6' 4""",205 lbs.,--,Southpaw,"Mar 26, 1980",:1.25,:30%,:4.60,:38%,:0.00,:0%,:40%,:0.0,http://ufcstats.com/fighter-details/879b8df81523d91b
Kazuhisa Watanabe,0-1-0,"5' 6""",139 lbs.,--,,"May 18, 1983",:0.62,:50%,:0.94,:0%,:0.00,:0%,:14%,:0.0,http://ufcstats.com/fighter-details/951ffadfc4e917ea
Ralek Gracie,3-1-0,"6' 2""",210 lbs.,--,Orthodox,"Oct 04, 1985",:1.61,:46%,:1.05,:55%,:2.50,:75%,:0%,:1.7,http://ufcstats.com/fighter-details/84283233ec42be5f
Ryan Spann,23-11-0,"6' 5""",205 lbs.,"79""",Orthodox,"Aug 24, 1991",:3.19,:39%,:4.14,:43%,:1.30,:34%,:52%,:1.8,http://ufcstats.com/fighter-details/a67f5afa8d6a1b80
Kevin Burns,12-7-0,"5' 10""",170 lbs.,"74""",Orthodox,"Mar 03, 1980",:2.74,:38%,:4.30,:52%,:0.28,:50%,:47%,:0.8,http://ufcstats.com/fighter-details/a6d8bfe9e0c8153b
Edwin Figueroa,9-5-0,"5' 7""",135 lbs.,"69""",Orthodox,"Jul 31, 1984",:2.57,:39%,:3.06,:51%,:0.20,:100%,:37%,:0.6,http://ufcstats.com/fighter-details/bbfca6d5c27d9cd8
Joel Sutton,2-4-1,"5' 11""",205 lbs.,--,Orthodox,"Jul 07, 1969",:0.00,:0%,:0.00,:0%,:0.00,:0%,:0%,:0.0,http://ufcstats.com/fighter-details/a6a9ab5a824e8f66
James Mulheron,11-2-0,"5' 10""",243 lbs.,"73""",Orthodox,"Feb 20, 1988",:2.40,:31%,:3.47,:42%,:0.00,:0%,:25%,:0.0,http://ufcstats.com/fighter-details/8d5350fa18b79e9a
Gilbert Rael,1-3-0,"5' 8""",155 lbs.,--,,--,:0.00,:0%,:7.46,:37%,:4.86,:100%,:0%,:0.0,http://ufcstats.com/fighter-details/6cc25d19a891f435
Jesse Ronson,21-12-0 (1 NC),"5' 10""",155 lbs.,"70""",Southpaw,"Dec 24, 1985",:3.54,:47%,:3.39,:57%,:0.46,:28%,:57%,:0.5,http://ufcstats.com/fighter-details/5580771f383e141f
Kyle Prepolec,18-9-0,"5' 10""",155 lbs.,"70""",Southpaw,"Aug 30, 1989",:2.87,:35%,:5.19,:49%,:0.00,:0%,:40%,:0.0,http://ufcstats.com/fighter-details/873626e5547b5235
Phillip Miller,16-0-0,"5' 11""",185 lbs.,--,Orthodox,"Feb 20, 1979",:1.61,:54%,:1.93,:50%,:3.62,:25%,:100%,:0.6,http://ufcstats.com/fighter-details/18aecaf50f52e4c3
Val Woodburn,7-2-0,"5' 8""",170 lbs.,"74""",Orthodox,"Aug 10, 1993",:1.60,:35%,:4.93,:36%,:1.92,:100%,:50%,:0.0,http://ufcstats.com/fighter-details/7a47e068f8017019
Jamelle Jones,7-5-0,"6' 0""",205 lbs.,"75""",Orthodox,"Jan 31, 1988",:1.78,:80%,:3.11,:65%,:0.00,:0%,:0%,:0.0,http://ufcstats.com/fighter-details/1dda22d0ac3d1271
Hermes Franca,24-17-0 (1 NC),"5' 6""",155 lbs.,"71""",Orthodox,"Aug 26, 1974",:1.78,:39%,:2.85,:55%,:1.53,:36%,:37%,:2.4,http://ufcstats.com/fighter-details/e0ec3c3b6b611f7e
Michal Martinek,7-1-0,"6' 2""",230 lbs.,--,Southpaw,"Apr 19, 1990",:2.45,:53%,:4.29,:51%,:0.00,:0%,:0%,:0.0,http://ufcstats.com/fighter-details/9acf42aebe9bb895
Junior Dos Santos,21-9-0,"6' 4""",238 lbs.,"77""",Orthodox,"Jan 30, 1984",:4.49,:47%,:3.33,:56%,:0.30,:50%,:81%,:0.1,http://ufcstats.com/fighter-details/63def5a5662a6917
Valter Walker,14-1-0,"6' 6""",265 lbs.,"78""",Orthodox,"Dec 14, 1997",:1.90,:49%,:2.89,:42%,:5.43,:66%,:0%,:2.0,http://ufcstats.com/fighter-details/f5779a2303ed76ec
Spencer Hearns,1-0-0,"5' 11""",185 lbs.,--,,--,:0.00,:0%,:0.00,:0%,:0.00,:0%,:0%,:0.0,http://ufcstats.com/fighter-details/d85cf12439945941
Rob Emerson,18-12-0 (1 NC),"5' 9""",155 lbs.,"70""",Orthodox,"Jul 30, 1981",:2.50,:30%,:2.83,:64%,:2.02,:52%,:65%,:0.4,http://ufcstats.com/fighter-details/dc0f07928009a127
Achmed Labasanov,7-4-0,"6' 3""",215 lbs.,--,Orthodox,"Apr 24, 1978",:0.75,:39%,:1.10,:46%,:3.00,:100%,:0%,:0.8,http://ufcstats.com/fighter-details/b3fb8d2293e17a59
Wesley Little,4-8-0,"6' 4""",205 lbs.,--,,--,:0.00,:0%,:0.00,:0%,:0.00,:0%,:0%,:0.0,http://ufcstats.com/fighter-details/008c6e1a25751575
KJ Noons,13-9-0 (1 NC),"5' 10""",155 lbs.,"70""",Orthodox,"Dec 07, 1982",:3.68,:35%,:3.78,:65%,:0.08,:20%,:68%,:0.0,http://ufcstats.com/fighter-details/b7ffa72aa148599a
Justin Robbins,14-18-1,"5' 5""",135 lbs.,--,,"Jul 29, 1980",:0.67,:37%,:3.20,:47%,:0.00,:0%,:0%,:0.0,http://ufcstats.com/fighter-details/3b2485c8d5c8b580
Masio Fullen,11-7-0,"5' 10""",145 lbs.,"70""",Orthodox,"Oct 06, 1986",:2.46,:32%,:3.50,:54%,:0.47,:33%,:69%,:0.0,http://ufcstats.com/fighter-details/4638cc6479cc0afe
Elisha Ellison,5-2-0,"6' 0""",238 lbs.,"78""",Orthodox,"Mar 05, 1997",:1.57,:33%,:15.13,:40%,:0.00,:0%,:0%,:0.0,http://ufcstats.com/fighter-details/87e4a3a5080ee7ce
Eric Irvin,11-4-0,"5' 8""",155 lbs.,--,,"Jan 10, 1986",:3.27,:42%,:4.47,:36%,:4.00,:30%,:33%,:0.0,http://ufcstats.com/fighter-details/a47c2a6e24757932
Sam Oropeza,13-3-0,"6' 2""",170 lbs.,--,,"Jun 17, 1985",:7.68,:56%,:1.44,:70%,:3.60,:33%,:100%,:0.0,http://ufcstats.com/fighter-details/6b8db407d49c6e4b
Alex Pereira,13-3-0,"6' 4""",205 lbs.,"79""",Orthodox,"Jul 07, 1987",:5.16,:62%,:3.50,:53%,:0.11,:50%,:79%,:0.2,http://ufcstats.com/fighter-details/e5549c82bfb5582d
Ian Rammel,7-8-0,"6' 0""",185 lbs.,--,,"Jul 22, 1985",:0.00,:0%,:0.00,:0%,:0.00,:0%,:0%,:0.0,http://ufcstats.com/fighter-details/abc8e1423cf5b74e
Sodiq Yusuff,13-5-0,"5' 9""",155 lbs.,"71""",Orthodox,"May 19, 1993",:5.27,:49%,:4.29,:53%,:0.36,:23%,:62%,:0.4,http://ufcstats.com/fighter-details/94426bb170c88115
Frank Silva,7-1-0,--,125 lbs.,--,,"Aug 25, 2004",:0.00,:0%,:0.00,:0%,:0.00,:0%,:0%,:0.0,http://ufcstats.com/fighter-details/79f60d34ad48d7a3
Frankie Saenz,13-7-0,"5' 6""",135 lbs.,"66""",Orthodox,"Aug 12, 1980",:3.94,:47%,:3.50,:52%,:1.74,:31%,:61%,:0.1,http://ufcstats.com/fighter-details/9ba2226646046b63
Steven Nguyen,10-2-0,"5' 11""",145 lbs.,"73""",Switch,"May 19, 1993",:7.47,:42%,:7.10,:60%,:0.24,:100%,:88%,:0.0,http://ufcstats.com/fighter-details/69037fc7730e4225
Chase Waldon,11-2-0,"6' 1""",185 lbs.,"75""",Orthodox,"Sep 19, 1986",:1.03,:28%,:6.72,:38%,:7.76,:33%,:0%,:0.0,http://ufcstats.com/fighter-details/aeb6c57b9bd8bc3a
John Franchi,6-2-0,"5' 6""",145 lbs.,"67""",Orthodox,"Jul 16, 1982",:1.83,:48%,:2.59,:48%,:2.68,:80%,:40%,:0.3,http://ufcstats.com/fighter-details/b9532d815060de7f
Jess Bouscal,3-2-0,--,155 lbs.,--,,--,:0.00,:0%,:0.00,:0%,:0.00,:0%,:0%,:0.0,http://ufcstats.com/fighter-details/38b1417ec17072da
Paulo Costa,15-4-0,"6' 1""",185 lbs.,"72""",Orthodox,"Apr 21, 1991",:6.26,:58%,:6.20,:49%,:0.32,:50%,:80%,:0.0,http://ufcstats.com/fighter-details/2e5c2aa8e4ab9d82
