name,height,reach,dob,url
Sijara Eubanks,"5' 4""","67""","Apr 27, 1985",http://ufcstats.com/fighter-details/4234f0097c83fa62
John Kelly,"5' 9""",--,"Aug 02, 1978",http://ufcstats.com/fighter-details/ace83095105dd205
Kurtis Campbell,"5' 9""","72""","Jul 29, 2002",http://ufcstats.com/fighter-details/9d51798e61f2e0c7
Eddie Ruiz,"5' 7""",--,"Jun 10, 1967",http://ufcstats.com/fighter-details/7b9aa973e5c04624
Henry Briones,"5' 8""","69""","Oct 22, 1980",http://ufcstats.com/fighter-details/01fcef7e3d051722
CM Punk,"6' 1""","73""","Oct 26, 1978",http://ufcstats.com/fighter-details/a8c9d16fe2a14d72
Lucas Camacho,"6' 4""","80""","Dec 15, 1992",http://ufcstats.com/fighter-details/71d25689f70e4036
Carlos Calderon,"5' 11""","71""","Feb 10, 1996",http://ufcstats.com/fighter-details/7d4d7583df7eebf9
Jared Rosholt,"6' 2""","75""","Aug 04, 1986",http://ufcstats.com/fighter-details/91ea901c458e95dd
John Alessio,"5' 10""","72""","Jul 05, 1979",http://ufcstats.com/fighter-details/7a15f3694c5cbc02
Jackson McVey,"6' 4""","77""","Mar 25, 1999",http://ufcstats.com/fighter-details/3eeec2f53cebdf12
Mike Wilkinson,"5' 7""","66""","Sep 15, 1987",http://ufcstats.com/fighter-details/cfaf010d5b389c09
BJ Penn,"5' 9""","70""","Dec 13, 1978",http://ufcstats.com/fighter-details/73c7cfa551289285
Luis Felipe Dias,"5' 10""","74""","Jan 17, 1995",http://ufcstats.com/fighter-details/33a86e839ad202d8
Gigo Jara,"5' 9""",--,--,http://ufcstats.com/fighter-details/99d5cf1eda8b25c1
Hu Yaozong,"6' 3""","72""","Apr 07, 1995",http://ufcstats.com/fighter-details/f1175ea3aafbf351
Jesse Bongfeldt,"6' 0""",--,"Aug 28, 1980",http://ufcstats.com/fighter-details/934de214814b8ff4
Jordan Goodwin,--,--,--,http://ufcstats.com/fighter-details/7f98d9d5a10fa25c
Jeremy Kennedy,"5' 11""","71""","Sep 16, 1992",http://ufcstats.com/fighter-details/68f6e96c5fa6e044
Taylor Johnson,"6' 0""","74""","Nov 09, 1990",http://ufcstats.com/fighter-details/552b09cbf13b6328
Kevin Jousset,"6' 2""","75""","May 02, 1993",http://ufcstats.com/fighter-details/dda15dbfafb792df
Danny Mitchell,"6' 2""",--,"Aug 08, 1986",http://ufcstats.com/fighter-details/c06d554ce1713fd3
Priya Sharma,"5' 1""","59""","Aug 29, 1991",http://ufcstats.com/fighter-details/5f23eaf9e9c34667
Javi Alanis,"5' 6""",--,--,http://ufcstats.com/fighter-details/2144954270be834d
Ben Holscher,"5' 11""",--,--,http://ufcstats.com/fighter-details/6070f16bcfd89fcf
Paul Jones,"5' 9""",--,"Jun 16, 1963",http://ufcstats.com/fighter-details/f341f9551ba744e2
Keenan Raymond,--,--,--,http://ufcstats.com/fighter-details/bdd16cd6b29cb499
Junior Tafa,"6' 3""","75""","Sep 21, 1996",http://ufcstats.com/fighter-details/c15fa95b9a12fde4
Frankie Edgar,"5' 6""","68""","Oct 16, 1981",http://ufcstats.com/fighter-details/f2688492b9a525a3
Alessandro Costa,"5' 4""","67""","Jan 28, 1996",http://ufcstats.com/fighter-details/3fa97913cfd205d3
Takayo Hashi,"5' 4""",--,"Oct 02, 1977",http://ufcstats.com/fighter-details/ae4343d29c68e9d0
Max Holloway,"5' 11""","69""","Dec 04, 1991",http://ufcstats.com/fighter-details/150ff4cc642270b9
Garrett Mueller,"5' 9""",--,"Jan 29, 1989",http://ufcstats.com/fighter-details/d0c325dfefdde31f
Kazuki Okubo,"5' 11""",--,"Jun 30, 1979",http://ufcstats.com/fighter-details/33454ad90754cb49
Julian Sanchez,"6' 3""",--,--,http://ufcstats.com/fighter-details/c6da1c24fe473418
Logan Clark,"6' 2""",--,"Feb 16, 1985",http://ufcstats.com/fighter-details/6776260cb0aef647
Dan Henderson,"5' 11""","74""","Aug 24, 1970",http://ufcstats.com/fighter-details/1ccf4e7caff270df
Zhang Mingyang,"6' 2""","75""","Aug 16, 1998",http://ufcstats.com/fighter-details/8a65fd9ba31fd3f7
Matthew Lopez,"5' 7""","69""","Jan 21, 1987",http://ufcstats.com/fighter-details/2fc7e9701642ca38
Omar Morales,"5' 11""","73""","Oct 17, 1985",http://ufcstats.com/fighter-details/a0e6753c42698f13
Jorge Ortiz,"6' 0""",--,--,http://ufcstats.com/fighter-details/9c5828c6fd9dc948
David Terrell,"6' 1""",--,"Jan 09, 1978",http://ufcstats.com/fighter-details/4123fd4dcc1fe937
Mychal Clark,"6' 3""",--,--,http://ufcstats.com/fighter-details/69108cb8b32efe04
WonBin Ki,"5' 11""","73""","Feb 11, 1991",http://ufcstats.com/fighter-details/aaeb55084b198a39
Michel Pereira,"6' 1""","73""","Oct 06, 1993",http://ufcstats.com/fighter-details/595db60957de51d3
Ryuichi Murata,"5' 8""",--,"Aug 27, 1976",http://ufcstats.com/fighter-details/e3a6c6d6d0ac0815
Brendan Schaub,"6' 4""","78""","Mar 18, 1983",http://ufcstats.com/fighter-details/89a407032911e27e
Taylor Moore,"5' 10""","70""","Oct 16, 1993",http://ufcstats.com/fighter-details/26927dab41dbd5fc
Emily Ducote,"5' 2""","63""","Jan 01, 1994",http://ufcstats.com/fighter-details/02f8fedc18cbd26c
Alfonso Alcarez,"5' 3""",--,"Jun 10, 1970",http://ufcstats.com/fighter-details/1e38bba6738b7b10
Fabio Cherant,"6' 1""","74""","Nov 25, 1994",http://ufcstats.com/fighter-details/78a68f1dade6aaf7
Alavutdin Gadjiev,"6' 2""",--,"Jun 23, 1982",http://ufcstats.com/fighter-details/a7a79b8efbceaaac
Lorenzo Hood,"6' 3""","80""","Mar 02, 1989",http://ufcstats.com/fighter-details/7f9abc4db2d05764
Alistair Overeem,"6' 4""","80""","May 17, 1980",http://ufcstats.com/fighter-details/b4ad3a06ee4d660c
Chad George,"5' 6""","68""","Apr 30, 1982",http://ufcstats.com/fighter-details/14e797332ea32cdb
Genaro Valdez,"5' 9""","72""","Jan 16, 1992",http://ufcstats.com/fighter-details/cda1099995b46cc2
Koyomi Matsushima,"5' 7""","66""","Oct 08, 1992",http://ufcstats.com/fighter-details/5ad226da6c74a48e
Davi Bittencourt,"5' 5""","65""","Oct 12, 1994",http://ufcstats.com/fighter-details/dd6ec6f941c3a414
Jimmie Pace,--,--,"Apr 09, 1996",http://ufcstats.com/fighter-details/4652b685fa11e7fd
Dennis Dombrow,--,--,"Mar 17, 1986",http://ufcstats.com/fighter-details/4145caa2c999fbac
Ilia Topuria,"5' 7""","69""","Jan 21, 1997",http://ufcstats.com/fighter-details/54f64b5e283b0ce7
Terry Etim,"6' 1""","73""","Jan 11, 1986",http://ufcstats.com/fighter-details/33011768c3c4dc9a
Patrik White,"6' 0""","72""","Jun 11, 1993",http://ufcstats.com/fighter-details/4debc6c4c6249690
Lyoto Machida,"6' 1""","74""","May 30, 1978",http://ufcstats.com/fighter-details/f7a7f7118d4b01b6
Marcos Conrado Jr.,"6' 2""",--,"Mar 14, 1982",http://ufcstats.com/fighter-details/d450769115a193c2
David Smith,--,--,--,http://ufcstats.com/fighter-details/e955046551f8c7dd
Gegard Mousasi,"6' 2""","76""","Aug 01, 1985",http://ufcstats.com/fighter-details/232c582f29f8f65e
Eugenio Tadeu,"5' 8""",--,"Aug 17, 1963",http://ufcstats.com/fighter-details/f70144caea5c4c80
Brandon Moreno,"5' 7""","70""","Dec 07, 1993",http://ufcstats.com/fighter-details/792be9a24df82ed6
Rudy Bears,"5' 11""",--,"Jan 19, 1979",http://ufcstats.com/fighter-details/74f13066b1417ef3
Farid Basharat,"5' 8""","71""","Aug 02, 1997",http://ufcstats.com/fighter-details/a09ed60aa67a3f67
Pearl Gonzalez,"5' 4""",--,"Aug 12, 1986",http://ufcstats.com/fighter-details/1ebdcb7488d0ebee
Carlos Newton,"5' 9""",--,"Aug 17, 1976",http://ufcstats.com/fighter-details/952f6fa06f25a0ec
Jason Sharp,--,--,--,http://ufcstats.com/fighter-details/285e32e41f61a5b1
Cory McKenna,"5' 3""","58""","Jul 11, 1999",http://ufcstats.com/fighter-details/3351aa64aa83c4d9
Kengo Ura,"5' 9""",--,"Jun 20, 1981",http://ufcstats.com/fighter-details/58258914525740a5
Mason Fowler,"5' 11""",--,--,http://ufcstats.com/fighter-details/d745d4146be48679
MinWoo Kim,"5' 8""","72""","Jul 21, 1993",http://ufcstats.com/fighter-details/6343a95f1d9e6a33
Brian McLaughlin,"5' 9""",--,"May 12, 1984",http://ufcstats.com/fighter-details/6488729da7ac1c79
Alden Coria,"5' 8""","67""","Apr 24, 1998",http://ufcstats.com/fighter-details/5e9ca8dd7d783a75
Dave Herman,"6' 4""","77""","Oct 03, 1984",http://ufcstats.com/fighter-details/cbd6f1abf955e628
JungHyun Lee,"5' 5""","65""","Sep 10, 2002",http://ufcstats.com/fighter-details/b6033505c245e28b
Joe Stevenson,"5' 7""","70""","Jun 15, 1982",http://ufcstats.com/fighter-details/79899ecf62020f6d
Karl Willis,--,--,--,http://ufcstats.com/fighter-details/95883dbdab4fcf0f
Victor Madrigal,"5' 7""","71""","Aug 16, 1990",http://ufcstats.com/fighter-details/cc63a5f0089d8ba9
Norma Dumont,"5' 7""","67""","Oct 01, 1990",http://ufcstats.com/fighter-details/d3f5d33d61cd00c9
Enrique Marin,"5' 10""",--,"Sep 02, 1986",http://ufcstats.com/fighter-details/23a6e307077c6ccc
Jake O'Brien,"6' 3""","76""","Sep 25, 1984",http://ufcstats.com/fighter-details/20bcc9966affb19c
Alice Pereira,"5' 8""","71""","Dec 20, 2005",http://ufcstats.com/fighter-details/81d2c551886bd5a1
Jim Miller,"5' 8""","71""","Aug 30, 1983",http://ufcstats.com/fighter-details/d1941565abf50b16
Ricardo Almeida,"6' 0""","74""","Nov 29, 1976",http://ufcstats.com/fighter-details/91186547a7f3f758
Radley Da Silva,"5' 9""","71""","Jun 20, 1995",http://ufcstats.com/fighter-details/0d68c7bfdff1dc34
Ruben Villareal,"6' 4""",--,"May 01, 1970",http://ufcstats.com/fighter-details/39f68882def7a507
Courtney Buck,"5' 10""",--,"Mar 19, 1982",http://ufcstats.com/fighter-details/3feed7d02711d8b7
Chico Camus,"5' 6""","66""","Jan 26, 1985",http://ufcstats.com/fighter-details/32be4b7f7de1c905
Leah Letson,"5' 7""","71""","Aug 21, 1992",http://ufcstats.com/fighter-details/8cb78f3a6c2a08f7
Dustin Ortiz,"5' 5""","65""","Dec 25, 1988",http://ufcstats.com/fighter-details/f53c1f4ceeed8c08
Jeremy Boczulak,--,--,--,http://ufcstats.com/fighter-details/1afd74f8cb0719f3
Paula Luna,"5' 2""","62""","Jul 05, 1999",http://ufcstats.com/fighter-details/5b1effb0db45273a
Joe Solecki,"5' 9""","70""","Aug 27, 1993",http://ufcstats.com/fighter-details/af65aa688d13eedf
Jim Wallhead,"5' 10""",--,"Mar 14, 1984",http://ufcstats.com/fighter-details/0c670b443c3d269f
Shane Campbell,"6' 0""","71""","Jan 21, 1987",http://ufcstats.com/fighter-details/784285b7ae7dd85f
Paulo Henrique,"5' 7""","69""","Jul 03, 2002",http://ufcstats.com/fighter-details/3fe8ad7e1594537a
Mandel Nallo,"6' 0""","75""","Jul 26, 1989",http://ufcstats.com/fighter-details/8f4528c10bd34fab
Federico Lopez,"5' 4""",--,"Jan 04, 1984",http://ufcstats.com/fighter-details/9681e0ce67dc978b
Rony Jason,"5' 7""","73""","Mar 21, 1984",http://ufcstats.com/fighter-details/b71ce838b01f2cad
Eric Spicely,"6' 1""","73""","Sep 29, 1986",http://ufcstats.com/fighter-details/b9664eae2ac75262
Mara Romero Borella,"5' 6""","69""","Jun 03, 1986",http://ufcstats.com/fighter-details/82cbb809d5ee565c
Ronald Jhun,"5' 11""",--,"Sep 21, 1970",http://ufcstats.com/fighter-details/b9e871af730f826c
Brandon Wolff,"5' 9""",--,"Oct 18, 1975",http://ufcstats.com/fighter-details/aa79d5399571068e
Claudio Ribeiro,"6' 1""","77""","Jul 17, 1992",http://ufcstats.com/fighter-details/972c456ff38b2015
Junior Assuncao,"5' 9""","72""","Jun 24, 1981",http://ufcstats.com/fighter-details/d0d7160824278840
Demian Maia,"6' 1""","72""","Nov 06, 1977",http://ufcstats.com/fighter-details/427b5953ac8e3a27
Eun Soo Lee,"6' 1""",--,"Mar 07, 1982",http://ufcstats.com/fighter-details/39c568f8c579913e
Ian Entwistle,"5' 5""",--,"Nov 19, 1986",http://ufcstats.com/fighter-details/d7adfcfdf7c6c1f8
Nikk Covert,"5' 8""",--,"Aug 04, 1969",http://ufcstats.com/fighter-details/400c7b43c86d27d3
Paulo Cesar Silva,"7' 5""",--,"Jul 21, 1963",http://ufcstats.com/fighter-details/55b8dc4e54fe2c59
Andrey Koreshkov,"6' 0""",--,"Aug 23, 1990",http://ufcstats.com/fighter-details/aee885b8ca29ab4f
Ross Pointon,"5' 8""",--,"Feb 18, 1980",http://ufcstats.com/fighter-details/7215953cd5c6254d
Luc Bondole,"6' 2""",--,--,http://ufcstats.com/fighter-details/8691881b31c16b88
Dwight Joseph,"5' 6""",--,"Aug 16, 1989",http://ufcstats.com/fighter-details/34ca93f1791a5c50
Chris Mierzwiak,"6' 1""",--,"Feb 14, 1988",http://ufcstats.com/fighter-details/2b284840ca89876a
Sterling Ford,"5' 10""",--,"Mar 12, 1986",http://ufcstats.com/fighter-details/a71ce6ff0b4a9dbb
Ericka Almeida,"5' 6""",--,"Mar 05, 1989",http://ufcstats.com/fighter-details/67a992d4cff22466
Raul Castillo,"5' 11""",--,--,http://ufcstats.com/fighter-details/feeae92f951f49a9
Jason Miller,"6' 1""",--,"Dec 24, 1980",http://ufcstats.com/fighter-details/b2f88c04c4dd43ce
Leslie Smith,"5' 9""","66""","Aug 17, 1982",http://ufcstats.com/fighter-details/76984112f697631f
Ketlen Souza,"5' 3""","63""","Aug 18, 1994",http://ufcstats.com/fighter-details/8bd4200561c77a62
Bryson Kamaka,"5' 11""",--,--,http://ufcstats.com/fighter-details/9336e86cfd4ceaa1
Joey Roberts,"6' 2""",--,"Nov 11, 1977",http://ufcstats.com/fighter-details/c058823a2595ab09
Lumumba Sayers,"6' 0""",--,"Jun 30, 1978",http://ufcstats.com/fighter-details/402ea3b5ee233852
Tatsuya Ando,"5' 4""","68""","Apr 26, 1990",http://ufcstats.com/fighter-details/17615148dd4be6f6
Mike Jackson,"6' 2""","74""","Mar 22, 1985",http://ufcstats.com/fighter-details/0641c21bec209472
Mike Pyle,"6' 0""","74""","Sep 18, 1975",http://ufcstats.com/fighter-details/f5990c11974d8e9c
Aaron Wilkinson,"5' 10""",--,"Jan 31, 1987",http://ufcstats.com/fighter-details/338a11d3674eb2d4
Kay Hansen,"5' 2""","63""","Aug 14, 1999",http://ufcstats.com/fighter-details/4100c7a09497ad41
Bubba Jenkins,"5' 7""",--,"Feb 05, 1988",http://ufcstats.com/fighter-details/5e841bb3752b6e86
Artur Oumakhanov,"5' 7""",--,"Feb 27, 1979",http://ufcstats.com/fighter-details/1ef0eae31904e534
Felicia Spencer,"5' 6""","68""","Nov 29, 1990",http://ufcstats.com/fighter-details/39d91e95949de3d9
Acacio Dos Santos,"6' 4""","79""","Sep 29, 1991",http://ufcstats.com/fighter-details/957562fdf68a725a
Jiniushiyue,"5' 6""","68""","Dec 09, 2000",http://ufcstats.com/fighter-details/c14a683dac2ebc4c
Lance Benoist,"5' 11""","72""","Aug 26, 1988",http://ufcstats.com/fighter-details/5431dccc09118234
Anna Elmose,"5' 3""",--,"Oct 06, 1984",http://ufcstats.com/fighter-details/1536a25e16fc299b
Tim Roman,"6' 1""",--,"Jun 08, 1985",http://ufcstats.com/fighter-details/3b83fec860a45ca1
James Te Huna,"6' 2""","75""","Sep 29, 1981",http://ufcstats.com/fighter-details/f5431394fb284bb9
Riki Fukuda,"6' 0""","73""","Jan 06, 1981",http://ufcstats.com/fighter-details/7c35f869033901ae
Alberto Crane,"5' 5""",--,"Jul 14, 1976",http://ufcstats.com/fighter-details/25433871e4eee0f4
Emilio Cuellar,--,--,--,http://ufcstats.com/fighter-details/3aeb69b4a13ff0e8
Fabio Nascimento,"5' 10""",--,"Mar 18, 1981",http://ufcstats.com/fighter-details/307064d3e0f036c2
Viviane Araujo,"5' 4""","68""","Nov 21, 1986",http://ufcstats.com/fighter-details/36541f1e6c5d4955
Sora Rakhmonova,--,--,"Jun 21, 1998",http://ufcstats.com/fighter-details/63ff619c52ff7976
Anthony Adams,"6' 1""","76""","Jan 13, 1988",http://ufcstats.com/fighter-details/a77633a989013265
Jesus Pinedo,"5' 10""",--,"Jun 22, 1996",http://ufcstats.com/fighter-details/25af5e832f17b474
Xie Bin,"5' 10""","72""","Feb 28, 1998",http://ufcstats.com/fighter-details/e415ea6f8d41c917
Katsuyori Shibata,"6' 0""",--,"Nov 17, 1979",http://ufcstats.com/fighter-details/d4da8995fc91e7ef
Teemu Packalen,"6' 1""","75""","May 22, 1987",http://ufcstats.com/fighter-details/8f4eeaf7a0df7c1a
Ali AlQaisi,"5' 6""","68""","Sep 23, 1990",http://ufcstats.com/fighter-details/e87a13e02c01331d
Yusaku Kinoshita,"6' 0""","71""","Aug 21, 2000",http://ufcstats.com/fighter-details/21b5c82c1b89dab1
Hector Sandoval,"5' 2""","64""","Jul 19, 1986",http://ufcstats.com/fighter-details/449c890bd90f3374
Nathan Coy,"5' 10""","69""","Jul 24, 1978",http://ufcstats.com/fighter-details/15ec018d144710db
Johnny Eduardo,"5' 7""","71""","Aug 03, 1978",http://ufcstats.com/fighter-details/528c24b99fbaab79
Onassis Parungao,"5' 11""",--,--,http://ufcstats.com/fighter-details/96d173b7f92aa520
Dimitiri Wanderley,--,--,--,http://ufcstats.com/fighter-details/a1d6b308781aa2f5
Julio Arce,"5' 7""","70""","Oct 27, 1989",http://ufcstats.com/fighter-details/1291edf2d566a71a
Mridul Saikia,"5' 7""","68""","May 09, 1997",http://ufcstats.com/fighter-details/96c76dd695eb3b88
Vitor Petrino,"6' 2""","77""","Aug 28, 1997",http://ufcstats.com/fighter-details/71171fc96445bf65
Pablo Garza,"6' 1""","73""","Sep 16, 1983",http://ufcstats.com/fighter-details/8e5bfd4e82352340
Landon Showalter,"6' 0""",--,"Jun 14, 1976",http://ufcstats.com/fighter-details/35cc17760b06f36d
Jason Freeman,"6' 2""",--,"Sep 02, 1976",http://ufcstats.com/fighter-details/5870bd1eadf4f322
Reese Andy,"6' 0""",--,"Mar 31, 1973",http://ufcstats.com/fighter-details/46e2ca71fd5089cb
Eliezer Kubanza,"5' 9""","74""","Dec 23, 1997",http://ufcstats.com/fighter-details/66579081831db7b0
Aaron Trujillo,"5' 5""",--,--,http://ufcstats.com/fighter-details/cc18abc046b382c9
Marcus LeVesseur,"5' 9""","70""","Jul 17, 1982",http://ufcstats.com/fighter-details/182f2b78582de3d8
Angel Pacheco,"5' 8""","70""","Jan 13, 1992",http://ufcstats.com/fighter-details/07797f10b9569cfc
Christian Aguilera,"5' 9""","72""","Nov 25, 1991",http://ufcstats.com/fighter-details/ae071698e1a3ccd4
Mark Weir,"6' 2""",--,"Sep 19, 1967",http://ufcstats.com/fighter-details/9ccdd2ce45903f34
Albert Duraev,"5' 11""","75""","Jan 05, 1989",http://ufcstats.com/fighter-details/6b7c7460855dbbb9
Cristina Stanciu,"5' 3""",--,"Mar 29, 1994",http://ufcstats.com/fighter-details/175852708cb55776
Vitor Miranda,"6' 1""","77""","Mar 10, 1979",http://ufcstats.com/fighter-details/4bcb6eb12b4ad4aa
Israel Delgado,"5' 10""",--,--,http://ufcstats.com/fighter-details/01f4bcd26ac08ad5
Brad Mitchell,"5' 11""",--,"Oct 10, 1974",http://ufcstats.com/fighter-details/7263e0dc082adc87
Robert Bryczek,"6' 0""","75""","Jul 04, 1990",http://ufcstats.com/fighter-details/f96856f9d69fd7e4
Jimmie Rivera,"5' 4""","68""","Jun 29, 1989",http://ufcstats.com/fighter-details/9c907996820d2d69
Maurice Mitchell,"5' 9""",--,"Jun 29, 1987",http://ufcstats.com/fighter-details/568bebed6366b667
Clint Hester,"6' 2""","77""","Nov 21, 1986",http://ufcstats.com/fighter-details/92b62174c175ce19
Elisha Helsper,"5' 6""",--,"Feb 06, 1983",http://ufcstats.com/fighter-details/0971be7d94e109e1
John Gunther,"5' 9""","72""","Nov 24, 1985",http://ufcstats.com/fighter-details/3956bdc8ab2e54b3
Benson Henderson,"5' 9""","70""","Nov 16, 1983",http://ufcstats.com/fighter-details/2676b28836a5a836
Tuco Tokkos,"6' 4""","76""","Jun 30, 1990",http://ufcstats.com/fighter-details/3e8118c1ab52f211
Neil Wain,"5' 10""",--,--,http://ufcstats.com/fighter-details/6b7bc7eaf2465387
Trenell Young,"5' 6""",--,"Jun 19, 1976",http://ufcstats.com/fighter-details/bf5183e1c1afc3b2
Frank Shamrock,"5' 10""",--,"Dec 08, 1972",http://ufcstats.com/fighter-details/fcaae0385b514f11
Pat Audinwood,"6' 0""",--,"Apr 16, 1986",http://ufcstats.com/fighter-details/196ed28337adc630
Mads Burnell,"5' 8""","69""","Mar 06, 1994",http://ufcstats.com/fighter-details/69f01b25dfabaf6b
Hector Urbina,"5' 11""","73""","Sep 17, 1987",http://ufcstats.com/fighter-details/4b8fb0453a596b8e
Jordan Bailey,"5' 9""",--,--,http://ufcstats.com/fighter-details/34dbcd4dbaf21a36
George Mangos,"5' 10""","70""","Aug 19, 2003",http://ufcstats.com/fighter-details/122ae3b34275fbb2
Li Yunfeng,"5' 8""","68""","Mar 08, 1999",http://ufcstats.com/fighter-details/4c7afd56ef1947ac
Michael Chandler,"5' 8""","71""","Apr 24, 1986",http://ufcstats.com/fighter-details/4b93a88f3b1de35b
Coltin Cole,--,--,"Apr 24, 1989",http://ufcstats.com/fighter-details/cecd72feb0d640e3
Wesley Little,"6' 4""",--,--,http://ufcstats.com/fighter-details/008c6e1a25751575
Travis Calanoc,"5' 8""",--,--,http://ufcstats.com/fighter-details/90d28fee0af74f2d
Kevin Randleman,"5' 10""",--,"Aug 10, 1971",http://ufcstats.com/fighter-details/6859f67468ba8489
Ryan Spann,"6' 5""","79""","Aug 24, 1991",http://ufcstats.com/fighter-details/a67f5afa8d6a1b80
Moti Horenstein,"6' 4""",--,"Mar 23, 1964",http://ufcstats.com/fighter-details/baf942f4bcb09894
Nathan Fletcher,"5' 7""","70""","Jan 03, 1998",http://ufcstats.com/fighter-details/a2d342ffc83913ed
Keith Berry,"6' 1""",--,"Oct 25, 1987",http://ufcstats.com/fighter-details/0b935b9bbbe5fc07
Kyron Bowen,"6' 3""","73""","Dec 22, 1993",http://ufcstats.com/fighter-details/5488b3c67600333a
Magomed Zaynukov,"5' 10""","68""","Jan 02, 1995",http://ufcstats.com/fighter-details/04ff3a711504d6b3
Christopher Lopez,"5' 10""",--,"Jan 30, 1986",http://ufcstats.com/fighter-details/5148a665aa527865
George Stork,"5' 10""",--,--,http://ufcstats.com/fighter-details/61dd409cb40d1a55
Chad Sutton,"6' 1""",--,"Aug 07, 1982",http://ufcstats.com/fighter-details/556347e2b0e33979
Andrew Valladerez,--,--,"Jun 28, 1987",http://ufcstats.com/fighter-details/2a898bf9fb7710b3
Mo Miller,"5' 8""","72""","Aug 10, 1992",http://ufcstats.com/fighter-details/39019970ac8543e9
Pat Schilling,"5' 8""",--,"Aug 28, 1988",http://ufcstats.com/fighter-details/de12bd65e2f46478
Ronda Rousey,"5' 7""","66""","Feb 01, 1987",http://ufcstats.com/fighter-details/8bdac25ce0bb874d
Phil Davis,"6' 2""","79""","Sep 25, 1984",http://ufcstats.com/fighter-details/902ab9197b83d0db
Walt Harris,"6' 5""","77""","Jun 10, 1983",http://ufcstats.com/fighter-details/03f982ca3735070c
Jorge Oliveira,"6' 1""",--,--,http://ufcstats.com/fighter-details/bec2746f033802c3
Gaston Reyno,"6' 0""",--,"Nov 11, 1986",http://ufcstats.com/fighter-details/64db35f7782fe274
Teddy Ash,"6' 1""","73""","Dec 27, 1989",http://ufcstats.com/fighter-details/a373085066dbfb54
Kody Steele,"5' 9""","71""","Apr 21, 1995",http://ufcstats.com/fighter-details/aebaa8cec15b083d
Antonina Shevchenko,"5' 8""","67""","Nov 20, 1984",http://ufcstats.com/fighter-details/d7338bcb141abd2c
Enson Inoue,"5' 10""",--,"Apr 15, 1967",http://ufcstats.com/fighter-details/0cf935519d439ba6
Peggy Morgan,"6' 1""",--,"Dec 16, 1979",http://ufcstats.com/fighter-details/92b36014314b028b
Nik Lentz,"5' 8""","68""","Aug 13, 1984",http://ufcstats.com/fighter-details/6fb1ba67bef41b37
Brett Cooper,"6' 0""",--,"Jul 02, 1987",http://ufcstats.com/fighter-details/88ffe9745e218dd8
Jesse Finney,"6' 0""",--,"Jul 11, 1974",http://ufcstats.com/fighter-details/0496cdac0bc9edd8
Ronaldo Candido,"5' 6""",--,"Apr 24, 1989",http://ufcstats.com/fighter-details/23fbe02caabcd214
John Hathaway,"6' 1""","75""","Jul 23, 1987",http://ufcstats.com/fighter-details/28f3c2258a1d8874
Tom Gallicchio,"5' 10""",--,"Sep 23, 1986",http://ufcstats.com/fighter-details/cc81c92fe2254935
Sarah Payant,"5' 4""",--,--,http://ufcstats.com/fighter-details/748d4e35f846a029
Roy Boughton,"6' 0""",--,--,http://ufcstats.com/fighter-details/2aaf0181432adf0b
Kevin Szaflarski,"6' 5""","77""","Dec 30, 1994",http://ufcstats.com/fighter-details/d2d05dda5f887f87
Dustin Jacoby,"6' 3""","76""","Apr 04, 1988",http://ufcstats.com/fighter-details/e4277e87a789d687
David Branch,"6' 1""","78""","Sep 26, 1981",http://ufcstats.com/fighter-details/d2c55d1d2e67773b
Johny Hendricks,"5' 9""","69""","Sep 12, 1983",http://ufcstats.com/fighter-details/0941df56f6ac954b
Mark Scanlon,"5' 9""",--,--,http://ufcstats.com/fighter-details/771b60ff889661c8
Feng Xiaocan,"5' 7""","67""","Oct 27, 2001",http://ufcstats.com/fighter-details/c940b42df95bbd28
Kitt Campbell,"6' 1""","73""","Jun 26, 1994",http://ufcstats.com/fighter-details/903ef36a6adc09a3
Daniel Acacio,"5' 8""",--,"Dec 27, 1977",http://ufcstats.com/fighter-details/1c5879330d42255f
Ron Henderson,"5' 10""",--,--,http://ufcstats.com/fighter-details/498f0d066396ec59
Kyle Bolt,"6' 2""",--,--,http://ufcstats.com/fighter-details/9d455d5cfe6a0e35
Jeff Newton,"6' 2""",--,"Dec 11, 1966",http://ufcstats.com/fighter-details/94609dd91731d428
Zelim Imadaev,"6' 0""","76""","Jan 25, 1995",http://ufcstats.com/fighter-details/7f0f171414d0a287
ChangHo Lee,"5' 8""","69""","May 09, 1994",http://ufcstats.com/fighter-details/117a06469813e4ef
James Gabert,--,--,--,http://ufcstats.com/fighter-details/fcd8b623892b9a10
Nohelin Hernandez,"5' 10""","71""","Mar 01, 1994",http://ufcstats.com/fighter-details/f97c5433c77522d3
Junya Kudo,--,--,"Mar 24, 1983",http://ufcstats.com/fighter-details/487c170da059857d
Jules Bruchez,"6' 0""",--,"Aug 16, 1977",http://ufcstats.com/fighter-details/d1dcd4e96464a53d
Korey Kuppe,"6' 5""","77""","Jan 23, 1989",http://ufcstats.com/fighter-details/780a2897055e3ee3
Carlton Minus,"5' 10""","75""","Apr 26, 1993",http://ufcstats.com/fighter-details/40d8b74488743800
Yves Jabouin,"5' 7""","68""","May 30, 1979",http://ufcstats.com/fighter-details/b4eeac608fc82f88
Jason Lambert,"6' 3""","75""","Jun 03, 1975",http://ufcstats.com/fighter-details/5be86bb2f78fef2f
Jessica Penne,"5' 5""","67""","Jan 30, 1983",http://ufcstats.com/fighter-details/c742287ed86a09bc
Nolan Ticman,"5' 6""",--,"May 17, 1988",http://ufcstats.com/fighter-details/9eb069062a0cfc13
Charlie Brenneman,"5' 10""","70""","Feb 09, 1981",http://ufcstats.com/fighter-details/98f6da59d765ec94
Lissette Neri,"5' 2""",--,"Aug 05, 1987",http://ufcstats.com/fighter-details/f4db63258ecf0613
Tor Troeng,"6' 2""",--,"Jan 25, 1983",http://ufcstats.com/fighter-details/8abf70f79e9e27c2
Ebenezer Fontes Braga,"6' 0""",--,"Apr 14, 1969",http://ufcstats.com/fighter-details/dc950d59dc590aca
Tatsuro Taira,"5' 7""","70""","Jan 27, 2000",http://ufcstats.com/fighter-details/4461d7e47375a895
Nick Bustamante,"5' 9""",--,--,http://ufcstats.com/fighter-details/51b1ca2a4b064101
Dan Charles,"6' 2""",--,"Sep 24, 1985",http://ufcstats.com/fighter-details/32a4f1235f0dad73
Hatsu Hioki,"5' 11""","73""","Jul 18, 1983",http://ufcstats.com/fighter-details/ef7fa30364cbe7f2
Josh Rafferty,"6' 0""",--,"Jan 06, 1981",http://ufcstats.com/fighter-details/ff2c606c8bc365e3
Ryan Tobar,--,--,--,http://ufcstats.com/fighter-details/57481f1f10530c61
Erick Wanderlei,"6' 1""",--,"Jun 20, 1976",http://ufcstats.com/fighter-details/d57e6a8971b6d2bd
Joe Son,"5' 4""",--,"Nov 22, 1970",http://ufcstats.com/fighter-details/83b743fedde154fb
Giga Chikadze,"6' 0""","74""","Aug 25, 1988",http://ufcstats.com/fighter-details/9560ff14eb3129f7
Carlton Jones,"6' 1""",--,--,http://ufcstats.com/fighter-details/f117c3e8c1aa7b9e
Kaleo Kwan,"5' 7""",--,"Aug 01, 1970",http://ufcstats.com/fighter-details/2545c7f47a65bca3
Kyle Dietz,"5' 8""",--,"Apr 29, 1986",http://ufcstats.com/fighter-details/31da66df48c0c1a0
Travis Johnson,--,--,--,http://ufcstats.com/fighter-details/443835675e8fc6ca
Zach Light,"5' 8""",--,"Feb 06, 1974",http://ufcstats.com/fighter-details/5d7c18191b8aa432
Chase Gormley,"6' 3""",--,"Aug 11, 1983",http://ufcstats.com/fighter-details/052ceb8976695342
Max Rohskopf,"6' 1""","71""","Sep 27, 1994",http://ufcstats.com/fighter-details/59a27d2e6d0802ac
Razak Al-Hassan,"6' 2""",--,"May 14, 1982",http://ufcstats.com/fighter-details/38b50fd1e1b5b656
Jorgen Kruth,"6' 2""",--,"May 08, 1974",http://ufcstats.com/fighter-details/6071d786f6187810
Yair Rodriguez,"5' 11""","71""","Oct 06, 1992",http://ufcstats.com/fighter-details/cbf5e6f231b55443
Levi Rodrigues Jr.,"6' 0""","76""","Oct 15, 1996",http://ufcstats.com/fighter-details/9ac4e43ed56429ed
Shaheen Santana,"6' 1""","75""","Jun 04, 1991",http://ufcstats.com/fighter-details/19809d475ed832d5
Ed Herman,"6' 1""","77""","Oct 02, 1980",http://ufcstats.com/fighter-details/06f36cf4bd97ec77
Joanderson Brito,"5' 8""","72""","Feb 11, 1995",http://ufcstats.com/fighter-details/791c8437b341fba5
Fabian Gonzalez,"5' 10""",--,--,http://ufcstats.com/fighter-details/69c071bc2621e8b0
Yuji Hisamatsu,"5' 10""",--,"Sep 18, 1971",http://ufcstats.com/fighter-details/8332a607df696345
Justin McElfresh,"6' 6""",--,"Jan 04, 1980",http://ufcstats.com/fighter-details/49c29e57d4e2be6f
Carli Judice,"5' 7""","68""","Mar 02, 1999",http://ufcstats.com/fighter-details/f1ab6f37492c630a
Adam Schindler,"5' 8""",--,"May 19, 1983",http://ufcstats.com/fighter-details/89ea01f5a7ada40c
Jakub Wiklacz,"5' 10""","72""","Sep 10, 1996",http://ufcstats.com/fighter-details/6902fcf0610dd303
Clint Godfrey,"5' 6""",--,"Oct 21, 1982",http://ufcstats.com/fighter-details/bd85ca0bb4f26cfc
Fatima Kline,"5' 6""","67""","Jul 12, 2000",http://ufcstats.com/fighter-details/745fa7b605f8e2da
Javid Basharat,"5' 9""","69""","Sep 07, 1995",http://ufcstats.com/fighter-details/bbab3baf66128ae2
Tyler Diamond,"5' 7""","69""","Mar 18, 1991",http://ufcstats.com/fighter-details/f5f6419c5f00abad
Valmir Lazaro,"6' 0""","73""","Aug 15, 1985",http://ufcstats.com/fighter-details/777dea713da2441d
Isaac Vallie-Flagg,"5' 8""","70""","Apr 08, 1978",http://ufcstats.com/fighter-details/c295de4e10acd4c9
Dorian Ramos,"5' 8""","70""","Dec 31, 1993",http://ufcstats.com/fighter-details/fa4dcb2c8de482ee
Justin Guthrie,"6' 1""",--,"Jan 19, 1981",http://ufcstats.com/fighter-details/a789defa9086da46
Michael McDonald,"5' 9""","70""","Jan 15, 1991",http://ufcstats.com/fighter-details/d0314416a7f26527
Namsrai Batbayar,"5' 4""","68""","Dec 29, 2000",http://ufcstats.com/fighter-details/e1f8beeb6d2d871a
Thanh Le,"5' 9""","74""","Aug 28, 1985",http://ufcstats.com/fighter-details/882b3f5a0774d575
Scott Ferrozzo,"5' 11""",--,"Apr 26, 1965",http://ufcstats.com/fighter-details/977081bc01197656
Jared Papazian,"5' 8""","67""","Feb 01, 1988",http://ufcstats.com/fighter-details/edad57b3dddf2168
Johil de Oliveira,"5' 6""",--,"Aug 07, 1969",http://ufcstats.com/fighter-details/f9aa6376ae16bfb4
Alex Higley,"5' 10""",--,--,http://ufcstats.com/fighter-details/2af2d675f7d847e3
Ryan Hall,"5' 10""","70""","Feb 22, 1985",http://ufcstats.com/fighter-details/8866c6f509c19089
Fabiano Iha,"5' 8""",--,"Jul 28, 1970",http://ufcstats.com/fighter-details/263ebd4a669e1e98
Yusaku Nakamura,"5' 5""",--,"Jun 21, 1986",http://ufcstats.com/fighter-details/03e8df49c4a059ba
Miguel Torres,"5' 9""","76""","Jan 18, 1981",http://ufcstats.com/fighter-details/33b2f68ef95252e0
Gesias Cavalcante,"5' 8""","71""","Jul 06, 1983",http://ufcstats.com/fighter-details/2a74bbba57058f12
Mark Climaco,"5' 4""","65""","Nov 06, 1997",http://ufcstats.com/fighter-details/60098849c703e389
Darrius Flowers,"5' 9""","71""","Aug 25, 1994",http://ufcstats.com/fighter-details/65db4065e2bc107d
Darren Uyenoyama,"5' 6""","65""","Oct 15, 1979",http://ufcstats.com/fighter-details/6546af7ab545b90c
Billy Pasulatan,"5' 5""","66""","Aug 07, 1991",http://ufcstats.com/fighter-details/e5a59983f4603621
Ken Shamrock,"6' 1""","72""","Feb 11, 1964",http://ufcstats.com/fighter-details/63b65af1c5cb02cb
Jack Cartwright,"5' 9""","68""","May 26, 1994",http://ufcstats.com/fighter-details/1f592bfefb0d62a3
Carlos Prates,"6' 1""","78""","Aug 17, 1993",http://ufcstats.com/fighter-details/7ee0fd831c0fe7c3
Francois Botha,"6' 2""",--,"Sep 28, 1968",http://ufcstats.com/fighter-details/545d549d6bf87187
Victor Rodriguez,"5' 5""","67""","Sep 05, 1992",http://ufcstats.com/fighter-details/f6e5972c9d16c40e
Imani Lee,--,--,"Jul 17, 1977",http://ufcstats.com/fighter-details/0802be3516ef8f66
Jordan Vucenic,"5' 10""","73""","Mar 02, 1996",http://ufcstats.com/fighter-details/6d38e41efa47a72d
Chris Solomon,"5' 11""",--,--,http://ufcstats.com/fighter-details/324c7a749128df8d
Xue Do Won,"5' 7""",--,--,http://ufcstats.com/fighter-details/daa89f01e1c0f42a
Steve Montgomery,"6' 4""",--,"Dec 19, 1990",http://ufcstats.com/fighter-details/6e92eb1242b46636
Brock Larson,"5' 11""","71""","Aug 23, 1977",http://ufcstats.com/fighter-details/5eedbf1e9601be35
Mike Glenn,--,--,"Oct 09, 1977",http://ufcstats.com/fighter-details/ed133185689088b3
Drew McFedries,"6' 0""","72""","Jul 27, 1978",http://ufcstats.com/fighter-details/1fd4fbdcc67de844
Jansey Silva,"6' 2""","67""","May 30, 1995",http://ufcstats.com/fighter-details/0d09efd31eb9fadf
Ivan Salaverry,"6' 0""",--,"Jan 11, 1971",http://ufcstats.com/fighter-details/394f55ebca199124
Galore Bofando,"5' 11""","72""","May 22, 1982",http://ufcstats.com/fighter-details/8a56ea383fd26e52
Nate James,"6' 0""",--,"May 29, 1978",http://ufcstats.com/fighter-details/a34fecf2f4e5a317
Rickson Gracie,"5' 10""",--,"Nov 20, 1958",http://ufcstats.com/fighter-details/194fc025f9355db6
Emily Kagan,"5' 3""",--,"Jul 14, 1981",http://ufcstats.com/fighter-details/c1ea9d56cd953586
Peter Petties,"5' 11""","72""","Dec 20, 1990",http://ufcstats.com/fighter-details/7ea5d60d2e6a8ad0
Erisson Ferreira,"5' 6""","70""","May 03, 1991",http://ufcstats.com/fighter-details/1c2a8915f8431507
Jacqueline Cavalcanti,"5' 8""","70""","Aug 29, 1997",http://ufcstats.com/fighter-details/e3964ece586e0635
Brian Gassaway,"6' 1""",--,"Aug 07, 1972",http://ufcstats.com/fighter-details/e4770d5ed44a3970
Brandon Holmes,"6' 2""","74""","Feb 05, 1997",http://ufcstats.com/fighter-details/f295d50c56339ab6
Jaimelene Nievera,"5' 5""",--,"Oct 28, 1984",http://ufcstats.com/fighter-details/3edf45e1717fa764
Dmitri Stepanov,"6' 3""",--,--,http://ufcstats.com/fighter-details/738acab0c6934dd8
Marcos Mariano,"6' 1""","76""","Oct 12, 1986",http://ufcstats.com/fighter-details/72e5e5a6edfa8223
Bharat Kandare,"5' 7""","72""","Jun 20, 1987",http://ufcstats.com/fighter-details/efd2b3e9bb7965a4
Brad Katona,"5' 6""","64""","Dec 19, 1991",http://ufcstats.com/fighter-details/7b433309b0fd12aa
Elise Reed,"5' 3""","63""","Dec 05, 1992",http://ufcstats.com/fighter-details/ac7c765882f2c68c
Seth Baczynski,"6' 3""","75""","Oct 26, 1981",http://ufcstats.com/fighter-details/fd5b6598a3b70c0a
Rafael Cavalcante,"6' 1""","74""","Apr 14, 1980",http://ufcstats.com/fighter-details/5c1ca0c72b599a3c
Teila Tuli,"6' 0""",--,"Jun 14, 1969",http://ufcstats.com/fighter-details/96eff1a628adcc7f
CJ Vergara,"5' 6""","68""","Jun 18, 1991",http://ufcstats.com/fighter-details/077e3ace32b72be9
Leo Sylvest,"5' 11""",--,"Sep 03, 1973",http://ufcstats.com/fighter-details/58a36b4ccf5dc30e
Mike Grundy,"5' 7""","72""","Jan 03, 1987",http://ufcstats.com/fighter-details/56fcb2c4d99f9d1b
Don'Tale Mayes,"6' 6""","81""","Jan 16, 1992",http://ufcstats.com/fighter-details/1a9480fc288e55d7
Tommy Gantt,"5' 11""","76""","Jan 09, 1993",http://ufcstats.com/fighter-details/de83f920fd302871
Alex Huddleston,"6' 7""",--,"Aug 11, 1986",http://ufcstats.com/fighter-details/8b9197746bd3e005
Martin Day,"5' 10""","73""","Nov 10, 1988",http://ufcstats.com/fighter-details/ea3dcc417c322064
Kyle Jensen,"5' 9""",--,"Jul 20, 1979",http://ufcstats.com/fighter-details/aec273fcb765330d
Aaron Wetherspoon,--,--,"Jan 11, 1979",http://ufcstats.com/fighter-details/1ce7998e0a215caa
Jose Landi-Jons,"5' 11""",--,"Sep 09, 1973",http://ufcstats.com/fighter-details/7e062824c175f975
Danilo Marques,"6' 6""","77""","Dec 26, 1985",http://ufcstats.com/fighter-details/687c15b2eddfaa63
Cameron Else,"5' 9""","71""","Apr 27, 1987",http://ufcstats.com/fighter-details/5f3da9a9610d8969
Francisco Figueiredo,"5' 6""","68""","Oct 23, 1989",http://ufcstats.com/fighter-details/cdadae5363b66eef
Bobby Nash,"6' 0""","74""","Mar 26, 1990",http://ufcstats.com/fighter-details/7dfb56f24fe5ddea
Takahiro Oba,"5' 8""",--,"Aug 14, 1976",http://ufcstats.com/fighter-details/7139cd2ae4bf6a29
Quillan Salkilld,"6' 0""","75""","Dec 28, 1999",http://ufcstats.com/fighter-details/17734443a833cdf7
Sean Loeffler,"6' 3""",--,"May 23, 1982",http://ufcstats.com/fighter-details/d3d1ff3f3dfa0931
Nick Barnes,"5' 11""",--,--,http://ufcstats.com/fighter-details/78a5eea49638685d
Alex Morono,"5' 11""","72""","Aug 16, 1990",http://ufcstats.com/fighter-details/cdb96af67d096b1e
Jason Novelli,"6' 0""",--,"Jun 08, 1979",http://ufcstats.com/fighter-details/459e4dc69ec669b2
Nick Pace,"5' 7""","68""","Apr 17, 1987",http://ufcstats.com/fighter-details/8cb76103cd8a1562
Kenyon Jackson,"6' 0""",--,--,http://ufcstats.com/fighter-details/56c5132870a526d5
Estevan Payan,"5' 10""",--,"Mar 14, 1982",http://ufcstats.com/fighter-details/d0a5ef38a7778ac2
Diego Rivas,"5' 8""","69""","Nov 11, 1991",http://ufcstats.com/fighter-details/09f579be4520394a
Bryan Travers,--,--,"Apr 11, 1983",http://ufcstats.com/fighter-details/008cf84faae9c7a5
Cyborg Abreu,--,--,"Dec 20, 1980",http://ufcstats.com/fighter-details/f689bd7bbd14b392
Ray Borg,"5' 4""","63""","Aug 04, 1993",http://ufcstats.com/fighter-details/a4de54ea806fb525
Idris Wasi,"6' 0""",--,"Dec 11, 1989",http://ufcstats.com/fighter-details/8a19676a3388845a
Kazunari Murakami,"6' 1""",--,"Nov 29, 1973",http://ufcstats.com/fighter-details/cfbccfed4e4796fe
Tim Hague,"6' 4""","76""","May 09, 1983",http://ufcstats.com/fighter-details/219a254e15d60135
Isaac Thomson,"5' 10""","69""","May 03, 2002",http://ufcstats.com/fighter-details/5d8006587d6a6711
Solomon Hutcherson,"5' 11""",--,"Aug 31, 1972",http://ufcstats.com/fighter-details/155bfc7ed36622df
Ilima Macfarlane,"5' 4""",--,--,http://ufcstats.com/fighter-details/8cf90e41646491fd
Sean Gannon,"6' 3""",--,--,http://ufcstats.com/fighter-details/6d7886b094b471ac
Nicolae Negumereanu,"6' 0""","78""","Sep 04, 1994",http://ufcstats.com/fighter-details/8c57c7b8c3bab0eb
Stephan Bonnar,"6' 4""","79""","Apr 04, 1977",http://ufcstats.com/fighter-details/c6a33ff198aaaeeb
Travis Lutter,"5' 11""","75""","May 12, 1973",http://ufcstats.com/fighter-details/622f015c81a9b13a
Syuri Kondo,"5' 4""","66""","Feb 08, 1989",http://ufcstats.com/fighter-details/a851c35f58199231
Eric Smith,--,--,--,http://ufcstats.com/fighter-details/9114c8ded5ccd71d
Antonio Mendes,"6' 3""","77""","Apr 19, 1981",http://ufcstats.com/fighter-details/3795fca327cbcf23
Guilherme Costa,--,--,--,http://ufcstats.com/fighter-details/28877eddb1c0b967
Henry Cejudo,"5' 4""","64""","Feb 09, 1987",http://ufcstats.com/fighter-details/056c493bbd76a918
Cristian Perez,"5' 9""","72""","Aug 17, 1999",http://ufcstats.com/fighter-details/d84033157714ee94
Mal Foki,"5' 7""",--,"Mar 16, 1976",http://ufcstats.com/fighter-details/fa534853eb195270
Gabriel Carrasco,"5' 6""",--,--,http://ufcstats.com/fighter-details/89ed44801968b8e3
Ricardo Funch,"5' 10""","74""","Aug 14, 1980",http://ufcstats.com/fighter-details/e9e1acc96536bb4f
Drew Brokenshire,--,--,--,http://ufcstats.com/fighter-details/aa571d75f80fde7d
James Llontop,"6' 0""","73""","Aug 02, 1999",http://ufcstats.com/fighter-details/93b2b7caa457cbea
Gabriel Miranda,"5' 11""","71""","Mar 25, 1990",http://ufcstats.com/fighter-details/b909a9a9688b5284
Al Matavao,"5' 8""","67""","Feb 23, 1994",http://ufcstats.com/fighter-details/eec3fe66a8b11a26
Kiril Sidelnikov,"5' 11""",--,"Aug 17, 1988",http://ufcstats.com/fighter-details/cf772fb504842dc3
Mario Sousa,"6' 3""","79""","Oct 20, 1996",http://ufcstats.com/fighter-details/72782745eb47161a
Kyle Noblitt,"6' 2""",--,"Dec 26, 1989",http://ufcstats.com/fighter-details/4acf03bdec2025d7
Chris Coggins,--,--,--,http://ufcstats.com/fighter-details/a0c29b13f7a5df32
Brandon Magana,--,--,--,http://ufcstats.com/fighter-details/2015c944226ad2df
Tobias Harila,--,--,"Jan 13, 1994",http://ufcstats.com/fighter-details/4d1e92b61bcef308
Yohan Lainesse,"6' 1""","76""","Aug 14, 1992",http://ufcstats.com/fighter-details/f998f5c102250d6e
Kaik Brito,"5' 11""","72""","Mar 26, 1997",http://ufcstats.com/fighter-details/b07f14fc0e53f8bd
Ding Meng,"6' 2""","73""","Sep 27, 1994",http://ufcstats.com/fighter-details/e0664abaa023fd6f
Kyle Levinton,--,--,--,http://ufcstats.com/fighter-details/81ddc98fceb30086
Manny Tapia,"5' 5""","67""","Mar 14, 1981",http://ufcstats.com/fighter-details/0eec866a077889f0
Juancamilo Ronderos,"5' 3""","64""","Feb 17, 1995",http://ufcstats.com/fighter-details/4a043165cf47cab2
Colleen Schneider,--,--,"Mar 12, 1982",http://ufcstats.com/fighter-details/aa943b9bc00cb0ed
Cezar Ferreira,"6' 1""","78""","Feb 15, 1985",http://ufcstats.com/fighter-details/dbc17725b887860a
Andy Waters,"6' 0""",--,"Feb 08, 1985",http://ufcstats.com/fighter-details/103e2e67919379c5
Nad Narimani,"5' 8""","70""","Apr 14, 1987",http://ufcstats.com/fighter-details/776a58a67665a171
Murilo Rua,"5' 11""",--,"May 22, 1980",http://ufcstats.com/fighter-details/90e7447d8b7f3f35
Maria Oliveira,"5' 6""","69""","Dec 12, 1996",http://ufcstats.com/fighter-details/37d752ec41ed84bb
Sergey Ignatov,"5' 9""",--,"Oct 13, 1971",http://ufcstats.com/fighter-details/df9e9c1f65805d29
Marina Rodriguez,"5' 6""","65""","Apr 29, 1987",http://ufcstats.com/fighter-details/cd2c4d30c6e13b47
Azamat Nuftillaev,"6' 0""","77""","Jan 01, 1994",http://ufcstats.com/fighter-details/b37321c0bb9e8570
Tito Jones,"5' 8""",--,"Jul 31, 1981",http://ufcstats.com/fighter-details/7b223a22a6c26868
Keigo Kunihara,"6' 0""",--,--,http://ufcstats.com/fighter-details/782a2a17d3e38fdf
Tebaris Gordon,"6' 1""",--,"Jul 19, 1988",http://ufcstats.com/fighter-details/68c4ca70067bf282
Wes Albritton,"5' 10""",--,--,http://ufcstats.com/fighter-details/184b955181bdef52
Jakob Lovstad,"6' 3""",--,"Dec 28, 1979",http://ufcstats.com/fighter-details/ad044be25c94dcfd
Ismael Bonfim,"5' 8""","71""","Dec 28, 1995",http://ufcstats.com/fighter-details/eb393afdbe3293d5
Justin Robbins,"5' 5""",--,"Jul 29, 1980",http://ufcstats.com/fighter-details/3b2485c8d5c8b580
Kimo Leopoldo,"6' 3""",--,"Jan 05, 1968",http://ufcstats.com/fighter-details/08ae5cd9aef7ddd3
Stephen Bass,"5' 9""",--,"Nov 14, 1982",http://ufcstats.com/fighter-details/1cecc8fe6748a532
Muhammad Naimov,"5' 9""","70""","Aug 07, 1994",http://ufcstats.com/fighter-details/8d11d9c13e2ccdf7
Tony Johnson,"6' 2""","76""","May 02, 1983",http://ufcstats.com/fighter-details/3641a0d117e9bc6c
Ivana Petrovic,"5' 8""","70""","Jun 11, 1994",http://ufcstats.com/fighter-details/38c5817ade8a8014
Olivier Aubin-Mercier,"5' 9""","70""","Feb 23, 1989",http://ufcstats.com/fighter-details/55ee431411ccf07a
Kurt Pellegrino,"5' 8""","70""","May 07, 1979",http://ufcstats.com/fighter-details/aa1952ec0b3dd8e1
Krzysztof Soszynski,"6' 1""","77""","Aug 02, 1977",http://ufcstats.com/fighter-details/59583ff832fe9d68
Maciej Jewtuszko,"6' 0""",--,"Jan 31, 1981",http://ufcstats.com/fighter-details/6b5b9be990774f0e
Estefani Almeida,"5' 4""",--,"Oct 17, 1988",http://ufcstats.com/fighter-details/f16ddfa31236efed
Ryan Loder,"6' 2""","76""","Jun 05, 1991",http://ufcstats.com/fighter-details/d5bab53a1a603aac
Ian Butler,"5' 8""",--,--,http://ufcstats.com/fighter-details/6b8fd98eb52363d1
Tomohiko Hashimoto,"6' 0""",--,"Aug 16, 1977",http://ufcstats.com/fighter-details/a890f9a791ed615d
Aleksei Oleinik,"6' 2""","80""","Jun 20, 1977",http://ufcstats.com/fighter-details/98c23cb6da5b3352
Chris Fishgold,"5' 8""","68""","Jun 06, 1992",http://ufcstats.com/fighter-details/bebb4ae55ac2bf6f
Ricardo Ramos,"5' 9""","72""","Aug 01, 1995",http://ufcstats.com/fighter-details/1ae8f3c723aacff4
Diego Henrique da Silva,"6' 2""",--,"Aug 22, 1986",http://ufcstats.com/fighter-details/1649770c649db6a5
Chelsea Chandler,"5' 8""","68""","Nov 23, 1990",http://ufcstats.com/fighter-details/af9efbfd63d39734
Oli Thompson,"6' 1""","75""","Jan 02, 1980",http://ufcstats.com/fighter-details/dcdd511ff757f15c
Tiki Ghosn,"5' 10""",--,"Feb 09, 1977",http://ufcstats.com/fighter-details/cb6783c39c01d896
Sergio Moraes,"6' 0""","72""","Jul 23, 1982",http://ufcstats.com/fighter-details/1bcaac2d99b90fce
Jason Riley,"6' 6""",--,"Sep 22, 1975",http://ufcstats.com/fighter-details/995af04c697d78b7
Mike Budnik,"5' 9""","68""","Aug 08, 1974",http://ufcstats.com/fighter-details/b98209144b63ae26
David Kaplan,"5' 7""",--,"Nov 16, 1979",http://ufcstats.com/fighter-details/5669b828e7e11329
Juan Alcain,--,--,--,http://ufcstats.com/fighter-details/39f62b833e4cf126
Karl Roberson,"6' 1""","74""","Oct 04, 1990",http://ufcstats.com/fighter-details/37d5b176d438d2a5
Yuta Sasaki,"5' 10""","71""","Oct 07, 1989",http://ufcstats.com/fighter-details/7c3c48cf54a2848e
Matt Schnell,"5' 8""","70""","Jan 15, 1990",http://ufcstats.com/fighter-details/67c1d46f4ed16f9e
Leonardo Guimaraes,"6' 0""",--,"Apr 15, 1982",http://ufcstats.com/fighter-details/cc98d857b148e33a
Leiticia Pestova,"5' 6""",--,"Jan 15, 1984",http://ufcstats.com/fighter-details/f3743d8ef5dde970
Walel Watson,"5' 11""","75""","Jul 16, 1984",http://ufcstats.com/fighter-details/92aafa8f4b26269b
Angela Magana,"5' 1""","65""","Aug 02, 1983",http://ufcstats.com/fighter-details/bd878a638e0e3be3
Kevin Lee,"5' 9""","77""","Sep 04, 1992",http://ufcstats.com/fighter-details/ee9ebceabfd16fa7
Achilles Estremadura,"5' 10""","68""","Mar 11, 1992",http://ufcstats.com/fighter-details/41f3cfdab0b22236
Rostem Akman,"5' 10""","72""","Dec 19, 1991",http://ufcstats.com/fighter-details/1fc64507a0cb38cf
Marcus Hicks,"5' 6""","64""","Nov 25, 1975",http://ufcstats.com/fighter-details/e69c5ce12f4e762b
Melsik Baghdasaryan,"5' 9""","70""","Jan 28, 1992",http://ufcstats.com/fighter-details/a52bc1e62cf0b7c6
Helio Dipp,"6' 5""",--,"Dec 12, 1979",http://ufcstats.com/fighter-details/73eb2a552c92a821
Viscardi Andrade,"5' 11""","75""","Mar 08, 1984",http://ufcstats.com/fighter-details/d221ee27afc7a60e
Brandon Girtz,"5' 7""",--,"Mar 06, 1985",http://ufcstats.com/fighter-details/81f1810f72df8f25
Kyle Watson,"6' 0""",--,"Aug 09, 1979",http://ufcstats.com/fighter-details/d7b2c0b53883ee80
Magno Almeida,"6' 0""",--,"Jun 06, 1985",http://ufcstats.com/fighter-details/d615d6a10a4704cd
Haven Torres,--,--,--,http://ufcstats.com/fighter-details/1ff10dee2f7ae60c
Yoislandy Izquierdo,"5' 11""",--,"Jan 09, 1984",http://ufcstats.com/fighter-details/afc2a7ce0c763bd5
Gerald Harris,"5' 11""","77""","Nov 19, 1979",http://ufcstats.com/fighter-details/c4b81cdecd5d6abe
Kevin Holland,"6' 3""","81""","Nov 05, 1992",http://ufcstats.com/fighter-details/3a46b268013afede
Nina Nunes,"5' 5""","64""","Dec 03, 1985",http://ufcstats.com/fighter-details/d343df8ba11f4c4e
Louis Taylor,"5' 11""",--,"May 12, 1979",http://ufcstats.com/fighter-details/49bddfee9ed54cf3
Bevon Lewis,"6' 3""","79""","May 05, 1991",http://ufcstats.com/fighter-details/899923ff6ab13917
Jake Collier,"6' 3""","78""","Oct 25, 1988",http://ufcstats.com/fighter-details/92fa1401b7927da3
Roman Dolidze,"6' 2""","76""","Jul 15, 1988",http://ufcstats.com/fighter-details/327d5f279895110d
Mark Munoz,"6' 0""","71""","Feb 09, 1978",http://ufcstats.com/fighter-details/179f1948dc234f1f
Justin Patterson,"5' 10""",--,"Dec 07, 1985",http://ufcstats.com/fighter-details/2dc7c49cfaeb867c
Justin Haskins,"5' 10""",--,"Aug 30, 1979",http://ufcstats.com/fighter-details/77940e45bc86208e
Ronys Torres,"5' 7""",--,"Aug 13, 1975",http://ufcstats.com/fighter-details/cce79e827569f26e
Josh Hokit,"6' 1""","73""","Nov 12, 1997",http://ufcstats.com/fighter-details/955da1675ad58a50
Nikolajus Cilkinas,--,--,--,http://ufcstats.com/fighter-details/3f3550bf126a5721
Edson Silva,--,--,--,http://ufcstats.com/fighter-details/a1153013cb5f628f
Lucas Fernando,"6' 3""","80""","Jan 10, 1997",http://ufcstats.com/fighter-details/3df223aeaacecf3f
Yasuhiro Urushitani,"5' 5""",--,"Sep 08, 1976",http://ufcstats.com/fighter-details/c34e5849184b08c3
Aaron Jeffery,"6' 2""","73""","Nov 14, 1992",http://ufcstats.com/fighter-details/ccdcb20370be62a3
Alex Perez,"5' 6""","65""","Mar 21, 1992",http://ufcstats.com/fighter-details/ab2b4ff41d6ebe0f
Robert Sanchez,"5' 6""","66""","Mar 05, 1986",http://ufcstats.com/fighter-details/546f8599a63c29da
Boston Salmon,"5' 9""","69""","Nov 20, 1990",http://ufcstats.com/fighter-details/98e946879ba20c0f
Kathryn Paprocki,"5' 3""","63""","Apr 28, 1993",http://ufcstats.com/fighter-details/bd381cde8426077a
Koji Kitao,"6' 7""",--,"Oct 12, 1963",http://ufcstats.com/fighter-details/2a6f8136da1e52c0
Windri Patilima,"5' 6""","71""","Jul 19, 1993",http://ufcstats.com/fighter-details/66d42e9503fa108e
Joseph Holmes,"6' 4""","80""","Jul 04, 1995",http://ufcstats.com/fighter-details/8d20d76af3f213ce
Roger Carroll,"5' 10""",--,--,http://ufcstats.com/fighter-details/572a89dbe1f76761
Erik Perez,"5' 8""","68""","Nov 19, 1989",http://ufcstats.com/fighter-details/af62f99eb7606308
Dave Beneteau,"6' 2""",--,--,http://ufcstats.com/fighter-details/9fd1f08dd4aec14a
Gilbert Aldana,"6' 1""",--,"Aug 25, 1977",http://ufcstats.com/fighter-details/d26934530dc5b248
Guilherme Vasconcelos,"6' 0""",--,"Mar 23, 1986",http://ufcstats.com/fighter-details/d6d5da3c209884bc
Mackenzie Dern,"5' 4""","63""","Mar 24, 1993",http://ufcstats.com/fighter-details/7447e9f28508106a
Leon Aliu,"6' 0""","74""","Jul 14, 1989",http://ufcstats.com/fighter-details/6db394bf6c3b017c
Sako Chivitchian,"5' 11""",--,"Mar 11, 1984",http://ufcstats.com/fighter-details/9f7787e56a6bc0f4
Takeya Mizugaki,"5' 7""","69""","Dec 16, 1983",http://ufcstats.com/fighter-details/48e093ea1f43a053
Kron Gracie,"5' 9""","70""","Jul 11, 1988",http://ufcstats.com/fighter-details/242d36d241b43c12
Michael McDonald,"5' 11""",--,"Feb 06, 1965",http://ufcstats.com/fighter-details/d52ef694108f8235
Harvey Park,"6' 0""","70""","Mar 22, 1986",http://ufcstats.com/fighter-details/b709b534b6873744
Carlos Vera,"5' 6""","69""","Nov 05, 1987",http://ufcstats.com/fighter-details/07f959e6596307bb
Darko Stosic,"6' 0""","76""","Feb 09, 1992",http://ufcstats.com/fighter-details/025f0b1b58fbad01
Max Gimenis,"6' 2""","75""","Apr 14, 1993",http://ufcstats.com/fighter-details/6a311920edd73c85
Rafaello Oliveira,"5' 8""","71""","Jan 26, 1982",http://ufcstats.com/fighter-details/15b1b21cd743d652
Herbert Burns,"5' 9""","73""","Feb 02, 1988",http://ufcstats.com/fighter-details/4f140403000158b5
Mateusz Gamrot,"5' 10""","70""","Dec 11, 1990",http://ufcstats.com/fighter-details/72db2a14ffa73ece
Andrey Pulyaev,"6' 4""","78""","Sep 10, 1997",http://ufcstats.com/fighter-details/22e07d3da1aa3475
Rodolfo Rubio Perez,"5' 5""",--,"Jan 29, 1987",http://ufcstats.com/fighter-details/c4731f43693b96b8
Joshua Weems,"5' 8""","69""","May 05, 1994",http://ufcstats.com/fighter-details/69888118d968ba52
Maria Silva,"5' 3""","64""","Dec 19, 1995",http://ufcstats.com/fighter-details/4408865b4e65e374
Ismail Naurdiev,"5' 10""","74""","Aug 18, 1996",http://ufcstats.com/fighter-details/6a96ad1bc34fb113
Tony Petarra,"5' 11""",--,"Nov 08, 1966",http://ufcstats.com/fighter-details/c61f66d8c3fd5f07
Chase Hooper,"6' 1""","74""","Sep 13, 1999",http://ufcstats.com/fighter-details/971246648e162f0d
Danny Roberts,"6' 1""","74""","Jul 14, 1987",http://ufcstats.com/fighter-details/a6cba6bb66c1a8c9
Rafael Freitas,--,--,--,http://ufcstats.com/fighter-details/14b9e0f2679a2205
Carlo Pedersoli Jr.,"5' 11""","75""","Jun 08, 1993",http://ufcstats.com/fighter-details/198994b47f395af0
Richie Hightower,"5' 8""",--,"Nov 26, 1974",http://ufcstats.com/fighter-details/318e629d1eb7aa49
Adam Milstead,"6' 3""","76""","Jul 03, 1987",http://ufcstats.com/fighter-details/72ffecf712673af1
Miguel Baeza,"6' 2""","74""","Aug 23, 1992",http://ufcstats.com/fighter-details/82d4c957649faf9b
Kyle Sturgeon,"6' 3""",--,"Feb 01, 1963",http://ufcstats.com/fighter-details/d30415ec5e8783cd
Mark Godbeer,"6' 4""","77""","Nov 22, 1983",http://ufcstats.com/fighter-details/ad56b3f00ca38dfd
Mike Stumpf,"5' 10""",--,"Aug 01, 1986",http://ufcstats.com/fighter-details/c0c36a5b3d5bbdd5
TJ Waldburger,"5' 11""","75""","Apr 25, 1988",http://ufcstats.com/fighter-details/8f2939f5fd9cca1e
Bendy Casimir,"5' 5""",--,"Jun 10, 1980",http://ufcstats.com/fighter-details/ec7ac09293d26c05
Rayanne dos Santos,"5' 2""","62""","Jun 08, 1995",http://ufcstats.com/fighter-details/02bb48869eb7ac8f
Trent Jenkins,"6' 2""",--,--,http://ufcstats.com/fighter-details/02fc8f50f56eb307
Amanda Lemos,"5' 4""","65""","May 22, 1987",http://ufcstats.com/fighter-details/3df5493bb279226f
Brad Blackburn,"5' 10""","73""","May 25, 1977",http://ufcstats.com/fighter-details/7e69a4b0961aa555
Robert Valentin,"6' 2""","77""","Mar 31, 1995",http://ufcstats.com/fighter-details/0cd0456d6029cec2
Zach Underwood,"6' 2""",--,--,http://ufcstats.com/fighter-details/1e310618d02ff93b
Rousimar Palhares,"5' 8""","71""","Feb 26, 1980",http://ufcstats.com/fighter-details/8ddf9c51c5fdea75
Ian Machado Garry,"6' 3""","74""","Nov 17, 1997",http://ufcstats.com/fighter-details/442c9011034ae1fd
Michel Quinones,"5' 10""","73""","Dec 22, 1984",http://ufcstats.com/fighter-details/5e84a859c6a82288
Dan Hooker,"6' 0""","75""","Feb 13, 1990",http://ufcstats.com/fighter-details/193b9d1858bc4df3
Katsuhisa Fujii,"6' 0""",--,"Aug 15, 1972",http://ufcstats.com/fighter-details/d71d968dc6ecfdaf
Neil Grove,"6' 6""",--,"Jan 18, 1971",http://ufcstats.com/fighter-details/36a432f22144843e
Jason Young,"5' 9""","73""","Jun 28, 1986",http://ufcstats.com/fighter-details/f59e9e49ef85b469
Reinier de Ridder,"6' 4""","78""","Sep 07, 1990",http://ufcstats.com/fighter-details/d549cefc7c54ab78
Tom Murphy,"6' 2""",--,"Nov 19, 1974",http://ufcstats.com/fighter-details/62918a2118de08b2
Alex Garcia,"5' 9""","72""","Jul 14, 1987",http://ufcstats.com/fighter-details/a2b12c3f3d60ff69
Gil Castillo,"5' 9""",--,"Oct 21, 1965",http://ufcstats.com/fighter-details/31ceaf0e670c1578
Kai Kara-France,"5' 4""","69""","Mar 26, 1993",http://ufcstats.com/fighter-details/853eb0dd5c0e2149
Yoshinori Horie,"5' 8""","70""","May 10, 1995",http://ufcstats.com/fighter-details/3fa7688bfe48a493
Eduardo Garagorri,"5' 9""","70""","May 28, 1989",http://ufcstats.com/fighter-details/7bde387d50829adf
David Lee,"5' 10""",--,"Apr 12, 1988",http://ufcstats.com/fighter-details/8caca5857ce0e30b
Troy Mandaloniz,"5' 9""",--,"Feb 01, 1980",http://ufcstats.com/fighter-details/725a834930c2b5bf
Mark Robinson,"6' 0""",--,--,http://ufcstats.com/fighter-details/4604ab1de9058474
Mack Brewer,--,--,--,http://ufcstats.com/fighter-details/106a925d947a0de9
Nathan Jones,"6' 11""",--,"Aug 21, 1970",http://ufcstats.com/fighter-details/f54fb3b9c4228142
Josiane Nunes,"5' 2""","67""","Dec 23, 1993",http://ufcstats.com/fighter-details/68d35296f566792b
Gan McGee,"6' 10""",--,"Nov 20, 1976",http://ufcstats.com/fighter-details/d90b630e0561818b
Dakota Cochrane,"5' 8""",--,"May 01, 1986",http://ufcstats.com/fighter-details/8fa7e0bc052185ce
Chuck Liddell,"6' 2""","76""","Dec 17, 1969",http://ufcstats.com/fighter-details/a390eb8a9b2df298
Nair Melikyan,"5' 6""",--,"Aug 08, 1997",http://ufcstats.com/fighter-details/64b8561624d3b15e
Elijah Smith,"5' 9""","71""","Sep 05, 2002",http://ufcstats.com/fighter-details/7478b7f959ba61f5
Trevor Prangley,"6' 1""","75""","Aug 24, 1972",http://ufcstats.com/fighter-details/f5ff7bcdcfeba3ad
Ron Fields,"6' 2""",--,"Nov 18, 1974",http://ufcstats.com/fighter-details/6e380a4d73ab4f0e
Jamey-Lyn Horth,"5' 7""","66""","Mar 30, 1990",http://ufcstats.com/fighter-details/5c637af9472ae7cc
Sean Spencer,"5' 10""","74""","Jun 25, 1987",http://ufcstats.com/fighter-details/ab850a77a0fa487d
Nick Sperling,--,--,--,http://ufcstats.com/fighter-details/7d68f3bec89e08ec
Nadia Kassem,"5' 5""","66""","Nov 15, 1995",http://ufcstats.com/fighter-details/6e7506127408aa9e
Hashem Arkhagha,"6' 2""","75""","Sep 11, 1989",http://ufcstats.com/fighter-details/9a7ffa80766caa51
Azamat Murzakanov,"5' 10""","71""","Apr 12, 1989",http://ufcstats.com/fighter-details/e90a2f22417af68e
Tim Boetsch,"6' 0""","74""","Jan 28, 1981",http://ufcstats.com/fighter-details/c80095f6092271a7
Kyung Ho Kang,"5' 9""","73""","Sep 09, 1987",http://ufcstats.com/fighter-details/a7897d200692ab64
Daniel Swain,"5' 9""","70""","Jan 30, 1991",http://ufcstats.com/fighter-details/cc39185f2d7d89e4
Charles Oliveira,"5' 10""","74""","Oct 17, 1989",http://ufcstats.com/fighter-details/07225ba28ae309b6
Adam Bramhald,"5' 10""","70""","Mar 24, 1994",http://ufcstats.com/fighter-details/3c99bd6cb5d835ef
Kaue Fernandes,"5' 9""","73""","Mar 17, 1995",http://ufcstats.com/fighter-details/ec13c393d029297d
Brian Davidson,"5' 6""",--,"Nov 22, 1975",http://ufcstats.com/fighter-details/42775dc893603154
Montse Rendon,"5' 8""","68""","Mar 16, 1989",http://ufcstats.com/fighter-details/60193e707634e560
Eric Castile,"5' 8""",--,--,http://ufcstats.com/fighter-details/a0a69dc9914ef6e1
Tony Halme,"6' 3""",--,"Jan 06, 1963",http://ufcstats.com/fighter-details/bad28b7b34f334de
Zygimantas Ramaska,"5' 11""","71""","Dec 27, 1996",http://ufcstats.com/fighter-details/641ca2c2ed91b93c
Rodney Wallace,"5' 9""","72""","Nov 21, 1981",http://ufcstats.com/fighter-details/b9415726dc3ec526
Gary Frazier,"6' 0""",--,"Mar 31, 1988",http://ufcstats.com/fighter-details/3beeeafcbc8b4cbc
Brad Royster,--,--,--,http://ufcstats.com/fighter-details/09f8c233de88998d
Eric Schambari,"5' 11""",--,"Apr 22, 1978",http://ufcstats.com/fighter-details/66e981516e2476d1
Michael Imperato,"5' 7""","66""","Sep 01, 1989",http://ufcstats.com/fighter-details/59e52d56bab2b1ee
Saidyokub Kakhramonov,"5' 8""","69""","Nov 14, 1995",http://ufcstats.com/fighter-details/50a28b9f8314e008
Donny Walker,"5' 9""",--,"Jan 04, 1980",http://ufcstats.com/fighter-details/e6147d5ab3685899
Mike Perry,"5' 10""","71""","Sep 15, 1991",http://ufcstats.com/fighter-details/f2b6fdb20675b11c
Jesse Murray,"6' 3""","78""","Jan 26, 1993",http://ufcstats.com/fighter-details/d0147e906106cd2e
Manel Kape,"5' 5""","68""","Nov 14, 1993",http://ufcstats.com/fighter-details/5d1b7e3dd9e11074
Miles Johns,"5' 7""","68""","Mar 30, 1994",http://ufcstats.com/fighter-details/46e0d677f91bacc0
Aleksandre Topuria,"5' 7""","68""","Jan 28, 1996",http://ufcstats.com/fighter-details/4a6dff1b260bcf61
Luciano Pereira,--,--,"Jan 09, 2001",http://ufcstats.com/fighter-details/d7ee49bf3c779fa6
Samuel Silva,"6' 0""","72""","Jan 02, 1996",http://ufcstats.com/fighter-details/04e0507b94014dbb
Chase Waldon,"6' 1""","75""","Sep 19, 1986",http://ufcstats.com/fighter-details/aeb6c57b9bd8bc3a
Armando Villarreal,"5' 7""","66""","Aug 08, 1989",http://ufcstats.com/fighter-details/454c1f0b638972ab
Dileno Lopes,"5' 5""",--,"Sep 26, 1984",http://ufcstats.com/fighter-details/8270c00fae24c922
Shingo Kohara,"5' 6""",--,--,http://ufcstats.com/fighter-details/44c233770075cea1
Gabriella Fernandes,"5' 6""","66""","Aug 13, 1993",http://ufcstats.com/fighter-details/a6eb54ae17a551be
Felipe Pena,--,--,"Oct 19, 1991",http://ufcstats.com/fighter-details/566ff9546fc29acd
Melton Bowen,"6' 0""",--,"Jul 16, 1969",http://ufcstats.com/fighter-details/81ca2c245b19b3c5
Carlos Condit,"6' 2""","75""","Apr 26, 1984",http://ufcstats.com/fighter-details/f9f07bb5a43535ed
Rodrigo Sezinando,"5' 9""","71""","Dec 11, 1997",http://ufcstats.com/fighter-details/c06d6b18862f9a53
Josh Copeland,"6' 1""",--,"Oct 20, 1982",http://ufcstats.com/fighter-details/3aa794cbe1e3484b
Ricky Johnson,"5' 8""",--,--,http://ufcstats.com/fighter-details/fa2fca260beeb9c0
Chas Skelly,"5' 11""","72""","May 11, 1985",http://ufcstats.com/fighter-details/4bd6b4800070b069
Dominic Clark,"5' 10""",--,"Aug 01, 1985",http://ufcstats.com/fighter-details/8a64b3f87ad29d1e
James Hammortree,"6' 3""",--,"Nov 29, 1983",http://ufcstats.com/fighter-details/1f77fce698e80488
Josh Pulsifer,"5' 10""",--,"Mar 16, 1983",http://ufcstats.com/fighter-details/16867810070dc520
Mike Ricci,"6' 0""","76""","Mar 18, 1986",http://ufcstats.com/fighter-details/3c921b1a30fdcbdd
Jack Shore,"5' 8""","71""","Feb 06, 1995",http://ufcstats.com/fighter-details/b8a85389d115e35a
Kevin Engel,"6' 2""",--,--,http://ufcstats.com/fighter-details/d2f310b5b072e986
Taila Santos,"5' 6""","68""","Jun 22, 1993",http://ufcstats.com/fighter-details/f7467152fd9f18a2
Dan Severn,"6' 2""",--,"Jun 08, 1958",http://ufcstats.com/fighter-details/c670aa48827d6be6
Eric Esch,"5' 11""",--,"Aug 03, 1968",http://ufcstats.com/fighter-details/0e4daed84a8f39a6
Michael Kuiper,"6' 0""","73""","Jun 07, 1989",http://ufcstats.com/fighter-details/b7f38813485745da
Jorge Masvidal,"5' 11""","74""","Nov 12, 1984",http://ufcstats.com/fighter-details/47b9e0e7703a4868
Jonathan Santa Maria,"5' 9""",--,--,http://ufcstats.com/fighter-details/3143e5daff9e5b71
Danyelle Wolf,"5' 11""","70""","Sep 08, 1983",http://ufcstats.com/fighter-details/a7e3f02fe2b2fe30
Joe Benoit,"5' 9""",--,"Mar 12, 1982",http://ufcstats.com/fighter-details/a30f6d375dea5f9b
Francis Carmont,"6' 3""","78""","Oct 11, 1981",http://ufcstats.com/fighter-details/3591d0d5d382a381
Kwon Wonil,"5' 10""","71""","Jun 24, 1995",http://ufcstats.com/fighter-details/751aa58b7fb03c74
Rich Clementi,"5' 9""","72""","Mar 31, 1976",http://ufcstats.com/fighter-details/7d21de9c6d7c98b2
Dino Pezao,--,--,--,http://ufcstats.com/fighter-details/81b57acd6975ac06
Orion Cosce,"5' 11""","71""","Jul 15, 1994",http://ufcstats.com/fighter-details/2c010b26a3306969
Mats Nilsson,"6' 1""",--,"Dec 05, 1983",http://ufcstats.com/fighter-details/a9bcf8717dd12532
Dustin Joynson,"6' 6""","78""","Oct 14, 1985",http://ufcstats.com/fighter-details/791367e8c35cfb6a
Steve White,"5' 11""",--,--,http://ufcstats.com/fighter-details/d181689653115b6a
Larissa Pacheco,"5' 7""",--,"Sep 07, 1994",http://ufcstats.com/fighter-details/16b89be2f5c16fba
Kain Royer,--,--,--,http://ufcstats.com/fighter-details/712aa894b3a344df
David Rasouri,"5' 7""",--,--,http://ufcstats.com/fighter-details/31e1ea6fe6b682f8
Makwan Amirkhani,"5' 10""","72""","Nov 08, 1988",http://ufcstats.com/fighter-details/87a1dc546b1c5caf
Cole Province,"5' 9""","68""","Jan 17, 1981",http://ufcstats.com/fighter-details/2a470ad41c22c25a
Andrew Montanez,--,--,--,http://ufcstats.com/fighter-details/72c9c2eadfc3277e
Christian Lohsen,"6' 2""","77""","Jan 24, 1995",http://ufcstats.com/fighter-details/4ab36d70d1b28b58
Zhang Tiequan,"5' 8""","69""","Jul 25, 1978",http://ufcstats.com/fighter-details/c23e3d4875340d8d
Ode Osbourne,"5' 7""","73""","Jan 09, 1992",http://ufcstats.com/fighter-details/6d68c1afe954f121
Waachiim Spiritwolf,"5' 8""",--,"Jan 01, 1976",http://ufcstats.com/fighter-details/71caa995674203aa
Jose Henrique,"6' 3""","79""","May 23, 2002",http://ufcstats.com/fighter-details/20a0e4cc5227c117
Roger Bowling,"5' 9""","68""","Dec 05, 1982",http://ufcstats.com/fighter-details/3b9f723e2720a238
John Lober,"5' 11""",--,"Feb 26, 1968",http://ufcstats.com/fighter-details/31652c9267606d54
Augusto Mendes,"5' 6""","65""","Mar 03, 1983",http://ufcstats.com/fighter-details/3d5b1ce6097dbb49
Imanol Rodriguez,"5' 4""","64""","Nov 15, 1999",http://ufcstats.com/fighter-details/6e8349a0a0476d60
Nick Fiore,"5' 10""","72""","Dec 10, 1997",http://ufcstats.com/fighter-details/036e96c1c12b8a59
Saparbeg Safarov,"6' 1""","78""","Oct 14, 1986",http://ufcstats.com/fighter-details/88d7b6d8230e1f3f
Justin Wren,"6' 2""",--,"Apr 27, 1987",http://ufcstats.com/fighter-details/e78f601035d677f2
Cody McKenzie,"6' 0""","72""","Dec 16, 1987",http://ufcstats.com/fighter-details/7be63795363029e8
Luis Pena,"6' 3""","75""","Jul 05, 1993",http://ufcstats.com/fighter-details/2844b047183a1adb
Danillo Villefort,"6' 1""",--,"May 08, 1983",http://ufcstats.com/fighter-details/fd87b1bbfcde9d5e
Janay Harding,--,--,--,http://ufcstats.com/fighter-details/b9c3ee342eb72100
Joe Martin,"5' 9""",--,--,http://ufcstats.com/fighter-details/325550dab63fb25a
Bibiano Fernandes,"5' 7""",--,"Mar 30, 1980",http://ufcstats.com/fighter-details/cbc071cb20ea59c7
Solomon Renfro,"5' 9""","72""","Feb 05, 1997",http://ufcstats.com/fighter-details/ce6b5b93a96dd15b
Yancy Medeiros,"5' 10""","75""","Sep 07, 1987",http://ufcstats.com/fighter-details/813550bc53b15fb0
Robbie Ring,"5' 9""","68""","Jul 14, 2000",http://ufcstats.com/fighter-details/fa9746fa5d23c202
Emily Whitmire,"5' 5""","63""","May 24, 1991",http://ufcstats.com/fighter-details/b3d21b2610dcfaeb
Joe Slick,"6' 0""",--,"Oct 17, 1977",http://ufcstats.com/fighter-details/80e6d71e14c1d356
Michael Lerma,--,--,"Nov 18, 1973",http://ufcstats.com/fighter-details/f1fd8ec1023c89b3
Matt Pedro,--,--,--,http://ufcstats.com/fighter-details/f354c50b8d63d9b3
Karol Rosa,"5' 5""","67""","Dec 30, 1994",http://ufcstats.com/fighter-details/351c4ec637380ad5
Armen Petrosyan,"6' 3""","71""","Nov 03, 1990",http://ufcstats.com/fighter-details/369ea36e450ae62a
Richard Walsh,"6' 0""","73""","Dec 01, 1988",http://ufcstats.com/fighter-details/303a05a7aa3ff761
Scott Carson,"6' 2""",--,--,http://ufcstats.com/fighter-details/1e3302f9ab6f549a
Kajan Johnson,"5' 11""","75""","Apr 21, 1984",http://ufcstats.com/fighter-details/633a45d131192ffe
Hitomi Akano,"5' 4""",--,"Jul 27, 1974",http://ufcstats.com/fighter-details/2eada40ac8801559
Brad Pickett,"5' 6""","68""","Sep 24, 1978",http://ufcstats.com/fighter-details/c945adc22c2bfe8f
Diego Sanchez,"5' 10""","72""","Dec 31, 1981",http://ufcstats.com/fighter-details/82e7929bf6c2b689
Thiago Silva,"6' 2""","74""","Nov 12, 1982",http://ufcstats.com/fighter-details/2924886ee9c4c527
Masanori Tonooka,"5' 8""",--,"May 25, 1973",http://ufcstats.com/fighter-details/9de7c97e1c0d7927
Kwan Ho Kwak,"5' 5""",--,"Jun 18, 1989",http://ufcstats.com/fighter-details/c13042265355a290
Yuele Huang,--,--,"Jul 04, 2000",http://ufcstats.com/fighter-details/1c8b9f4d89b92e1b
Scott Askham,"6' 3""","75""","May 20, 1988",http://ufcstats.com/fighter-details/06827d70c53ff0d9
Oskar Piechota,"6' 0""","76""","Jan 24, 1990",http://ufcstats.com/fighter-details/1cf7ccf64a5bf24e
Hugo Viana,"5' 6""","67""","Sep 26, 1982",http://ufcstats.com/fighter-details/f95381efb3051d81
Chan Sung Jung,"5' 7""","72""","Mar 17, 1987",http://ufcstats.com/fighter-details/c451d67c09c55418
Pedro Nobre,"5' 5""",--,"Feb 13, 1986",http://ufcstats.com/fighter-details/e983c62faf677ab2
Joel Alvarez,"6' 3""","77""","Mar 02, 1993",http://ufcstats.com/fighter-details/58bbef3770bb2dfc
Montel Jackson,"5' 10""","75""","Apr 24, 1992",http://ufcstats.com/fighter-details/cc1a8b4b38b92c6d
Sanae Kikuta,"5' 9""",--,"Sep 10, 1971",http://ufcstats.com/fighter-details/e4bde462b043d3e1
Cam Teague,"5' 10""","69""","Feb 13, 1998",http://ufcstats.com/fighter-details/b47c9ea5f2895d6e
Stevie Lynch,"5' 10""",--,--,http://ufcstats.com/fighter-details/710d93f1508f7104
Daiki Hata,"5' 6""",--,"Aug 24, 1982",http://ufcstats.com/fighter-details/c76ceda100ac0fad
Ludovit Klein,"5' 7""","72""","Feb 22, 1995",http://ufcstats.com/fighter-details/5b86d491d63890c5
Ryan MacDonald,"5' 11""","71""","Mar 18, 1993",http://ufcstats.com/fighter-details/35e1f9984ed64206
Akira Kikuchi,"5' 8""",--,"Jul 23, 1978",http://ufcstats.com/fighter-details/9c37681096c6f3a9
Renan Barao,"5' 6""","70""","Jan 31, 1987",http://ufcstats.com/fighter-details/2c99576fefe53c7c
Danny Navarro,"5' 10""",--,"May 27, 1983",http://ufcstats.com/fighter-details/618f72750ec50b05
Joao Roque,"5' 6""",--,"Jul 22, 1971",http://ufcstats.com/fighter-details/0f6528b461e47462
Josh Thornburg,"6' 0""",--,"May 24, 1984",http://ufcstats.com/fighter-details/083e15da67d9b0fa
Bryan Vetell,"6' 3""",--,"Jul 26, 1977",http://ufcstats.com/fighter-details/13a0fb8fbdafb54f
Alexander Volkanovski,"5' 6""","71""","Sep 29, 1988",http://ufcstats.com/fighter-details/e1248941344b3288
Rafael Dos Anjos,"5' 8""","70""","Oct 26, 1984",http://ufcstats.com/fighter-details/6a2f7c151031653d
Elvis Mutapcic,"6' 0""","72""","Jul 19, 1986",http://ufcstats.com/fighter-details/28c55b4087a6f136
Josh McDonald,--,--,--,http://ufcstats.com/fighter-details/b507a76087e3ed9f
Elves Brener,"5' 10""","72""","Sep 27, 1997",http://ufcstats.com/fighter-details/48a9a128784d53d1
Anthony Hernandez,"6' 0""","75""","Oct 18, 1993",http://ufcstats.com/fighter-details/093e1f5bb73850be
Tetsuji Kato,--,--,"Dec 05, 1977",http://ufcstats.com/fighter-details/542db012217ecb83
Mansur Abdul-Malik,"6' 2""","80""","Oct 07, 1997",http://ufcstats.com/fighter-details/841695e02c99a521
Valentijn Overeem,"6' 3""",--,"Aug 17, 1976",http://ufcstats.com/fighter-details/20e403a1acfef130
Jonathan Wiezorek,"6' 3""",--,"Feb 10, 1978",http://ufcstats.com/fighter-details/60884f31ead1609c
Levi Avera,"6' 1""",--,"May 17, 1982",http://ufcstats.com/fighter-details/ba5c6eeb8ef45f5c
Mark Holst,"6' 0""",--,"Aug 14, 1985",http://ufcstats.com/fighter-details/c11f50e9c1513ce9
Rafael Tobias,"6' 2""","74""","Mar 20, 2003",http://ufcstats.com/fighter-details/d6a8edb7410223a0
Kevin Haley,"6' 2""",--,--,http://ufcstats.com/fighter-details/439d4bbefd4e6940
Sofia Montenegro,"5' 6""","67""","Jun 18, 1999",http://ufcstats.com/fighter-details/8b1b051038354655
Tony Johnson,"6' 1""",--,--,http://ufcstats.com/fighter-details/a45bab49951a45cd
Melquizael Costa,"5' 10""","71""","Sep 14, 1996",http://ufcstats.com/fighter-details/20bccc9bb4ceb23e
Kin Moy,"5' 5""",--,--,http://ufcstats.com/fighter-details/ae922e7d9e852d7a
Serhiy Sidey,"5' 11""","72""","Jul 04, 1996",http://ufcstats.com/fighter-details/1a2bf44edb8055b6
Vince Cachero,"5' 6""","68""","Nov 07, 1989",http://ufcstats.com/fighter-details/ed2a8cc402173781
Oumar Sy,"6' 4""","83""","Nov 21, 1995",http://ufcstats.com/fighter-details/46e2011d92463b7e
Holly Holm,"5' 8""","69""","Oct 17, 1981",http://ufcstats.com/fighter-details/634e2fb70bde3fd5
Hiroyuki Takaya,"5' 6""",--,"Jun 10, 1977",http://ufcstats.com/fighter-details/0d16bdb7d32e88e9
Dooho Choi,"5' 10""","70""","Apr 10, 1991",http://ufcstats.com/fighter-details/e93b04e308913c2e
Will Ribeiro,"5' 8""",--,"Feb 17, 1983",http://ufcstats.com/fighter-details/8f4616698508f24d
Chidi Njokuani,"6' 3""","80""","Dec 31, 1988",http://ufcstats.com/fighter-details/c68c68efaa5ca6ef
Fabricio Camoes,"5' 10""","71""","Dec 23, 1978",http://ufcstats.com/fighter-details/7abe471b61725980
Nick Gonzalez,"5' 6""",--,"Mar 03, 1981",http://ufcstats.com/fighter-details/28d8638ea0a71908
Gareth Joseph,--,--,"Sep 28, 1984",http://ufcstats.com/fighter-details/8ecb9f42da5ef5ac
Stephanie Webber,"5' 6""",--,--,http://ufcstats.com/fighter-details/d44a84409bf0da64
Islam Makhachev,"5' 10""","70""","Oct 27, 1991",http://ufcstats.com/fighter-details/275aca31f61ba28c
Yan Xiaonan,"5' 5""","63""","Jun 16, 1989",http://ufcstats.com/fighter-details/c41d426cc7326d1b
Steve Judson,"5' 11""",--,--,http://ufcstats.com/fighter-details/6ece1d2ab1bed31d
Sergio Pettis,"5' 6""","69""","Aug 18, 1993",http://ufcstats.com/fighter-details/de75d1c45a39e221
Mike Bencic,"6' 0""",--,"Jul 03, 1966",http://ufcstats.com/fighter-details/a71feb7ea7592a71
Dorian Price,"6' 3""",--,"Aug 20, 1977",http://ufcstats.com/fighter-details/ee4b670e159f4a33
Sean Salmon,"5' 10""",--,"Sep 11, 1977",http://ufcstats.com/fighter-details/7c0847d3854a95f2
Liam Anderson,"6' 3""","75""","Jan 13, 1995",http://ufcstats.com/fighter-details/b03a0c78ca45facf
Mizuto Hirota,"5' 7""","67""","May 05, 1981",http://ufcstats.com/fighter-details/35faad160d346839
Jason Von Flue,"6' 0""",--,"Aug 01, 1975",http://ufcstats.com/fighter-details/c4b9296214f4c09c
Nick Newell,"5' 10""",--,"Mar 17, 1986",http://ufcstats.com/fighter-details/f562238becb9ec50
Rashid Vagabov,"5' 7""","63""","Jun 27, 1998",http://ufcstats.com/fighter-details/0d1190beced94f7c
Azat Maksum,"5' 7""","70""","Feb 02, 1995",http://ufcstats.com/fighter-details/7f1bf0c255ec8756
Richard Crunkilton,"5' 7""",--,"Nov 25, 1979",http://ufcstats.com/fighter-details/22ee260735da0d58
Austin Hubbard,"5' 10""","71""","Dec 22, 1991",http://ufcstats.com/fighter-details/d2cd7a69cc55e7ed
Icaro Brito,--,--,"Mar 09, 1999",http://ufcstats.com/fighter-details/06dd61c8d545c63f
Justin Eilers,"6' 1""",--,"Jun 28, 1978",http://ufcstats.com/fighter-details/27fc9218a3653e3c
Luan Chagas,"6' 0""","75""","Jun 17, 1993",http://ufcstats.com/fighter-details/9ccf8371fd80d45d
Igor Araujo,"6' 1""","77""","Dec 06, 1980",http://ufcstats.com/fighter-details/dbea8c1cb327ab3d
Chris Amarante,--,--,--,http://ufcstats.com/fighter-details/ee0b69e307c857e5
Iuri Alcantara,"5' 9""","71""","Aug 04, 1980",http://ufcstats.com/fighter-details/2f95a3c6d58b2aad
Marcus Brimage,"5' 4""","71""","Apr 06, 1985",http://ufcstats.com/fighter-details/81801f57bd0a7c41
Victor Valenzuela,"5' 10""",--,--,http://ufcstats.com/fighter-details/de277a4abcfeea46
Justin Gaethje,"5' 11""","70""","Nov 14, 1988",http://ufcstats.com/fighter-details/9e8f6c728eb01124
Jeremy Tavares,--,--,--,http://ufcstats.com/fighter-details/681d07e328798ec0
Won Jin Eoh,"5' 7""",--,--,http://ufcstats.com/fighter-details/bc7cf284c1c2f16e
Hyun Gyu Lim,"6' 3""","77""","Jan 16, 1985",http://ufcstats.com/fighter-details/203c957eac95dd87
Jessamyn Duke,"5' 11""","73""","Jun 24, 1986",http://ufcstats.com/fighter-details/a7ddae0be8b78147
Steve Nelmark,"6' 0""",--,--,http://ufcstats.com/fighter-details/13e62d766b709aa6
Matt Foki,"5' 7""",--,"Mar 16, 1976",http://ufcstats.com/fighter-details/5de61b03868035ff
Eddie Gordon,"6' 0""","76""","Jul 22, 1983",http://ufcstats.com/fighter-details/8cad40a75e5c97f5
Vitaly Minakov,"6' 2""",--,"Feb 06, 1985",http://ufcstats.com/fighter-details/56c975c4a2b357a5
Markus Perez,"6' 1""","73""","Jun 22, 1988",http://ufcstats.com/fighter-details/2ac4628c08ec5125
Soichi Nishida,"5' 11""",--,"Mar 02, 1967",http://ufcstats.com/fighter-details/6810d8d2dd557cf9
Guto Inocente,"6' 3""",--,"May 29, 1986",http://ufcstats.com/fighter-details/e7fe5315b1efeb92
Lawrence Lui,"5' 7""","72""","Aug 04, 1996",http://ufcstats.com/fighter-details/a1ad35b98a9136e5
Daniel Rodriguez,"6' 1""","74""","Dec 31, 1986",http://ufcstats.com/fighter-details/8a1f3b5c526cd6e6
Zhang Weili,"5' 4""","63""","Aug 13, 1989",http://ufcstats.com/fighter-details/1ebe20ebbfa15e29
Joe Giannetti,"6' 0""","74""","Jul 05, 1995",http://ufcstats.com/fighter-details/946db8a378903cc3
Suman Mokhtarian,"5' 8""","72""","Jun 13, 1992",http://ufcstats.com/fighter-details/192520689012c7e4
Roberta Rovel,"5' 8""",--,--,http://ufcstats.com/fighter-details/9d7fbf438766791f
Will Currie,"6' 3""","76""","Nov 12, 1998",http://ufcstats.com/fighter-details/b8ff02d5703eca3a
Phillip Latu,"6' 3""","76""","Feb 17, 1991",http://ufcstats.com/fighter-details/09224b76d27007ee
Julio Cesar Neves Jr.,"5' 8""",--,"Apr 25, 1994",http://ufcstats.com/fighter-details/195d0d3e14a2e256
Arlene Blencowe,"5' 5""",--,"Apr 11, 1983",http://ufcstats.com/fighter-details/35d6337320a4ae48
Lucas Gamaza,--,--,--,http://ufcstats.com/fighter-details/289a3b69b85da7cd
Craig Oxley,"5' 9""",--,"Feb 14, 1973",http://ufcstats.com/fighter-details/4bb9d7a32d02a03e
Brett Rogers,"6' 5""","81""","Feb 17, 1981",http://ufcstats.com/fighter-details/9141bb39310773c7
Treston Thomison,"5' 8""",--,--,http://ufcstats.com/fighter-details/ed5f04f833459877
Maurice Greene,"6' 7""","80""","Jul 05, 1986",http://ufcstats.com/fighter-details/068f8a189a47fea6
Jessica Aguilar,"5' 3""","63""","May 08, 1982",http://ufcstats.com/fighter-details/8f382b3baa954d2a
Bryce Mitchell,"5' 10""","70""","Oct 04, 1994",http://ufcstats.com/fighter-details/d9c6f19f958643e9
Jose Daniel Medina,"6' 0""","74""","May 17, 1991",http://ufcstats.com/fighter-details/baa9be02c3e3e038
Santo Curatolo,"5' 3""","62""","Jan 18, 1995",http://ufcstats.com/fighter-details/b8b765e320a8db39
Rodrigo Nascimento,"6' 2""","80""","Nov 26, 1992",http://ufcstats.com/fighter-details/d31a5546c0e9b213
Sim Kai Xiong,"5' 6""","67""","Sep 06, 1997",http://ufcstats.com/fighter-details/79e2cb1e813f881b
Carl Malenko,"5' 11""",--,"Jan 25, 1970",http://ufcstats.com/fighter-details/a314687f372b2cec
Eduardo Chapolin,"5' 7""","67""","Nov 23, 1995",http://ufcstats.com/fighter-details/62f3039da2f92a8c
Jack Morrison,"5' 11""",--,--,http://ufcstats.com/fighter-details/38fccd44d669bb2f
Matt Arroyo,"5' 10""","72""","Sep 01, 1982",http://ufcstats.com/fighter-details/de62052b2ede65ba
Balajin,"5' 9""","72""","Mar 31, 1992",http://ufcstats.com/fighter-details/e626e92a8f2a9737
Donnie Chappell,"5' 11""",--,--,http://ufcstats.com/fighter-details/8788beb528894f33
Liz Carmouche,"5' 6""","66""","Feb 19, 1984",http://ufcstats.com/fighter-details/51a0c09cbe9b8472
Jonathan Figueroa,--,--,"Feb 05, 1995",http://ufcstats.com/fighter-details/2226445c4a196dc8
Jeremiah O'Neal,"5' 8""",--,"Oct 25, 1977",http://ufcstats.com/fighter-details/338fda4ec7034c5d
Brendan Loughnane,"5' 10""","70""","Dec 05, 1989",http://ufcstats.com/fighter-details/b788862dd1c11eac
Ernie Juarez,"5' 8""","70""","Jan 12, 1998",http://ufcstats.com/fighter-details/410898e8dd6ca9b6
Dylan Budka,"6' 0""","75""","Jan 14, 2000",http://ufcstats.com/fighter-details/a817e238b2747404
Hugo Govea,--,--,--,http://ufcstats.com/fighter-details/2391a73686200c5d
Nurullo Aliev,"5' 10""","72""","Dec 08, 2000",http://ufcstats.com/fighter-details/ca28cdf526d6b6e9
Lowell Anderson,"5' 6""",--,--,http://ufcstats.com/fighter-details/1ffc38f67785797b
Islem Masraf,"6' 0""","74""","Jun 07, 1996",http://ufcstats.com/fighter-details/6dedfe07640a9acc
Canaan Kawaihae,"6' 0""","71""","Aug 26, 1997",http://ufcstats.com/fighter-details/58d42b9e920b25fc
Rio Tirto,"5' 4""","66""","Feb 09, 2000",http://ufcstats.com/fighter-details/c830bc2eb134b646
Jeff Bedard,"5' 6""",--,"Feb 06, 1970",http://ufcstats.com/fighter-details/93bf96be327fcd98
Alfred Khashakyan,"5' 8""","70""","Jul 17, 1988",http://ufcstats.com/fighter-details/3929efe0c0a83d07
Shonie Carter,"5' 10""",--,"May 03, 1972",http://ufcstats.com/fighter-details/7b6e40a73b567072
Daniel Gallemore,"6' 5""",--,--,http://ufcstats.com/fighter-details/96706c75a2b14164
Kazuhisa Watanabe,"5' 6""",--,"May 18, 1983",http://ufcstats.com/fighter-details/951ffadfc4e917ea
Fred Ettish,"6' 0""",--,"Oct 12, 1955",http://ufcstats.com/fighter-details/8d5daf67983b65ba
Sherman Pendergarst,"6' 1""",--,"Aug 01, 1967",http://ufcstats.com/fighter-details/e670f8cc2969a789
Cesar Arzamendia,"5' 11""",--,"Jan 31, 1991",http://ufcstats.com/fighter-details/49f78022126bf4a4
Bruno Lopes,"6' 2""","74""","Apr 24, 1993",http://ufcstats.com/fighter-details/0abcf6bc47191219
JR Coughran,"5' 6""",--,"May 17, 1994",http://ufcstats.com/fighter-details/8112c9a23dccc759
James Irvin,"6' 2""","75""","Sep 12, 1978",http://ufcstats.com/fighter-details/a7f4d0902bb64092
Muhammed Lawal,"6' 0""","78""","Jan 11, 1981",http://ufcstats.com/fighter-details/a571770c4016736f
Jimmy Lawson,"6' 0""","77""","Nov 13, 1991",http://ufcstats.com/fighter-details/e43eefb10d440cb0
Navajo Stirling,"6' 4""","79""","Nov 07, 1997",http://ufcstats.com/fighter-details/b4b496ec2197ee3e
Sean Holden,"5' 10""",--,"Sep 17, 1984",http://ufcstats.com/fighter-details/acbb9c76f5894e36
Junior Barata,"5' 10""",--,"Jan 25, 1982",http://ufcstats.com/fighter-details/06dced58ca24a6bd
Derek Downey,"6' 1""",--,"Apr 27, 1980",http://ufcstats.com/fighter-details/b05086131c6f5dc5
Elias Garcia,"5' 5""","67""","Sep 13, 1992",http://ufcstats.com/fighter-details/ac5a7400da3a9a41
Bryce Mejia,"6' 1""",--,--,http://ufcstats.com/fighter-details/6eae26c44e505775
Masaaki Satake,"6' 1""",--,"Aug 17, 1965",http://ufcstats.com/fighter-details/f4a031ac205ac580
Patrick Speight,"6' 1""",--,--,http://ufcstats.com/fighter-details/ae4650eb56ab6a11
Edwin DeWees,"6' 1""",--,"Aug 07, 1982",http://ufcstats.com/fighter-details/75bbd2206a15319f
Iony Razafiarison,"5' 3""",--,"Dec 23, 1984",http://ufcstats.com/fighter-details/a303588c33d8c5ae
Ralph Dillon,"6' 2""",--,--,http://ufcstats.com/fighter-details/b4f7a2d8ecc5e0c3
Chase Gibson,"5' 10""","72""","Feb 07, 1990",http://ufcstats.com/fighter-details/09439946214993bc
Ilian Bouafia,"6' 5""","78""","Nov 13, 1996",http://ufcstats.com/fighter-details/d5e929c26f25f0d3
Alexis Davis,"5' 6""","68""","Oct 04, 1984",http://ufcstats.com/fighter-details/4c2d90e335e6df19
Kenny Florian,"5' 10""","74""","May 26, 1976",http://ufcstats.com/fighter-details/cb139171ed1b69fe
Ryan McGivern,"6' 0""",--,"Jan 17, 1980",http://ufcstats.com/fighter-details/856ec65948b7d234
Dong Hyun Kim,"6' 2""","76""","Nov 17, 1981",http://ufcstats.com/fighter-details/9bcf8603ceb25680
Chris Tickle,"5' 9""",--,"Feb 01, 1982",http://ufcstats.com/fighter-details/1d1b85389a05df69
Rainy Martinez,"6' 0""",--,--,http://ufcstats.com/fighter-details/577ec7e108b94be3
Rhys McKee,"6' 2""","78""","Sep 10, 1995",http://ufcstats.com/fighter-details/f748267c4ab6c127
Lazar Stojadinovic,"5' 7""","68""","Mar 22, 1989",http://ufcstats.com/fighter-details/4d25497994da569c
Justin Salas,"5' 8""","70""","Mar 13, 1982",http://ufcstats.com/fighter-details/9b198c73e3d0d289
Duda Santana,"5' 7""","73""","Jan 10, 1996",http://ufcstats.com/fighter-details/d6ead04919a894b1
Mohammed Usman,"6' 2""","79""","Apr 01, 1989",http://ufcstats.com/fighter-details/da7f113b5ea39c43
Jinh Yu Frey,"5' 3""","65""","May 20, 1985",http://ufcstats.com/fighter-details/d05cb1e8d1b885d8
Chris Curtis,"5' 10""","75""","Jul 15, 1987",http://ufcstats.com/fighter-details/5442f1bc4b47eaf3
Ateba Gautier,"6' 4""","81""","Apr 10, 2002",http://ufcstats.com/fighter-details/2f815ed5f8278ba6
Fabio Aguiar,"6' 0""",--,"Feb 10, 1988",http://ufcstats.com/fighter-details/501821d7fb7b95c1
Tae Hyun Bang,"5' 9""","71""","Apr 15, 1983",http://ufcstats.com/fighter-details/9a2d3567abc02e34
Mark Eddiva,"5' 8""","68""","Feb 16, 1986",http://ufcstats.com/fighter-details/40ff198adda94b9f
David Heath,"5' 11""","72""","Feb 10, 1976",http://ufcstats.com/fighter-details/4f95f74620a6b7a4
Julieta Martinez,"5' 1""","62""","Sep 14, 2004",http://ufcstats.com/fighter-details/f77afa72da84c9a8
Angel De Anda,"5' 9""",--,"May 28, 1985",http://ufcstats.com/fighter-details/4b450aa602611baa
Takanori Gomi,"5' 7""","70""","Sep 22, 1978",http://ufcstats.com/fighter-details/3be081c29bf734d9
Dayana Silva,"5' 7""",--,"Aug 27, 1990",http://ufcstats.com/fighter-details/b19aecbfbb5508cc
George Sotiropoulos,"5' 10""","71""","Jul 09, 1977",http://ufcstats.com/fighter-details/896c322f56b8be5a
Heather Clark,"5' 6""","64""","Sep 19, 1980",http://ufcstats.com/fighter-details/dd4c16777fb2ccf9
Tim Williams,"6' 2""","76""","Jul 03, 1986",http://ufcstats.com/fighter-details/990bd63726a577f8
Sione Latu,"6' 0""",--,--,http://ufcstats.com/fighter-details/5898357a45a73674
Angad Bisht,"5' 7""","67""","Jun 05, 1995",http://ufcstats.com/fighter-details/7b4ae3fd439a05b6
Jose Perez,--,--,--,http://ufcstats.com/fighter-details/89578ae236ee04e9
Mark Dickman,"5' 9""",--,"Jul 19, 1984",http://ufcstats.com/fighter-details/2482ef3331a82e75
Jeisla Chaves,"5' 6""","68""","Feb 02, 1997",http://ufcstats.com/fighter-details/8061a3136026a673
Luiz Azeredo,"5' 9""",--,"Jun 10, 1976",http://ufcstats.com/fighter-details/063649e21bc9d6d5
Bia Mesquita,"5' 4""","67""","Apr 07, 1991",http://ufcstats.com/fighter-details/eff9074bc066f0f2
Ray Routh,"5' 8""",--,--,http://ufcstats.com/fighter-details/cba3a2dfbc06ce79
Chael Sonnen,"6' 1""","73""","Apr 03, 1977",http://ufcstats.com/fighter-details/48d1f690b763934c
Jadson Costa,"5' 7""",--,"Nov 18, 1980",http://ufcstats.com/fighter-details/222d6b547de2e035
Ryan Couture,"5' 10""","73""","Aug 27, 1982",http://ufcstats.com/fighter-details/46fd223e3ced39b3
Felix Klinkhammer,"6' 0""",--,--,http://ufcstats.com/fighter-details/8276f28f1ad087de
Kelly Faszholz,"5' 8""",--,"Apr 09, 1985",http://ufcstats.com/fighter-details/9c42a0de8e012870
Sumit Kumar,"5' 5""","66""","Sep 09, 2000",http://ufcstats.com/fighter-details/a0a625221e0dd339
Trevin Giles,"6' 0""","74""","Aug 06, 1992",http://ufcstats.com/fighter-details/b27a1fcb56a3035a
Krzysztof Jotko,"6' 1""","77""","Aug 19, 1989",http://ufcstats.com/fighter-details/4e06913c91da5200
John Franchi,"5' 6""","67""","Jul 16, 1982",http://ufcstats.com/fighter-details/b9532d815060de7f
Murtazali Magomedov,"5' 9""","70""","Aug 26, 1999",http://ufcstats.com/fighter-details/d436f5d55156a521
Jacare Souza,"6' 1""","72""","Dec 07, 1979",http://ufcstats.com/fighter-details/7a703c565ccaa18f
Alejandro Garcia,"5' 7""",--,"Oct 20, 1980",http://ufcstats.com/fighter-details/e5dc36e0aba7e9da
Jordan Williams,"6' 1""","75""","Oct 13, 1990",http://ufcstats.com/fighter-details/e26bd53b751d61d9
Dan Ige,"5' 7""","71""","Aug 06, 1991",http://ufcstats.com/fighter-details/82a5152216251682
Cristian Quinonez,"5' 8""","70""","Apr 26, 1996",http://ufcstats.com/fighter-details/7debc13b36343605
Ricardo Prasel,"6' 7""","78""","Jun 02, 1990",http://ufcstats.com/fighter-details/b51d0ed3782a1bf5
Rob Yundt,"6' 1""",--,"May 05, 1980",http://ufcstats.com/fighter-details/42078a86d3dd037b
Amiran Gogoladze,"6' 1""","74""","Dec 09, 1997",http://ufcstats.com/fighter-details/5d1636b6c1688502
Josh Thomson,"5' 10""","71""","Sep 21, 1978",http://ufcstats.com/fighter-details/a566371ba2ad7152
Silvana Gomez Juarez,"5' 3""","65""","Dec 06, 1984",http://ufcstats.com/fighter-details/b4880ef2f838d4e1
Alex Enlund,"5' 10""",--,"May 27, 1987",http://ufcstats.com/fighter-details/d238217e0f8ea8e1
Hugo Sandoval,--,--,--,http://ufcstats.com/fighter-details/9d51bcc281aa0514
Bogdan Grad,"5' 8""","70""","Sep 28, 1995",http://ufcstats.com/fighter-details/fb37795db81f93f3
Sam Spengler,"5' 11""",--,"Apr 04, 1976",http://ufcstats.com/fighter-details/221b2a3070c7ce3e
Lukasz Brzeski,"6' 3""","78""","May 17, 1992",http://ufcstats.com/fighter-details/0c25d0a5e8cdbf19
Justin Governale,--,--,--,http://ufcstats.com/fighter-details/ae954fd497025462
Miranda Granger,"5' 7""","68""","Apr 13, 1992",http://ufcstats.com/fighter-details/7559395ad833c074
Clifford Starks,"6' 0""","78""","Apr 25, 1981",http://ufcstats.com/fighter-details/5abf827d62f98fee
Randy Brown,"6' 3""","78""","Jul 08, 1990",http://ufcstats.com/fighter-details/c6aee362c7a7d482
Wilson Reis,"5' 4""","65""","Jan 06, 1985",http://ufcstats.com/fighter-details/5aedf14771ca82d2
Rhadi Ferguson,"5' 7""",--,--,http://ufcstats.com/fighter-details/15f4550e017f6c7d
Chris Cope,"6' 0""","72""","Mar 05, 1983",http://ufcstats.com/fighter-details/8c8c92a12621d7e0
Mike Brown,"5' 6""","70""","Sep 08, 1975",http://ufcstats.com/fighter-details/e0b74df14f52cd15
Belal Muhammad,"5' 11""","72""","Jul 09, 1988",http://ufcstats.com/fighter-details/b1b0729d27936f2f
Manuel Torres,"5' 10""","73""","Mar 25, 1995",http://ufcstats.com/fighter-details/2e7878927067fdca
Gavin Tucker,"5' 6""","66""","Jun 17, 1986",http://ufcstats.com/fighter-details/da816417a579a0bd
Luiz Firmino,"5' 6""",--,"Mar 18, 1982",http://ufcstats.com/fighter-details/16d09e800ad7ec79
Rubin Williams,"6' 1""",--,"Apr 09, 1976",http://ufcstats.com/fighter-details/6f812143641ceff8
Carls John De Tomas,"5' 5""","71""","Aug 28, 1996",http://ufcstats.com/fighter-details/2a4200ead401a9ce
James Lee,"5' 11""",--,"Sep 22, 1973",http://ufcstats.com/fighter-details/863d06a7ef8bc98c
Michael Cora,"6' 1""","77""","Aug 24, 1989",http://ufcstats.com/fighter-details/2b91eff985b532cd
Kantharaj Agasa,--,--,"Feb 16, 1992",http://ufcstats.com/fighter-details/26f4288e83188c61
Brady Huang,"5' 9""","69""","Dec 16, 1992",http://ufcstats.com/fighter-details/1ec1b6a7a29ffc71
DongHyun Seo,"5' 7""","67""","Aug 22, 1990",http://ufcstats.com/fighter-details/0505e27a5d00704a
Leigh Remedios,"5' 7""",--,"Jan 13, 1976",http://ufcstats.com/fighter-details/918db42c3637916f
Freddy Vidal,"6' 3""","80""","May 06, 1994",http://ufcstats.com/fighter-details/024158997e7c5829
Tom Watson,"6' 1""","73""","Jul 13, 1982",http://ufcstats.com/fighter-details/6809c31286b08d97
Matt Hamill,"6' 1""","76""","Oct 05, 1976",http://ufcstats.com/fighter-details/98b80a717b9bda17
Germaine de Randamie,"5' 9""","71""","Apr 24, 1984",http://ufcstats.com/fighter-details/1d239d571e342453
Josh Jarvis,--,--,--,http://ufcstats.com/fighter-details/32e8e0e8498f03c2
Cal Worsham,"5' 11""",--,"Jun 11, 1963",http://ufcstats.com/fighter-details/de3ed2e152520c8d
Mario Pinto,"6' 5""","79""","Mar 14, 1998",http://ufcstats.com/fighter-details/39d309957c5c210d
Will Campuzano,"5' 9""","70""","May 27, 1986",http://ufcstats.com/fighter-details/901cddcbfa079097
Cameron Church,"5' 11""","72""","Sep 27, 1990",http://ufcstats.com/fighter-details/f197ce0cbe69996d
Gleidson Cutis,"5' 9""",--,"Feb 07, 1989",http://ufcstats.com/fighter-details/44a94bbde42246e4
Jason Gonzalez,"6' 2""","74""","Feb 28, 1990",http://ufcstats.com/fighter-details/e45cfa47f504033a
Mitch Whitesel,"5' 9""",--,"Jul 12, 1981",http://ufcstats.com/fighter-details/b6debbda44d4a5a0
Chris Avila,"5' 10""",--,"Jan 16, 1993",http://ufcstats.com/fighter-details/4665cbf36b08193b
Jackie Lee,--,--,--,http://ufcstats.com/fighter-details/4985113c0928aa62
Damion Douglas,--,--,"Aug 16, 1982",http://ufcstats.com/fighter-details/ce3b669e39418414
Anthony Macias,"5' 9""",--,"Feb 09, 1969",http://ufcstats.com/fighter-details/dedc3bb440d09554
Hans Stringer,"6' 3""",--,"Jul 06, 1987",http://ufcstats.com/fighter-details/523f6ad11dbe9b53
Justin Willis,"6' 1""","78""","Jul 19, 1987",http://ufcstats.com/fighter-details/ce1e867808ef5fce
Karen Darabedyan,"5' 7""","68""","Dec 18, 1986",http://ufcstats.com/fighter-details/d2fa318f34d0aadc
Frank Caracci,--,--,"Feb 16, 1970",http://ufcstats.com/fighter-details/44f9c777fed7ca03
Jaime Jara,"6' 1""",--,"Aug 02, 1969",http://ufcstats.com/fighter-details/805ad1801eb26abb
Josh Neal,"6' 0""",--,--,http://ufcstats.com/fighter-details/0b534765dca35e71
Chris Gruetzemacher,"5' 8""","68""","Jun 16, 1986",http://ufcstats.com/fighter-details/feaf00f3373435d6
Muhsin Corbbrey,"5' 10""",--,"May 18, 1978",http://ufcstats.com/fighter-details/1f9344211ca7fd60
John Doyle,"5' 11""",--,"Nov 21, 1976",http://ufcstats.com/fighter-details/0509b954421bb327
Yuma Horiuchi,"5' 6""","67""","Sep 22, 1997",http://ufcstats.com/fighter-details/f6c1ce7cfd600662
Asbel Cancio,"5' 10""",--,--,http://ufcstats.com/fighter-details/2a7afe14b3a0a058
Johnny Case,"5' 10""","72""","Jun 28, 1989",http://ufcstats.com/fighter-details/1f4b04a926ef1287
Min Soo Kim,"6' 1""",--,"Jan 22, 1975",http://ufcstats.com/fighter-details/831b937811804dad
Evangelista Santos,"5' 10""","76""","Dec 12, 1977",http://ufcstats.com/fighter-details/99bf06f20491cb54
Kalindra Faria,"5' 7""",--,"Jul 23, 1986",http://ufcstats.com/fighter-details/27b164b0d1833df0
Piotr Hallmann,"5' 9""","71""","Aug 25, 1987",http://ufcstats.com/fighter-details/a3be148af5c7b088
Eddie Alvarez,"5' 9""","69""","Jan 11, 1984",http://ufcstats.com/fighter-details/33a331684283900f
ChangMin Yoon,"5' 8""","70""","May 10, 1994",http://ufcstats.com/fighter-details/29ab96eae72bad9f
Ryan Keenan,"5' 10""",--,"Jun 15, 1985",http://ufcstats.com/fighter-details/a72b20136239ba39
Lara Procopio,"5' 4""","67""","Nov 14, 1995",http://ufcstats.com/fighter-details/e99821959a840bb8
Miranda Maverick,"5' 3""","65""","Jul 01, 1997",http://ufcstats.com/fighter-details/f29a6350c69f4a33
Karlos Vemola,"6' 0""","75""","Jul 03, 1985",http://ufcstats.com/fighter-details/d23ccf4a6c221284
David Dodd,"6' 2""",--,"Sep 22, 1973",http://ufcstats.com/fighter-details/c2a7623f398d9bd7
YunSeong Jang,"6' 0""","72""","Nov 04, 2002",http://ufcstats.com/fighter-details/c7b0081edfef4bc7
Tom Aspinall,"6' 5""","78""","Apr 11, 1993",http://ufcstats.com/fighter-details/399afbabc02376b5
Dave Courchaine,"5' 8""",--,"Feb 08, 1983",http://ufcstats.com/fighter-details/79ab17db3b40831a
Amanda Cooper,"5' 3""","64""","Oct 22, 1991",http://ufcstats.com/fighter-details/d4a31850a7457f1b
James Zikic,"6' 2""",--,"Mar 01, 1977",http://ufcstats.com/fighter-details/4b4fc3ddc307bc73
Luke Jumeau,"5' 11""","72""","Feb 12, 1988",http://ufcstats.com/fighter-details/4c288a2b250bb576
Hannah Cifers,"5' 1""","62""","Jun 26, 1992",http://ufcstats.com/fighter-details/2244d9a2b64b8c3b
Ashley Yoder,"5' 7""","69""","Oct 20, 1987",http://ufcstats.com/fighter-details/b4c6c904a9ffc5e8
James Reese,"5' 9""",--,"Dec 21, 1980",http://ufcstats.com/fighter-details/e9ec08ebb3f92aa3
Rustam Khabilov,"5' 8""","73""","Nov 04, 1986",http://ufcstats.com/fighter-details/9b7694d064a8a0ad
John Kuhner,--,--,"Oct 12, 1982",http://ufcstats.com/fighter-details/a272656ad662ac53
Nicolle Caliari,"5' 3""","62""","Nov 04, 1996",http://ufcstats.com/fighter-details/fc0a4053eb8a3a59
Marcio Cruz,"6' 4""",--,"Apr 24, 1978",http://ufcstats.com/fighter-details/6aa1cbc1466e9a0b
Cyril Asker,"6' 0""","74""","Dec 24, 1985",http://ufcstats.com/fighter-details/9be6020024133293
Brian Melancon,"5' 8""",--,"May 28, 1982",http://ufcstats.com/fighter-details/eee7dafac7d672b5
JJ Aldrich,"5' 5""","67""","Sep 29, 1992",http://ufcstats.com/fighter-details/6fd953151d981979
Jesse Ronson,"5' 10""","70""","Dec 24, 1985",http://ufcstats.com/fighter-details/5580771f383e141f
Andrew Craig,"6' 1""","76""","Jan 15, 1986",http://ufcstats.com/fighter-details/8a70ceb3edbe757b
Jack Becker,"5' 10""","71""","Dec 20, 1992",http://ufcstats.com/fighter-details/b5a379583673510a
Will Santiago,"5' 7""",--,"Feb 08, 1983",http://ufcstats.com/fighter-details/4920292f5d9b76df
Geraldo de Freitas,"5' 7""","72""","Sep 30, 1991",http://ufcstats.com/fighter-details/9cfbfae5fa1fdd93
Jinensibieke Asikeerbai,"5' 6""","69""","Jul 10, 1988",http://ufcstats.com/fighter-details/4eccb78d628b2238
Joey Villasenor,"6' 0""",--,"Oct 17, 1975",http://ufcstats.com/fighter-details/15515e797aedc137
Floyd Sword,"6' 0""",--,"Aug 24, 1976",http://ufcstats.com/fighter-details/5330fe7e4c3af81c
Alex Pereira,"6' 4""","79""","Jul 07, 1987",http://ufcstats.com/fighter-details/e5549c82bfb5582d
Drew Pendleton,--,--,"Dec 08, 1983",http://ufcstats.com/fighter-details/34b634cb2471bdde
Rami Hamed,"6' 1""","71""","Apr 25, 1991",http://ufcstats.com/fighter-details/a59017211b775b5d
Jairzinho Rozenstruik,"6' 2""","78""","Mar 17, 1988",http://ufcstats.com/fighter-details/2cd428e9606856fd
Jay Perrin,"5' 7""","67""","Jun 15, 1993",http://ufcstats.com/fighter-details/01fed6f61ebea01f
Dave Rickels,"5' 11""",--,"Jan 05, 1989",http://ufcstats.com/fighter-details/98b76850b5f1e836
Ron Waterman,"6' 2""",--,"Nov 23, 1965",http://ufcstats.com/fighter-details/efaf544314bb5c2e
Chris Dempsey,"5' 10""","72""","Sep 08, 1987",http://ufcstats.com/fighter-details/dfae5da5676e4194
Mallory Martin,"5' 4""","63""","Jan 29, 1994",http://ufcstats.com/fighter-details/19b7738321cfae42
Chris Daukaus,"6' 3""","76""","Sep 25, 1989",http://ufcstats.com/fighter-details/d0aaedcf7ccd0b45
Juan Manuel Puig,"5' 9""",--,"Apr 23, 1989",http://ufcstats.com/fighter-details/85d0fafb8b75d634
Cub Swanson,"5' 8""","70""","Nov 02, 1983",http://ufcstats.com/fighter-details/d247691a6c0e9034
Darion Abbey,"6' 2""","80""","Feb 25, 1993",http://ufcstats.com/fighter-details/4961467134abd8be
Daniel Allen,"6' 0""","75""","Aug 10, 1992",http://ufcstats.com/fighter-details/adf9a901308fb8e3
Michael Aswell Jr.,"5' 8""","69""","Sep 27, 2000",http://ufcstats.com/fighter-details/01c9e4013afce141
Antonio Rodrigo Nogueira,"6' 3""","77""","Jun 02, 1976",http://ufcstats.com/fighter-details/ee9d73f4fee9cbdd
Greg Wilson,--,--,"Oct 02, 1988",http://ufcstats.com/fighter-details/9cc84087ee768342
Mike Guymon,"6' 0""","74""","Sep 17, 1974",http://ufcstats.com/fighter-details/eaea0fc7b76525a8
Shamil Abdurakhimov,"6' 3""","76""","Sep 02, 1981",http://ufcstats.com/fighter-details/2f5cbecbbe18bac4
Ibragim Magomedov,"6' 0""",--,"Jun 08, 1975",http://ufcstats.com/fighter-details/e7e970d508529bf3
Jorge de Oliveira,"5' 8""",--,"Jan 22, 1980",http://ufcstats.com/fighter-details/ddf3e0ea10ea6d8c
Anthony Rocco Martin,"6' 0""","73""","Dec 11, 1989",http://ufcstats.com/fighter-details/5331b25a60417ffb
Kestutis Smirnovas,"5' 10""",--,"Apr 08, 1976",http://ufcstats.com/fighter-details/1979c80150f630c4
Paul Felder,"5' 11""","70""","Apr 25, 1984",http://ufcstats.com/fighter-details/e5010b1b94ca5755
Erick Montano,"6' 0""","73""","Nov 19, 1985",http://ufcstats.com/fighter-details/8163cd7de0342652
Paul Varelans,"6' 8""",--,"Sep 17, 1969",http://ufcstats.com/fighter-details/07a18ae55dfc3cd9
Chris Condo,"6' 0""",--,--,http://ufcstats.com/fighter-details/41e77dc504a192c6
Chris Weidman,"6' 2""","78""","Jun 17, 1984",http://ufcstats.com/fighter-details/3a8176e15b9887c1
John Hosman,"5' 10""",--,"Nov 13, 1980",http://ufcstats.com/fighter-details/57591bbf1623574e
Francimar Barroso,"6' 1""","75""","Feb 28, 1980",http://ufcstats.com/fighter-details/b69f24c500d783e7
Steven Peterson,"5' 10""","70""","May 29, 1990",http://ufcstats.com/fighter-details/b93c06d09d1c4ac0
Alex Schoenauer,"6' 3""",--,"May 05, 1976",http://ufcstats.com/fighter-details/fdfef29ba17ee525
Aaron Ely,"5' 8""",--,"Mar 18, 1989",http://ufcstats.com/fighter-details/1741343f0ca34dd5
Dokonjonosuke Mishima,"5' 7""",--,"Apr 19, 1972",http://ufcstats.com/fighter-details/b14a68c533f4a4aa
Alen Amedovski,"5' 10""","74""","Apr 06, 1988",http://ufcstats.com/fighter-details/70fa1c64a2c439ef
Theo Haig,"6' 2""","77""","Aug 23, 1996",http://ufcstats.com/fighter-details/8a213af406eb2dd4
Antonio McKee,"5' 8""",--,"Mar 12, 1970",http://ufcstats.com/fighter-details/3414b50b08a10600
Alejandro Villalobos,"5' 7""",--,"Oct 26, 1979",http://ufcstats.com/fighter-details/2e88f2030d8a928a
Jeff Terry,"6' 2""",--,--,http://ufcstats.com/fighter-details/60f86c449cd31e23
Victor Valimaki,"6' 0""",--,"Dec 17, 1981",http://ufcstats.com/fighter-details/663b76da637402c3
Melvin Guillard,"5' 9""","71""","Mar 30, 1983",http://ufcstats.com/fighter-details/ccd1299e0345e0ce
Angelo Antonio,--,--,"Oct 04, 1998",http://ufcstats.com/fighter-details/dbd198f780286aca
Del Hawkins,"5' 5""",--,--,http://ufcstats.com/fighter-details/885e7f70dcac0007
Brennan Ward,"5' 10""","71""","Jun 28, 1988",http://ufcstats.com/fighter-details/67cd6495280b0a57
Jeremy May,"6' 1""",--,"Oct 23, 1986",http://ufcstats.com/fighter-details/c32fdfe75cda5b22
Mike Rodriguez,"6' 4""","82""","Nov 28, 1988",http://ufcstats.com/fighter-details/18b602842a24f7c5
Michiyoshi Ohara,"5' 10""",--,"Nov 15, 1967",http://ufcstats.com/fighter-details/6a8a06b542e1516d
Robert Whiteford,"5' 9""","69""","Apr 12, 1983",http://ufcstats.com/fighter-details/1dafccb62a0f98ec
Angela Hill,"5' 3""","64""","Jan 12, 1985",http://ufcstats.com/fighter-details/f0feeb2192937424
Jordan Wright,"6' 2""","77""","Oct 07, 1991",http://ufcstats.com/fighter-details/c878270af633eb11
Bartosz Szewczyk,"6' 4""","73""","Sep 18, 1997",http://ufcstats.com/fighter-details/224050896306f00c
Eddie Yagin,"5' 7""",--,"Mar 23, 1979",http://ufcstats.com/fighter-details/cc84b68f862b466f
Rafa Garcia,"5' 7""","70""","Aug 05, 1994",http://ufcstats.com/fighter-details/e132d47bd9efbbe0
Waylon Lowe,"5' 7""",--,"Oct 31, 1980",http://ufcstats.com/fighter-details/28f62d866c59c709
Bekzat Almakhan,"5' 7""","68""","Oct 08, 1997",http://ufcstats.com/fighter-details/a4dc0f2b95df4cc1
Fabio Maldonado,"6' 1""","75""","Mar 17, 1980",http://ufcstats.com/fighter-details/1fb80f46d3c105d9
Demba Seck,"6' 1""","74""","Jul 07, 1993",http://ufcstats.com/fighter-details/b9af9f8834e39d3e
Emmanuel Yarborough,"6' 8""",--,"Sep 05, 1960",http://ufcstats.com/fighter-details/2299605af59fd309
Regina Malpica Rivera,--,--,"Oct 19, 2004",http://ufcstats.com/fighter-details/9f5609dba6584ab2
Wes Shivers,"6' 8""",--,"Mar 08, 1977",http://ufcstats.com/fighter-details/ad863b0d57952c57
Roan Carneiro,"5' 11""","76""","Jun 02, 1978",http://ufcstats.com/fighter-details/1c86754617d9813a
Lerryan Douglas,"5' 9""","72""","Apr 27, 1995",http://ufcstats.com/fighter-details/640a0f838f057a81
Andrew Martinez,"5' 9""",--,--,http://ufcstats.com/fighter-details/f8c2aba4815876b5
Alexandr Romanov,"6' 2""","75""","Dec 11, 1990",http://ufcstats.com/fighter-details/c0badf3243907e59
Justin Sumter,"6' 2""","80""","Nov 16, 1989",http://ufcstats.com/fighter-details/31f9a1f56cbb6ac5
Mandy Bohm,"5' 7""","71""","Jul 30, 1989",http://ufcstats.com/fighter-details/297a2b35444c245b
Josh Clopton,"5' 6""",--,"Jul 11, 1981",http://ufcstats.com/fighter-details/48e96d9cea6d4ab0
Davey Grant,"5' 8""","69""","Dec 18, 1985",http://ufcstats.com/fighter-details/113df4fde64735c6
Goldman Butler,--,--,--,http://ufcstats.com/fighter-details/e2d5072048b825b1
Cory Peterson,"6' 11""",--,"Feb 04, 1979",http://ufcstats.com/fighter-details/5df10509264586e5
Andre Ewell,"5' 8""","75""","Jan 21, 1988",http://ufcstats.com/fighter-details/5f6f049d54728e88
Jordan Parsons,"5' 9""",--,"Aug 26, 1990",http://ufcstats.com/fighter-details/8b2a18d3c6735083
Kenichi Yamamoto,"6' 0""",--,"Jul 11, 1976",http://ufcstats.com/fighter-details/9f488f520ed25bbf
Vicente Luque,"5' 11""","75""","Nov 27, 1991",http://ufcstats.com/fighter-details/6d4b63c767106d3a
Kennedy Nzechukwu,"6' 5""","83""","Jun 13, 1992",http://ufcstats.com/fighter-details/8667caa0451d245b
Caros Fodor,"5' 9""","74""","Jan 07, 1984",http://ufcstats.com/fighter-details/01d2ed8c502e3828
Aleksander Emelianenko,"6' 6""",--,"Aug 02, 1981",http://ufcstats.com/fighter-details/f54200f1dfb9b5d4
Sebastian Szalay,"5' 6""","66""","Feb 03, 1994",http://ufcstats.com/fighter-details/f201f21cf2c79eb2
David Hulett,"5' 10""",--,"Sep 07, 1980",http://ufcstats.com/fighter-details/b0718335e9868cfd
Connor Matthews,"5' 8""","71""","May 31, 1992",http://ufcstats.com/fighter-details/36e78278a77006d4
Kazushi Sakuraba,"6' 0""",--,"Jul 14, 1969",http://ufcstats.com/fighter-details/9b5b5a75523728f3
Roman Mitichyan,"5' 10""",--,"Sep 04, 1978",http://ufcstats.com/fighter-details/2961be02cfb0d2c1
Sean O'Malley,"5' 11""","72""","Oct 24, 1994",http://ufcstats.com/fighter-details/b50a426a33da0012
Nick Pica,"5' 10""",--,--,http://ufcstats.com/fighter-details/7922e8269adcc25a
Neemias Santana,"6' 2""","76""","Jul 10, 1996",http://ufcstats.com/fighter-details/86989ee8fe97884d
Justin Levens,"5' 11""",--,"Apr 18, 1980",http://ufcstats.com/fighter-details/8c3f3c43c8ceb778
Jan Blachowicz,"6' 2""","78""","Feb 24, 1983",http://ufcstats.com/fighter-details/99df7d0a2a08a8a8
Bob Gilstrap,"6' 3""",--,--,http://ufcstats.com/fighter-details/c96518b7f6881004
Cheyden Leialoha,"5' 8""","73""","Mar 15, 1994",http://ufcstats.com/fighter-details/98cbbc06074c68a4
Daniel Barez,"5' 6""","66""","Dec 10, 1988",http://ufcstats.com/fighter-details/e8fe9c15d348e778
Murtaza Talha,"6' 0""","74""","Jul 10, 1996",http://ufcstats.com/fighter-details/6aab5c20395ee722
Hamid Amiri,--,--,"Jun 15, 2003",http://ufcstats.com/fighter-details/6c40705cf6c0d7e2
Marcin Wrzosek,"5' 9""",--,"Oct 14, 1987",http://ufcstats.com/fighter-details/aac6edb0d5e0b7e9
Tim Kennedy,"5' 11""","74""","Sep 01, 1979",http://ufcstats.com/fighter-details/3c660c90d48fc80d
Ken Cross,"6' 0""","72""","Oct 04, 1994",http://ufcstats.com/fighter-details/923767209632e08a
Jamahal Hill,"6' 4""","79""","May 19, 1991",http://ufcstats.com/fighter-details/5444c5a201d3ee5a
Nate Moore,"6' 0""",--,"Apr 06, 1983",http://ufcstats.com/fighter-details/518e5202a91980d4
Brad Imes,"6' 7""",--,"Mar 13, 1977",http://ufcstats.com/fighter-details/4908c5ee68a50ee5
Won Sik Park,"5' 11""",--,"Dec 16, 1986",http://ufcstats.com/fighter-details/9df394db5ca103eb
Karl Reed,"6' 3""","78""","Oct 27, 1988",http://ufcstats.com/fighter-details/11337d069261bf3a
Craig White,"6' 2""","76""","Jul 01, 1990",http://ufcstats.com/fighter-details/3dd949593346dbc3
Vagner Rocha,"5' 10""","73""","Jun 06, 1982",http://ufcstats.com/fighter-details/d403b1a6f278c95e
Jason Black,"5' 8""",--,"Jul 15, 1972",http://ufcstats.com/fighter-details/b2f743746e8dcfa2
Alex Ricci,"5' 11""",--,"Jul 21, 1982",http://ufcstats.com/fighter-details/bf9bc96336922271
Ashiek Ajim,"5' 8""","71""","Jun 19, 1994",http://ufcstats.com/fighter-details/49dea784f6cfed71
Mostapha Al-Turk,"6' 2""","77""","Jul 14, 1973",http://ufcstats.com/fighter-details/1cf1310684a841f5
Rashard Lovelace,--,--,--,http://ufcstats.com/fighter-details/e601d71cf8e5be22
Spencer Hearns,"5' 11""",--,--,http://ufcstats.com/fighter-details/d85cf12439945941
Claudionor Fontinelle,"5' 5""",--,--,http://ufcstats.com/fighter-details/7a82635ffa9b59fe
Losene Keita,"5' 8""","72""","Dec 30, 1997",http://ufcstats.com/fighter-details/5b43d68174b6e2ab
Steven Siler,"5' 11""","70""","Feb 15, 1987",http://ufcstats.com/fighter-details/d188a3b817860ec6
Yin Shuai,"5' 5""","66""","Jan 01, 1997",http://ufcstats.com/fighter-details/a78dc3910554dbae
Brodie Farber,"6' 1""",--,"Jul 05, 1980",http://ufcstats.com/fighter-details/91d73ee59347ac16
Misha Cirkunov,"6' 3""","77""","Feb 27, 1987",http://ufcstats.com/fighter-details/67f272324a030d00
Marcus Davis,"5' 10""","70""","Aug 24, 1973",http://ufcstats.com/fighter-details/b7d524c77c27389b
Rodrigo Lidio,"5' 11""","73""","Jul 07, 1989",http://ufcstats.com/fighter-details/11b5a809c3120e27
Johnny Munoz,"5' 9""","71""","Feb 16, 1993",http://ufcstats.com/fighter-details/f6bcbd91b114ff58
Agulali,"5' 9""","67""","Apr 07, 2005",http://ufcstats.com/fighter-details/b2efa582adf73604
Bertrand Amoussou,"5' 8""",--,"May 28, 1966",http://ufcstats.com/fighter-details/53adf5b845d91e4a
Pedro Rizzo,"6' 1""",--,"May 03, 1974",http://ufcstats.com/fighter-details/b44f39a5c6596953
Chad Vance,"6' 0""",--,--,http://ufcstats.com/fighter-details/26d61e92a6069cd2
Kristof Midoux,"6' 1""",--,"Jul 30, 1974",http://ufcstats.com/fighter-details/5b5b9c6f6f270369
Joey Gambino,"5' 7""",--,"Oct 26, 1988",http://ufcstats.com/fighter-details/10559c53de0b950e
Kazunori Yokota,"5' 8""",--,"Apr 03, 1978",http://ufcstats.com/fighter-details/a8e8587a06e73c87
Devin Cole,"6' 4""",--,"Oct 01, 1976",http://ufcstats.com/fighter-details/1174782eacde9b0c
Alexander Otsuka,"6' 1""",--,"Jul 17, 1971",http://ufcstats.com/fighter-details/865aa315ea62c511
Junior Albini,"6' 3""","74""","Mar 15, 1991",http://ufcstats.com/fighter-details/c482c8605455a213
Wade Shipp,"6' 3""",--,"Feb 09, 1975",http://ufcstats.com/fighter-details/a9a314cc77d90b6e
Bob Sapp,"6' 5""",--,"Sep 22, 1974",http://ufcstats.com/fighter-details/9f3d6ddef3d3cccc
Dom Mar Fan,"5' 11""","75""","Mar 19, 2000",http://ufcstats.com/fighter-details/530af2900b5a1693
Jay Cucciniello,"5' 7""",--,"Jul 23, 1986",http://ufcstats.com/fighter-details/683ea28a198936fe
Jason Blackford,--,--,--,http://ufcstats.com/fighter-details/619d807fa54ae8f7
Antonio Duarte,"5' 7""",--,"Mar 10, 1987",http://ufcstats.com/fighter-details/29b5d32584e02d8d
Virna Jandiroba,"5' 3""","64""","May 30, 1988",http://ufcstats.com/fighter-details/7dda2cf308f24a02
Christina Marks,"5' 7""","69""","Nov 08, 1985",http://ufcstats.com/fighter-details/c7be22a47a58365a
Damon Jackson,"5' 11""","71""","Aug 08, 1988",http://ufcstats.com/fighter-details/29af297d9f1de0f8
Eric Martin,--,--,--,http://ufcstats.com/fighter-details/abbc4fc02e0d84b3
Nicholas Musoke,"6' 0""","75""","Apr 05, 1986",http://ufcstats.com/fighter-details/8b5f9ea38184ded3
Adrian Yanez,"5' 7""","70""","Nov 29, 1993",http://ufcstats.com/fighter-details/0232cabbc30a2372
Brett Albee,--,--,--,http://ufcstats.com/fighter-details/9b28292abe3166d5
Cathal Pendred,"6' 1""","75""","Sep 02, 1987",http://ufcstats.com/fighter-details/99c7610aa74995d3
Micol Di Segni,"5' 3""","60""","Dec 29, 1987",http://ufcstats.com/fighter-details/8126e4dff0cdf69e
Lee Murray,"6' 3""",--,"Sep 12, 1977",http://ufcstats.com/fighter-details/32016899d0a222a3
Raquel Pa'aluhi,"5' 7""",--,"Oct 14, 1990",http://ufcstats.com/fighter-details/373be586f370d400
Max Griffin,"5' 11""","76""","Nov 29, 1985",http://ufcstats.com/fighter-details/b0d6a1d8ac3d563d
Dae Won Kim,"5' 11""",--,"Nov 01, 1979",http://ufcstats.com/fighter-details/354808cf38d9d73c
Quemuel Ottoni,"6' 0""","72""","Oct 22, 1992",http://ufcstats.com/fighter-details/7ce21433c2a53168
Adam Yandiev,"5' 9""","74""","Aug 07, 1988",http://ufcstats.com/fighter-details/0a95c474e61a6c44
Terrion Ware,"5' 8""","71""","Mar 31, 1986",http://ufcstats.com/fighter-details/ba5e253af86db1a8
Eddy Millis,"6' 1""",--,"Aug 04, 1967",http://ufcstats.com/fighter-details/f2c934689243fe4e
Claude Patrick,"5' 11""","75""","Jun 14, 1980",http://ufcstats.com/fighter-details/56116a79e4deed06
Jesse Taylor,"6' 0""","73""","Jan 02, 1983",http://ufcstats.com/fighter-details/dd992d569aaebee6
Mayra Bueno Silva,"5' 6""","66""","Aug 22, 1991",http://ufcstats.com/fighter-details/cc8c623cca88f54f
Cody East,"6' 3""",--,"Jun 29, 1988",http://ufcstats.com/fighter-details/5713c1d2fac539ac
Quang Le,"5' 7""","70""","Oct 18, 1991",http://ufcstats.com/fighter-details/32feae6d9a1e5047
Amir Albazi,"5' 5""","68""","Oct 27, 1993",http://ufcstats.com/fighter-details/6d35bf94f7d30241
Brad Riddell,"5' 7""","71""","Sep 30, 1991",http://ufcstats.com/fighter-details/37ed1ab2f8b819f4
Jack May,"6' 8""",--,"Apr 14, 1981",http://ufcstats.com/fighter-details/2c6e81426dd7573c
Steve Bosse,"5' 11""","72""","Jul 29, 1981",http://ufcstats.com/fighter-details/e023fa2e648ea0f1
Roshan Mainam,--,--,--,http://ufcstats.com/fighter-details/b301292b1bc92bdb
Pedro Rocha,--,--,--,http://ufcstats.com/fighter-details/5921fd3f889afa3b
Hunter Worsham,--,--,--,http://ufcstats.com/fighter-details/8fb808fc2e145bd6
Lewis Gonzalez,"5' 10""",--,"Sep 19, 1987",http://ufcstats.com/fighter-details/2ff2e6e5abea3e53
Claudio Puelles,"5' 10""","72""","Apr 21, 1996",http://ufcstats.com/fighter-details/d747eb273a40a920
Hakeem Dawodu,"5' 8""","73""","Jul 02, 1991",http://ufcstats.com/fighter-details/2c9d00968f818270
Giacomo Lemos,"6' 3""","75""","Jun 23, 1989",http://ufcstats.com/fighter-details/f37822d5b3e47517
Ronaldo Rodriguez,"5' 6""","65""","May 07, 1999",http://ufcstats.com/fighter-details/f2900678e98f6d6a
Paul Craig,"6' 3""","76""","Nov 27, 1987",http://ufcstats.com/fighter-details/eabf206b162b3b83
Mansher Khera,"5' 10""","68""","Apr 15, 1992",http://ufcstats.com/fighter-details/4bbd1e5c77ef3c2f
Tim McKenzie,"6' 0""","74""","Jul 21, 1982",http://ufcstats.com/fighter-details/9ca265dfe8323db3
Francisco Rivera,"5' 8""","70""","Oct 08, 1981",http://ufcstats.com/fighter-details/7ea4a9f07df33a45
Brandon Sene,"5' 11""",--,"May 21, 1981",http://ufcstats.com/fighter-details/3ed134d85dfbd7b4
Chris Spang,"6' 2""",--,"Nov 26, 1987",http://ufcstats.com/fighter-details/411d012af19ecb59
Chris Ewert,"6' 0""","75""","Sep 06, 1993",http://ufcstats.com/fighter-details/54c2576b7f2f1f57
Jimi Manuwa,"6' 1""","79""","Feb 18, 1980",http://ufcstats.com/fighter-details/1e1dbd1cc5a7469e
Lucas Lopes,"6' 2""",--,"Oct 05, 1979",http://ufcstats.com/fighter-details/1f70dd67ad507990
Humberto Brown Morrison,"5' 10""",--,"Nov 03, 1984",http://ufcstats.com/fighter-details/e9e7e1c8ff289e1b
Chad Griggs,"6' 1""","73""","May 15, 1978",http://ufcstats.com/fighter-details/fdf18227faa596dd
Taylor Lapilus,"5' 6""","73""","Apr 08, 1992",http://ufcstats.com/fighter-details/8b1ed83b02303075
Jessica Eye,"5' 6""","66""","Jul 27, 1986",http://ufcstats.com/fighter-details/f72465a784c1b084
Istela Nunes,"5' 4""","66""","Jul 23, 1992",http://ufcstats.com/fighter-details/efc67b07eed39794
Antonio Silva,"6' 4""","82""","Sep 14, 1979",http://ufcstats.com/fighter-details/8349d55cdecd393a
Martin Svensson,"6' 1""",--,"Apr 25, 1985",http://ufcstats.com/fighter-details/bcad7223af3c19da
Brian Kelleher,"5' 6""","66""","Aug 19, 1986",http://ufcstats.com/fighter-details/7be14eaed4c74856
Nate Maness,"5' 10""","72""","Jun 27, 1991",http://ufcstats.com/fighter-details/6e9f40c706f91f32
Zhou Kun,--,--,--,http://ufcstats.com/fighter-details/d027fff39a34a9df
Pat Curran,"5' 9""",--,"Aug 31, 1987",http://ufcstats.com/fighter-details/d8291d0dd63da29c
Courtney Turner,"6' 2""",--,--,http://ufcstats.com/fighter-details/56f4b81ec4db61af
Gadzhimurad Antigulov,"5' 11""","70""","Feb 09, 1987",http://ufcstats.com/fighter-details/af997f7611673880
Dongi Yang,"5' 10""","73""","Dec 07, 1984",http://ufcstats.com/fighter-details/aed06011bf62237b
John Gunderson,"5' 9""","69""","Jan 05, 1979",http://ufcstats.com/fighter-details/a0c139b34f11421a
Ashkan Mokhtarian,"5' 6""","67""","Sep 15, 1985",http://ufcstats.com/fighter-details/e9bc5748e6a76bb6
Askar Mozharov,"6' 3""","74""","Oct 26, 1994",http://ufcstats.com/fighter-details/e92901944ce91909
Nasrudin Nasrudinov,"6' 0""","71""","Oct 06, 1991",http://ufcstats.com/fighter-details/769fa803bf9d2e3b
Santiago Luna,"5' 9""","74""","Aug 06, 2004",http://ufcstats.com/fighter-details/faf317c665546a36
Benoit Saint Denis,"5' 11""","73""","Dec 18, 1995",http://ufcstats.com/fighter-details/c2299ec916bc7c56
Fabiola Pidroni,--,--,"Jan 04, 1994",http://ufcstats.com/fighter-details/9561eb5f0d63ffcc
Gaetano Pirrello,"5' 7""","65""","Apr 29, 1992",http://ufcstats.com/fighter-details/8765559b6a29a421
Xavier Franklin,"5' 6""","66""","Oct 15, 1996",http://ufcstats.com/fighter-details/90957a918e26bf9c
Igor Gracie,"5' 11""",--,"Feb 04, 1980",http://ufcstats.com/fighter-details/722b870449243083
Neil Seery,"5' 4""","64""","Aug 30, 1979",http://ufcstats.com/fighter-details/49a74b9fb2e45fdf
Ben Sosoli,"6' 0""","72""","Dec 10, 1989",http://ufcstats.com/fighter-details/326f94d6cfb1bf25
Naho Sugiyuma,"5' 1""",--,"Feb 03, 1978",http://ufcstats.com/fighter-details/b205d4f2ff44bc89
Garett Whiteley,"6' 0""","72""","Dec 13, 1980",http://ufcstats.com/fighter-details/129537073431e52e
Michael Graves,"5' 10""","71""","Jan 08, 1991",http://ufcstats.com/fighter-details/3f1d23b01c552a13
Toby Misech,"5' 8""",--,"Mar 07, 1988",http://ufcstats.com/fighter-details/3f87218a7aca84c4
Ernest Chavez,"5' 8""","70""","Jun 27, 1983",http://ufcstats.com/fighter-details/b406da701c479076
Mike Davis,"6' 0""","72""","Oct 07, 1992",http://ufcstats.com/fighter-details/fb3e61720be4690c
Kayla Harrison,"5' 8""","66""","Jul 02, 1990",http://ufcstats.com/fighter-details/1af1170ed937cba7
Stevie Ray,"5' 10""","70""","Mar 25, 1990",http://ufcstats.com/fighter-details/31a13532e724ca2b
John Salter,"6' 1""","74""","Mar 21, 1985",http://ufcstats.com/fighter-details/010986ee359fb863
Ernie Verdicia,"5' 11""",--,--,http://ufcstats.com/fighter-details/2b1587a3376ab743
Kyle Nelson,"5' 11""","71""","Apr 20, 1991",http://ufcstats.com/fighter-details/31f8081c7600da93
Aoriqileng,"5' 7""","69""","Jun 25, 1993",http://ufcstats.com/fighter-details/7d420039bbfe7c1a
Jonathan Brookins,"6' 0""","74""","Aug 13, 1985",http://ufcstats.com/fighter-details/b0a6124751a56bc4
Robert Lucarelli,"6' 2""",--,--,http://ufcstats.com/fighter-details/96087e90d900f0ef
Kiyoshi Tamura,"5' 11""",--,"Dec 17, 1969",http://ufcstats.com/fighter-details/30e8b4505f5ccf92
Kailin Curran,"5' 4""","65""","Apr 11, 1991",http://ufcstats.com/fighter-details/05b43e0ead3df345
Paulo Costa,"6' 1""","72""","Apr 21, 1991",http://ufcstats.com/fighter-details/2e5c2aa8e4ab9d82
Joe Wilk,"5' 9""",--,"Apr 12, 1982",http://ufcstats.com/fighter-details/781014fb7e8e647a
Patrick Smith,"6' 2""",--,"Aug 28, 1963",http://ufcstats.com/fighter-details/46c8ec317aff28ac
Raphael Butler,"6' 3""",--,"Jan 04, 1984",http://ufcstats.com/fighter-details/f941505e35fb1eae
Elisha Ellison,"6' 0""","78""","Mar 05, 1997",http://ufcstats.com/fighter-details/87e4a3a5080ee7ce
Marcio Alexandre Junior,"6' 0""","75""","May 05, 1989",http://ufcstats.com/fighter-details/d53482bef23235ba
Jack Della Maddalena,"5' 11""","73""","Sep 10, 1996",http://ufcstats.com/fighter-details/6b453bc35a823c3f
Ralph Gracie,"5' 9""",--,"May 25, 1971",http://ufcstats.com/fighter-details/a9c45a8b21eabadc
Corinne Laframboise,"5' 4""","65""","May 25, 1989",http://ufcstats.com/fighter-details/fbe9f4efc2153be2
Chris Brennan,"5' 8""",--,"Oct 12, 1971",http://ufcstats.com/fighter-details/b19fc66613dc75b9
Joe Soto,"5' 6""","65""","Mar 22, 1987",http://ufcstats.com/fighter-details/a4e85a58fbce64b2
Josh Hendricks,"6' 2""",--,"Aug 28, 1976",http://ufcstats.com/fighter-details/7649c4c95b824488
Garrett Gross,"5' 9""",--,"Aug 08, 1988",http://ufcstats.com/fighter-details/6741218640534d8b
Eric Magana,--,--,--,http://ufcstats.com/fighter-details/8db1b36dde268ef6
Gugun Gusman,"5' 7""","68""","Mar 03, 1990",http://ufcstats.com/fighter-details/e34e3b1fffa13a6a
Carlos Ulberg,"6' 4""","77""","Nov 07, 1990",http://ufcstats.com/fighter-details/9014c02eff8b3d62
John Castaneda,"5' 6""","71""","Dec 18, 1991",http://ufcstats.com/fighter-details/5fa2974cbd18e05c
Emil Meek,"5' 11""","74""","Aug 20, 1988",http://ufcstats.com/fighter-details/103b06d8707895a9
Brunno Ferreira,"5' 10""","72""","Nov 04, 1992",http://ufcstats.com/fighter-details/1e719d4b676dc19a
Valerie Letourneau,"5' 7""","68""","Apr 29, 1983",http://ufcstats.com/fighter-details/46a2f24feb258ae0
Irwin Rivera,"5' 6""","67""","Feb 14, 1989",http://ufcstats.com/fighter-details/06a80a685ea98573
Igor Vovchanchyn,"5' 8""",--,"Aug 06, 1973",http://ufcstats.com/fighter-details/7929be8290289a47
Nick Piedmont,"5' 10""",--,--,http://ufcstats.com/fighter-details/df7d386a54e07446
Cody Garbrandt,"5' 8""","65""","Jul 07, 1991",http://ufcstats.com/fighter-details/d8c7c61b176e3994
Youssef Zalal,"5' 10""","72""","Sep 04, 1996",http://ufcstats.com/fighter-details/52c2ae6d2f2d2613
Dominique Steele,"5' 10""","74""","Jan 27, 1988",http://ufcstats.com/fighter-details/68c11c27d4d56572
Kevin Natividad,"5' 6""","70""","Apr 02, 1993",http://ufcstats.com/fighter-details/0c258d1d8e16e5f1
Manolo Zecchini,"5' 8""","68""","Oct 22, 1996",http://ufcstats.com/fighter-details/fd7ab338e4953644
Louis Cosce,"5' 9""","71""","Aug 27, 1995",http://ufcstats.com/fighter-details/afe8d5b39ff7fca2
Arman Ashimov,"5' 6""",--,"Jan 14, 1992",http://ufcstats.com/fighter-details/d26a0988c9dc9886
Allen Berube,"5' 8""",--,"Aug 25, 1974",http://ufcstats.com/fighter-details/aebfb84d1f6d2d8c
Ike Villanueva,"6' 1""","73""","Apr 04, 1984",http://ufcstats.com/fighter-details/f9d0cae37dabfafc
Matt Brown,"6' 0""","75""","Jan 10, 1981",http://ufcstats.com/fighter-details/31123249b0bbf52e
Diego Ferreira,"5' 9""","74""","Jan 18, 1985",http://ufcstats.com/fighter-details/f53d4f21d1b5f2dc
Mabelly Lima,"5' 2""",--,"Jan 25, 1994",http://ufcstats.com/fighter-details/6135fd9665fbb74e
Bas Rutten,"6' 1""",--,"Feb 24, 1965",http://ufcstats.com/fighter-details/03688dc3c3af3ac1
Charlie Ward,"5' 11""",--,"Dec 17, 1980",http://ufcstats.com/fighter-details/e81dd0bb8a64b550
Logan Woods,--,--,"May 30, 1994",http://ufcstats.com/fighter-details/133a9d2e6efd8a50
Nayara Maia,"5' 5""","66""","Jul 25, 1990",http://ufcstats.com/fighter-details/03b1b79b34eaf217
Chris Herrera,"5' 10""",--,--,http://ufcstats.com/fighter-details/f71028a6e5128856
TJ Dillashaw,"5' 6""","67""","Feb 07, 1986",http://ufcstats.com/fighter-details/c849740a3ff51931
Felipe dos Santos,"5' 7""","70""","Sep 11, 2000",http://ufcstats.com/fighter-details/5cdf5339728f580d
Terrell Brown,--,--,"Apr 13, 1983",http://ufcstats.com/fighter-details/85df85a4e276c90e
Saygid Izagakhmaev,"6' 0""","74""","Sep 03, 1994",http://ufcstats.com/fighter-details/de26d906f2874dd4
Joe Pyfer,"6' 2""","75""","Sep 17, 1996",http://ufcstats.com/fighter-details/c1085e1701b13eca
Punahele Soriano,"5' 11""","72""","Nov 22, 1992",http://ufcstats.com/fighter-details/64facb6cc564262d
Francis Ngannou,"6' 4""","83""","Sep 05, 1986",http://ufcstats.com/fighter-details/8d03ce87ca14e778
Rene Kronvold,"5' 8""",--,"Jan 03, 1970",http://ufcstats.com/fighter-details/db05271715bb4874
John Marsh,"6' 0""",--,"Sep 15, 1970",http://ufcstats.com/fighter-details/b6b12014698cc345
Chris Holdsworth,"5' 11""",--,"Oct 24, 1987",http://ufcstats.com/fighter-details/fc60ecf0671b9489
Matej Penaz,"6' 3""","83""","Oct 14, 1996",http://ufcstats.com/fighter-details/abd64006fd37298d
Christian Uflacker,"5' 11""",--,"Aug 04, 1985",http://ufcstats.com/fighter-details/10ccf4ec9913cadc
Jake Hecht,"6' 0""","73""","Feb 09, 1984",http://ufcstats.com/fighter-details/e57fdbea1b828202
Brandon Halsey,"6' 0""",--,"Sep 16, 1986",http://ufcstats.com/fighter-details/e763679f15326ae1
Dos Caras Jr.,"6' 4""",--,"May 25, 1977",http://ufcstats.com/fighter-details/155a02a8b4311057
Kuniyoshi Hironaka,"5' 10""","70""","Jun 17, 1976",http://ufcstats.com/fighter-details/9d4522df6fc49a47
Mike Easton,"5' 6""","70""","Jan 25, 1984",http://ufcstats.com/fighter-details/bc7230f231701d66
Matheus Nicolau,"5' 6""","66""","Jan 06, 1993",http://ufcstats.com/fighter-details/1a31ef98efce7a79
Puja Tomar,"5' 4""","59""","Dec 05, 1993",http://ufcstats.com/fighter-details/19f8a2f6eecd92ac
Joel Sutton,"5' 11""",--,"Jul 07, 1969",http://ufcstats.com/fighter-details/a6a9ab5a824e8f66
Lacey Schuckman,"5' 3""",--,"Jul 16, 1988",http://ufcstats.com/fighter-details/e44c679c30403cba
Joshua Van,"5' 5""","65""","Oct 10, 2001",http://ufcstats.com/fighter-details/17e97649403ba428
Gaston Bolanos,"5' 7""","69""","Sep 14, 1992",http://ufcstats.com/fighter-details/96924b0019b3aff1
Steve Kozola,--,--,--,http://ufcstats.com/fighter-details/fc36e2352dccf2a4
Dmitry Poberezhets,"6' 3""",--,"Jun 11, 1985",http://ufcstats.com/fighter-details/9756095cb76b67c3
Eddie Sanchez,"6' 2""","74""","Nov 04, 1982",http://ufcstats.com/fighter-details/7f0b4a75ef3039a3
Trey Ogden,"5' 11""","72""","Nov 14, 1989",http://ufcstats.com/fighter-details/cfc3e7bb44685289
Michael Patt,"6' 0""",--,--,http://ufcstats.com/fighter-details/83d0de122f2f9664
Rodrigo Gracie,"6' 0""",--,"Apr 11, 1975",http://ufcstats.com/fighter-details/36877f0e62b25b96
Song Kenan,"6' 0""","71""","Mar 10, 1990",http://ufcstats.com/fighter-details/32490e80ddab1e5a
Mu Bae Choi,"6' 2""",--,"Jun 27, 1970",http://ufcstats.com/fighter-details/371a1c91b24dec2b
Impa Kasanganay,"5' 11""","75""","Jan 17, 1994",http://ufcstats.com/fighter-details/257b0c8d6f199895
Hidetaka Monma,"6' 0""",--,"Oct 23, 1973",http://ufcstats.com/fighter-details/a8e133139286df84
Ray Sefo,"6' 0""",--,"Feb 15, 1971",http://ufcstats.com/fighter-details/646d5dbe509accd4
Eli Aronov,"5' 10""","72""","Jun 06, 1996",http://ufcstats.com/fighter-details/a90c200c3fbb22c4
Jonny Carson,"5' 10""",--,--,http://ufcstats.com/fighter-details/0d49ddc07bd8c747
Mason Jones,"5' 10""","74""","Apr 26, 1995",http://ufcstats.com/fighter-details/f6ad6a1e4d600e0d
Hayato Sakurai,"5' 7""",--,"Aug 24, 1975",http://ufcstats.com/fighter-details/85e26e2468b4e82f
Stefan Struve,"6' 11""","84""","Feb 18, 1988",http://ufcstats.com/fighter-details/ebc1f40e00e0c481
Joaquim Silva,"5' 8""","69""","Feb 05, 1989",http://ufcstats.com/fighter-details/ae7fe94f117f98cf
Timur Valiev,"5' 6""","67""","Jan 19, 1990",http://ufcstats.com/fighter-details/45e738622ea2c02c
Ottman Azaitar,"5' 8""","71""","Feb 20, 1990",http://ufcstats.com/fighter-details/ee18ff42063174df
Kyle Bochniak,"5' 7""","70""","Feb 05, 1987",http://ufcstats.com/fighter-details/c5af5750e8bae4f0
Rubens Xavier,"6' 3""",--,"Sep 08, 1974",http://ufcstats.com/fighter-details/e6dac752a2418a88
Brandon Lowe,--,--,--,http://ufcstats.com/fighter-details/78ac94d54aa7f378
Donavon Frelow,"5' 7""",--,"Jan 20, 1985",http://ufcstats.com/fighter-details/9aa56f004b2bca07
Kenji Osawa,"5' 7""","66""","Nov 04, 1976",http://ufcstats.com/fighter-details/8eb239a52fc4ec14
Pro Escobedo,--,--,--,http://ufcstats.com/fighter-details/b36874652ed7715d
Pablo Villaseca,"5' 7""",--,"Jan 26, 1987",http://ufcstats.com/fighter-details/34f93dfbd43b2144
Dan Argueta,"5' 7""","68""","Aug 13, 1993",http://ufcstats.com/fighter-details/e4ba58725825412d
Joao Zaiden,--,--,"Mar 16, 1993",http://ufcstats.com/fighter-details/6b614bda982f5214
Greg Hardy,"6' 5""","80""","Jul 28, 1988",http://ufcstats.com/fighter-details/85073dbd1be65ed9
Roman Bogatov,"5' 8""","73""","Dec 15, 1990",http://ufcstats.com/fighter-details/d61316139d68dbe3
Brian Johnston,"6' 3""",--,"Jul 28, 1968",http://ufcstats.com/fighter-details/1c3f5e85b59ec710
Seokhyeon Ko,"5' 10""","71""","Sep 24, 1993",http://ufcstats.com/fighter-details/4a07b1988477502c
Joe Doerksen,"6' 0""","75""","Oct 09, 1977",http://ufcstats.com/fighter-details/dbaaf42313af90fa
Tina Lahdemaki,"5' 2""",--,"May 28, 1988",http://ufcstats.com/fighter-details/e5ca2bc2451a5956
Bo Cantrell,"6' 2""",--,"Feb 08, 1969",http://ufcstats.com/fighter-details/6750e338922a099d
Martin Kampmann,"6' 0""","72""","Apr 17, 1982",http://ufcstats.com/fighter-details/8b69839f3555a67b
Josh Paiva,"5' 6""",--,"Apr 05, 1991",http://ufcstats.com/fighter-details/1e12c1dbbb1e2dda
Steve Bruno,"5' 10""",--,"Nov 03, 1981",http://ufcstats.com/fighter-details/2f3f12002564bb55
Jasmine Jasudavicius,"5' 7""","68""","Mar 01, 1989",http://ufcstats.com/fighter-details/a9e260472d321361
Daniel Kelly,"6' 0""","70""","Oct 31, 1977",http://ufcstats.com/fighter-details/bdcbb976816fd256
Levan Makashvili,"5' 8""","68""","Jan 07, 1989",http://ufcstats.com/fighter-details/938ad489fb7a1f31
Saimon Oliveira,"5' 4""","72""","Apr 21, 1991",http://ufcstats.com/fighter-details/72ea1984c52019b5
Valter Walker,"6' 6""","78""","Dec 14, 1997",http://ufcstats.com/fighter-details/f5779a2303ed76ec
Sean Wilson,"5' 8""",--,"Oct 20, 1982",http://ufcstats.com/fighter-details/b8e6393c39cb9740
David Zawada,"6' 0""","75""","Aug 01, 1990",http://ufcstats.com/fighter-details/3bb2dc8e87b10a46
Dylan Andrews,"6' 1""","74""","Nov 15, 1979",http://ufcstats.com/fighter-details/00debc804e2b1cd4
Felipe Franco,"6' 1""","76""","Jan 22, 2001",http://ufcstats.com/fighter-details/e564146b9cf6dbef
Ji Yeon Kim,"5' 7""","72""","Oct 18, 1989",http://ufcstats.com/fighter-details/a20f234df70f2182
Rafael Cerqueira,"6' 3""","76""","Mar 15, 1990",http://ufcstats.com/fighter-details/09a4447655fd4b7b
Gabriel Bonfim,"6' 1""","72""","Aug 20, 1997",http://ufcstats.com/fighter-details/01641ba5df0c69b0
Jacob Noe,--,--,"Jul 29, 1980",http://ufcstats.com/fighter-details/9bff1b4c37ebbede
Kaushik Saikumar,"5' 10""","71""","Dec 11, 1997",http://ufcstats.com/fighter-details/6a6c4709ebc5499a
Luis Mendoza,--,--,--,http://ufcstats.com/fighter-details/28200bc87367614f
Yuki Kondo,"5' 11""",--,"Jul 17, 1975",http://ufcstats.com/fighter-details/1fe7adb23b3eedfb
Houston Dorr,"6' 1""",--,--,http://ufcstats.com/fighter-details/312f47c3d2f83ffa
Viviane Pereira,"5' 1""","63""","Aug 28, 1993",http://ufcstats.com/fighter-details/d50382dc0565a9e1
Josh Barnett,"6' 3""","78""","Nov 10, 1977",http://ufcstats.com/fighter-details/ad3f53c454cbbead
Karolina Kowalkiewicz,"5' 3""","64""","Oct 15, 1985",http://ufcstats.com/fighter-details/d7c3816669784109
Robert Peralta,"5' 8""","71""","Mar 14, 1986",http://ufcstats.com/fighter-details/960d6cae8879ba2b
MarQuel Mederos,"5' 10""","69""","Nov 30, 1996",http://ufcstats.com/fighter-details/e2be0c1a9b886d92
Tyson Pedro,"6' 3""","79""","Sep 17, 1991",http://ufcstats.com/fighter-details/49e96ff8ab781589
Orlando Wiet,"5' 10""",--,"Oct 24, 1965",http://ufcstats.com/fighter-details/a6c2f5381d575920
Stephanie Egger,"5' 6""","68""","Aug 12, 1988",http://ufcstats.com/fighter-details/5e6294b37bbef029
Song Yadong,"5' 8""","67""","Dec 02, 1997",http://ufcstats.com/fighter-details/efb96bf3e9ada36f
Alice Ardelean,"5' 3""","62""","Apr 19, 1992",http://ufcstats.com/fighter-details/87f8699fdcc2c404
Demetrious Johnson,"5' 3""","66""","Aug 13, 1986",http://ufcstats.com/fighter-details/8a304bfd6bf04a57
Kiefer Crosbie,"5' 11""","70""","Apr 05, 1990",http://ufcstats.com/fighter-details/4729c93ba705a3bf
Poliana Botelho,"5' 8""","67""","Dec 15, 1988",http://ufcstats.com/fighter-details/5c126c6aac3ef364
Dong Huaxiang,"5' 3""","61""","Aug 21, 1998",http://ufcstats.com/fighter-details/bad82b681819b272
Muhammad Mokaev,"5' 7""","70""","Jul 30, 2000",http://ufcstats.com/fighter-details/75353550928a7921
Bobby Southworth,"6' 2""",--,"Dec 16, 1969",http://ufcstats.com/fighter-details/aee8eecfc4bfb1e7
Kenneth Seegrist,"6' 0""",--,"Oct 21, 1980",http://ufcstats.com/fighter-details/55e94a9b525dcf45
Diana Belbita,"5' 7""","68""","Jun 26, 1996",http://ufcstats.com/fighter-details/d7e40dca3ae125be
Manoel Sousa,"5' 9""","70""","Jun 04, 1997",http://ufcstats.com/fighter-details/5870c541798124ae
Sovannahry Em,"5' 4""",--,"Jun 26, 1992",http://ufcstats.com/fighter-details/45c8fed13a62fe92
Jeremiah Metcalf,"6' 1""",--,"Jul 09, 1981",http://ufcstats.com/fighter-details/5bdcbd8dd681a257
Ralek Gracie,"6' 2""",--,"Oct 04, 1985",http://ufcstats.com/fighter-details/84283233ec42be5f
Andrei Kopylov,"6' 2""",--,"Jul 16, 1965",http://ufcstats.com/fighter-details/dd39f1ca787a3d9d
Seichi Ikemoto,"5' 11""",--,"Aug 24, 1975",http://ufcstats.com/fighter-details/81f38d1640c4e70d
Jesse Moreng,"5' 7""",--,"Nov 09, 1979",http://ufcstats.com/fighter-details/2e2cdb6e9eb84bb9
Jimmy Drago,"5' 10""","71""","Feb 18, 1995",http://ufcstats.com/fighter-details/cb4bf812d9cb78b4
Kyle Daukaus,"6' 2""","76""","Feb 27, 1993",http://ufcstats.com/fighter-details/d6c0cdd7e467c440
Jeff Molina,"5' 6""","69""","Jul 17, 1997",http://ufcstats.com/fighter-details/008ea710276c9606
Chris Duncan,"5' 10""","71""","May 10, 1993",http://ufcstats.com/fighter-details/fd406a32a6fb3a29
Jorge Gurgel,"5' 7""","69""","Jan 25, 1977",http://ufcstats.com/fighter-details/04d5718ed2661e8c
Nassourdine Imavov,"6' 3""","75""","Mar 01, 1996",http://ufcstats.com/fighter-details/881bf86d4cba8578
Dylan Mantello,"6' 1""","73""","Nov 19, 1992",http://ufcstats.com/fighter-details/e192ebb85b68fa9e
Shane Carwin,"6' 2""","80""","Jan 04, 1975",http://ufcstats.com/fighter-details/68dd7b3783c19f9c
Rosi Sexton,"5' 3""",--,"Jul 16, 1977",http://ufcstats.com/fighter-details/5dfe71ade71f3a4b
Mark Cherico,"5' 7""","69""","May 12, 1986",http://ufcstats.com/fighter-details/79a193111e3bc99b
Yadier del Valle,"5' 9""","69""","Jul 29, 1996",http://ufcstats.com/fighter-details/70380ccdc81915b8
Cody Stamann,"5' 6""","64""","Nov 09, 1989",http://ufcstats.com/fighter-details/bf7ad5628363eec9
Arjan Bhullar,"6' 1""","75""","May 13, 1986",http://ufcstats.com/fighter-details/7e511f8d842a109d
Stephen Palling,"5' 4""",--,"Jan 29, 1967",http://ufcstats.com/fighter-details/ab7c212de9f66af0
Derrick Burnsed,--,--,"Jun 09, 1980",http://ufcstats.com/fighter-details/2213330f082f82d5
Takeshi Yamazaki,"5' 8""",--,"May 25, 1977",http://ufcstats.com/fighter-details/d1d20e651e6cbc02
Scott Baker,"6' 0""",--,--,http://ufcstats.com/fighter-details/7d5b12de1625984e
Kenny Ento,"6' 2""",--,--,http://ufcstats.com/fighter-details/daf9be103c1edbbd
Lone'er Kavanagh,"5' 6""","67""","Jun 09, 1999",http://ufcstats.com/fighter-details/bb2c3c3a466224af
Daichi Abe,"5' 11""","71""","Nov 27, 1991",http://ufcstats.com/fighter-details/5140122c3eecd307
Brandon Hester,"6' 1""",--,--,http://ufcstats.com/fighter-details/13150cf89a5b81e0
Marcus Jones,"6' 6""",--,"Aug 15, 1973",http://ufcstats.com/fighter-details/8fa2b06572365321
Wayne Phillips,--,--,"Jun 17, 1983",http://ufcstats.com/fighter-details/09a82bd51ff61376
Sam Stout,"5' 9""","70""","Apr 23, 1984",http://ufcstats.com/fighter-details/501b07aec9b8fc2d
Alexander Trevino,--,--,--,http://ufcstats.com/fighter-details/73abb7a5c57fb443
Izabela Badurek,"5' 5""",--,"Jul 11, 1991",http://ufcstats.com/fighter-details/4fcf6e0c4e0e6664
John Reedy,"5' 8""",--,--,http://ufcstats.com/fighter-details/fb4ca5c7e4448645
Michael Bravo,--,--,--,http://ufcstats.com/fighter-details/dc63542668295c23
Rory Markham,"6' 0""","71""","Mar 25, 1982",http://ufcstats.com/fighter-details/23a16ebe733e3041
Daniel Weichel,"5' 10""","70""","Nov 22, 1984",http://ufcstats.com/fighter-details/7b9dade6bedaabbe
Tainara Lisboa,"5' 7""","67""","Mar 02, 1991",http://ufcstats.com/fighter-details/2c5f5749569eef66
Art Jimmerson,"6' 1""",--,"Aug 04, 1963",http://ufcstats.com/fighter-details/a5c53b3ddb31cc7d
Paul Herrera,"5' 10""",--,"Feb 21, 1964",http://ufcstats.com/fighter-details/440c9dbab63528fb
Taiei Kin,"5' 11""",--,"Jul 08, 1970",http://ufcstats.com/fighter-details/c7ac79839e86ce33
Mitch Ramirez,"5' 11""","71""","Nov 03, 1992",http://ufcstats.com/fighter-details/e99eb0ef25885de5
Alessio Di Chirico,"6' 0""","74""","Dec 12, 1989",http://ufcstats.com/fighter-details/77d7295d1b22c694
Anderson Dos Santos,"5' 5""","70""","Jul 24, 1985",http://ufcstats.com/fighter-details/bbc9ab95fa766493
Matthieu Duclos,"6' 3""","77""","Apr 04, 1995",http://ufcstats.com/fighter-details/ec322adbabbfa6e7
Gabriel Silva,"5' 6""","71""","Aug 26, 1994",http://ufcstats.com/fighter-details/002ca196477ce572
Bruno Assis,"6' 2""",--,"May 23, 1992",http://ufcstats.com/fighter-details/ff222167cce02919
Joe Pardo,"6' 1""",--,--,http://ufcstats.com/fighter-details/74fefd43f073cd2f
Joe Warren,"5' 6""",--,"Oct 31, 1976",http://ufcstats.com/fighter-details/c0c1bc0766df4c00
Joe Brammer,"5' 8""",--,"Aug 23, 1983",http://ufcstats.com/fighter-details/013da757877044a2
Thiago Perpetuo,"5' 10""",--,"Dec 14, 1987",http://ufcstats.com/fighter-details/c1a5d3843596df92
Heraldo Souza,"5' 11""","73""","Dec 15, 1994",http://ufcstats.com/fighter-details/22b43be04d7454d0
Bao Quach,"5' 3""",--,"Sep 04, 1979",http://ufcstats.com/fighter-details/d365ee924f5cc3fc
Lyle Beerbohm,"5' 10""",--,"Feb 05, 1979",http://ufcstats.com/fighter-details/babc6b5745335f18
Royler Gracie,"5' 8""",--,"Dec 06, 1965",http://ufcstats.com/fighter-details/b807814d977682eb
Albert Cheng,"5' 11""",--,"Feb 07, 1985",http://ufcstats.com/fighter-details/d8d7b24d276c8cb0
Wesley Correira,"6' 3""",--,"Nov 11, 1978",http://ufcstats.com/fighter-details/4e9fb05d7e5e61b8
Tomoya Miyashita,"5' 7""",--,"Jul 20, 1981",http://ufcstats.com/fighter-details/c9885b1b7c7055a0
Issac DeJesus,--,--,--,http://ufcstats.com/fighter-details/0e2c2daf11b5d8f2
Luis Gurule,"5' 5""","64""","Nov 16, 1993",http://ufcstats.com/fighter-details/29162be25ebef5f0
Travis Wiuff,"6' 3""",--,"Mar 15, 1978",http://ufcstats.com/fighter-details/7f9f528cb72a6ed1
Phillipe Nover,"5' 9""","72""","Feb 03, 1984",http://ufcstats.com/fighter-details/64360e618823a8e4
Alexander Shlemenko,"5' 11""",--,"May 20, 1984",http://ufcstats.com/fighter-details/ed3ea649b34ddb6c
Cory Walmsley,"6' 0""",--,--,http://ufcstats.com/fighter-details/83c6c3e0f8bde8ee
Eduardo Torres Caut,"5' 7""","70""","Apr 26, 1995",http://ufcstats.com/fighter-details/c8d46028907bcece
Chelsea Hackett,"5' 4""","66""","Aug 16, 1998",http://ufcstats.com/fighter-details/184b7a36d50dcc5e
John Dave Almanza,"5' 7""","67""","Mar 22, 2004",http://ufcstats.com/fighter-details/088aa1b19b2dc14a
Mike Massenzio,"6' 2""","73""","Nov 01, 1982",http://ufcstats.com/fighter-details/5b2d7906aa894274
Francisco Bueno,"5' 9""",--,"Dec 23, 1972",http://ufcstats.com/fighter-details/a72d260b436924c4
Chris Padilla,"5' 9""","74""","Sep 14, 1995",http://ufcstats.com/fighter-details/06626b6287e1ae1e
Tim Catalfo,"5' 11""",--,--,http://ufcstats.com/fighter-details/6ca68b636fbc1f18
Bobby Lashley,"6' 3""","78""","Jul 16, 1976",http://ufcstats.com/fighter-details/b0826525fa17231d
Landon Quinones,"5' 9""","70""","Nov 21, 1995",http://ufcstats.com/fighter-details/267f4a6568abe245
Matthew Semelsberger,"6' 1""","75""","Nov 23, 1992",http://ufcstats.com/fighter-details/4aa58269d0664b5b
Jonathan Contrestano,--,--,--,http://ufcstats.com/fighter-details/06d4eb8123087123
Jeremy Stephens,"5' 9""","71""","May 25, 1986",http://ufcstats.com/fighter-details/18968f97ad34f15c
Gennaro Strangis,--,--,--,http://ufcstats.com/fighter-details/495add4fbede0a44
Dave Berry,--,--,--,http://ufcstats.com/fighter-details/b3bbe88fecd6a0d2
Chase Beebe,"5' 7""","67""","Mar 29, 1985",http://ufcstats.com/fighter-details/b16a7e6a627e9789
Doug Marshall,"5' 10""",--,"Sep 09, 1975",http://ufcstats.com/fighter-details/0c1773639c795466
Devonte Smith,"5' 9""","76""","Jul 30, 1993",http://ufcstats.com/fighter-details/207773daeb4afa7b
Amir Sadollah,"5' 10""","75""","Aug 27, 1980",http://ufcstats.com/fighter-details/2650e2f846a30f64
Yoshihiro Akiyama,"5' 10""","75""","Jul 29, 1975",http://ufcstats.com/fighter-details/b0550072e5f0afa7
Rama Supandhi,"5' 5""","66""","Nov 07, 1991",http://ufcstats.com/fighter-details/6d537248fe7cccf1
Henrique Shiguemoto,"5' 11""","72""","Jun 22, 1989",http://ufcstats.com/fighter-details/5d1700cfbaafbe06
Mohamed Ado,"5' 11""","76""","May 03, 2000",http://ufcstats.com/fighter-details/7a846fcbf182a7c8
Josh Epps,--,--,"Aug 23, 1986",http://ufcstats.com/fighter-details/984b0c4c6e773a1c
Tae Hyun Lee,"6' 6""",--,"Jan 17, 1975",http://ufcstats.com/fighter-details/de99da2c0d18d34a
Assuerio Silva,"5' 10""",--,"Jun 18, 1974",http://ufcstats.com/fighter-details/e091482fa6648261
Allan Goes,"6' 0""",--,"Apr 20, 1971",http://ufcstats.com/fighter-details/e62b36885ecdac27
Issa Isakov,"5' 9""","70""","Oct 22, 1989",http://ufcstats.com/fighter-details/e9095aeb36f2aeb8
Livinha Souza,"5' 3""","63""","Mar 11, 1991",http://ufcstats.com/fighter-details/dab8cfbb6b1db10a
Ron van Clief,"5' 10""",--,"Jan 25, 1943",http://ufcstats.com/fighter-details/23ab42947c1990e3
Aaron Simpson,"6' 0""","73""","Jul 20, 1974",http://ufcstats.com/fighter-details/d5f820c11a121050
Vadym Kutsyi,"6' 0""","71""","Jul 18, 1991",http://ufcstats.com/fighter-details/aeb2bcd4371f40d5
Trevor Harris,"5' 6""",--,--,http://ufcstats.com/fighter-details/0e98b05d3cf6d271
Dan Barrera,"5' 9""",--,"Dec 23, 1980",http://ufcstats.com/fighter-details/f12f979b657ab876
Michihiro Omigawa,"5' 6""","68""","Dec 19, 1975",http://ufcstats.com/fighter-details/9f842be1a5337be6
Duane Ludwig,"5' 10""","70""","Aug 04, 1978",http://ufcstats.com/fighter-details/84ac950d4c1722dd
Glaico Franca Moreira,"6' 0""","77""","Feb 28, 1991",http://ufcstats.com/fighter-details/00a3ff40c4b2cf21
Melissa Martinez,"5' 2""","66""","Aug 18, 1997",http://ufcstats.com/fighter-details/3f4c3bc822bea45d
Stephanie Frausto,"5' 2""","61""","Sep 20, 1990",http://ufcstats.com/fighter-details/fee02819a271c050
Jose Santibanez,--,--,"Jan 18, 1980",http://ufcstats.com/fighter-details/8299206ccebc44a7
Sean Sharaf,"6' 3""","77""","Jul 11, 1993",http://ufcstats.com/fighter-details/0f3a990526c5e706
Richard Dalton,"6' 1""",--,"Jul 19, 1977",http://ufcstats.com/fighter-details/6cd3dfc54f01287f
Niko Price,"6' 0""","76""","Sep 29, 1989",http://ufcstats.com/fighter-details/d8da10db80131bec
Hecher Sosa,"5' 9""","70""","Aug 25, 1995",http://ufcstats.com/fighter-details/ec3bd30378d63dd1
Wilson Gouveia,"6' 1""","76""","Oct 03, 1978",http://ufcstats.com/fighter-details/af5b208e97f5d382
Kultar Gill,"6' 0""",--,"Mar 24, 1979",http://ufcstats.com/fighter-details/42c96a9c4802e2e1
Raquel Pennington,"5' 7""","67""","Sep 05, 1988",http://ufcstats.com/fighter-details/fc169c387b4b465d
Vincent Eazelle,"5' 11""",--,"Dec 07, 1980",http://ufcstats.com/fighter-details/ec421d5de0aea624
Ananias Mulumba,"5' 5""","70""","Sep 18, 1998",http://ufcstats.com/fighter-details/a59bc10f5e9f5fbb
Gilles Arsene,"5' 9""",--,"Dec 23, 1970",http://ufcstats.com/fighter-details/2dea80c069847321
Chris Kelades,"5' 7""","68""","Feb 21, 1981",http://ufcstats.com/fighter-details/56c9acc4e86046a2
Diego Brandao,"5' 7""","64""","May 27, 1987",http://ufcstats.com/fighter-details/c2e3e67b5911bfb7
Issei Tamura,"5' 5""","63""","Mar 12, 1984",http://ufcstats.com/fighter-details/57bf89d42364d39e
Dan Molina,"5' 10""",--,"Jun 14, 1984",http://ufcstats.com/fighter-details/606136dee6f6ecea
Oliver Enkamp,"6' 0""","77""","Aug 10, 1991",http://ufcstats.com/fighter-details/330bafba312face4
John Paul Elias,"6' 4""",--,--,http://ufcstats.com/fighter-details/e873203fd50542f6
Damian Grabowski,"6' 1""","75""","May 12, 1980",http://ufcstats.com/fighter-details/3f11b5d4bd76a6d9
Peter Danesoe,"5' 9""","68""","Sep 01, 2000",http://ufcstats.com/fighter-details/5f119b24c0f9679c
Michelle Maher,--,--,--,http://ufcstats.com/fighter-details/118463dd8db16e7f
Azamat Bekoev,"6' 0""","72""","Dec 30, 1995",http://ufcstats.com/fighter-details/3bc3f60b21cddc6a
Andre Fialho,"6' 0""","74""","Apr 07, 1994",http://ufcstats.com/fighter-details/33efaf2d0941cfcf
Ian Rammel,"6' 0""",--,"Jul 22, 1985",http://ufcstats.com/fighter-details/abc8e1423cf5b74e
Zac Pauga,"6' 2""","76""","Feb 25, 1988",http://ufcstats.com/fighter-details/56f7d7ee06be4aab
Bec Rawlings,"5' 6""","64""","Feb 11, 1989",http://ufcstats.com/fighter-details/907e60fd13407e1e
Austin Vanderford,"5' 11""","74""","Mar 21, 1990",http://ufcstats.com/fighter-details/32c3ee378671a5d9
Tomasz Drwal,"6' 1""","76""","Jan 22, 1982",http://ufcstats.com/fighter-details/679a9054e2815943
Josh Haynes,"5' 9""",--,"Jul 30, 1977",http://ufcstats.com/fighter-details/6ef58dabef8beb15
Maurice Eazel,"5' 7""",--,--,http://ufcstats.com/fighter-details/4acb99524a9a81ab
Ethyn Ewing,"5' 6""","69""","Feb 16, 1998",http://ufcstats.com/fighter-details/d776b5814f2400b4
Jared Hamman,"6' 3""","75""","Mar 07, 1982",http://ufcstats.com/fighter-details/23459ee7e373b98f
Joe Vedepo,"6' 0""",--,"Jan 01, 1983",http://ufcstats.com/fighter-details/d35c3ed553b71fa2
Anthony Hamilton,"6' 5""","76""","Apr 14, 1980",http://ufcstats.com/fighter-details/c727c7d31c50c4cf
Kyosuke Sasaki,"5' 7""",--,"Oct 07, 1979",http://ufcstats.com/fighter-details/23bd78c3f89bdb54
Billy Ray Goff,"5' 10""","72""","Jun 18, 1998",http://ufcstats.com/fighter-details/fa07345cc9db5cc9
Tokimitsu Ishizawa,"6' 0""",--,"Aug 05, 1968",http://ufcstats.com/fighter-details/f3155a94ca420126
Antonio Jones,"5' 11""",--,"Apr 12, 1985",http://ufcstats.com/fighter-details/f1fd494586ab8d5f
Kazuhiro Nakamura,"5' 11""","70""","Jul 16, 1979",http://ufcstats.com/fighter-details/b034747dc1d15491
Chibwikem Onyenegecha,"6' 3""",--,"Apr 18, 1994",http://ufcstats.com/fighter-details/887e09328cd63df1
Cesar Marscucci,--,--,--,http://ufcstats.com/fighter-details/e8efeb9cf33b1941
Marlon Sims,--,--,"Jan 18, 1974",http://ufcstats.com/fighter-details/9eedac48b497de5a
Andre Pederneiras,"5' 8""",--,"Mar 22, 1967",http://ufcstats.com/fighter-details/bba678d312590087
Bruno Silva,"5' 4""","65""","Mar 16, 1990",http://ufcstats.com/fighter-details/294aa73dbf37d281
Hamdy Abdelwahab,"6' 2""","72""","Jan 22, 1993",http://ufcstats.com/fighter-details/3329d692aea4dc28
Sean Bassett,--,--,--,http://ufcstats.com/fighter-details/2c733e059462c1dc
Justin Wilcox,"5' 6""",--,"Mar 12, 1979",http://ufcstats.com/fighter-details/4a482a0100cfcd0a
Abongo Humphrey,"5' 11""",--,"May 27, 1977",http://ufcstats.com/fighter-details/cb1b4d237b0079e6
Michael Chiesa,"6' 1""","75""","Dec 07, 1987",http://ufcstats.com/fighter-details/c58f51dedb310998
Mitch Gagnon,"5' 5""","65""","Oct 10, 1984",http://ufcstats.com/fighter-details/b8592b4a383696cd
Melissa Mullins,"5' 7""","68""","Jul 23, 1991",http://ufcstats.com/fighter-details/bd532e9a2b93870c
Joe Riggs,"6' 0""","70""","Sep 23, 1982",http://ufcstats.com/fighter-details/d512d9f204059f57
Jason Ireland,"5' 9""",--,"Dec 30, 1979",http://ufcstats.com/fighter-details/05a0556072931f01
Volkan Oezdemir,"6' 2""","75""","Sep 19, 1989",http://ufcstats.com/fighter-details/0845c81e37d3bcb3
Frank Megallon,"5' 10""",--,--,http://ufcstats.com/fighter-details/c0a93b52096b7682
Frank Gomez,"5' 10""","67""","Mar 31, 1986",http://ufcstats.com/fighter-details/a0a680fe2f6cc8e6
Damir Ismagulov,"5' 10""","74""","Feb 03, 1991",http://ufcstats.com/fighter-details/135d124172a0bea3
Patrick Walsh,"5' 11""",--,"Nov 28, 1988",http://ufcstats.com/fighter-details/b4c96c3d9139bf0e
AJ McKee,"5' 10""",--,--,http://ufcstats.com/fighter-details/f3ec0214794a699e
Danny Henry,"6' 0""","73""","Jul 17, 1988",http://ufcstats.com/fighter-details/f7d73e452b064bf2
Danny Davis,"6' 2""",--,"Jul 28, 1982",http://ufcstats.com/fighter-details/570d40f993171b19
Sam Hoger,"6' 2""",--,"Jun 28, 1980",http://ufcstats.com/fighter-details/84a067c46306a737
Axel Sola,"6' 2""","74""","Sep 17, 1997",http://ufcstats.com/fighter-details/1d2d98ddd05b38fb
Ricardo Morais,"6' 8""",--,"Feb 26, 1967",http://ufcstats.com/fighter-details/2dc7f1762dc0a7ef
Garreth McLellan,"6' 1""","72""","Sep 01, 1982",http://ufcstats.com/fighter-details/f215cfbd4ba3c270
John Howard,"5' 7""","72""","Mar 01, 1983",http://ufcstats.com/fighter-details/fc31f896cde2bc2e
Thomas Gifford,"6' 1""","75""","Jul 26, 1992",http://ufcstats.com/fighter-details/e7f51d9f9e9259e7
Mike Zichelle,--,--,--,http://ufcstats.com/fighter-details/6d3398b910461f2f
Matt Frevola,"5' 9""","71""","Jun 11, 1990",http://ufcstats.com/fighter-details/dccb63727f2f5f74
Ernesta Kareckaite,"5' 9""","71""","Jul 05, 1998",http://ufcstats.com/fighter-details/e4faa79383c9f214
Danny Martinez,"5' 6""","67""","Jun 14, 1985",http://ufcstats.com/fighter-details/8a9c6c4301f6d088
Erik Apple,"6' 0""",--,"Aug 26, 1977",http://ufcstats.com/fighter-details/1ccff7f0cfdf85eb
Michal Oleksiejczuk,"6' 0""","74""","Feb 22, 1995",http://ufcstats.com/fighter-details/0d65c432720accb9
David Teymur,"5' 9""","73""","May 01, 1989",http://ufcstats.com/fighter-details/2747c60e42d9d75f
Mike Lullo,"5' 8""",--,"Jul 24, 1979",http://ufcstats.com/fighter-details/e26882820f9e8df5
Shamil Gamzatov,"6' 2""","76""","Aug 09, 1990",http://ufcstats.com/fighter-details/0d980975001ae3d8
Cain Carrizosa,"5' 8""",--,"Jul 22, 1986",http://ufcstats.com/fighter-details/064b7dc68d786254
Tom Lawlor,"6' 0""","74""","May 15, 1983",http://ufcstats.com/fighter-details/4d44f37107f01b9b
Gisele Moreira,"5' 6""",--,"Jan 14, 1981",http://ufcstats.com/fighter-details/6a125ba3ec37e27e
Ivan Shtyrkov,"6' 0""","74""","Jun 09, 1988",http://ufcstats.com/fighter-details/1f4b1d7d12601c5f
Anthony Drilich,"5' 5""","65""","Mar 17, 1994",http://ufcstats.com/fighter-details/c2c4052f58f54988
Che Mills,"6' 1""","76""","Sep 29, 1982",http://ufcstats.com/fighter-details/6cadfd8f1d9e7685
John Adajar,"5' 9""","75""","Jun 22, 1991",http://ufcstats.com/fighter-details/989b85f6540c86b1
Guy Mezger,"6' 1""",--,"Jan 01, 1968",http://ufcstats.com/fighter-details/946f341df6472ee0
Alain Van der Merckt,--,--,"Jun 11, 1993",http://ufcstats.com/fighter-details/f6bbc6ba4f06ad60
Michael Diaz,--,--,--,http://ufcstats.com/fighter-details/5e7a48e469770615
Juan Mott,"6' 0""",--,"Dec 07, 1965",http://ufcstats.com/fighter-details/5da4e8dc02e50ac0
Sean Daugherty,"6' 0""",--,"Dec 04, 1975",http://ufcstats.com/fighter-details/a683f9ddb70aa4bd
Macy Chiasson,"5' 11""","72""","Jul 27, 1991",http://ufcstats.com/fighter-details/9cdd2da1a9104a0b
Paulo Santos,--,--,--,http://ufcstats.com/fighter-details/7ca4c3f8aa8bacae
Paul Bradley,"5' 9""",--,"Jun 13, 1983",http://ufcstats.com/fighter-details/c7011de4765d2497
Cory Devela,"5' 0""",--,"Aug 05, 1984",http://ufcstats.com/fighter-details/48544433372ecfa6
Naoki Matsushita,"5' 6""",--,"Mar 31, 1976",http://ufcstats.com/fighter-details/990060b2a68a7b82
Sean McCorkle,"6' 7""","81""","Jul 17, 1976",http://ufcstats.com/fighter-details/008dc37cca279def
Jimmy Crute,"6' 2""","74""","Mar 04, 1996",http://ufcstats.com/fighter-details/70e1f8a821b72c8b
Sammy Morgan,"5' 10""",--,"Sep 28, 1981",http://ufcstats.com/fighter-details/2067a177a2842fbf
Gabe Ruediger,"5' 10""",--,"Aug 29, 1977",http://ufcstats.com/fighter-details/ccba80d4820ef557
Genki Sudo,"5' 9""",--,"Mar 08, 1978",http://ufcstats.com/fighter-details/99dd0147dc4ef80c
Desmond Torres,"5' 6""","69""","Jan 06, 1997",http://ufcstats.com/fighter-details/971aebf56267de20
Tucker Lutz,"5' 8""","72""","Jul 12, 1994",http://ufcstats.com/fighter-details/7832f2f62f04178f
Malcolm Wellmaker,"5' 10""","71""","Jun 04, 1994",http://ufcstats.com/fighter-details/2e45d08b3f2f02c8
Rickson Zenidim,"5' 7""","67""","Feb 17, 1999",http://ufcstats.com/fighter-details/c879d8620261b1a3
Sodiq Yusuff,"5' 9""","71""","May 19, 1993",http://ufcstats.com/fighter-details/94426bb170c88115
Cezary Oleksiejczuk,"6' 3""","75""","Jan 06, 2000",http://ufcstats.com/fighter-details/084532da3d25f3b8
Jason High,"5' 8""","73""","Oct 12, 1981",http://ufcstats.com/fighter-details/e5d03e4d966126bd
Thomas Almeida,"5' 7""","70""","Jul 31, 1991",http://ufcstats.com/fighter-details/2b074403b7c6cdb4
Victor Valenzuela,"5' 9""","71""","Feb 09, 1994",http://ufcstats.com/fighter-details/078695e385ec2f57
Shaun Etchell,"5' 7""","68""","Aug 05, 1993",http://ufcstats.com/fighter-details/ea9bfe9c25037bba
Nick Klein,"6' 1""","77""","Sep 08, 1995",http://ufcstats.com/fighter-details/7eaa5e31c2dd86aa
Javy Ayala,"6' 1""",--,"Aug 20, 1988",http://ufcstats.com/fighter-details/26387c19f32dda0f
Elaina Maxwell,"5' 8""",--,"Dec 16, 1978",http://ufcstats.com/fighter-details/a16ce18149021139
Sidney Silva,"6' 3""",--,"Feb 27, 1972",http://ufcstats.com/fighter-details/a6c32678efd4f434
Jeff Cox,"5' 10""",--,"Aug 02, 1968",http://ufcstats.com/fighter-details/c9bbf1a0285a8076
Jon Delos Reyes,"5' 6""","67""","Aug 19, 1987",http://ufcstats.com/fighter-details/0d0351c20169a499
Shayilan Nuerdanbieke,"5' 8""","69""","May 04, 1994",http://ufcstats.com/fighter-details/0a73acff6325c1e2
Antonio Schembri,"5' 9""",--,"Jun 01, 1974",http://ufcstats.com/fighter-details/a3244e3238541482
Charles Radtke,"5' 9""","72""","Jul 09, 1990",http://ufcstats.com/fighter-details/feedf3053472fe56
Josh Stuart,"5' 9""",--,--,http://ufcstats.com/fighter-details/601cf40c09090853
Nick Rossborough,"6' 5""",--,"Nov 18, 1981",http://ufcstats.com/fighter-details/ff3a915256b899c0
Gilbert Yvel,"6' 2""","77""","Jun 30, 1976",http://ufcstats.com/fighter-details/d29b5c4f22c6357d
Tony Bonello,"6' 2""",--,"Oct 20, 1972",http://ufcstats.com/fighter-details/702a72aa7a266d86
Jonny Goh,"5' 11""",--,--,http://ufcstats.com/fighter-details/e86af30738a5452a
Tomomi Iwama,"5' 3""",--,"Feb 07, 1977",http://ufcstats.com/fighter-details/ac5f67109accb482
Ben Jones,--,--,--,http://ufcstats.com/fighter-details/329aff8e958a2997
Sarah Kaufman,"5' 5""","66""","Sep 20, 1985",http://ufcstats.com/fighter-details/36df8e119aec6175
Royston Wee,"5' 7""","67""","Nov 15, 1986",http://ufcstats.com/fighter-details/b9c03e7a4557e542
Drew Fickett,"5' 10""","70""","Dec 14, 1979",http://ufcstats.com/fighter-details/d814f5192e58fb2f
Frank Mir,"6' 3""","79""","May 24, 1979",http://ufcstats.com/fighter-details/1ff9589f9065a9ed
Rex Richards,"6' 5""",--,"Oct 17, 1980",http://ufcstats.com/fighter-details/ad23903ef3af7406
Dylan Lockard,"5' 9""","72""","May 19, 1992",http://ufcstats.com/fighter-details/9caa254991a5a698
Chris Birchler,"6' 3""",--,"Jun 05, 1987",http://ufcstats.com/fighter-details/8a22c6b4d29880a3
Roger Hollett,"5' 11""",--,"Oct 08, 1978",http://ufcstats.com/fighter-details/27d65e9d0fba61ea
Gerard Gordeau,"6' 5""",--,"Mar 30, 1959",http://ufcstats.com/fighter-details/279093302a6f44b3
Dave Menne,"5' 10""",--,"Jul 29, 1974",http://ufcstats.com/fighter-details/275cafc9de131c83
Nick Serra,"5' 9""",--,"Mar 27, 1978",http://ufcstats.com/fighter-details/1975c2272ba40e71
Josh Quinlan,"6' 0""","72""","Feb 06, 1993",http://ufcstats.com/fighter-details/876f478f796495f7
Richard Odoms,"6' 5""",--,"May 08, 1975",http://ufcstats.com/fighter-details/f43907e75f8d9baa
Neiman Gracie,"6' 0""",--,--,http://ufcstats.com/fighter-details/12d855d12a624da2
Mike Bronzoulis,"6' 0""",--,"Jan 05, 1979",http://ufcstats.com/fighter-details/df3c39573d01f55b
Jamal Pogues,"6' 3""","77""","Dec 01, 1995",http://ufcstats.com/fighter-details/f41b9f5efc7162d6
Justin Frazier,"6' 0""","75""","Jun 15, 1989",http://ufcstats.com/fighter-details/78863e4a28204a6b
Brandon Polcare,--,--,--,http://ufcstats.com/fighter-details/543cd2258f4fa339
Shannon Clark,"5' 5""","64""","Jul 07, 1992",http://ufcstats.com/fighter-details/7ae36b3791e0969a
Minoru Toyonaga,"5' 11""",--,"Jun 12, 1978",http://ufcstats.com/fighter-details/04076783ca83d6ae
Kevin Christian,"6' 7""","80""","Jan 21, 1995",http://ufcstats.com/fighter-details/7e9b36a9847db116
Eldo Xavier Dias,"5' 11""",--,"Jul 16, 1964",http://ufcstats.com/fighter-details/ee5df903f80c6816
Reza Arianto,--,--,--,http://ufcstats.com/fighter-details/90063913321e7670
Alex Dunworth,"5' 8""",--,--,http://ufcstats.com/fighter-details/31732a614e7a3d1d
Adrian Diaz,"5' 10""",--,"Apr 26, 1988",http://ufcstats.com/fighter-details/bfa8f263815cfa2e
Tonya Evinger,"5' 7""","70""","Jun 04, 1981",http://ufcstats.com/fighter-details/b12a1d19ee383b7c
David Marshall,"6' 2""",--,"Aug 24, 1984",http://ufcstats.com/fighter-details/0a2813f89a758ff7
Marcos Galvao,"5' 7""",--,"Jun 23, 1981",http://ufcstats.com/fighter-details/e15d0a2519d6a0b5
Dennis Siver,"5' 6""","70""","Jan 13, 1979",http://ufcstats.com/fighter-details/5f87a5c00b3d17ed
Anthony Torres,"5' 8""",--,"Jul 31, 1978",http://ufcstats.com/fighter-details/918d9d89d4d52acc
Rafael Carino,"6' 8""",--,--,http://ufcstats.com/fighter-details/08a7080ff5904661
Zarrukh Adashev,"5' 5""","65""","Jul 29, 1992",http://ufcstats.com/fighter-details/79cb2a690b9ba5e8
Bailey Schoenfelder,"6' 3""","76""","Sep 22, 1997",http://ufcstats.com/fighter-details/b0353e7f5038dd09
Mirko Filipovic,"6' 2""","73""","Sep 10, 1974",http://ufcstats.com/fighter-details/c32fb8c0f6471a4d
Brendan Allen,"6' 2""","75""","Dec 28, 1995",http://ufcstats.com/fighter-details/2f181c0467965b98
Scott McAfee,"5' 8""",--,"Aug 23, 1983",http://ufcstats.com/fighter-details/7e7d81bf162a5ec1
Louis Jourdain,"5' 9""","69""","Mar 13, 1997",http://ufcstats.com/fighter-details/91cd52cb92dfdd52
Ricco Rodriguez,"6' 4""",--,"Aug 19, 1977",http://ufcstats.com/fighter-details/50cc91ce2982785d
Eric Schafer,"6' 3""","76""","Sep 20, 1977",http://ufcstats.com/fighter-details/f59f1d3a2ff13edd
Khomkrit Niimi,"5' 2""",--,--,http://ufcstats.com/fighter-details/52a003d768f10d91
Poppies Martinez,"5' 9""",--,"Aug 19, 1983",http://ufcstats.com/fighter-details/8851bb0418d27d28
Rana Rudra Pratap Singh,"5' 10""","69""","May 09, 1997",http://ufcstats.com/fighter-details/254ed71756cfd18c
Jason Gilliam,"6' 0""",--,"Oct 31, 1972",http://ufcstats.com/fighter-details/91720876db0ee468
Antony Rea,"6' 0""",--,"Jul 15, 1976",http://ufcstats.com/fighter-details/c36e1f4fa755ffb4
Megan Anderson,"6' 0""","72""","Feb 11, 1990",http://ufcstats.com/fighter-details/a0e75f4a13eb73f1
Geza Kalman,"6' 1""",--,--,http://ufcstats.com/fighter-details/304fcd812f12c589
Christian Rodriguez,"5' 7""","71""","Dec 17, 1997",http://ufcstats.com/fighter-details/5ec591b78349ba7e
Philip Preece,"5' 8""",--,--,http://ufcstats.com/fighter-details/6597b611f1c32555
Alberto Montes,"5' 7""","69""","May 31, 1994",http://ufcstats.com/fighter-details/a112097ad877a48f
Keiichiro Nakamura,"5' 10""","70""","Dec 02, 1998",http://ufcstats.com/fighter-details/3618e0632ecdba9c
Rodolfo Bellato,"6' 3""","75""","Feb 05, 1996",http://ufcstats.com/fighter-details/69898645d600abdb
Yosdenis Cedeno,"5' 8""","69""","Feb 12, 1985",http://ufcstats.com/fighter-details/3e61082025db8137
Dave Zitanick,--,--,"Mar 05, 1980",http://ufcstats.com/fighter-details/be124bdd60fab7d5
Pawel Nastula,"6' 0""",--,"Jun 26, 1970",http://ufcstats.com/fighter-details/154a6b3ffae264cd
Bob Cook,"5' 9""",--,--,http://ufcstats.com/fighter-details/1c061eb6e29eaa0a
Jack McGlaughlin,--,--,--,http://ufcstats.com/fighter-details/237187ed9f419285
Sean Alvarez,"6' 0""",--,"Jul 14, 1971",http://ufcstats.com/fighter-details/e741536153227386
Luis Henrique,"6' 2""","74""","Aug 21, 1993",http://ufcstats.com/fighter-details/e5bda12faabfc850
Molly McCann,"5' 4""","62""","May 04, 1990",http://ufcstats.com/fighter-details/51018a31ddf31eb2
Max Martyniouk,--,--,--,http://ufcstats.com/fighter-details/69d3fa376ff2595e
Marcelo Mello,"5' 7""",--,--,http://ufcstats.com/fighter-details/672ef06fd9f41f7d
David Michaud,"5' 9""",--,"Nov 10, 1988",http://ufcstats.com/fighter-details/49f4b511932f71e9
Tatiana Suarez,"5' 5""","66""","Dec 19, 1990",http://ufcstats.com/fighter-details/b08012bbe542592a
Carlos Felipe,"6' 0""","75""","Jan 12, 1995",http://ufcstats.com/fighter-details/a2ea77e974c5889f
Ange Loosa,"5' 10""","74""","Mar 18, 1993",http://ufcstats.com/fighter-details/1497e735d9f2560a
Mickael Lebout,"5' 11""","73""","Aug 16, 1987",http://ufcstats.com/fighter-details/c575ab451e3c5b1d
Ricardo Lamas,"5' 8""","71""","May 21, 1982",http://ufcstats.com/fighter-details/3974fa35c917af1d
Raimond Magomedaliev,"6' 1""","75""","Jun 10, 1990",http://ufcstats.com/fighter-details/d16373b3568678d4
Justin Martin,"6' 0""",--,--,http://ufcstats.com/fighter-details/3da19339ee7051d5
Han Ten Yun,"5' 11""",--,--,http://ufcstats.com/fighter-details/67ec58d7cf599835
Adriano Martins,"5' 10""","72""","Dec 16, 1982",http://ufcstats.com/fighter-details/7dcf06c1967801c1
Shane Nelson,"5' 9""","70""","Nov 29, 1984",http://ufcstats.com/fighter-details/2db7fa8db6bc9632
Derrick Mehmen,"6' 4""",--,"May 30, 1985",http://ufcstats.com/fighter-details/6c7dafd03b6cc3f8
Cyrillo Padilha,"5' 11""",--,"Jan 23, 1978",http://ufcstats.com/fighter-details/856c4d2668a875f9
Kemran Lachinov,--,--,--,http://ufcstats.com/fighter-details/eb84192d1a97f69e
Cameron Saaiman,"5' 8""","67""","Dec 20, 2000",http://ufcstats.com/fighter-details/3c8a5200436e19f3
Jason Guida,"5' 10""",--,"Aug 04, 1977",http://ufcstats.com/fighter-details/ce25b4ed82b1811b
Josefine Knutsson,"5' 3""","60""","Jan 16, 1996",http://ufcstats.com/fighter-details/971dba22c622af12
Curtis Stout,"6' 1""",--,"Nov 07, 1973",http://ufcstats.com/fighter-details/e09dbbd5fe3f0fe2
Wayne Cole,"6' 1""",--,"Jan 06, 1971",http://ufcstats.com/fighter-details/2eab7a6c8b0ed8cc
Quinn Mulhern,"6' 3""",--,"Sep 20, 1984",http://ufcstats.com/fighter-details/16af2d5a6f28bee2
Taiga Iwasaki,"6' 1""","73""","Jul 07, 1997",http://ufcstats.com/fighter-details/5b08af4fbc987f9c
Court McGee,"5' 11""","75""","Dec 12, 1984",http://ufcstats.com/fighter-details/523fa774700d7d3f
Eric Schwartz,--,--,--,http://ufcstats.com/fighter-details/79cbdf233e5e0496
Shimon Smotritsky,"6' 2""","74""","Aug 22, 2000",http://ufcstats.com/fighter-details/1b0491ef0f9c965e
CJ Marsh,--,--,--,http://ufcstats.com/fighter-details/4c91eb190d5e0dd9
Ovince Saint Preux,"6' 3""","80""","Apr 08, 1983",http://ufcstats.com/fighter-details/50db8711c70196cd
Kaiwen,"5' 8""","71""","Oct 16, 1995",http://ufcstats.com/fighter-details/0565706b1e7f7e7c
Sheymon Moraes,"5' 8""","72""","Oct 11, 1990",http://ufcstats.com/fighter-details/0d62719b1dcf7c40
Dakota Bush,"5' 10""","73""","Jun 09, 1994",http://ufcstats.com/fighter-details/3033c1c080672475
Paul Daley,"5' 9""","76""","Feb 21, 1983",http://ufcstats.com/fighter-details/23725c826c481e7f
Roy Nelson,"6' 0""","73""","Jun 20, 1976",http://ufcstats.com/fighter-details/3f7c14c7eca7195d
Darrick Minner,"5' 7""","69""","Apr 28, 1990",http://ufcstats.com/fighter-details/34e516ab361afb1c
John Dowdy,--,--,--,http://ufcstats.com/fighter-details/e780ccc79a209985
Chris Hofmann,"6' 0""","72""","Nov 18, 1989",http://ufcstats.com/fighter-details/33fb306278dbb3e5
Cheyanne Vlismas,"5' 3""","63""","Jun 25, 1995",http://ufcstats.com/fighter-details/4959f10a62f3fec3
Manuel Gaxhja,"5' 8""",--,"Jul 23, 1997",http://ufcstats.com/fighter-details/618643d0d5c0631d
Santiago Ponzinibbio,"6' 0""","73""","Sep 26, 1986",http://ufcstats.com/fighter-details/6d1bffff14897645
Scott Fiedler,"6' 4""",--,--,http://ufcstats.com/fighter-details/0ec821423baa26bd
Trevor Peek,"5' 9""","70""","Jan 09, 1995",http://ufcstats.com/fighter-details/0bc697c5936a2d0a
Mike Aina,"5' 9""",--,"Dec 25, 1980",http://ufcstats.com/fighter-details/9e3dbb9c68ed5d1a
Juliana Lima,"5' 5""","65""","Mar 15, 1982",http://ufcstats.com/fighter-details/75a6a390fd5dca46
Ivan Erslan,"6' 2""","72""","Nov 15, 1991",http://ufcstats.com/fighter-details/64ad3e3b0efa30bb
Frank Trigg,"5' 9""","71""","May 07, 1972",http://ufcstats.com/fighter-details/d2d37e8eeb3abc8d
Leslie Hernandez,"5' 3""","64""","Dec 29, 1997",http://ufcstats.com/fighter-details/fc8610cc15674ae2
Justin Hawes,"5' 11""",--,"Jan 13, 1979",http://ufcstats.com/fighter-details/5c7fc58e782b6842
Patricia Alujas,"5' 4""","64""","May 08, 1996",http://ufcstats.com/fighter-details/430c533614d45813
Alex Caceres,"5' 10""","73""","Jun 20, 1988",http://ufcstats.com/fighter-details/7aa3d6964eff4877
Aaron Brink,"6' 3""",--,"Nov 12, 1974",http://ufcstats.com/fighter-details/cf1a88371c8cb690
Chris Wilson,"6' 1""","75""","Jun 07, 1977",http://ufcstats.com/fighter-details/a56607a451e4c70d
Mohammad Yahya,"5' 9""","73""","May 23, 1994",http://ufcstats.com/fighter-details/3753714927f18437
Azamat Gashimov,"5' 6""",--,"Apr 07, 1990",http://ufcstats.com/fighter-details/a1b0715c4fd2dbd3
Nick Urso,"5' 6""","66""","Sep 26, 1985",http://ufcstats.com/fighter-details/e78c4c3d329c531b
Payton Talbott,"5' 10""","70""","Sep 09, 1998",http://ufcstats.com/fighter-details/6e743a33d56bdaa4
DaMarques Johnson,"6' 1""","75""","Jun 28, 1982",http://ufcstats.com/fighter-details/322a56923b396b4d
Cain Velasquez,"6' 1""","77""","Jul 28, 1982",http://ufcstats.com/fighter-details/0ff11cc094e887bc
Dieusel Berto,"5' 9""",--,--,http://ufcstats.com/fighter-details/0db70ca89e1c7374
Jinnosuke Kashimura,"5' 7""","71""","Aug 12, 2001",http://ufcstats.com/fighter-details/4a9120fa47bafef0
Fabricio Guerreiro,"5' 10""",--,"Jul 24, 1990",http://ufcstats.com/fighter-details/2963369e327e1979
Journey Newson,"5' 5""","67""","Mar 07, 1989",http://ufcstats.com/fighter-details/78f485f851891d68
Fernie Garcia,"5' 7""","67""","Apr 12, 1992",http://ufcstats.com/fighter-details/9e92e1ca498d7244
Kamal Shalorus,"5' 8""","68""","Aug 27, 1972",http://ufcstats.com/fighter-details/ece280745f8727b8
Brandon Foxworth,"5' 11""",--,"Apr 28, 1979",http://ufcstats.com/fighter-details/f65a0eb902f9476b
Daria Zhelezniakova,"5' 9""","68""","Jan 23, 1996",http://ufcstats.com/fighter-details/07047eb7d17fb0a2
Abdul Razak Alhassan,"5' 10""","73""","Aug 11, 1985",http://ufcstats.com/fighter-details/eae431e70064e046
Daniel Cormier,"5' 11""","72""","Mar 20, 1979",http://ufcstats.com/fighter-details/d967f0128c323de6
Elias Theodorou,"6' 1""","75""","May 31, 1988",http://ufcstats.com/fighter-details/34f88592c0ab7a54
Talita Alencar,"5' 1""","58""","Oct 17, 1990",http://ufcstats.com/fighter-details/d35298b6df168456
Jamie Colleen,"5' 3""","65""","Nov 02, 1985",http://ufcstats.com/fighter-details/6b64db453edf4c50
Ricky Glenn,"6' 0""","70""","Apr 12, 1989",http://ufcstats.com/fighter-details/814ff3018127e8fc
Lance Lawrence,"6' 1""","74""","Jun 26, 1993",http://ufcstats.com/fighter-details/ce039df1994b18f0
Jumabieke Tuerxun,"5' 7""",--,"Apr 17, 1986",http://ufcstats.com/fighter-details/1ed32eaaba9ffe10
Joshua Wang-Kim,"5' 9""","71""","Nov 16, 1992",http://ufcstats.com/fighter-details/d538f13ab21d9633
Tom Nolan,"6' 3""","73""","Mar 08, 2000",http://ufcstats.com/fighter-details/6c3b2525436cf5d4
Amanda Ribas,"5' 4""","66""","Aug 26, 1993",http://ufcstats.com/fighter-details/beecb672a279223e
Mike French,"5' 10""",--,"May 29, 1975",http://ufcstats.com/fighter-details/756f45905fb20cb5
Edimilson Souza,"6' 0""","74""","Oct 17, 1984",http://ufcstats.com/fighter-details/6c7020b859c7a3ce
Yuri Villefort,"6' 0""","73""","Mar 23, 1991",http://ufcstats.com/fighter-details/0fb1e2694a39a02f
Vinicius Moreira,"6' 4""","76""","Feb 28, 1989",http://ufcstats.com/fighter-details/acb36c908d415c4a
Ken Kaneko,"6' 0""",--,"Oct 19, 1976",http://ufcstats.com/fighter-details/5345f86680378fc1
Stephen Regman,"5' 11""","76""","Aug 05, 1991",http://ufcstats.com/fighter-details/24d98df7556ac8af
Torrance Taylor,"5' 7""",--,"Oct 11, 1987",http://ufcstats.com/fighter-details/88e53ec16b801740
Seth Dikun,"5' 10""","69""","Aug 05, 1980",http://ufcstats.com/fighter-details/eb42d4febfafefd1
Alexandru Lungu,"6' 0""",--,"Sep 03, 1974",http://ufcstats.com/fighter-details/4887e5bc4dbb73ff
Dave Terrel,"5' 8""",--,"May 10, 1978",http://ufcstats.com/fighter-details/b9aa0024f295609e
Francisco Trinaldo,"5' 9""","70""","Aug 24, 1978",http://ufcstats.com/fighter-details/a8283a4f415e1eb9
Lukasz Les,--,--,"Nov 05, 1981",http://ufcstats.com/fighter-details/5a8e30ed38a5bc6f
Johnny Rhodes,"6' 0""",--,--,http://ufcstats.com/fighter-details/319fa1bd3176bded
Daniel McWilliams,"6' 1""",--,"Jan 14, 1983",http://ufcstats.com/fighter-details/7b03d9df5910917d
Gray Maynard,"5' 9""","70""","May 09, 1979",http://ufcstats.com/fighter-details/7d96bc577e5178b2
Felipe Olivieri,"5' 9""",--,"Apr 12, 1985",http://ufcstats.com/fighter-details/948880beac71f028
Frank Camacho,"5' 10""","73""","May 18, 1989",http://ufcstats.com/fighter-details/764342d39cdaa54a
Tatsuya Mizuno,"6' 1""",--,"Jun 02, 1981",http://ufcstats.com/fighter-details/478c8706bdb92440
Eric Steenberg,--,--,"Jun 22, 1983",http://ufcstats.com/fighter-details/377bc9dc0b2745f9
Jussier Formiga,"5' 5""","67""","Apr 14, 1985",http://ufcstats.com/fighter-details/b102c26727306ab6
Chris Lytle,"5' 11""","68""","Aug 18, 1974",http://ufcstats.com/fighter-details/91acd6910b802a9e
Joanna Jedrzejczyk,"5' 6""","65""","Aug 18, 1987",http://ufcstats.com/fighter-details/3d6749c4267da18f
Pedro Munhoz,"5' 6""","65""","Sep 07, 1986",http://ufcstats.com/fighter-details/6bd02119599741a4
Magomed Sultanakhmedov,"6' 2""",--,"May 11, 1984",http://ufcstats.com/fighter-details/fe1fdc6be470f773
Yushin Okami,"6' 2""","75""","Jul 21, 1981",http://ufcstats.com/fighter-details/acff437707625fc7
Andreas Spang,"6' 1""",--,"Nov 07, 1978",http://ufcstats.com/fighter-details/b9eb5b4ed07d1525
Kasey Tanner,"5' 7""","69""","Jan 11, 1992",http://ufcstats.com/fighter-details/078b732efa497f49
Mike Nickels,"6' 4""",--,"Dec 13, 1971",http://ufcstats.com/fighter-details/330ec26453c44a59
Sean Gauci,"5' 5""","64""","Oct 07, 1996",http://ufcstats.com/fighter-details/d758f272d94f5866
John Teixeira,"5' 7""",--,"Nov 18, 1986",http://ufcstats.com/fighter-details/86061eaba822bfea
Anvar Boynazarov,"5' 9""",--,"Jan 10, 1989",http://ufcstats.com/fighter-details/4a191f4ea2fce7fc
Trevin Jones,"5' 7""","70""","Aug 04, 1990",http://ufcstats.com/fighter-details/ec23c1be628d8057
Umar Nurmagomedov,"5' 8""","69""","Jan 03, 1996",http://ufcstats.com/fighter-details/2b6fc1c02736833d
Guilherme Uriel,"6' 1""","74""","Feb 18, 1997",http://ufcstats.com/fighter-details/4252b09f0c8c4472
Julius Walker,"6' 4""","78""","Jul 16, 1999",http://ufcstats.com/fighter-details/6add18754930182b
Masanori Kanehara,"5' 7""","67""","Nov 19, 1982",http://ufcstats.com/fighter-details/f3a078277b3b8ff4
Hunter Azure,"5' 8""","69""","Mar 02, 1992",http://ufcstats.com/fighter-details/2af2f2e26c4c0402
Adam Steele,--,--,--,http://ufcstats.com/fighter-details/16044bd8762cf794
Devin Powell,"6' 0""","73""","Mar 01, 1988",http://ufcstats.com/fighter-details/065eb44700e641a4
Jocelyn Jones-Lybarger,"5' 7""","64""","Oct 04, 1985",http://ufcstats.com/fighter-details/1a98c9dbb7fc3959
Tarec Saffiedine,"5' 10""","70""","Sep 06, 1986",http://ufcstats.com/fighter-details/0749d968e932df53
Alex Crispin,--,--,--,http://ufcstats.com/fighter-details/8944a0f9b2f0ce6d
Julia Polastri,"5' 2""","64""","Mar 05, 1998",http://ufcstats.com/fighter-details/abb68e3c7ca128f2
Antwain Britt,"6' 1""","77""","May 09, 1978",http://ufcstats.com/fighter-details/2833f50b20e96e52
Kiichi Kunimoto,"5' 10""","71""","May 01, 1981",http://ufcstats.com/fighter-details/71df36d6d8cf0d74
Jessica Andrade,"5' 1""","62""","Sep 25, 1991",http://ufcstats.com/fighter-details/6a1901c62ab3870f
Justin James,"5' 10""",--,"Nov 08, 1976",http://ufcstats.com/fighter-details/1ea8df62b3f8fea6
Kennedy Freeman,--,--,"Nov 26, 1996",http://ufcstats.com/fighter-details/63d071997c75e3fd
Ailin Perez,"5' 5""","66""","Oct 05, 1994",http://ufcstats.com/fighter-details/06e4245d16fc5315
Damacio Page,"5' 6""","66""","Sep 30, 1982",http://ufcstats.com/fighter-details/c96e2ae6021144a1
Joe Cason,"6' 3""",--,"Jan 19, 1988",http://ufcstats.com/fighter-details/2b1c6f28039efe36
Joe Charles,"6' 1""",--,--,http://ufcstats.com/fighter-details/19ffeb5e3fffd6d5
Konstantin Erokhin,"5' 11""",--,"Jan 31, 1983",http://ufcstats.com/fighter-details/22061ff217907c78
Brian Foster,"5' 9""","71""","Apr 03, 1984",http://ufcstats.com/fighter-details/3dc3022232b79c7a
Francisco France,"6' 0""",--,"Jan 21, 1983",http://ufcstats.com/fighter-details/ecfdbf38681a59ba
Ricky Legere Jr.,"5' 8""",--,"Dec 21, 1985",http://ufcstats.com/fighter-details/5817df778cc27274
Thomas Paull,"5' 7""","67""","Oct 15, 1994",http://ufcstats.com/fighter-details/dda67d7d3df6b406
Steven Asplund,"6' 5""","78""","Jul 16, 1998",http://ufcstats.com/fighter-details/e56cee1ad697db04
Alexander Crispim,--,--,--,http://ufcstats.com/fighter-details/15dedd05f8bcb475
Cody Carrillo,"5' 10""",--,--,http://ufcstats.com/fighter-details/9346efb4bbaedd08
John Lewis,"6' 0""",--,--,http://ufcstats.com/fighter-details/4a01dc8376736ef5
Xavier Siller,"5' 5""",--,"Jun 06, 1994",http://ufcstats.com/fighter-details/9a08c2753184ac6d
Daermisi Zhawupasi,"5' 8""","68""","Sep 15, 1999",http://ufcstats.com/fighter-details/fd52e5f9ab25c94c
Vanessa Demopoulos,"5' 2""","59""","Sep 22, 1988",http://ufcstats.com/fighter-details/2c483cf443f38ece
Gabriel Checco,"6' 1""",--,"Apr 03, 1986",http://ufcstats.com/fighter-details/9c5f7d5c6d084b35
DongHun Choi,"5' 5""","66""","Jan 02, 1999",http://ufcstats.com/fighter-details/3be16d817b36098b
Rongzhu,"5' 9""","71""","Mar 07, 2000",http://ufcstats.com/fighter-details/a13d755965a4ec9f
Dennis Bryant,"6' 0""",--,"Oct 18, 1985",http://ufcstats.com/fighter-details/3b17353b8002c7d0
Marlon Moraes,"5' 6""","67""","Apr 26, 1988",http://ufcstats.com/fighter-details/fea79f9bc8c68769
Matt Ramirez,"5' 5""",--,--,http://ufcstats.com/fighter-details/96c05ba5ab9eccaf
David Levicki,"6' 5""",--,--,http://ufcstats.com/fighter-details/49590e0508b2c19f
Brian Camozzi,"6' 2""","78""","Jun 24, 1991",http://ufcstats.com/fighter-details/1999ffb5cebc314f
Marcus Silveira,"6' 3""",--,"Dec 09, 1964",http://ufcstats.com/fighter-details/f717b6002486f73f
Mark Vologdin,"5' 3""","65""","Apr 18, 2000",http://ufcstats.com/fighter-details/0e6b611451a9a7d8
Shamar Bailey,"5' 9""","75""","Sep 22, 1982",http://ufcstats.com/fighter-details/e2b8186b618b00c4
Rony Sefo,"5' 9""",--,"Apr 10, 1972",http://ufcstats.com/fighter-details/d6b68eaf4b68b160
Vitor Vianna,--,--,"Dec 02, 1979",http://ufcstats.com/fighter-details/744f50016c39c26c
Tom Sauer,"6' 1""",--,"Nov 11, 1970",http://ufcstats.com/fighter-details/36ab6af06e312b41
Luana Santos,"5' 6""","67""","Apr 16, 2000",http://ufcstats.com/fighter-details/5078e1dacf9d25f4
Daniel Marcos,"5' 7""","69""","Mar 07, 1993",http://ufcstats.com/fighter-details/850266b3dc4e506e
Rodolfo Marques Diniz,"5' 6""",--,"Jan 23, 1984",http://ufcstats.com/fighter-details/2d2239d0f6fa83dd
Lavar Johnson,"6' 4""","82""","Jun 11, 1977",http://ufcstats.com/fighter-details/e6c5908910cc26e4
Derrick Krantz,"5' 10""","72""","Jan 13, 1988",http://ufcstats.com/fighter-details/714e1e0681ddb703
Marcelo Aguiar,"5' 10""",--,"Jan 20, 1969",http://ufcstats.com/fighter-details/44aa652b181bcf68
Tom Breese,"6' 3""","73""","Sep 26, 1991",http://ufcstats.com/fighter-details/1588b787bda7b540
Quentin Pasley,--,--,--,http://ufcstats.com/fighter-details/15b1f83a90302adf
Yoko Takahashi,"5' 8""",--,"Apr 20, 1973",http://ufcstats.com/fighter-details/01f86e2d604e2f3c
Jeremiah Constant,"6' 1""",--,"Jul 19, 1974",http://ufcstats.com/fighter-details/18f5669a92e99d92
Nyamjargal Tumendemberel,"5' 7""","71""","Mar 22, 1998",http://ufcstats.com/fighter-details/17cb6d8e8187f304
Alex Andrade,"5' 11""",--,"May 14, 1974",http://ufcstats.com/fighter-details/1562b12763cc8d67
Pete Williams,"6' 3""",--,"Jul 10, 1975",http://ufcstats.com/fighter-details/6291ac0a3726732f
Horacio Gutierrez,"5' 10""",--,"Sep 15, 1990",http://ufcstats.com/fighter-details/cd85b48dc880fabd
Alexa Grasso,"5' 5""","66""","Aug 09, 1993",http://ufcstats.com/fighter-details/e8b731feff72294b
Hussain Rasouli,"5' 6""",--,--,http://ufcstats.com/fighter-details/9d61d8cb1c354867
Patrick Kaase,"5' 9""",--,--,http://ufcstats.com/fighter-details/b180f05acb24d430
Daniil Donchenko,"5' 11""","71""","Aug 04, 2001",http://ufcstats.com/fighter-details/70dd69b6a703257e
Rogerio Bontorin,"5' 5""","67""","Apr 25, 1992",http://ufcstats.com/fighter-details/07a2bdaa0afdd831
Yuki Ishikawa,"5' 11""",--,"Feb 08, 1967",http://ufcstats.com/fighter-details/119ebea97e914dcf
Matt Ricehouse,--,--,"Mar 11, 1987",http://ufcstats.com/fighter-details/343d57cde1a14338
David Barrios,"5' 6""",--,--,http://ufcstats.com/fighter-details/e6015889f50075d2
Hugo Cunha,"6' 3""","79""","Feb 04, 1993",http://ufcstats.com/fighter-details/46a17755f80f63e8
Bartosz Fabinski,"6' 0""","75""","Apr 26, 1986",http://ufcstats.com/fighter-details/e17ac6410c8377f4
Richardson Moreira,"6' 2""",--,"Mar 31, 1984",http://ufcstats.com/fighter-details/9147679e1a4ad4a3
Turrell Galloway,"5' 3""",--,"Aug 11, 1976",http://ufcstats.com/fighter-details/7e654edcddd71550
Richie Vaculik,"5' 6""","69""","Jun 19, 1983",http://ufcstats.com/fighter-details/54578e5927adea53
Steven Graham,"6' 1""",--,--,http://ufcstats.com/fighter-details/3e514f437c51ce0a
Ho Bae Myeon,"5' 11""",--,"Nov 01, 1986",http://ufcstats.com/fighter-details/2719f300b0439039
Wendell Oliveira Marques,"5' 10""",--,"Jun 01, 1983",http://ufcstats.com/fighter-details/32c03df3c9760069
Caio Magalhaes,"6' 1""","73""","Dec 14, 1987",http://ufcstats.com/fighter-details/0c5c66ddd1886b83
Francisco Trevino,"5' 9""","70""","Dec 17, 1981",http://ufcstats.com/fighter-details/97a6bbe6e6566a94
Emiliano Linares,"5' 8""","72""","Apr 21, 1997",http://ufcstats.com/fighter-details/a4ef92274a45143d
Ricky Turcios,"5' 9""","71""","Jun 05, 1993",http://ufcstats.com/fighter-details/cd3d7e37ff2d679c
Justin Smitley,--,--,--,http://ufcstats.com/fighter-details/c5776fa8f4bf77aa
Evan Elder,"5' 10""","72""","Apr 11, 1997",http://ufcstats.com/fighter-details/d9a56ecb6e94f02e
Victor Jones,--,--,--,http://ufcstats.com/fighter-details/04f0471f221db717
Derrick Lewis,"6' 3""","79""","Feb 07, 1985",http://ufcstats.com/fighter-details/d3df1add9d9a7efb
Antonio Monteiro,"5' 7""","70""","Jul 02, 1995",http://ufcstats.com/fighter-details/3e38b1ea16bd4d86
Joe Hernandez,--,--,--,http://ufcstats.com/fighter-details/4a76daef28549957
Charlie Campbell,"6' 0""","72""","Jul 03, 1995",http://ufcstats.com/fighter-details/b39f7a6c2be17ee8
Kalib Starnes,"6' 3""","74""","Jan 06, 1975",http://ufcstats.com/fighter-details/c8136ab8aa32c974
Edgar Garcia,"5' 10""","71""","Feb 22, 1984",http://ufcstats.com/fighter-details/8d49545dadf9b919
Jesse Butler,"5' 10""","73""","May 24, 1992",http://ufcstats.com/fighter-details/a75a48bfe776b2c2
Devin Clark,"6' 0""","75""","Apr 12, 1990",http://ufcstats.com/fighter-details/cc7040fe76f0ef91
Jair De Oliveira,"5' 9""","69""","May 09, 1996",http://ufcstats.com/fighter-details/f14fbb2e55da044c
Jimmy Flick,"5' 7""","68""","Sep 07, 1990",http://ufcstats.com/fighter-details/09e62c450e754913
Patchy Mix,"5' 11""","70""","Aug 16, 1993",http://ufcstats.com/fighter-details/2cfba6c837c03ed0
Sage Northcutt,"6' 0""","71""","Mar 01, 1996",http://ufcstats.com/fighter-details/ed9d8ee3a4239b1c
Brandon Saling,"5' 10""",--,"Jan 28, 1986",http://ufcstats.com/fighter-details/a049aa06508b9c7b
Michel Prazeres,"5' 6""","67""","Jul 25, 1981",http://ufcstats.com/fighter-details/e51fcd9cd84c0b93
Magno Dias,"5' 5""","67""","Nov 30, 1995",http://ufcstats.com/fighter-details/270e84d8174721d2
John Polakowski,"5' 10""",--,"Jun 21, 1981",http://ufcstats.com/fighter-details/b18fb36a4aa00093
Daniel Gracie,"6' 2""",--,"Jun 28, 1972",http://ufcstats.com/fighter-details/82d6a9ae41aac3f7
Carter Williams,"6' 1""",--,"Mar 30, 1980",http://ufcstats.com/fighter-details/b8e2f10efb6eca85
Bentley Syler,"5' 4""",--,"Dec 22, 1982",http://ufcstats.com/fighter-details/abd2109bc4cb0291
Hans Nijman,"6' 0""",--,"Oct 23, 1959",http://ufcstats.com/fighter-details/4956f60b7fa57c1a
Mike van Arsdale,"6' 2""",--,"Jun 20, 1965",http://ufcstats.com/fighter-details/2ee09ec2a0695eb9
George Hardwick,"5' 10""","72""","Dec 06, 1996",http://ufcstats.com/fighter-details/f55a6807b6bb853d
CJ Keith,"6' 0""",--,"Aug 09, 1986",http://ufcstats.com/fighter-details/c0eecd851dbf3146
Eldari Kurtanidze,"5' 6""",--,"Apr 16, 1972",http://ufcstats.com/fighter-details/4c78fc005a53831d
Carlo Prater,"5' 11""","72""","Jun 25, 1981",http://ufcstats.com/fighter-details/4f853e98886283cf
Manuel Rodriguez,"5' 9""",--,"Apr 25, 1985",http://ufcstats.com/fighter-details/5a6e4d2f0c76a242
Anton Turkalj,"6' 4""","78""","Jun 10, 1996",http://ufcstats.com/fighter-details/82529ce93cd9a2cf
Christian Leroy Duncan,"6' 2""","79""","Jul 24, 1995",http://ufcstats.com/fighter-details/a93f94c923c3a9cb
Cameron Olson,"6' 1""","75""","Nov 22, 1989",http://ufcstats.com/fighter-details/5a9104718439ef44
Maia Stevenson,"5' 4""","62""","Mar 19, 1982",http://ufcstats.com/fighter-details/2fee10d5cf86bfca
Louie Sutherland,"6' 3""","76""","Feb 08, 1994",http://ufcstats.com/fighter-details/cdb7b38b1b357f26
Anthony Guarascio,"6' 2""","72""","Feb 26, 1994",http://ufcstats.com/fighter-details/dc052ab64be66e1d
Josiah Harrell,"5' 7""","68""","Nov 13, 1998",http://ufcstats.com/fighter-details/e5864a42c80294f6
Waylon Kennell,"6' 0""",--,--,http://ufcstats.com/fighter-details/9b8a73b59be8d786
Kanako Murata,"5' 1""","62""","Aug 10, 1993",http://ufcstats.com/fighter-details/e0b0cf71e0d69dd0
Fares Ziam,"6' 1""","75""","Mar 21, 1997",http://ufcstats.com/fighter-details/1e4f273069fb9e85
Dean Lister,"6' 1""","75""","Feb 13, 1976",http://ufcstats.com/fighter-details/68c6cd5287b473a7
Felipe Portela,--,--,"Nov 23, 1987",http://ufcstats.com/fighter-details/303e017a9074f3aa
Ty Miller,"6' 2""","77""","Jun 04, 2000",http://ufcstats.com/fighter-details/0859524157a19045
Hiroshi Izumi,--,--,"Jun 22, 1982",http://ufcstats.com/fighter-details/53e4e21f4c688801
Tsuyoshi Tamakairiki,"6' 0""",--,"Jul 16, 1966",http://ufcstats.com/fighter-details/eaa0a728cc91ef60
Marko Damiani,"6' 0""",--,--,http://ufcstats.com/fighter-details/6e9b5c74c0860deb
David Mitchell,"6' 0""","75""","Oct 24, 1979",http://ufcstats.com/fighter-details/8f3df4c579cfbb69
Mike Malott,"6' 1""","73""","Nov 07, 1991",http://ufcstats.com/fighter-details/dd6103dd7127db1d
Raoni Barcelos,"5' 7""","67""","May 01, 1987",http://ufcstats.com/fighter-details/b9f28e7045fdfce7
Chad Hanekom,"6' 4""","74""","Apr 20, 1990",http://ufcstats.com/fighter-details/98533a2738124a0d
Jason Day,"6' 0""","72""","May 19, 1981",http://ufcstats.com/fighter-details/a6fd2173d5e2d7f0
Brok Weaver,"6' 0""","73""","Dec 05, 1991",http://ufcstats.com/fighter-details/7c9f96f9a6a5cd50
Asjabharan,"5' 6""",--,"Jul 31, 1992",http://ufcstats.com/fighter-details/8be9deb7d6b36354
Jess Liaudin,"5' 9""","72""",--,http://ufcstats.com/fighter-details/a8aba6fd8a463043
Mario Neto,"6' 0""",--,--,http://ufcstats.com/fighter-details/1209b5134401ca53
Yusup Saadulaev,"5' 6""",--,"Mar 31, 1985",http://ufcstats.com/fighter-details/b1669a810fae4220
Brad Scott,"6' 1""","76""","Jun 24, 1989",http://ufcstats.com/fighter-details/34e552520a934063
Charles McTorry,--,--,--,http://ufcstats.com/fighter-details/acd8a53f7c0ce85e
Ryan Quinn,"5' 8""",--,--,http://ufcstats.com/fighter-details/cc23ed51619421a3
Rameau Thierry Sokoudjou,"5' 10""","78""","Apr 18, 1984",http://ufcstats.com/fighter-details/d1152823307d7e7c
Danny Castillo,"5' 9""","71""","Aug 25, 1979",http://ufcstats.com/fighter-details/d1e7fc58d4225cdf
Mike de la Torre,"5' 11""","71""","Sep 22, 1986",http://ufcstats.com/fighter-details/1971869b7e054261
Kevin Aguilar,"5' 7""","73""","Sep 07, 1988",http://ufcstats.com/fighter-details/cf946e03ba2e7666
Ricky Steele,"5' 9""","74""","May 26, 1988",http://ufcstats.com/fighter-details/09a6ed4ee97a5606
Victor Reyna,"5' 11""","74""","Aug 05, 1986",http://ufcstats.com/fighter-details/e9bbcc6530e4cbe6
Branko Cikatic,"6' 1""",--,"Oct 03, 1954",http://ufcstats.com/fighter-details/4e5bbc4566049cbf
Sean Lally,"6' 0""",--,"Nov 04, 1990",http://ufcstats.com/fighter-details/e62ce041bb7aeb1f
Abu Azaitar,"5' 9""","76""","Mar 10, 1986",http://ufcstats.com/fighter-details/46d0a888d87d91ac
Alexia Thainara,"5' 4""","67""","Nov 20, 1995",http://ufcstats.com/fighter-details/545092d13c67aa49
Ricky Calatayud,"5' 9""",--,"Oct 10, 1982",http://ufcstats.com/fighter-details/800feaa25700a85f
Josh Wick,"5' 9""","69""","Oct 04, 1994",http://ufcstats.com/fighter-details/13935768cf8aeb86
Antonio Carlos Junior,"6' 2""","79""","Mar 16, 1990",http://ufcstats.com/fighter-details/52e76bb4b3e852f3
Jonathan Martinez,"5' 8""","70""","Apr 20, 1994",http://ufcstats.com/fighter-details/f2477cf43c4975cc
Ty Flores,"6' 3""","73""","Dec 22, 1993",http://ufcstats.com/fighter-details/4bb0f74d5e26f89a
SangHoon Yoo,"6' 0""","74""","Jan 18, 1990",http://ufcstats.com/fighter-details/00b490982afd1b17
Townsend Saunders,"5' 5""",--,--,http://ufcstats.com/fighter-details/20bd6c3e03c46ee6
Ben Lagman,"6' 2""",--,"Sep 04, 1986",http://ufcstats.com/fighter-details/b40e65d71a8d4ce5
Jake Hadley,"5' 7""","70""","Aug 03, 1996",http://ufcstats.com/fighter-details/60a42bf82447c919
William Macario,"5' 11""","75""","Jul 01, 1991",http://ufcstats.com/fighter-details/ed74afc8b5b47a61
Alex Torres,"5' 10""",--,"May 29, 1988",http://ufcstats.com/fighter-details/e4e0f310b3cf23a8
Joseph Benavidez,"5' 4""","65""","Jul 31, 1984",http://ufcstats.com/fighter-details/80eacd4da0617c57
Jorge Lopez,"5' 10""",--,"Nov 21, 1988",http://ufcstats.com/fighter-details/ee624ee2a18f2a43
Rex Holman,"6' 3""",--,--,http://ufcstats.com/fighter-details/b5ea750025697880
Roque Conceicao,"5' 4""","67""","Oct 27, 1999",http://ufcstats.com/fighter-details/b4ebc1539a08054b
Ikram Aliskerov,"6' 0""","76""","Dec 07, 1992",http://ufcstats.com/fighter-details/b07aed698fba8624
Brad Tavares,"6' 1""","74""","Dec 21, 1987",http://ufcstats.com/fighter-details/0c6d9ea8306c029e
Justin Buchholz,"6' 0""","73""","Aug 22, 1983",http://ufcstats.com/fighter-details/231926533134ec1f
Colin Fletcher,"6' 2""",--,"Jan 08, 1983",http://ufcstats.com/fighter-details/7d09200f6a77b20e
Yuneisy Duben,"5' 4""","65""","Jul 08, 1996",http://ufcstats.com/fighter-details/c3d2b9bcb4cead6b
Josh Koscheck,"5' 10""","73""","Nov 30, 1977",http://ufcstats.com/fighter-details/dd37fd509af89f15
Mario Sperry,"6' 2""",--,"Sep 28, 1966",http://ufcstats.com/fighter-details/5f2197acaba7d5ef
Shauna Bannon,"5' 5""","65""","Oct 23, 1993",http://ufcstats.com/fighter-details/9c442aaf149ea982
Joe Ray,--,--,"Dec 17, 1984",http://ufcstats.com/fighter-details/d92e6e17f637fe4d
Adlan Amagov,"6' 2""","76""","Oct 30, 1986",http://ufcstats.com/fighter-details/1e327b281ef6a745
Jutaro Nakao,"5' 9""",--,"Nov 30, 1970",http://ufcstats.com/fighter-details/95eb112a85601a0a
Iasmin Lucindo,"5' 3""","66""","Jan 08, 2002",http://ufcstats.com/fighter-details/abcf2cc6efc42031
Hyder Amil,"5' 9""","70""","May 28, 1990",http://ufcstats.com/fighter-details/41cc71cbf210e0fe
Sean Sherk,"5' 6""","67""","Aug 05, 1973",http://ufcstats.com/fighter-details/029880cdbf5ca089
Cameron Dollar,"5' 11""",--,"May 12, 1987",http://ufcstats.com/fighter-details/3bbcd63a016d9715
Mayana Kellem,"5' 5""",--,"Jul 07, 1981",http://ufcstats.com/fighter-details/c788481ae19e798d
George Zuniga,"5' 9""",--,--,http://ufcstats.com/fighter-details/1291dd6b8ab4d952
Jeka Saragih,"5' 8""","69""","Jan 01, 1995",http://ufcstats.com/fighter-details/57186c150c645200
Lerone Murphy,"5' 9""","73""","Jul 22, 1991",http://ufcstats.com/fighter-details/396fe87b84ac2e1c
Zak Ottow,"5' 11""","72""","Dec 22, 1986",http://ufcstats.com/fighter-details/47cd337b86b1af92
Brian Cobb,"5' 11""",--,"Sep 03, 1980",http://ufcstats.com/fighter-details/3138fab619faf4d1
Chi Lewis-Parry,"6' 9""",--,"Aug 10, 1983",http://ufcstats.com/fighter-details/a307a10414d0ad00
Tiffany Masters,"5' 3""","65""","Jul 31, 1994",http://ufcstats.com/fighter-details/ca743f96dd2063d5
Gunnar Nelson,"5' 11""","72""","Jul 28, 1988",http://ufcstats.com/fighter-details/fd55393021a8c255
Darrill Schoonover,"6' 2""",--,"Jul 18, 1985",http://ufcstats.com/fighter-details/5a558ba1ff5e9121
Matt Bessette,"5' 10""","70""","Dec 28, 1984",http://ufcstats.com/fighter-details/0b8d512c79b4baf3
Jeremy Hamilton,--,--,"Nov 14, 1984",http://ufcstats.com/fighter-details/7ada6ea792a34424
Jean Silva,"5' 6""",--,"Oct 08, 1977",http://ufcstats.com/fighter-details/9211aae062b799d6
Edivan Santos,"6' 4""","78""","May 03, 1992",http://ufcstats.com/fighter-details/78719f6663ad9160
Andre Mussi,"6' 3""",--,--,http://ufcstats.com/fighter-details/d0d43cb9b14f231c
Ronnie Lawrence,"5' 8""","68""","Jun 13, 1992",http://ufcstats.com/fighter-details/e7e01e266a9d4342
Juan Puerta,"5' 9""","71""","Jan 20, 1988",http://ufcstats.com/fighter-details/fdba548aff9763d9
Hailey Cowan,"5' 8""","67""","Feb 12, 1992",http://ufcstats.com/fighter-details/3c26c420584d912d
Alibi Idiris,"5' 6""","68""","Oct 22, 1994",http://ufcstats.com/fighter-details/30cad5a751adcb48
Rafael Fiziev,"5' 8""","71""","Mar 05, 1993",http://ufcstats.com/fighter-details/c814b4c899793af6
Nate Diaz,"6' 0""","76""","Apr 16, 1985",http://ufcstats.com/fighter-details/8355922d564b152c
Brock Lesnar,"6' 3""","81""","Jul 12, 1977",http://ufcstats.com/fighter-details/513c6f1715e547a8
Maria Rios,"5' 5""",--,"May 31, 1983",http://ufcstats.com/fighter-details/9ec12134b1515f12
Michelle Montague,"5' 9""","68""","Nov 25, 1993",http://ufcstats.com/fighter-details/ca80d72da81d7224
Evan Dunham,"5' 10""","70""","Dec 18, 1981",http://ufcstats.com/fighter-details/e5c9de15bb58b1c6
Bristol Marunde,"6' 1""","75""","Apr 20, 1982",http://ufcstats.com/fighter-details/a17322f99ddfd8e9
Hiromitsu Miura,"5' 9""","71""","Sep 22, 1981",http://ufcstats.com/fighter-details/509697e08673d2e5
Fabio Silva,"5' 11""",--,"Mar 31, 1982",http://ufcstats.com/fighter-details/2ba479b409011527
Adriano Santos,--,--,--,http://ufcstats.com/fighter-details/c6e6926a81adcd00
Jonavin Webb,"5' 10""",--,"Apr 28, 1989",http://ufcstats.com/fighter-details/f40ec51dd4de47c3
Naoya Ogawa,"6' 4""",--,"Mar 31, 1968",http://ufcstats.com/fighter-details/4b2390cfaceb91d8
John Elam,--,--,--,http://ufcstats.com/fighter-details/22d80fb67e50ab0b
Maimaitituoheti Keremuaili,"5' 6""","66""","Mar 18, 1991",http://ufcstats.com/fighter-details/772022b989534f0d
Adam Fugitt,"6' 1""","77""","Jan 12, 1989",http://ufcstats.com/fighter-details/a01a62132460a98d
Alexander Hernandez,"5' 9""","72""","Oct 01, 1992",http://ufcstats.com/fighter-details/262a7d06203657e6
Cung Le,"5' 9""","70""","May 25, 1972",http://ufcstats.com/fighter-details/d4f364dd076bb0e2
Jose Johnson,"6' 0""","71""","May 20, 1995",http://ufcstats.com/fighter-details/84f727cf0166d6f2
Jonatas Novaes,"5' 11""",--,"Mar 02, 1981",http://ufcstats.com/fighter-details/9e8e5c529057fe60
Antonio Arroyo,"6' 3""","73""","Jul 01, 1989",http://ufcstats.com/fighter-details/61fb8098ccf81c7f
Siala Siliga,"6' 1""",--,"Oct 08, 1970",http://ufcstats.com/fighter-details/3cf68c1d17f66af7
Denise Gomes,"5' 2""","63""","Dec 30, 1999",http://ufcstats.com/fighter-details/cffb87059e645bd1
Sho Patrick Usami,"5' 9""","70""","May 08, 2000",http://ufcstats.com/fighter-details/fe30c5f5cc3e028b
Darren Stewart,"6' 0""","74""","Dec 30, 1990",http://ufcstats.com/fighter-details/a17ad5a5048e8c3f
Damon Wilson,"5' 9""","69""","Apr 29, 1993",http://ufcstats.com/fighter-details/81254702b51cc832
Tai Tuivasa,"6' 2""","75""","Mar 16, 1993",http://ufcstats.com/fighter-details/c62fbc117d57b943
Mateo Vogel,"5' 8""","71""","Mar 05, 1996",http://ufcstats.com/fighter-details/90b57b19d20e1969
Nick Maximov,"6' 0""","76""","Dec 23, 1997",http://ufcstats.com/fighter-details/12585614e0ed2626
Gilbert Rael,"5' 8""",--,--,http://ufcstats.com/fighter-details/6cc25d19a891f435
Francesco Maturi,--,--,--,http://ufcstats.com/fighter-details/d3b5ad3b15a64a18
Nate Quarry,"6' 0""","72""","Mar 18, 1972",http://ufcstats.com/fighter-details/52cae54377b433b7
Lee Brousseau,"6' 1""",--,"Oct 04, 1974",http://ufcstats.com/fighter-details/0974d8d4053a7237
Junior Dos Santos,"6' 4""","77""","Jan 30, 1984",http://ufcstats.com/fighter-details/63def5a5662a6917
Andrew Sanchez,"6' 1""","74""","Apr 08, 1988",http://ufcstats.com/fighter-details/fccf811c1e8b01c7
Ariane Carnelossi,"5' 2""","61""","Nov 17, 1992",http://ufcstats.com/fighter-details/c0d5c0c95c59050b
Ricardo Arona,"5' 11""",--,"Jul 17, 1978",http://ufcstats.com/fighter-details/05fbfe628658c538
Maiara Amanajas dos Santos,"5' 5""",--,"Jul 11, 1987",http://ufcstats.com/fighter-details/247fbbfafea60bb1
Marcos Bonilla,"5' 10""",--,--,http://ufcstats.com/fighter-details/d311fbefff44a39b
Cole Smith,"5' 11""","67""","Apr 05, 1989",http://ufcstats.com/fighter-details/56709e66f1c6008f
Willie Gates,"5' 8""","72""","Jan 21, 1987",http://ufcstats.com/fighter-details/6ded9184b2284645
Sergio Gomez,"5' 6""",--,"Apr 29, 1982",http://ufcstats.com/fighter-details/af1e5c64b8663aa0
Ramazan Kuramagomedov,"6' 1""","73""","Aug 23, 1996",http://ufcstats.com/fighter-details/b6a73e6f11a8835c
Li Jingliang,"6' 0""","71""","Mar 20, 1988",http://ufcstats.com/fighter-details/e64b96c07d7ce999
Jarred Brooks,"5' 3""","62""","May 02, 1993",http://ufcstats.com/fighter-details/81d9df19e255b8b6
Scott Lighty,"6' 2""",--,"Oct 15, 1978",http://ufcstats.com/fighter-details/998c8890a8dde1eb
Adli Edwards,--,--,"Aug 28, 1989",http://ufcstats.com/fighter-details/e6904a03a66e711d
Philip Perez,"5' 5""",--,--,http://ufcstats.com/fighter-details/eee8efec7b951d84
Dominik Humburger,--,--,"Jan 03, 1996",http://ufcstats.com/fighter-details/e4cbc82c36e47299
Daniel Frunza,"6' 1""","73""","Apr 13, 1994",http://ufcstats.com/fighter-details/7cec3c4a5e7b6d68
Hidehiko Hasegawa,"5' 9""",--,"Jul 13, 1978",http://ufcstats.com/fighter-details/2a2eeee20ef049cf
Paul Georgieff,"6' 2""",--,"Sep 22, 1982",http://ufcstats.com/fighter-details/2f1700b3a4a09bc7
Todd Butler,"6' 1""",--,--,http://ufcstats.com/fighter-details/3fed746acfd026dd
Dustin Hazelett,"6' 1""","76""","Apr 29, 1986",http://ufcstats.com/fighter-details/a149d6bc670cdb60
Phil Caracappa,"5' 8""","70""","Jun 05, 1992",http://ufcstats.com/fighter-details/bd81a97864acf098
Chris Honeycutt,"5' 10""","73""","Jul 25, 1988",http://ufcstats.com/fighter-details/4d2e3320d815f687
SangWon Kim,"5' 9""","69""","Sep 01, 1993",http://ufcstats.com/fighter-details/e9712cad24948ce1
Sandra Lavado,"5' 7""","66""","May 03, 1994",http://ufcstats.com/fighter-details/aa6da8cb3a26da04
Vinicius Queiroz,"6' 7""",--,"Aug 29, 1983",http://ufcstats.com/fighter-details/2a8502954f49e682
Chance Rencountre,"6' 2""","75""","Dec 31, 1986",http://ufcstats.com/fighter-details/1ddb480b601cefb1
Dante Rivera,"6' 1""",--,"Dec 08, 1974",http://ufcstats.com/fighter-details/288aaa8f82040e02
Klaudia Sygula,"5' 8""","69""","Dec 30, 1998",http://ufcstats.com/fighter-details/9f5e3c20ce40b344
Jared Gordon,"5' 9""","68""","Sep 06, 1988",http://ufcstats.com/fighter-details/7026eca45f65377b
Ben Nguyen,"5' 5""","65""","Aug 03, 1988",http://ufcstats.com/fighter-details/840d2c82ea68b9aa
Victor Hugo,"5' 7""","71""","Nov 22, 1992",http://ufcstats.com/fighter-details/f264ba50b007f39e
Yusuke Kasuya,"5' 7""",--,"Nov 16, 1989",http://ufcstats.com/fighter-details/3058888c33149a53
Paulo Renato Junior,"6' 0""","73""","Jan 25, 1994",http://ufcstats.com/fighter-details/01dfb60661153735
Dong Sik Yoon,"6' 0""",--,"Aug 24, 1972",http://ufcstats.com/fighter-details/ad99fa5325519169
Paul Buentello,"6' 2""","77""","Jan 16, 1974",http://ufcstats.com/fighter-details/f0abbb6f3444dae7
Leo Kuntz,"5' 10""",--,"Oct 03, 1983",http://ufcstats.com/fighter-details/6905d45bd71b50a9
Jason Godsey,"6' 2""",--,"Jan 01, 1964",http://ufcstats.com/fighter-details/5ca158b1cc9cb242
Carlos Hernandez,"5' 8""","67""","Oct 25, 1993",http://ufcstats.com/fighter-details/798e48f9e7f6ba22
Jay Hieron,"6' 0""","75""","Jul 29, 1976",http://ufcstats.com/fighter-details/5bb0a618ad03ac64
Chris Cariaso,"5' 3""","64""","May 27, 1981",http://ufcstats.com/fighter-details/b2e3aca4cd363477
Themba Gorimbo,"6' 1""","77""","Jan 23, 1991",http://ufcstats.com/fighter-details/40f3cb27fc7305a1
Gary Quan,"5' 8""",--,"Apr 11, 1971",http://ufcstats.com/fighter-details/f7b4cbe93f3bac06
Jay Bogan,--,--,--,http://ufcstats.com/fighter-details/53c21779d84ceb75
Derek Campos,"5' 9""",--,"Apr 01, 1988",http://ufcstats.com/fighter-details/aa8dc72b3a1f761c
Abubakar Nurmagomedov,"5' 11""","72""","Nov 13, 1989",http://ufcstats.com/fighter-details/029e1293e609fd74
Yaroslav Amosov,"6' 0""","75""","Sep 09, 1993",http://ufcstats.com/fighter-details/f139d6836efd43dd
Jared Rollins,"5' 9""",--,"Jan 26, 1977",http://ufcstats.com/fighter-details/c4b6099f0d25f75e
Travis Galbraith,"6' 0""",--,"May 18, 1981",http://ufcstats.com/fighter-details/06dc1a58663579d2
Isaiah Hill,"5' 10""",--,--,http://ufcstats.com/fighter-details/86b30a86664cb6e4
Vanessa Melo,"5' 5""","65""","Mar 27, 1988",http://ufcstats.com/fighter-details/9b7dfb3b7d99926a
Pedro Falcao,"5' 6""","66""","Jul 30, 1992",http://ufcstats.com/fighter-details/f7be1db194e03d7e
Rich Bouphanouvong,"5' 7""",--,--,http://ufcstats.com/fighter-details/611b9c068c9e2c44
Miles McDonald,"5' 7""",--,"Aug 13, 1991",http://ufcstats.com/fighter-details/a3f8356ace5e3eb5
Beneil Dariush,"5' 10""","72""","May 06, 1989",http://ufcstats.com/fighter-details/08af939f41b5a57b
Anthony Alves,--,--,--,http://ufcstats.com/fighter-details/bd92cf5da5413d2a
Jafel Filho,"5' 7""","68""","May 05, 1993",http://ufcstats.com/fighter-details/65adf3856c4d9256
Jamelle Jones,"6' 0""","75""","Jan 31, 1988",http://ufcstats.com/fighter-details/1dda22d0ac3d1271
Jesse Lennox,"5' 9""","72""","Mar 10, 1982",http://ufcstats.com/fighter-details/3ae10ac4df3df05c
Young Sam Jung,"5' 8""",--,"Oct 27, 1985",http://ufcstats.com/fighter-details/13104eaed3ae96c3
Logan Nail,--,--,"Jun 20, 1989",http://ufcstats.com/fighter-details/47e0b5833e6bc91a
Koji Oishi,"5' 8""",--,"May 31, 1977",http://ufcstats.com/fighter-details/01daf32100ed7517
Djani Barbir,"6' 3""","79""","Aug 09, 1997",http://ufcstats.com/fighter-details/d4baaa0630bf5798
David Hood,"6' 0""",--,--,http://ufcstats.com/fighter-details/5af480a3b2e1726b
Ron Keslar,--,--,"Apr 17, 1980",http://ufcstats.com/fighter-details/b84f34b425dfd24b
Yan Pellerin,"5' 11""",--,"Mar 20, 1980",http://ufcstats.com/fighter-details/bfe95ec546692b13
Randall Wallace,"5' 11""","73""","Mar 01, 1989",http://ufcstats.com/fighter-details/95cf6be9071e68b0
Sam Sicilia,"5' 8""","67""","Feb 01, 1986",http://ufcstats.com/fighter-details/b8aef0faf4ce9b31
Danny Sabatello,"5' 10""","71""","Mar 31, 1993",http://ufcstats.com/fighter-details/cb7ee07982de2a28
Jerome LeBanner,"6' 3""",--,"Dec 26, 1972",http://ufcstats.com/fighter-details/2d0b10789feafddb
Marcelo Golm,"6' 3""","75""","Sep 15, 1992",http://ufcstats.com/fighter-details/ac29d508d78384c9
Dhiego Lima,"6' 2""","75""","Jan 31, 1989",http://ufcstats.com/fighter-details/e9213f53ddeca978
Parker Porter,"6' 0""","75""","Apr 22, 1985",http://ufcstats.com/fighter-details/ac40f7e3cbecdda4
Jeremy Umphries,--,--,--,http://ufcstats.com/fighter-details/4793a2d90f5ab8ae
Warlley Alves,"5' 11""","72""","Jan 04, 1991",http://ufcstats.com/fighter-details/d317a5e2b3f88c5f
Ariane da Silva,"5' 6""","67""","Jan 26, 1994",http://ufcstats.com/fighter-details/6551c64fbcd1a467
Jean Francois Lenogue,"6' 0""",--,"Nov 29, 1972",http://ufcstats.com/fighter-details/e60201cfab7d656d
Kyoji Horiguchi,"5' 4""","63""","Oct 12, 1990",http://ufcstats.com/fighter-details/98aa60cf58071fd6
Masakazu Imanari,"5' 4""",--,"Feb 10, 1976",http://ufcstats.com/fighter-details/a4dd5c9a75763295
Wagner Silva,"6' 0""",--,"Feb 07, 1987",http://ufcstats.com/fighter-details/fb79582c410d049e
Sherron Leggett,"5' 8""",--,"Oct 27, 1978",http://ufcstats.com/fighter-details/4f670b7972fa0a2e
Austin Springer,"5' 8""","71""","May 12, 1987",http://ufcstats.com/fighter-details/37cc294027f55e4d
Rob McCullough,"5' 9""","69""","May 26, 1977",http://ufcstats.com/fighter-details/11e3fd7546359fc5
Nick Diaz,"6' 1""","76""","Aug 02, 1983",http://ufcstats.com/fighter-details/f57a8a52ca401ed9
Kyler Phillips,"5' 8""","72""","Jun 12, 1995",http://ufcstats.com/fighter-details/60425d07ef4b91a7
Gabriel Santos,"5' 9""","70""","Nov 28, 1996",http://ufcstats.com/fighter-details/f2f140ce7532e327
Juan Miranda,--,--,--,http://ufcstats.com/fighter-details/be8ad887e4d674b0
Harry Hardwick,"5' 8""","71""","Sep 29, 1994",http://ufcstats.com/fighter-details/2dbc60c52de126d8
Pedro Otavio,"6' 3""",--,"Dec 17, 1967",http://ufcstats.com/fighter-details/4512e46543b960ad
Brad Kohler,"5' 9""",--,"May 26, 1964",http://ufcstats.com/fighter-details/13c4313ed0f744f3
Danielle Taylor,"5' 0""","60""","Oct 25, 1989",http://ufcstats.com/fighter-details/b76c6268dc1d3c05
Branden Lee Hinkle,"6' 3""",--,"Jul 29, 1973",http://ufcstats.com/fighter-details/06f0ffa6446c5b6d
Wagner Campos,"5' 6""",--,"Jul 31, 1981",http://ufcstats.com/fighter-details/db6d5f691aea3fd3
Ryan LaFlare,"6' 1""","74""","Oct 01, 1983",http://ufcstats.com/fighter-details/4c7781da8c6cae93
Aaron Rosa,"6' 4""","77""","May 28, 1983",http://ufcstats.com/fighter-details/11f8860028b68fcf
Anatoly Tokov,"5' 10""",--,"Feb 17, 1990",http://ufcstats.com/fighter-details/679ae8c4fd022c6b
Felipe Bunes,"5' 7""","69""","Oct 29, 1989",http://ufcstats.com/fighter-details/53c10176e3bc7416
Roman Zentsov,"6' 1""",--,"Sep 10, 1973",http://ufcstats.com/fighter-details/3144121470023e9a
Christopher Alvidrez,"6' 0""","74""","Dec 27, 1996",http://ufcstats.com/fighter-details/f4abf9aeda861283
Jimmy Ambriz,"6' 2""",--,"Jan 26, 1970",http://ufcstats.com/fighter-details/c912f676692c353a
Bethe Correia,"5' 5""","64""","Jun 22, 1983",http://ufcstats.com/fighter-details/673ea7dcc786b1b3
Jamall Emmers,"5' 10""","74""","Jul 24, 1989",http://ufcstats.com/fighter-details/e00a3dee329a51f7
Felipe Lima,"5' 6""","68""","May 07, 1998",http://ufcstats.com/fighter-details/9256f591b30c073e
Chandler Cole,"5' 10""","72""","Jan 09, 1995",http://ufcstats.com/fighter-details/5d8a9c95af50280a
Joao Elias,"5' 3""","64""","Jan 08, 1995",http://ufcstats.com/fighter-details/1a064688481f66e1
Jimmy Quinlan,"6' 0""",--,"May 25, 1986",http://ufcstats.com/fighter-details/ddbe4fa2ea573393
Paul Sass,"6' 0""","73""","Aug 04, 1988",http://ufcstats.com/fighter-details/7b143a54451263d9
Renato Verissimo,"6' 1""",--,"Aug 03, 1973",http://ufcstats.com/fighter-details/c24b1db4b809d41b
Lemont Davis,"5' 8""",--,--,http://ufcstats.com/fighter-details/a993ef2dd36cea5f
Jonathan Goulet,"6' 0""","73""","Jul 13, 1979",http://ufcstats.com/fighter-details/fb1538b46877a695
Maycee Barber,"5' 5""","65""","May 18, 1998",http://ufcstats.com/fighter-details/6a740daf1b279661
Stephen Ledbetter,"5' 9""",--,"Jun 30, 1982",http://ufcstats.com/fighter-details/56ec58954158966a
Ivan Jorge,"5' 9""","73""","Nov 07, 1980",http://ufcstats.com/fighter-details/19db7ac26308178f
Jailton Almeida,"6' 3""","79""","Jun 26, 1991",http://ufcstats.com/fighter-details/41e83a89929d1327
Isao Kobayashi,"5' 8""",--,"Oct 28, 1988",http://ufcstats.com/fighter-details/a02652d063ef5baa
Jordan Mein,"6' 0""","73""","Oct 10, 1989",http://ufcstats.com/fighter-details/2aa49b3766a59bcd
Seth Petruzelli,"6' 0""","76""","Dec 03, 1979",http://ufcstats.com/fighter-details/93b9496275bbbf80
George Sullivan,"6' 0""","73""","Mar 13, 1981",http://ufcstats.com/fighter-details/6c7e25571490aa3b
Pietro Menga,"5' 7""","68""","Feb 15, 1988",http://ufcstats.com/fighter-details/869d68b5383131fd
Shavkat Rakhmonov,"6' 1""","77""","Oct 23, 1994",http://ufcstats.com/fighter-details/01afe0916a40c7c5
Aliaskhab Khizriev,"5' 9""","74""","Aug 24, 1990",http://ufcstats.com/fighter-details/7ab478c397cd68ef
Anthony Ivy,"6' 2""","74""","Jan 23, 1990",http://ufcstats.com/fighter-details/3c5005b66696d790
Mashrabjon Ruzibaev,"5' 8""","67""","Feb 16, 1996",http://ufcstats.com/fighter-details/e5a898f2a1afec67
Ido Pariente,"5' 8""",--,"Aug 31, 1978",http://ufcstats.com/fighter-details/7573d25a078b5732
Ramiro Jimenez,"5' 9""","73""","Jan 16, 1999",http://ufcstats.com/fighter-details/1c02b964466c10e4
Alan Jouban,"6' 0""","73""","Nov 25, 1981",http://ufcstats.com/fighter-details/cf65d56b0755ed3b
Gina Mazany,"5' 6""","68""","Aug 19, 1988",http://ufcstats.com/fighter-details/016a8d958883167c
YoungJae Song,"5' 7""","70""","Jan 03, 1996",http://ufcstats.com/fighter-details/0efb0d4ebb950fcb
Cole Escovedo,"5' 7""","72""","Aug 30, 1981",http://ufcstats.com/fighter-details/5df17b3620145578
Michael Oliveira,"6' 1""","78""","Jan 21, 1998",http://ufcstats.com/fighter-details/037cfd34a27d59e9
Jose Palacios,"5' 9""",--,"Nov 10, 1982",http://ufcstats.com/fighter-details/de20ffb3fc2e7629
Carl Seumanutafa,"6' 1""",--,"Jun 15, 1983",http://ufcstats.com/fighter-details/dadaeb402526dca5
James Thompson,"6' 5""",--,"Dec 16, 1978",http://ufcstats.com/fighter-details/9e30f69cc0869301
Reza Nasri,"5' 11""",--,--,http://ufcstats.com/fighter-details/d41937647eae9a34
Sumudaerji,"5' 8""","72""","Jan 20, 1996",http://ufcstats.com/fighter-details/3cf18e01cb6cbde3
Malik Lewis,"6' 0""","75""","Mar 04, 1996",http://ufcstats.com/fighter-details/f60dbe6e05489c4f
Arthur Lopes,"6' 2""","77""","Feb 17, 1993",http://ufcstats.com/fighter-details/2aa481e98185e261
Thiago Alves,"5' 9""","70""","Oct 03, 1983",http://ufcstats.com/fighter-details/31ee470ef5dc8d7f
Omari Akhmedov,"6' 0""","73""","Oct 12, 1987",http://ufcstats.com/fighter-details/16690d100f995f8f
Dave Cochran,"5' 6""",--,"May 10, 1973",http://ufcstats.com/fighter-details/6dbb1107de9a4a08
Rich Franklin,"6' 1""","76""","Oct 05, 1974",http://ufcstats.com/fighter-details/d897897060f10a3a
Chris Indich,"5' 10""",--,"Apr 22, 1987",http://ufcstats.com/fighter-details/d5b7fac960e58920
Alptekin Ozkilic,"5' 5""","65""","Mar 27, 1986",http://ufcstats.com/fighter-details/e18a19001a3f7c7d
Carl Deaton,"5' 7""","69""","Nov 24, 1989",http://ufcstats.com/fighter-details/914a897455693650
William Gomis,"6' 0""","73""","Jun 13, 1997",http://ufcstats.com/fighter-details/e1d40e8782d80bc2
John Allan,"6' 1""","75""","Feb 22, 1993",http://ufcstats.com/fighter-details/6ebe96a116e79e52
Mike King,"6' 3""",--,"Aug 04, 1983",http://ufcstats.com/fighter-details/564c2f5f9eb45d67
Nghiem Van Y,"5' 7""","68""","May 15, 1999",http://ufcstats.com/fighter-details/fd08d6536b7b91f0
Al Iaquinta,"5' 10""","70""","Apr 30, 1987",http://ufcstats.com/fighter-details/59279a7c978f7da0
Damian Pinas,"6' 1""","79""","Mar 12, 2002",http://ufcstats.com/fighter-details/fdd22e895a70e4a8
Alejandro Perez,"5' 6""","67""","Sep 02, 1989",http://ufcstats.com/fighter-details/80daefbed11ce998
Kristian Rothaermel,"6' 0""",--,"Jan 31, 1972",http://ufcstats.com/fighter-details/af49a6c491ca22a3
Gleristone Santos,"5' 9""",--,"Aug 20, 1988",http://ufcstats.com/fighter-details/d12ee718fb35c35c
Zach Zane,"5' 7""","69""","Dec 14, 1989",http://ufcstats.com/fighter-details/cc3878d1ab41a5fa
Nikolay Veretennikov,"6' 1""","74""","Dec 22, 1989",http://ufcstats.com/fighter-details/0f1efce7d2571d10
Roger Narvaez,"6' 3""",--,"Sep 09, 1983",http://ufcstats.com/fighter-details/3a12a2f096a6d975
Caio Machado,"6' 4""","78""","Jul 20, 1994",http://ufcstats.com/fighter-details/89839250eb25c9c1
Will Brooks,"5' 10""","72""","Oct 08, 1986",http://ufcstats.com/fighter-details/b6e6c3b1dcaae0a1
Kuya Ito,"5' 5""","66""","Oct 07, 1996",http://ufcstats.com/fighter-details/f647247f0d9f3b50
Yura Naito,"6' 0""","74""","Apr 26, 1996",http://ufcstats.com/fighter-details/50c469e0cb73be10
Felipe Silva,"6' 0""","77""","May 08, 1984",http://ufcstats.com/fighter-details/1b38a2b897f6209c
Jarjis Danho,"6' 3""","74""","Oct 15, 1983",http://ufcstats.com/fighter-details/8614b7134913f5d5
JC Cottrell,"5' 9""",--,"Nov 04, 1989",http://ufcstats.com/fighter-details/3ec1e4ba98c9c85a
Aleksandar Rakic,"6' 4""","78""","Feb 06, 1992",http://ufcstats.com/fighter-details/333b9e5c723ac873
Bruno Silva,"6' 0""","74""","Jul 13, 1989",http://ufcstats.com/fighter-details/12ebd7d157e91701
Nick Thompson,"6' 1""","74""","Jun 23, 1981",http://ufcstats.com/fighter-details/7d3caf0f96f1b33d
Donte Johnson,"5' 8""","74""","Jan 25, 1999",http://ufcstats.com/fighter-details/ad5cb64af10fc946
John Halverson,"5' 9""",--,"Sep 08, 1972",http://ufcstats.com/fighter-details/88c8f47241d90040
Stanislav Nedkov,"5' 11""","71""","Dec 09, 1981",http://ufcstats.com/fighter-details/1d4bbaabd8b60173
Lucas Almeida,"5' 11""","71""","Jan 31, 1991",http://ufcstats.com/fighter-details/710f0f8c5d5c9d41
Kevin Rosier,"6' 4""",--,--,http://ufcstats.com/fighter-details/598a58db87b890ee
Dan Moret,"6' 0""","73""","Nov 21, 1986",http://ufcstats.com/fighter-details/66e98b3bb5fc5250
Rinya Nakamura,"5' 7""","68""","Mar 23, 1995",http://ufcstats.com/fighter-details/d8c811df0386d5e8
Brian Schwartz,"6' 3""",--,--,http://ufcstats.com/fighter-details/99c80d2bd5dbe5a9
Vinicius Oliveira,"5' 9""","70""","Nov 30, 1995",http://ufcstats.com/fighter-details/18d01f7f8338ae72
Rob Sinclair,"5' 8""",--,"Feb 20, 1980",http://ufcstats.com/fighter-details/3b65c9dd39741bc4
Sai Wang,"6' 0""",--,"Jan 14, 1986",http://ufcstats.com/fighter-details/efb9a43415a56d34
Maurice Smith,"6' 2""",--,"Dec 13, 1961",http://ufcstats.com/fighter-details/33e33d51f289d2a1
Ramazan Temirov,"5' 4""","63""","Jan 31, 1997",http://ufcstats.com/fighter-details/7d0a1968b38ca439
Danny Chavez,"5' 8""","67""","Mar 14, 1987",http://ufcstats.com/fighter-details/0de720c0f1d4ab9c
Andre Roberts,"6' 2""",--,"Feb 24, 1965",http://ufcstats.com/fighter-details/a54a35a670d8e852
Artenus Young,--,--,"Jul 16, 1980",http://ufcstats.com/fighter-details/8d4943a9ce9f521b
Dominic Brown,"5' 11""",--,"Jun 04, 1982",http://ufcstats.com/fighter-details/52b3ec072ad497a4
Leonardo Santos,"6' 0""","75""","Feb 05, 1980",http://ufcstats.com/fighter-details/9c65736747ca92ec
Jimy Hettes,"5' 9""","71""","Jun 09, 1987",http://ufcstats.com/fighter-details/893d51aaf024eddd
Antonio Dos Santos,"5' 10""",--,"Jul 21, 1988",http://ufcstats.com/fighter-details/81b8b3fb019dc69d
Grant Dawson,"5' 10""","72""","Feb 20, 1994",http://ufcstats.com/fighter-details/99bd51917728c25d
Nandor Guelmino,"6' 3""",--,"Dec 20, 1975",http://ufcstats.com/fighter-details/1abfb658cd4f8533
Iwo Baraniewski,"6' 0""","73""","Nov 20, 1998",http://ufcstats.com/fighter-details/1c23ec2f1b71be40
James Giboo,"5' 11""",--,"Jan 06, 1978",http://ufcstats.com/fighter-details/f74e037b97917027
Rose Conceicao,"4' 7""","65""","May 13, 1997",http://ufcstats.com/fighter-details/a76c07e8e4c76e9a
Motoki Miyazawa,"5' 11""",--,"Apr 23, 1985",http://ufcstats.com/fighter-details/9649d75defe0dedb
Tulio Palhares,--,--,--,http://ufcstats.com/fighter-details/e8c170a64dc920ac
Mark Hominick,"5' 8""","68""","Jul 22, 1982",http://ufcstats.com/fighter-details/0a97691039c4bbfb
Milton Vieira,"6' 0""",--,"Oct 04, 1978",http://ufcstats.com/fighter-details/7cf20446453f852b
Jesse Forbes,"6' 2""","75""","Oct 24, 1984",http://ufcstats.com/fighter-details/947eccadb72f4f6f
Koichiro Matsumoto,"5' 7""",--,"Mar 07, 1986",http://ufcstats.com/fighter-details/2fb6f197d1fbc779
Tom Niinimaki,"5' 9""","69""","Jul 25, 1982",http://ufcstats.com/fighter-details/5fceb45939fc0c8a
Roque Martinez,"5' 10""","72""","Mar 04, 1986",http://ufcstats.com/fighter-details/2c5a0b8317f8f27a
Karl Williams,"6' 3""","79""","Jan 06, 1990",http://ufcstats.com/fighter-details/d35f734c56a89103
Cory Sandhagen,"5' 11""","70""","Apr 20, 1992",http://ufcstats.com/fighter-details/65f09bacd3957381
Shanelle Dyer,"5' 6""","65""","Apr 23, 2001",http://ufcstats.com/fighter-details/cfbb3edab781dfd2
Javier Vazquez,"5' 7""","69""","Jul 16, 1977",http://ufcstats.com/fighter-details/be5cfd73617a5b1a
Joey Armstrong,--,--,--,http://ufcstats.com/fighter-details/30ad2050273d016a
Justin DeMoney,--,--,"Jul 01, 1985",http://ufcstats.com/fighter-details/985bca5a097fb3f4
Kevin Ferguson,"6' 2""","77""","Feb 08, 1974",http://ufcstats.com/fighter-details/27541033b97c076d
Marques Daniels,--,--,"Jun 14, 1978",http://ufcstats.com/fighter-details/55a80a9365bc107d
Ryan Gracie,"5' 9""",--,"Aug 14, 1974",http://ufcstats.com/fighter-details/0c3838c8f7c620c2
Anistavio Medeiros,"5' 6""",--,"May 01, 1988",http://ufcstats.com/fighter-details/2937cb502dda0808
Virgil Zwicker,"6' 2""","74""","Jun 26, 1982",http://ufcstats.com/fighter-details/0c277f3ff66b0208
Tom DeBlass,"6' 0""",--,"May 14, 1982",http://ufcstats.com/fighter-details/0bcfe2513cb3bc39
Alex Nicholson,"6' 4""","77""","May 02, 1990",http://ufcstats.com/fighter-details/2b6d855c6e280fb1
Dominick Reyes,"6' 4""","77""","Dec 26, 1989",http://ufcstats.com/fighter-details/2e19380f34871c6a
Yoshihiro Takayama,"6' 5""",--,"Sep 19, 1968",http://ufcstats.com/fighter-details/d856a0080ac09ed7
Samandar Murodov,"6' 1""","75""","Aug 28, 1999",http://ufcstats.com/fighter-details/6f4d199c0adc06f5
Josh Shockman,"6' 4""",--,"Dec 29, 1980",http://ufcstats.com/fighter-details/821cd80aab70d5f9
Sean Pierson,"6' 0""","76""","Mar 10, 1976",http://ufcstats.com/fighter-details/0d506315895efffc
Alex Soto,"5' 8""",--,"Feb 15, 1984",http://ufcstats.com/fighter-details/d18dbcb0f8e2b55d
Jin Bala,"5' 9""",--,--,http://ufcstats.com/fighter-details/371efa53bd0cf669
Pat Miletich,"5' 10""",--,"Mar 09, 1968",http://ufcstats.com/fighter-details/cedfdf8d423d500c
Krishaun Gilmore,--,--,--,http://ufcstats.com/fighter-details/10ccdcd14c3dfcf1
Jamie Houston,--,--,--,http://ufcstats.com/fighter-details/4b1896310a907656
Norifumi Yamamoto,"5' 4""","66""","Mar 15, 1977",http://ufcstats.com/fighter-details/4834ff149dc9542a
John Albert,"5' 8""","68""","Oct 13, 1986",http://ufcstats.com/fighter-details/7bd94b60d7521e4a
Phil Rowe,"6' 3""","80""","Jul 18, 1990",http://ufcstats.com/fighter-details/8e382b585a92affe
David Douglas,"5' 11""",--,"Aug 16, 1981",http://ufcstats.com/fighter-details/7cf0944b88966118
Jon Fitch,"6' 0""","74""","Feb 24, 1978",http://ufcstats.com/fighter-details/6f018c039b4d5d80
Charlie Kohler,"5' 9""",--,"Jul 16, 1976",http://ufcstats.com/fighter-details/5717efc6f271cd52
Anthony Smith,"6' 4""","76""","Jul 26, 1988",http://ufcstats.com/fighter-details/d4c9dcd330403612
Shannon Gugerty,"5' 10""","71""","Dec 30, 1981",http://ufcstats.com/fighter-details/9f1641c08cf8fbe2
Paul Taylor,"6' 0""","72""","Dec 15, 1979",http://ufcstats.com/fighter-details/9b74de674c355425
Kelvin Gastelum,"5' 9""","71""","Oct 24, 1991",http://ufcstats.com/fighter-details/8c0580d4fff106c1
David Gardner,"5' 11""",--,"May 17, 1977",http://ufcstats.com/fighter-details/70167689d6a01793
Yazan Hajeh,"5' 9""",--,"Sep 04, 1992",http://ufcstats.com/fighter-details/4955c524c2a71469
Scott Jorgensen,"5' 5""","66""","Sep 17, 1982",http://ufcstats.com/fighter-details/0b64d0fed453ef7f
Mike Whitehead,"6' 1""",--,"Jun 29, 1981",http://ufcstats.com/fighter-details/22d1e00e1aabb7c9
CB Dollaway,"6' 2""","76""","Aug 10, 1983",http://ufcstats.com/fighter-details/5d7bdab5e03e3216
Edwin Aguilar,"5' 10""",--,"Jan 01, 1972",http://ufcstats.com/fighter-details/6cadc0a0ba7dc015
Dave Dalgliesh,"6' 2""",--,"Apr 05, 1978",http://ufcstats.com/fighter-details/ddbd0d6259ce57cc
Alessio Sakara,"6' 0""","72""","Sep 02, 1981",http://ufcstats.com/fighter-details/7f955f71fa2ce7ac
Semmy Schilt,"6' 10""",--,"Oct 27, 1973",http://ufcstats.com/fighter-details/d5ed14b2153c6ed2
Danilo Belluardo,"6' 0""","74""","Jul 21, 1994",http://ufcstats.com/fighter-details/c3f6db17cea09ca7
Muslim Salikhov,"5' 11""","70""","Jun 09, 1984",http://ufcstats.com/fighter-details/447f9858ae78f921
Josh San Diego,"5' 10""",--,--,http://ufcstats.com/fighter-details/983e281d257c24dc
Murad Chunkaiev,"5' 11""",--,--,http://ufcstats.com/fighter-details/d4a12dfa4067742f
Tim Credeur,"6' 3""","75""","Jul 09, 1977",http://ufcstats.com/fighter-details/89b8d1bf1ff09d1d
Greg Rebello,"6' 0""","73""","Jun 13, 1982",http://ufcstats.com/fighter-details/49d78120e0a4f607
Charon Spain,"5' 9""",--,"Mar 11, 1988",http://ufcstats.com/fighter-details/c278e8843b8abfec
Ilir Latifi,"5' 10""","73""","Jul 28, 1982",http://ufcstats.com/fighter-details/e9a3aeb207578eea
Zach Rosol,--,--,--,http://ufcstats.com/fighter-details/208b6926916867c7
Carlos Huachin,"5' 4""","67""","Jun 04, 1996",http://ufcstats.com/fighter-details/225def29ecfe0fc1
Augusto Sakai,"6' 3""","77""","May 09, 1991",http://ufcstats.com/fighter-details/441eacbe20e0e80b
Jeri Sitzes,"5' 5""",--,--,http://ufcstats.com/fighter-details/44a1dd0ef4373edc
Enrique Barzola,"5' 7""","70""","Apr 28, 1989",http://ufcstats.com/fighter-details/be0b310a12eb80b4
Karla Benitez,"5' 3""",--,"Feb 15, 1979",http://ufcstats.com/fighter-details/6104730621ff318d
Justin Tafa,"6' 0""","74""","Dec 13, 1993",http://ufcstats.com/fighter-details/e13abac8089a801a
Israel Albuquerque,--,--,--,http://ufcstats.com/fighter-details/dd1b90eea08887f6
Billy Giovanella,"5' 8""",--,"Aug 20, 1985",http://ufcstats.com/fighter-details/c1ea31a904fe08a9
Rich Attonito,"5' 10""","72""","Jun 16, 1977",http://ufcstats.com/fighter-details/210935fd21670f6d
Matt Sayles,"5' 7""","68""","Feb 21, 1994",http://ufcstats.com/fighter-details/5b8ba8f5512893b1
Brendan Seguin,"6' 0""",--,"Jul 03, 1976",http://ufcstats.com/fighter-details/e4bb7e483c4ad318
Joseph Gigliotti,"5' 11""",--,"Aug 13, 1993",http://ufcstats.com/fighter-details/83825fad27ab3581
Jesse Jones,"5' 9""",--,--,http://ufcstats.com/fighter-details/bc0f994de0521926
Anthony Taylor,"5' 7""",--,--,http://ufcstats.com/fighter-details/637a4d8825464c62
Luke Cummo,"6' 0""","74""","Apr 27, 1980",http://ufcstats.com/fighter-details/93ce4ac89e3d7652
Luke Stewart,"5' 11""",--,--,http://ufcstats.com/fighter-details/27b1a406ac171b19
Crafton Wallace,"6' 0""",--,"Nov 10, 1975",http://ufcstats.com/fighter-details/bf41b5131545da12
Damian Stasiak,"5' 5""","70""","Feb 20, 1990",http://ufcstats.com/fighter-details/42a7e90605df3c8a
Eric Jacob,--,--,--,http://ufcstats.com/fighter-details/ba17afef01ed78b6
Mariya Agapova,"5' 6""","68""","Apr 07, 1997",http://ufcstats.com/fighter-details/a08ddd04eaffd81d
Adam Wieczorek,"6' 5""","81""","Feb 05, 1992",http://ufcstats.com/fighter-details/efa1f6b42c86793c
Josh Parisian,"6' 4""","79""","Jun 28, 1989",http://ufcstats.com/fighter-details/b5da8f7d05e85a55
Mounir Lazzez,"6' 1""","76""","Nov 16, 1987",http://ufcstats.com/fighter-details/49ee5024966efc0d
Isi Fitikefu,"5' 10""",--,--,http://ufcstats.com/fighter-details/b8dc5fbf8338adc5
Alan Baudot,"6' 3""","79""","Feb 01, 1988",http://ufcstats.com/fighter-details/c9a94278df042f46
Pat Pytlik,"6' 0""","73""","Apr 24, 1989",http://ufcstats.com/fighter-details/4fd140eea593526e
Joaquin Buckley,"5' 10""","76""","Apr 27, 1994",http://ufcstats.com/fighter-details/b9437600497350f3
Zelg Galesic,"6' 2""",--,"Feb 16, 1979",http://ufcstats.com/fighter-details/8a1b4330c7957961
Mark Bocek,"5' 8""","75""","Oct 24, 1981",http://ufcstats.com/fighter-details/cf9d24e4bd0cf2ce
Trey Houston,"5' 11""",--,"Jun 08, 1988",http://ufcstats.com/fighter-details/c6668eeb261588d3
Devin Johnson,--,--,--,http://ufcstats.com/fighter-details/22f4b6cb6b1bd7fd
Leonardo Morales,"5' 8""",--,"Dec 22, 1992",http://ufcstats.com/fighter-details/45230be0641f3f53
Petr Yan,"5' 7""","67""","Feb 11, 1993",http://ufcstats.com/fighter-details/d661ce4da776fc20
Rashid Magomedov,"5' 9""","70""","Nov 29, 1984",http://ufcstats.com/fighter-details/7ea1f74cef32f906
Gerald Meerschaert,"6' 1""","77""","Dec 18, 1987",http://ufcstats.com/fighter-details/6ac9bc2953c47345
Bill Duvall,"6' 2""",--,--,http://ufcstats.com/fighter-details/7df4d3c38792b083
Harris Sarmiento,"5' 9""",--,"Sep 09, 1983",http://ufcstats.com/fighter-details/026b4f7049085842
Tommy Petersen,--,--,--,http://ufcstats.com/fighter-details/7aabd61419f747d1
Takeshi Inoue,"5' 8""",--,"Mar 18, 1980",http://ufcstats.com/fighter-details/a61a0cd2829e5d4e
Jamie Moyle,"5' 1""","65""","Mar 17, 1989",http://ufcstats.com/fighter-details/882d62561063a927
Helena Crevar,--,--,--,http://ufcstats.com/fighter-details/a8c3ce469cb8b130
Milco Voorn,--,--,--,http://ufcstats.com/fighter-details/277ffed20cf07aea
Edson Barboza,"5' 11""","75""","Jan 21, 1986",http://ufcstats.com/fighter-details/64a50dad704d1d49
Scott Smith,"6' 0""","70""","May 21, 1979",http://ufcstats.com/fighter-details/3410cf010558dc8b
Khamzat Chimaev,"6' 2""","75""","May 01, 1994",http://ufcstats.com/fighter-details/767755fd74662dbf
Denis Tiuliulin,"6' 1""","77""","May 17, 1988",http://ufcstats.com/fighter-details/0112352cb32f5026
Gary Padilla,"5' 11""",--,"May 04, 1980",http://ufcstats.com/fighter-details/01dd4cdc2446f665
Marco Tulio,"6' 0""","74""","Jun 13, 1994",http://ufcstats.com/fighter-details/9384e71bca6c409d
Caol Uno,"5' 7""","70""","May 08, 1975",http://ufcstats.com/fighter-details/eb1723480fa2f96c
Daichi Kamiya,"5' 8""","68""","Apr 19, 1999",http://ufcstats.com/fighter-details/a497e228cce8a64f
Brandon Shuey,"5' 7""",--,"Feb 01, 1976",http://ufcstats.com/fighter-details/585f9ffdb0cd0466
Pat Benson,"5' 9""",--,"Jul 14, 1974",http://ufcstats.com/fighter-details/a25f3dc0df974597
Alton Cunningham,"6' 2""","77""","Jun 24, 1993",http://ufcstats.com/fighter-details/305bde44ff664788
Kyle Driscoll,"5' 11""","74""","Sep 23, 1994",http://ufcstats.com/fighter-details/e5e148d4363deff8
Brooke Mayo,"5' 7""",--,--,http://ufcstats.com/fighter-details/1b41c21d947d6f2f
Kyle Reyes,"5' 8""",--,--,http://ufcstats.com/fighter-details/7333d6e0f6428acb
Kai Asakura,"5' 8""","69""","Oct 31, 1993",http://ufcstats.com/fighter-details/d33da8a3d82bdb62
Dustin Neace,"5' 9""","69""","Sep 12, 1986",http://ufcstats.com/fighter-details/e503aa5c252a1b4d
Stipe Miocic,"6' 4""","80""","Aug 19, 1982",http://ufcstats.com/fighter-details/d28dee5c705991df
Willie Peeters,"5' 9""",--,"Oct 26, 1965",http://ufcstats.com/fighter-details/e7bfdb5e0112891e
Hiroko Yamanaka,"5' 11""",--,"Oct 24, 1978",http://ufcstats.com/fighter-details/283645128ae57eda
Andy Uhrich,"6' 0""",--,--,http://ufcstats.com/fighter-details/4a1a492f299581d9
Will Kerr,"5' 10""","69""","Oct 21, 1982",http://ufcstats.com/fighter-details/ef61d9f5176b3200
Emily Fernandez,--,--,--,http://ufcstats.com/fighter-details/7ee1babb99f30115
Lu Kai,"5' 9""","69""","Mar 01, 1994",http://ufcstats.com/fighter-details/a2d23e684b3db732
Jeff Hughes,"6' 2""","77""","May 17, 1988",http://ufcstats.com/fighter-details/6a11e325aa60ad02
Dominic Waters,"6' 1""","79""","Apr 11, 1989",http://ufcstats.com/fighter-details/2de91c2244ad7e89
Dan Bobish,"6' 2""",--,"Jan 26, 1970",http://ufcstats.com/fighter-details/f348d05403fad037
Delson Heleno,"5' 11""",--,"Nov 16, 1977",http://ufcstats.com/fighter-details/970beed85bc46b63
Motonobu Tezuka,"5' 7""",--,"Aug 29, 1987",http://ufcstats.com/fighter-details/d34636a85f0f4c90
Tony DeSouza,"6' 0""","70""","Jul 26, 1974",http://ufcstats.com/fighter-details/6ad9058b7c7898b0
Leonard Garcia,"5' 10""","68""","Jul 14, 1979",http://ufcstats.com/fighter-details/917e53fa0adea0d3
Bassil Hafez,"5' 11""","72""","Jan 31, 1992",http://ufcstats.com/fighter-details/f4d92416da98804b
Kiran Singh,"5' 1""","65""","Jul 25, 2000",http://ufcstats.com/fighter-details/f985ca2370a37078
Coty Wheeler,"5' 6""","67""","Oct 11, 1978",http://ufcstats.com/fighter-details/e57f0b06ea39e360
TJ Grant,"5' 10""","72""","Feb 26, 1984",http://ufcstats.com/fighter-details/a26198ba5093147e
Rob Emerson,"5' 9""","70""","Jul 30, 1981",http://ufcstats.com/fighter-details/dc0f07928009a127
Jordan Leavitt,"5' 9""","71""","Jun 02, 1995",http://ufcstats.com/fighter-details/ac026518a9b4dc0f
John Richard,--,--,"May 22, 1982",http://ufcstats.com/fighter-details/b3e5a460b6851080
Pawan Maan,"5' 7""","70""","Apr 06, 1986",http://ufcstats.com/fighter-details/450bacdacd706bcd
Vladimir Matyushenko,"6' 0""","74""","Jan 04, 1971",http://ufcstats.com/fighter-details/ccdd90bd1fc7dab6
Jay Silva,"6' 2""",--,"May 25, 1981",http://ufcstats.com/fighter-details/53bb0d40905b87c0
Daron Cruickshank,"5' 8""","72""","Jun 11, 1985",http://ufcstats.com/fighter-details/5f99b2bafb10305f
Ryan Bader,"6' 2""","74""","Jun 07, 1983",http://ufcstats.com/fighter-details/c0ab242c40decc55
Keisuke Fujiwara,"5' 6""",--,"Sep 17, 1982",http://ufcstats.com/fighter-details/ccd58ff71e260ed5
Bryan Barberena,"6' 0""","72""","May 03, 1989",http://ufcstats.com/fighter-details/a331233f597090a5
Joey Gilbert,"5' 11""",--,"Jun 05, 1976",http://ufcstats.com/fighter-details/6bb1d2b714d4b3bc
Adrienna Jenkins,"5' 8""",--,"Jul 22, 1981",http://ufcstats.com/fighter-details/dae85a6a83f53215
Steve Hadsel,"5' 8""",--,--,http://ufcstats.com/fighter-details/99793cf88c5adeee
Hyeonjong Song,--,--,"Apr 23, 2002",http://ufcstats.com/fighter-details/c5dc1bf9b78f262c
Jared Vanderaa,"6' 4""","80""","May 12, 1992",http://ufcstats.com/fighter-details/2b68d9f125d07b42
James Moontasri,"5' 10""","71""","Apr 10, 1988",http://ufcstats.com/fighter-details/c06a9b48d4132c8e
Sheila Gaff,"5' 5""",--,"Dec 29, 1989",http://ufcstats.com/fighter-details/837d30395faca41e
Victor Dias,"5' 6""","69""","Dec 26, 1990",http://ufcstats.com/fighter-details/f7202b3130421d27
Chris Sanford,"5' 11""",--,"Mar 12, 1968",http://ufcstats.com/fighter-details/29f935654825331b
Wang Guan,"5' 9""","71""","Mar 14, 1986",http://ufcstats.com/fighter-details/dd12382f28296f7b
Satoru Kitaoka,"5' 6""",--,"Feb 04, 1980",http://ufcstats.com/fighter-details/e2ac5bb645f33088
Morgan Charriere,"5' 8""","69""","Oct 26, 1995",http://ufcstats.com/fighter-details/5b03b61f9d90125e
Efrain Escudero,"5' 9""","71""","Jan 15, 1986",http://ufcstats.com/fighter-details/83fd97284f4bb4a4
Luis Gomez,"5' 7""","68""","Jan 28, 1995",http://ufcstats.com/fighter-details/513e84bfe65ff509
Masuto Kawana,"5' 6""","69""","Jan 30, 1995",http://ufcstats.com/fighter-details/49f4171f14f54220
Casey Kenney,"5' 7""","68""","Mar 20, 1991",http://ufcstats.com/fighter-details/e7bba7ce4d6c7b07
Hector Lombard,"5' 9""","71""","Feb 02, 1978",http://ufcstats.com/fighter-details/db1f2ed63b54b9a7
Ruan Potts,"6' 2""","75""","Feb 23, 1978",http://ufcstats.com/fighter-details/7e208569469c8bc8
James Wilks,"6' 1""","75""","May 04, 1978",http://ufcstats.com/fighter-details/852454c572675334
Brandon Lewis,"5' 4""","70""","Aug 02, 1997",http://ufcstats.com/fighter-details/6623cb1c27025634
Anthony Morrison,"5' 7""",--,"Mar 29, 1984",http://ufcstats.com/fighter-details/dab0e6cb8c932162
Roy Jones,--,--,"Oct 26, 1983",http://ufcstats.com/fighter-details/be8dfcf0442812b1
James Wade,"5' 10""",--,"Feb 08, 1972",http://ufcstats.com/fighter-details/6291decf7f3b6608
Wanderlei Silva,"5' 11""","74""","Jul 03, 1976",http://ufcstats.com/fighter-details/a1f6999fe57236e0
Manon Fiorot,"5' 7""","65""","Feb 17, 1990",http://ufcstats.com/fighter-details/34ff304266360297
Ken Stone,"5' 8""","71""","Oct 08, 1982",http://ufcstats.com/fighter-details/fbf0947399d14323
Eryk Anders,"6' 1""","75""","Apr 21, 1987",http://ufcstats.com/fighter-details/cad24459b28592ca
Nick Garcia,"5' 4""",--,--,http://ufcstats.com/fighter-details/8a04d94dfcfab159
Dequan Townsend,"6' 3""","79""","May 11, 1986",http://ufcstats.com/fighter-details/3f7dab21b6c971bc
Chris Mickle,"5' 9""",--,"Jul 10, 1983",http://ufcstats.com/fighter-details/f903967fd320da38
Alexander Yakovlev,"6' 3""","74""","Jul 18, 1984",http://ufcstats.com/fighter-details/d06f8869449ba7bd
Jacob Malkoun,"5' 9""","73""","Aug 26, 1995",http://ufcstats.com/fighter-details/d4270315cbcf2569
Mikey Burnett,"5' 6""",--,"Apr 12, 1974",http://ufcstats.com/fighter-details/4c805f5f58a75df0
Rizvan Kuniev,"6' 4""","76""","Mar 10, 1992",http://ufcstats.com/fighter-details/739fd4fbb5d862f4
Scott Norton,"5' 10""",--,"Mar 15, 1973",http://ufcstats.com/fighter-details/f21a3d68fb9df387
Shawn Bunch,"5' 5""",--,"Mar 19, 1983",http://ufcstats.com/fighter-details/6e9af164ab91a229
Dave Martin,"6' 0""",--,--,http://ufcstats.com/fighter-details/92c96df8bdab5fea
Michel Batista,"6' 3""",--,"Apr 20, 1984",http://ufcstats.com/fighter-details/34218661c44ed55d
Rolando Delgado,"6' 3""","77""","Nov 22, 1981",http://ufcstats.com/fighter-details/37b1696e6d115957
Drew Dimanlig,--,--,--,http://ufcstats.com/fighter-details/cc2ad11b1f9d818b
David Gomez,--,--,"Aug 08, 1983",http://ufcstats.com/fighter-details/489413d3be819647
Jonathan  Mix,"6' 0""",--,"Nov 09, 1980",http://ufcstats.com/fighter-details/f64e4ecd214c6378
Reuben Duran,"5' 7""","71""","Jul 02, 1983",http://ufcstats.com/fighter-details/4417980b3e798abf
Raheam Forest,"5' 11""","73""","Jul 11, 1997",http://ufcstats.com/fighter-details/90390dd1b0791e7f
Zachary Micklewright,"6' 0""","74""","Aug 21, 1976",http://ufcstats.com/fighter-details/a36a14985a57a1c6
Luis Ramos,"5' 8""",--,"Jan 18, 1981",http://ufcstats.com/fighter-details/7bc475b0fc2020ab
Pete Rogers Jr.,"6' 0""",--,--,http://ufcstats.com/fighter-details/36f3d235493d35ad
Veta Arteaga,"5' 7""",--,--,http://ufcstats.com/fighter-details/91e3388e69060e69
Nick Ertl,"5' 9""",--,"Oct 29, 1968",http://ufcstats.com/fighter-details/74061adb224be3cc
Jon Manley,"6' 1""",--,"Jul 07, 1986",http://ufcstats.com/fighter-details/a0602dd050bebefc
He-Man Gipson,--,--,--,http://ufcstats.com/fighter-details/3e03cec9767d37e6
Julianna Pena,"5' 6""","69""","Aug 19, 1989",http://ufcstats.com/fighter-details/3253b16d38ae087d
Salvador Becerra,"5' 9""",--,--,http://ufcstats.com/fighter-details/4fd76e7ba8313457
Sidney Outlaw,"5' 8""","74""","Apr 11, 1992",http://ufcstats.com/fighter-details/871ce0b4a01922b6
Magnus Cedenblad,"6' 5""","79""","Apr 10, 1982",http://ufcstats.com/fighter-details/0e21976afc92e4d1
Carl Toomey,--,--,"Mar 15, 1972",http://ufcstats.com/fighter-details/5ee87e0432205755
Anshul Jubli,"6' 0""","69""","Jan 13, 1995",http://ufcstats.com/fighter-details/a72a2a769fa5a2be
Julia Budd,"5' 7""","67""","Jul 04, 1983",http://ufcstats.com/fighter-details/dcdc4503b9d49977
Ivan Serati,"6' 0""",--,--,http://ufcstats.com/fighter-details/b23fca14c7b79935
Royce Gracie,"6' 1""",--,"Dec 12, 1966",http://ufcstats.com/fighter-details/429e7d3725852ce9
Stewart Nicoll,"5' 5""","65""","Apr 11, 1996",http://ufcstats.com/fighter-details/2bd98ab77a8daa75
Matt Lindland,"6' 0""","74""","May 17, 1970",http://ufcstats.com/fighter-details/0e041d43a47d2e4b
Nate Loughran,"6' 2""",--,"Jul 28, 1980",http://ufcstats.com/fighter-details/cbf94e4c4af4ff6d
Jerrod Sanders,"5' 8""","72""","Oct 01, 1979",http://ufcstats.com/fighter-details/12f1b140e248bdb9
Oleksandr Doskalchuk,"5' 6""",--,"Mar 13, 1990",http://ufcstats.com/fighter-details/86cb6f5b1ca98dc0
Khalid Murtazaliev,"6' 0""","76""","Jul 15, 1993",http://ufcstats.com/fighter-details/231cae8b77fbbcc1
Top Noi Kiwram,"5' 5""","67""","Aug 15, 1992",http://ufcstats.com/fighter-details/e065b4a42a6c2c79
Vinicius Cenci,"6' 1""","74""","Nov 24, 1995",http://ufcstats.com/fighter-details/f21a152aaa3e95c6
Akihito Tanaka,--,--,"Mar 09, 1983",http://ufcstats.com/fighter-details/1bf49bf829964144
Nicolas Dalby,"5' 11""","74""","Nov 16, 1984",http://ufcstats.com/fighter-details/9d19d9e4aa2662e8
Jarno Errens,"5' 11""","73""","Nov 17, 1994",http://ufcstats.com/fighter-details/082eba4cd80f736f
Steve Berger,"5' 11""",--,"May 20, 1973",http://ufcstats.com/fighter-details/21b1132949f2a9b0
Westin Wilson,"6' 1""","73""","Jan 24, 1989",http://ufcstats.com/fighter-details/7b3503352cd53abb
Jan Finney,"5' 8""",--,"Apr 18, 1980",http://ufcstats.com/fighter-details/3317823959d32a05
Chatt Lavender,"5' 8""",--,"May 24, 1976",http://ufcstats.com/fighter-details/5449dcccd972ff83
Justin Gonzales,"5' 9""","72""","Apr 28, 1991",http://ufcstats.com/fighter-details/94535f76f43b466a
Rashad Coulter,"5' 11""","76""","Nov 27, 1981",http://ufcstats.com/fighter-details/d1528ac5675558b1
Taiyilake Nueraji,"6' 2""","75""","Jan 12, 2001",http://ufcstats.com/fighter-details/7498b3ac79a3b948
Tony Ferguson,"5' 11""","76""","Feb 12, 1984",http://ufcstats.com/fighter-details/22a92d7f62195791
HanSeul Kim,"6' 1""","73""","Jun 19, 1990",http://ufcstats.com/fighter-details/2bc47c7cc6c05bd7
Johnny Rees,"6' 0""",--,"Oct 21, 1982",http://ufcstats.com/fighter-details/3ba3b5cc94498437
KyeungPyo Kim,"5' 9""","71""","Jan 29, 1992",http://ufcstats.com/fighter-details/5a9f7b5ffebdd6e7
Yui Chul Nam,"5' 9""",--,"Jul 16, 1981",http://ufcstats.com/fighter-details/a00ec21cfbba17b6
Mitchell Sipe,"6' 2""",--,"Apr 09, 1996",http://ufcstats.com/fighter-details/71ef1111bf829b82
Patricio Freire,"5' 6""","67""","Jul 07, 1987",http://ufcstats.com/fighter-details/98a58c26c5b1ed17
Wes Sims,"6' 10""",--,"Aug 04, 1979",http://ufcstats.com/fighter-details/e0f7c4f3f67bc808
Sedriques Dumas,"6' 2""","79""","Aug 06, 1995",http://ufcstats.com/fighter-details/4e6738062d469256
Takeru Uchida,"5' 5""","68""","Sep 30, 2002",http://ufcstats.com/fighter-details/1d76f07ffdd765c2
Bibulatov Magomed,"5' 5""","65""","Aug 22, 1988",http://ufcstats.com/fighter-details/87f19d19f4cb73f8
Tracy Cortez,"5' 5""","65""","Dec 10, 1993",http://ufcstats.com/fighter-details/68d4a891e5cf2029
Ryo Chonan,"5' 9""","70""","Oct 08, 1976",http://ufcstats.com/fighter-details/55a7b2d4e54ffac9
Naoki Inoue,"5' 9""","71""","Jun 14, 1997",http://ufcstats.com/fighter-details/199eb7cf6ae90294
Daniel Teymur,"5' 5""","69""","Feb 03, 1988",http://ufcstats.com/fighter-details/fbf0537e420e698e
Richie Santiago,"5' 7""","67""","Oct 10, 1992",http://ufcstats.com/fighter-details/9f95d6b5b459cc6b
Georgi Karakhanyan,"5' 8""",--,"May 29, 1985",http://ufcstats.com/fighter-details/43292ecf0e72c143
Anton Kuivanen,"5' 8""","72""","May 01, 1984",http://ufcstats.com/fighter-details/706f8e2b34e8e18b
Emiliano Sordi,"6' 2""",--,"Feb 15, 1991",http://ufcstats.com/fighter-details/4c9b84d559822830
Ryan Benoit,"5' 5""","68""","Aug 25, 1989",http://ufcstats.com/fighter-details/20999e27ddd94bda
Miki Motono,"5' 2""","63""","May 18, 1994",http://ufcstats.com/fighter-details/a5fa51a81d0c5ed9
KyuSung Kim,"5' 11""","69""","Nov 05, 1992",http://ufcstats.com/fighter-details/e7ecfab8fd86d3e1
John Renken,"6' 0""",--,"Dec 31, 1972",http://ufcstats.com/fighter-details/1507214bbc7a79e2
Marek Bujlo,"6' 4""","77""","Oct 10, 1992",http://ufcstats.com/fighter-details/ac0874309da489b9
Martin Sano,"5' 11""","75""","May 30, 1991",http://ufcstats.com/fighter-details/16a64f93f6678b7b
Zhu Kangjie,"5' 8""","70""","Jan 16, 1996",http://ufcstats.com/fighter-details/6f4ec5aa3eced219
Mitch Raposo,"5' 5""","64""","Oct 16, 1998",http://ufcstats.com/fighter-details/0be6776db31d98ec
Chuck O'Neil,"6' 2""",--,"Sep 22, 1985",http://ufcstats.com/fighter-details/56bc9ccb609df534
Amir Aliakbari,"6' 3""",--,"Jun 10, 1984",http://ufcstats.com/fighter-details/e17770faae3ca54c
Micheal Gillmore,"5' 11""","72""","Mar 28, 1987",http://ufcstats.com/fighter-details/ce175eaafe867d1f
Dan Manasoiu,--,--,--,http://ufcstats.com/fighter-details/eefc73b53d4a05d7
Jason Jackson,"6' 1""","78""","Oct 30, 1990",http://ufcstats.com/fighter-details/ca8da445dfa82d56
Shoji Maruyama,"5' 7""",--,"Apr 24, 1983",http://ufcstats.com/fighter-details/c046100aea0dba9a
Atsushi Yamamoto,"5' 6""",--,"Oct 02, 1980",http://ufcstats.com/fighter-details/351264d11286d09a
Randy Costa,"5' 9""","73""","Jul 06, 1994",http://ufcstats.com/fighter-details/325ad0dd9126d3df
Kai Yoshida,"5' 9""","69""","Oct 10, 1999",http://ufcstats.com/fighter-details/2e517966267a468a
Anvarbek Daniyalbekov,--,--,"May 27, 1995",http://ufcstats.com/fighter-details/859e0dafd04fe1ca
Marloes Coenen,"5' 9""","67""","Mar 31, 1981",http://ufcstats.com/fighter-details/0b77a05bcbd2de74
Wellington Turman,"6' 0""","72""","Jul 22, 1996",http://ufcstats.com/fighter-details/4dcfb28c011c11b2
Sheldon Westcott,"6' 1""","71""","Aug 20, 1984",http://ufcstats.com/fighter-details/ec2d13a87d3d9541
Joey Gomez,"5' 10""","71""","Aug 29, 1989",http://ufcstats.com/fighter-details/3a28e1e641366308
Demetrius Gioulacos,"5' 11""",--,--,http://ufcstats.com/fighter-details/a58114c6dd0add64
Nate Schroeder,"6' 1""",--,"Jun 02, 1973",http://ufcstats.com/fighter-details/040426baba8a45e8
Nordine Taleb,"6' 1""","74""","Jun 10, 1981",http://ufcstats.com/fighter-details/49858bf46dabf6fb
Fedor Emelianenko,"6' 0""","74""","Sep 28, 1976",http://ufcstats.com/fighter-details/b8da6f5c80ae2d15
Kazuyuki Miyata,"5' 8""",--,"Jan 29, 1976",http://ufcstats.com/fighter-details/af70d268e5352186
Joseph Morales,"5' 6""","69""","Aug 22, 1994",http://ufcstats.com/fighter-details/2fe9032955c2e013
Gabriel Arges,--,--,"Jan 29, 1993",http://ufcstats.com/fighter-details/db3c4a884d704efe
Benji Radach,"5' 10""",--,"Apr 05, 1979",http://ufcstats.com/fighter-details/01b39decaf0abf6a
Sergey Khandozhko,"6' 1""","74""","May 19, 1992",http://ufcstats.com/fighter-details/90da09db03e41748
Brando Pericic,"6' 5""","79""","Aug 03, 1994",http://ufcstats.com/fighter-details/d0fd0d9ee560dae7
Jonathan Piersma,"5' 11""","73""","Mar 03, 1996",http://ufcstats.com/fighter-details/1c7308d2957a12d2
Josh Diekmann,"5' 4""",--,"Oct 09, 1976",http://ufcstats.com/fighter-details/414bddf0c80c41e1
Enrique Watson,--,--,--,http://ufcstats.com/fighter-details/a99d4aa689bdca18
Andre Galvao,"5' 7""",--,"Sep 29, 1982",http://ufcstats.com/fighter-details/45fe6765c56d8018
Yanis Ghemmouri,"5' 9""","69""","Jan 24, 1995",http://ufcstats.com/fighter-details/eb70e786bbdf1d16
Loik Radzhabov,"5' 11""","69""","Sep 17, 1990",http://ufcstats.com/fighter-details/8c169fbe1ac33637
Marcio Navarro,"6' 0""",--,"Sep 17, 1978",http://ufcstats.com/fighter-details/52f7d300738961ac
Ryan Hayes,--,--,--,http://ufcstats.com/fighter-details/a620638435de0628
Chris Price,"6' 2""",--,"Nov 09, 1982",http://ufcstats.com/fighter-details/0597a4528ebd1307
Anderson Silva,"6' 2""","77""","Apr 14, 1975",http://ufcstats.com/fighter-details/1f454354805b6f75
Glover Teixeira,"6' 2""","76""","Oct 28, 1979",http://ufcstats.com/fighter-details/7ff97850e8c32bda
Katsunori Kikuno,"5' 8""","66""","Oct 31, 1981",http://ufcstats.com/fighter-details/44470bfd9483c7ad
Rick Story,"5' 9""","71""","Aug 28, 1984",http://ufcstats.com/fighter-details/5b5307450405abf0
Torrez Finney,"5' 8""","75""","Oct 24, 1998",http://ufcstats.com/fighter-details/fbb60f24af5d5a02
Donnie Liles,"5' 9""",--,--,http://ufcstats.com/fighter-details/a1bf037613180253
Chris Yee,"5' 9""",--,--,http://ufcstats.com/fighter-details/920632ca1b78fae5
Abus Magomedov,"6' 2""","78""","Sep 02, 1990",http://ufcstats.com/fighter-details/36b8f265bcd1b7a4
TJ Hepburn,"5' 7""",--,--,http://ufcstats.com/fighter-details/e1acbb6352ca3551
Malcolm Gordon,"5' 7""","71""","May 19, 1990",http://ufcstats.com/fighter-details/dee294e9717012c2
Chance Farrar,"5' 9""",--,"Sep 11, 1975",http://ufcstats.com/fighter-details/49c7236c737d7e59
Miika Mehmet,--,--,--,http://ufcstats.com/fighter-details/41dca66f9dadfc86
Nikita Krylov,"6' 3""","77""","Mar 07, 1992",http://ufcstats.com/fighter-details/1091d4d957141094
Gary Mangat,"5' 7""",--,--,http://ufcstats.com/fighter-details/1c0ffc63d8ec8f45
Len Bentley,"5' 9""",--,"Nov 30, 1982",http://ufcstats.com/fighter-details/592d23aed850e652
Jorge Santiago,"6' 1""","75""","Oct 09, 1980",http://ufcstats.com/fighter-details/f8dc544e7077d014
Greg Scott,"5' 9""",--,--,http://ufcstats.com/fighter-details/0b235384fe23fc9c
Manny Vazquez,"5' 10""","72""","Nov 19, 1993",http://ufcstats.com/fighter-details/8d4d25fd9218860b
Jianping Yang,"5' 7""",--,"Nov 27, 1988",http://ufcstats.com/fighter-details/d3c554d6e11fc9d6
Bobby Sanchez,"5' 7""",--,"Dec 15, 1989",http://ufcstats.com/fighter-details/6a0047ac8c99fece
Yuhi Sano,"5' 11""",--,"Feb 02, 1965",http://ufcstats.com/fighter-details/4c12aa7ca246e7a4
Amir Rahnavardi,"6' 0""",--,"Dec 07, 1974",http://ufcstats.com/fighter-details/bc7f7f0ba3db74d2
Tai Bowden,"5' 11""",--,--,http://ufcstats.com/fighter-details/2efbc83a6b9b7f86
Toki Matsui,"5' 6""","65""","Sep 08, 1999",http://ufcstats.com/fighter-details/56cc76c55cee8410
Cedric Doumbe,"5' 10""",--,"Aug 13, 1992",http://ufcstats.com/fighter-details/5159e6ee100c717e
Zviad Lazishvili,"5' 6""","69""","Oct 25, 1991",http://ufcstats.com/fighter-details/41498c2d1a87b154
Adam Meredith,"6' 2""",--,--,http://ufcstats.com/fighter-details/c1135a6892e916db
Geoff Neal,"5' 11""","75""","Aug 28, 1990",http://ufcstats.com/fighter-details/b997be68943010fc
Noah Thomas,"5' 9""",--,"Mar 27, 1981",http://ufcstats.com/fighter-details/319c15b8aac5bfde
Arman Tsarukyan,"5' 7""","72""","Oct 11, 1996",http://ufcstats.com/fighter-details/eae48ff31db420c2
Jenel Lausa,"5' 5""","68""","Aug 01, 1988",http://ufcstats.com/fighter-details/ec664422b22d9787
Andreas Stahl,"5' 11""",--,"May 20, 1988",http://ufcstats.com/fighter-details/69a400af4420cd6a
Jeff Crotty,--,--,--,http://ufcstats.com/fighter-details/98601a40e9d96047
James Mulheron,"5' 10""","73""","Feb 20, 1988",http://ufcstats.com/fighter-details/8d5350fa18b79e9a
Dan Hardy,"6' 0""","74""","May 17, 1982",http://ufcstats.com/fighter-details/473ce3aa581251a2
Icho Larenas,"6' 3""",--,"Mar 12, 1980",http://ufcstats.com/fighter-details/49efbdc6c9f650c4
Dustin Stoltzfus,"6' 0""","75""","Nov 15, 1991",http://ufcstats.com/fighter-details/71505842fb6455c3
Jarrod Kwitty,"5' 8""",--,--,http://ufcstats.com/fighter-details/849d15ed7e3a0e97
Alexander Poppeck,"6' 2""",--,"Apr 06, 1992",http://ufcstats.com/fighter-details/56bf3ed155bd0fcd
Montserrat Conejo Ruiz,"5' 0""","61""","Feb 03, 1993",http://ufcstats.com/fighter-details/1235b31de15d0c6e
Eric Shelton,"5' 6""","68""","Feb 02, 1991",http://ufcstats.com/fighter-details/a0c64f272b65d441
Mairbek Taisumov,"5' 9""","73""","Aug 08, 1988",http://ufcstats.com/fighter-details/8f5c8850b2484173
James Gray,"5' 9""",--,"Oct 25, 1987",http://ufcstats.com/fighter-details/2db65fc038c0018e
Herman Terrado,--,--,"Sep 27, 1989",http://ufcstats.com/fighter-details/61d6368013f8637f
Scott McDonald,--,--,--,http://ufcstats.com/fighter-details/08ae3100bf2100ed
Erin Blanchfield,"5' 4""","66""","May 04, 1999",http://ufcstats.com/fighter-details/669970f7feba8ecd
Cody Brundage,"6' 0""","72""","May 16, 1994",http://ufcstats.com/fighter-details/f14f644d41ade29f
Mikhail Iloukhine,"5' 9""",--,"Nov 21, 1966",http://ufcstats.com/fighter-details/b71667c778b6d9e5
Keith Rockel,"6' 0""",--,"Aug 28, 1965",http://ufcstats.com/fighter-details/c75b99887c8c3f5a
Tetsuya Seki,"5' 10""",--,"Feb 08, 1994",http://ufcstats.com/fighter-details/5e1062e066c601e6
Baisangur Susurkaev,"6' 2""","79""","Jan 08, 2001",http://ufcstats.com/fighter-details/d1feea7a4bdcd503
Bazigit Atajev,"6' 1""",--,"Mar 12, 1979",http://ufcstats.com/fighter-details/fd7acf42bd6e7e95
Jens Pulver,"5' 7""","70""","Dec 06, 1974",http://ufcstats.com/fighter-details/44260175069b6276
Mario Rivera,"5' 10""",--,--,http://ufcstats.com/fighter-details/0f7210aa8d61af8d
Justin Jaynes,"5' 7""","68""","Aug 10, 1989",http://ufcstats.com/fighter-details/304a21d0595e1a08
Adam Cella,"6' 2""",--,"Jun 26, 1985",http://ufcstats.com/fighter-details/b27b8881d7444114
Shannon Ritch,"5' 9""",--,"Sep 27, 1970",http://ufcstats.com/fighter-details/1c7cce2f5c17160d
Yuki Sasaki,"6' 2""",--,"Sep 12, 1976",http://ufcstats.com/fighter-details/e5c38954c006f15c
Brett Tillis,--,--,--,http://ufcstats.com/fighter-details/7b461ccae8270207
Kenny Robertson,"5' 10""","74""","Feb 14, 1984",http://ufcstats.com/fighter-details/6e0273f9478be71e
Dusko Todorovic,"6' 1""","74""","May 19, 1994",http://ufcstats.com/fighter-details/866fd7b1a6c90e7f
David Abbott,"6' 0""",--,"Apr 26, 1965",http://ufcstats.com/fighter-details/b361180739bed4b0
Nick Osipczak,"6' 2""","76""","Dec 30, 1984",http://ufcstats.com/fighter-details/5b407acfe0ef9b76
Milana Dudieva,"5' 3""",--,"Aug 04, 1989",http://ufcstats.com/fighter-details/072a10e85f7d4bff
Nick Nolte,"6' 0""",--,"Mar 04, 1981",http://ufcstats.com/fighter-details/d665de9b4da87c22
Michael Trizano,"5' 11""","71""","Dec 31, 1991",http://ufcstats.com/fighter-details/5bf31a46becc1204
Bobby Voelker,"6' 0""","74""","Apr 26, 1979",http://ufcstats.com/fighter-details/fb8a3025ae722e64
David Bielkheden,"5' 10""","71""","Jun 06, 1979",http://ufcstats.com/fighter-details/1efa064872f089d0
Lucrezia Ria,"5' 6""",--,"Jun 24, 1992",http://ufcstats.com/fighter-details/042cc07ad5a53a33
Kyle Stewart,"6' 0""","76""","Jan 31, 1989",http://ufcstats.com/fighter-details/bb61823f76361297
Jose Ochoa,"5' 7""","67""","Dec 31, 2000",http://ufcstats.com/fighter-details/88be62d6c1e6dadb
Gregory Bouchelaghem,"6' 2""",--,"Mar 23, 1978",http://ufcstats.com/fighter-details/59851163aaf1aed8
Katlyn Cerminara,"5' 9""","68""","Dec 28, 1988",http://ufcstats.com/fighter-details/e872e9a9a902c045
Ti Haitao,--,--,--,http://ufcstats.com/fighter-details/3848cd6cac73e091
Austen Lane,"6' 6""","80""","Nov 09, 1987",http://ufcstats.com/fighter-details/be9bdec19b7e9ffe
Jeremy Malaterre,"5' 11""",--,"Mar 05, 1987",http://ufcstats.com/fighter-details/110404b505fb562c
Kazuyuki Fujita,"6' 0""",--,"Oct 16, 1970",http://ufcstats.com/fighter-details/b1605ea39fba6af6
Michael Page,"6' 3""","79""","Apr 07, 1987",http://ufcstats.com/fighter-details/a67d071163962af8
Filip Pejic,"5' 8""",--,"Jul 21, 1992",http://ufcstats.com/fighter-details/38ed5a2299230227
Scott Adams,"6' 0""",--,--,http://ufcstats.com/fighter-details/2620f3eb21c79614
Megumi Fujii,"5' 3""",--,"Apr 26, 1974",http://ufcstats.com/fighter-details/fb6c531726447ff3
Steve Garcia,"6' 0""","75""","May 22, 1992",http://ufcstats.com/fighter-details/97cf1a2c7c5e7889
Joe Neal,"5' 6""",--,"Jul 29, 1986",http://ufcstats.com/fighter-details/5751267660c734cb
David Loiseau,"6' 0""","76""","Dec 17, 1979",http://ufcstats.com/fighter-details/22e47b53e4ceb27c
Aaron Phillips,"5' 9""","71""","Aug 05, 1989",http://ufcstats.com/fighter-details/34c2b3656f88f7ef
Tedd Williams,"6' 1""",--,"Dec 19, 1969",http://ufcstats.com/fighter-details/b63e800c18e011b5
Vince Murdock,"5' 6""","64""","Mar 21, 1991",http://ufcstats.com/fighter-details/4b90384d7c3519b8
Dylan Potter,"6' 2""","77""","Jan 14, 1995",http://ufcstats.com/fighter-details/61e47575b24a06bf
Shara Magomedov,"6' 2""","73""","May 16, 1994",http://ufcstats.com/fighter-details/06734ca9d88dec3a
Yusuke Kawaguchi,"6' 0""",--,"Aug 14, 1980",http://ufcstats.com/fighter-details/fa2320781bfe4f49
Kim In Seok,"5' 6""",--,"Oct 10, 1980",http://ufcstats.com/fighter-details/88b250ba222c3a98
Joe Lowry,"5' 11""","73""","Dec 12, 1989",http://ufcstats.com/fighter-details/86248c84834238e7
Joey Gomez,"5' 10""","73""","Jul 21, 1986",http://ufcstats.com/fighter-details/0778f94eb5d588a5
Marc Stevens,"5' 9""",--,"May 28, 1985",http://ufcstats.com/fighter-details/310c4d4b2b32796b
Jake Lindsey,"5' 11""",--,"Jun 21, 1986",http://ufcstats.com/fighter-details/33e00249ef08d3a4
Kengo Watanabe,"6' 4""",--,"Jan 31, 1976",http://ufcstats.com/fighter-details/2abe38b81d68a24a
James Terry,"5' 10""",--,"Mar 16, 1981",http://ufcstats.com/fighter-details/5befa793316d3469
Ariel Beck,"5' 6""","66""","Sep 16, 1990",http://ufcstats.com/fighter-details/b96939f2b8d88e82
Joey Hart,"6' 3""","79""","Jun 24, 1997",http://ufcstats.com/fighter-details/6412da484125716b
Jim Alers,"5' 9""","71""","Oct 14, 1986",http://ufcstats.com/fighter-details/fe5a9547479396ab
Aleksandra Albu,"5' 2""","63""","Jul 14, 1990",http://ufcstats.com/fighter-details/e76d9f656ceb82ab
Ramon Taveras,"5' 8""","70""","Jan 09, 1994",http://ufcstats.com/fighter-details/c5ccd878231c5407
Luan Lacerda,"5' 7""","71""","Jan 07, 1993",http://ufcstats.com/fighter-details/6fc506e1099afe20
Ruel Panales,"5' 5""","67""","Dec 07, 1996",http://ufcstats.com/fighter-details/2742f028399bf8c7
Kailan Hill,"6' 1""","77""","Dec 01, 1994",http://ufcstats.com/fighter-details/bc7efc037c5f6550
Luke Sanders,"5' 6""","67""","Dec 12, 1985",http://ufcstats.com/fighter-details/96428b9e9bd048ea
Edward Faaloloto,--,"70""","Jul 15, 1984",http://ufcstats.com/fighter-details/6224e8d0a34264eb
Aaron Riley,"5' 8""","69""","Dec 09, 1980",http://ufcstats.com/fighter-details/f2c8ebbeafd45f2b
Marwan Rahiki,"5' 8""","72""","May 10, 2002",http://ufcstats.com/fighter-details/6eedb757f13b9978
Kevin Croom,"5' 11""","73""","Jul 15, 1987",http://ufcstats.com/fighter-details/35b3772629e27a49
Khama Worthy,"5' 11""","74""","Oct 15, 1986",http://ufcstats.com/fighter-details/78e501478a36a018
Diego Nunes,"5' 6""","67""","Nov 30, 1982",http://ufcstats.com/fighter-details/3a24769a4855040a
Chad Anheliger,"5' 6""","64""","Dec 01, 1986",http://ufcstats.com/fighter-details/c7c39e2fb70248b3
Cheick Kongo,"6' 4""","82""","May 17, 1975",http://ufcstats.com/fighter-details/1eacf73d6a0055dc
Pannie Kianzad,"5' 7""","66""","Dec 08, 1991",http://ufcstats.com/fighter-details/91dac5e69e28d5b5
Bruno Korea,"5' 6""","65""","Jun 28, 1991",http://ufcstats.com/fighter-details/6c011be66326ad97
Terry Martin,"5' 8""","71""","Oct 10, 1980",http://ufcstats.com/fighter-details/6a92caba39b64752
Ali Bagautinov,"5' 4""","65""","Jun 10, 1985",http://ufcstats.com/fighter-details/3dd92ff9fb0412b3
Johnny Bedford,"5' 10""","71""","Jan 06, 1983",http://ufcstats.com/fighter-details/ffc3e6daaa6da0b7
Derek Bohi,"6' 4""",--,--,http://ufcstats.com/fighter-details/70a1c7626b5e0599
Justin Pennington,"5' 4""",--,--,http://ufcstats.com/fighter-details/0699c4b2a7c3c76f
Paddy Holohan,"5' 10""","69""","May 03, 1988",http://ufcstats.com/fighter-details/6e7c758f5cdec01a
Christien Savoie,"5' 11""","72""","Aug 29, 1992",http://ufcstats.com/fighter-details/67f0d1b1b0b39bec
Andrei Arlovski,"6' 3""","77""","Feb 04, 1979",http://ufcstats.com/fighter-details/3738e68d2261e60f
Jaqueline Amorim,"5' 3""","68""","Jun 24, 1995",http://ufcstats.com/fighter-details/bc7d1ad49fcb2d08
Cortavious Romious,"5' 4""","68""","Jan 06, 1994",http://ufcstats.com/fighter-details/8173f134396cb971
Pawel Pawlak,"6' 0""","73""","Feb 08, 1989",http://ufcstats.com/fighter-details/9310418684bc896f
Shi Ming,"5' 2""","60""","Nov 14, 1994",http://ufcstats.com/fighter-details/d683f4870742b273
Bryan Caraway,"5' 8""","68""","Aug 04, 1984",http://ufcstats.com/fighter-details/5ef0088c1b19beeb
Keith Mielke,"5' 8""",--,--,http://ufcstats.com/fighter-details/f62850b3c7480db9
Jake Shields,"6' 0""","72""","Jan 09, 1979",http://ufcstats.com/fighter-details/fe435e440b5de0ff
John Cholish,"5' 11""","74""","Dec 17, 1983",http://ufcstats.com/fighter-details/03c9994c5b8958ec
Phil Johns,"5' 2""",--,"Oct 22, 1968",http://ufcstats.com/fighter-details/a8fa0c4e95512806
Gilbert Urbina,"6' 3""","75""","Apr 05, 1996",http://ufcstats.com/fighter-details/b12fb759e02378de
Alexandre Barros,"5' 9""",--,"Nov 19, 1976",http://ufcstats.com/fighter-details/8fd1f27e86661ede
Chris Wright,--,--,--,http://ufcstats.com/fighter-details/7182146226dabe22
Keisuke Sasu,"5' 5""","69""","Sep 30, 1994",http://ufcstats.com/fighter-details/b7bcf6dfbbb7c16c
Brandon Vera,"6' 3""","78""","Oct 10, 1977",http://ufcstats.com/fighter-details/fa315e6c77eee106
Cristiano Marcello,"5' 9""","72""","Dec 03, 1977",http://ufcstats.com/fighter-details/ff4c3ab594c7fac3
Jose Barreto,--,--,--,http://ufcstats.com/fighter-details/c32eab6c2119e989
Salvador Woods,"5' 11""",--,"Feb 05, 1985",http://ufcstats.com/fighter-details/8de471543d9c933e
Kazula Vargas,"5' 8""","71""","Aug 15, 1985",http://ufcstats.com/fighter-details/ec18eb918121787c
Scott Morris,"5' 10""",--,--,http://ufcstats.com/fighter-details/be9d259be012e8a4
Rocky Long,--,--,"Feb 18, 1978",http://ufcstats.com/fighter-details/10e04e5e81f391a0
Mark De La Rosa,"5' 6""","65""","Aug 31, 1994",http://ufcstats.com/fighter-details/f57dd0bfa8c17813
Josh Janousek,"5' 11""",--,"Sep 25, 1980",http://ufcstats.com/fighter-details/8f7380fb0916dc77
Gian Siqueira,"6' 1""","74""","Jun 23, 1994",http://ufcstats.com/fighter-details/a46fdda658fee832
Dmitry Sosnovskiy,"6' 3""","77""","Jul 06, 1989",http://ufcstats.com/fighter-details/85ff1b9471d35238
Yousri Belgaroui,"6' 6""","79""","Jun 02, 1992",http://ufcstats.com/fighter-details/7674b836ce0698a0
AJ Cunningham,"5' 10""","71""","Sep 07, 1994",http://ufcstats.com/fighter-details/d1053e55f00e53fe
Marius Enache,"5' 11""",--,"Oct 16, 1975",http://ufcstats.com/fighter-details/e3f443e4cbc3da8f
Lisa Kyriacou,"5' 5""","64""","Nov 17, 1993",http://ufcstats.com/fighter-details/edbc609a3b0d2aba
Andre Fili,"5' 11""","74""","Jun 25, 1990",http://ufcstats.com/fighter-details/8fd808923cffff82
Igor Pokrajac,"6' 0""","74""","Jan 02, 1979",http://ufcstats.com/fighter-details/53278852bcd91e11
Raulian Paiva,"5' 8""","69""","Oct 17, 1995",http://ufcstats.com/fighter-details/82b4e942781b1046
Felice Herrig,"5' 4""","65""","Sep 18, 1984",http://ufcstats.com/fighter-details/b6850671a008bf9a
Zachary Borrego,"6' 2""","78""","Jul 18, 1996",http://ufcstats.com/fighter-details/b8fdb2903a2582a8
Bobby Cooper,"6' 1""",--,--,http://ufcstats.com/fighter-details/1b51895e5572cfda
Valesca Machado,"5' 4""","63""","May 06, 1996",http://ufcstats.com/fighter-details/a1a91dbf41a029c4
Dennis Bermudez,"5' 6""","66""","Dec 13, 1986",http://ufcstats.com/fighter-details/6f242453c91a5af0
Adam Piccolotti,"5' 11""",--,"Oct 23, 1988",http://ufcstats.com/fighter-details/fa399f7f6e17f7f5
Melchor Manibusan,"5' 5""",--,"Dec 27, 1976",http://ufcstats.com/fighter-details/b6c6d1731ff00eeb
Jon Kunneman,--,--,"Jul 14, 1999",http://ufcstats.com/fighter-details/2694c4997a51ed01
Igor Severino,"5' 7""","69""","Apr 21, 2003",http://ufcstats.com/fighter-details/6ad8e4296f7522d9
So Yul Kim,--,--,"May 25, 1997",http://ufcstats.com/fighter-details/864c07a7ff90caae
Lance Gibson Jr.,"5' 9""","72""","Feb 02, 1995",http://ufcstats.com/fighter-details/07bc580bdf3eb9c8
Pablo Alfonso,"5' 8""",--,"May 09, 1983",http://ufcstats.com/fighter-details/4b37a0bc2ab4cae1
Steve Byrnes,"6' 0""",--,"Aug 26, 1979",http://ufcstats.com/fighter-details/43612456979e5d5e
Constantinos Philippou,"5' 11""","73""","Nov 29, 1979",http://ufcstats.com/fighter-details/05560764359161e4
Eduarda Moura,"5' 6""","67""","Feb 28, 1994",http://ufcstats.com/fighter-details/de594b35c45c2e9a
Luke Riley,"5' 9""","69""","Jun 30, 1999",http://ufcstats.com/fighter-details/b1de86d835638319
Mike Richman,"5' 8""",--,"Jun 23, 1985",http://ufcstats.com/fighter-details/d6a740cf6e898e27
John Cofer,"5' 9""",--,"Apr 29, 1984",http://ufcstats.com/fighter-details/8b260672a21d1fd6
Emrah Sonmez,"5' 10""","71""","Jun 26, 1992",http://ufcstats.com/fighter-details/fe759b24e344d7eb
Daniel Schmitt,--,--,--,http://ufcstats.com/fighter-details/bd02e222a6166d50
Wulijiburen,"5' 9""","69""","Mar 01, 1989",http://ufcstats.com/fighter-details/2296125b6c362355
Johnny Cisneros,"5' 11""",--,"Feb 05, 1980",http://ufcstats.com/fighter-details/42611508ba8c3298
Raja Shippen,"5' 6""",--,"Oct 07, 1986",http://ufcstats.com/fighter-details/d9e1942637bd57a4
Scott Shaffer,"5' 7""",--,--,http://ufcstats.com/fighter-details/5c38639f860a5542
Josh Smith,"6' 0""",--,"Jul 02, 1982",http://ufcstats.com/fighter-details/f626aa1c85f8af03
Mantas Kondratavicius,"6' 2""","75""","Jul 17, 1999",http://ufcstats.com/fighter-details/3cc506f115cbb9d5
Siyar Bahadurzada,"5' 11""","73""","Apr 17, 1984",http://ufcstats.com/fighter-details/aec185309b4843d0
Askar Askarov,"5' 6""","67""","Oct 09, 1992",http://ufcstats.com/fighter-details/b1d19449397541dc
Sherrard Blackledge,"5' 11""","75""","Aug 16, 1993",http://ufcstats.com/fighter-details/0e5c79b3594ff0ad
Jesse Juarez,"6' 1""",--,"May 08, 1981",http://ufcstats.com/fighter-details/cd039ff136d89ded
Marcus McGhee,"5' 8""","69""","May 07, 1990",http://ufcstats.com/fighter-details/c0ac37a4a1133da9
Erik Silva,"5' 9""","71""","Mar 16, 1987",http://ufcstats.com/fighter-details/21b813b919776d90
Ray Steinbeiss,"5' 11""",--,"Sep 12, 1979",http://ufcstats.com/fighter-details/6000b5ae6c462142
Bo Nickal,"6' 1""","76""","Jan 14, 1996",http://ufcstats.com/fighter-details/35673bf5204524ee
David Dvorak,"5' 5""","68""","Jun 05, 1992",http://ufcstats.com/fighter-details/9ada30894bf04e19
Gilbert Smith,"5' 9""",--,"Oct 19, 1981",http://ufcstats.com/fighter-details/54ed8dc6f8c31207
Albert Tumenov,"5' 11""","73""","Dec 26, 1991",http://ufcstats.com/fighter-details/ff6a1f63c254127e
Leon Shahbazyan,"6' 4""","74""","Nov 18, 1995",http://ufcstats.com/fighter-details/9eed2bcc9e0b92af
Masakatsu Okuda,--,--,"Jan 16, 1976",http://ufcstats.com/fighter-details/02a65a55f25fb4f3
Jonathan Rivera,--,--,--,http://ufcstats.com/fighter-details/145df84ea4dfd904
Robert Whittaker,"6' 0""","73""","Dec 20, 1990",http://ufcstats.com/fighter-details/e1147d3d2dabe1ce
Maka Watson,--,--,"Sep 22, 1984",http://ufcstats.com/fighter-details/a31dfd9e8b2dc6ca
Juan Cabrera,--,--,"Feb 19, 2004",http://ufcstats.com/fighter-details/601f8439a0277670
Thomas Campbell,--,--,--,http://ufcstats.com/fighter-details/d060014a5a039829
Gabrielle Holloway,"5' 3""",--,"Apr 15, 1990",http://ufcstats.com/fighter-details/e30715382f42b772
Andre Lima,"5' 7""","67""","Feb 04, 1999",http://ufcstats.com/fighter-details/b1f21ce050035d58
Cleber Luciano,"5' 6""",--,--,http://ufcstats.com/fighter-details/9bdebbf2735d14c2
Tim Caron,"6' 1""",--,"Jul 24, 1987",http://ufcstats.com/fighter-details/b80ea4880f25c187
Bruna Brasil,"5' 6""","65""","Sep 07, 1993",http://ufcstats.com/fighter-details/7138a15258dabf20
Fredy Serrano,"5' 3""","65""","Sep 22, 1979",http://ufcstats.com/fighter-details/0ccab7c889ede9ea
Jordan Radev,"5' 7""",--,"Sep 28, 1976",http://ufcstats.com/fighter-details/45bc8f98d62bd096
Rin Nakai,"5' 1""",--,"Oct 22, 1986",http://ufcstats.com/fighter-details/f9ae6914f604aa9f
Makhmud Muradov,"6' 2""","75""","Feb 08, 1990",http://ufcstats.com/fighter-details/ea7e5bc78d9de658
Ryan Roberts,"5' 6""",--,"Jul 16, 1978",http://ufcstats.com/fighter-details/35dc6220b113b7ec
Dillon Smith,"6' 0""",--,"Jan 07, 1984",http://ufcstats.com/fighter-details/ffee353f55e3aa2c
Phillip Miller,"5' 11""",--,"Feb 20, 1979",http://ufcstats.com/fighter-details/18aecaf50f52e4c3
Colby Covington,"5' 11""","72""","Feb 22, 1988",http://ufcstats.com/fighter-details/dc9572dd6ec74859
Braxton Smith,"5' 11""","72""","Jan 01, 1990",http://ufcstats.com/fighter-details/eaa9402e5a7990ad
Rick Davis,"5' 9""",--,--,http://ufcstats.com/fighter-details/2549d63da9c456cb
Carol Foro,"5' 2""","61""","Mar 21, 1997",http://ufcstats.com/fighter-details/77ba5b2939c4018b
Jack Jenkins,"5' 7""","68""","Nov 03, 1993",http://ufcstats.com/fighter-details/a9da3158dd2c2b5a
Josh Bumgarner,"6' 1""",--,"May 21, 1981",http://ufcstats.com/fighter-details/9900ab86a4c458bd
Adam Hunter,"6' 1""",--,"Oct 16, 1983",http://ufcstats.com/fighter-details/edc9eb3051f444fa
Bruno Carvalho,"5' 8""",--,"Jun 07, 1982",http://ufcstats.com/fighter-details/456c02115efc4a01
Jason Brilz,"5' 11""","71""","Jul 07, 1975",http://ufcstats.com/fighter-details/497ba5b12a4bfc47
Casey O'Neill,"5' 6""","69""","Oct 07, 1997",http://ufcstats.com/fighter-details/04835018f90b118c
Kaan Ofli,"5' 7""","66""","Jun 19, 1993",http://ufcstats.com/fighter-details/7facc9c45d792985
David Mgoyan,"5' 9""","70""","Jun 25, 2004",http://ufcstats.com/fighter-details/8f003ef7e0d9a139
Eric Nolan,"6' 2""","74""","Sep 13, 1997",http://ufcstats.com/fighter-details/64b12fe31be7560c
Bruno Souza,"5' 10""","70""","Mar 07, 1996",http://ufcstats.com/fighter-details/0e5c4e72237461bb
Oscar Cota,"6' 0""","72""","Oct 15, 1984",http://ufcstats.com/fighter-details/f584a6e0b5b74604
Ciryl Gane,"6' 4""","81""","Apr 12, 1990",http://ufcstats.com/fighter-details/787bb1f087ccff8a
Micah Miller,"6' 0""",--,"Feb 14, 1987",http://ufcstats.com/fighter-details/3ff0d0dc7a14bb50
John Dodson,"5' 3""","66""","Sep 26, 1984",http://ufcstats.com/fighter-details/99506df1af6c8b3b
Jhonoven Pati,"6' 1""","75""","Aug 29, 1990",http://ufcstats.com/fighter-details/6b16024d44eb03a2
Vitor Ribeiro,"5' 8""",--,"Feb 24, 1979",http://ufcstats.com/fighter-details/a757c06bbdba61d2
Chris Culley,--,--,"Mar 25, 1986",http://ufcstats.com/fighter-details/e59b13321562eed3
Shah Kamali,--,--,"Oct 25, 1998",http://ufcstats.com/fighter-details/a46ab6c64d321c2d
Hisaki Kato,"6' 0""",--,"Sep 17, 1982",http://ufcstats.com/fighter-details/ebf1c247b2cba375
Marius Zaromskis,"5' 9""",--,"Jul 30, 1980",http://ufcstats.com/fighter-details/abcf7e55a0a9ed89
Dave Jansen,"5' 9""","73""","Aug 21, 1979",http://ufcstats.com/fighter-details/335ad945324c3a2e
Yukiya Naito,"6' 1""",--,"Feb 28, 1977",http://ufcstats.com/fighter-details/7be328bb3c2ea22e
Stephanie Luciano,"5' 6""","65""","Dec 16, 1999",http://ufcstats.com/fighter-details/1b35af4d1529adf6
Roland Payne,"5' 9""",--,--,http://ufcstats.com/fighter-details/2e04a3b4a2011b97
Shane Howell,"5' 8""",--,"Nov 28, 1983",http://ufcstats.com/fighter-details/a7de976620f2ed13
Brian Rogers,"5' 11""",--,"Feb 15, 1984",http://ufcstats.com/fighter-details/f304aff405c4a8fa
Joe Moreira,"5' 11""",--,"Jul 03, 1961",http://ufcstats.com/fighter-details/df85d6ec3493d120
Jesse Fujarczyk,"6' 4""",--,"Jan 28, 1983",http://ufcstats.com/fighter-details/c3c38c86f5ab9b5c
Brendon Marotte,"5' 9""","70""","Jan 12, 1996",http://ufcstats.com/fighter-details/d7fe8c6b7d2872e5
Alex Karalexis,"5' 8""","66""","Sep 20, 1977",http://ufcstats.com/fighter-details/e361e5c858af6ff1
Joe Proctor,"5' 10""","72""","Aug 10, 1985",http://ufcstats.com/fighter-details/a36556bb1565e32d
Ho Taek Oh,--,--,"Jul 20, 1993",http://ufcstats.com/fighter-details/5c020ee6ab450870
Joe Merritt,"6' 0""",--,"Mar 07, 1984",http://ufcstats.com/fighter-details/e82d5f54daa85a7e
Elizeu Zaleski dos Santos,"5' 11""","73""","Dec 11, 1986",http://ufcstats.com/fighter-details/8adcbd525fab8d9b
Javier Reyes,"5' 7""","73""","Oct 10, 1993",http://ufcstats.com/fighter-details/4a574b8512fc1b30
Edilberto de Oliveira,"6' 0""",--,"Nov 22, 1982",http://ufcstats.com/fighter-details/afdb76fbd86f6d11
Nobuhiro Obiya,"5' 8""",--,"Jan 15, 1981",http://ufcstats.com/fighter-details/6e3282d57d2467a0
Jean Silva,"5' 7""","69""","Dec 27, 1996",http://ufcstats.com/fighter-details/52ef95b5860fb28c
Josh Appelt,"5' 10""",--,"Jun 19, 1983",http://ufcstats.com/fighter-details/0c1a04afca64e38f
Zach Makovsky,"5' 4""","64""","Apr 19, 1983",http://ufcstats.com/fighter-details/57ab4d7c0bc09a30
Devin Smyth,"5' 10""","72""","Jul 21, 1995",http://ufcstats.com/fighter-details/7684c8137b4545ba
Andre Amado,"6' 0""",--,"Oct 09, 1983",http://ufcstats.com/fighter-details/20821819c401ced8
Jacobe Smith,"5' 10""","72""","Jan 17, 1996",http://ufcstats.com/fighter-details/85497ffd934ecf7e
Curtis Blaydes,"6' 4""","80""","Feb 18, 1991",http://ufcstats.com/fighter-details/fa6796c55d6c5440
Robert Densley,"5' 9""",--,--,http://ufcstats.com/fighter-details/b72f3cafa6376e35
Tresean Gore,"6' 0""","75""","Jun 21, 1994",http://ufcstats.com/fighter-details/147e70aa6cc48cfc
Jason MacDonald,"6' 3""","80""","Jun 03, 1975",http://ufcstats.com/fighter-details/2be6596a9db33bf5
Sirwan Kakai,"5' 5""",--,"Oct 03, 1989",http://ufcstats.com/fighter-details/2525a853486ee670
Ozzy Diaz,"6' 4""","79""","Nov 22, 1990",http://ufcstats.com/fighter-details/6967153c7edb4d87
Ryan Larson,--,--,"Dec 30, 1980",http://ufcstats.com/fighter-details/7107e53ebd7435fb
Chris Gutierrez,"5' 9""","67""","Apr 22, 1991",http://ufcstats.com/fighter-details/45f0cc9d18f35137
Deividas Taurosevicius,"5' 9""","68""","Aug 28, 1977",http://ufcstats.com/fighter-details/ef927e4fe2117ab8
Sarah Frota,"5' 6""","69""","Apr 14, 1987",http://ufcstats.com/fighter-details/1641ef250e9de19b
Marcos Vinicius,"5' 9""",--,"Dec 05, 1979",http://ufcstats.com/fighter-details/e363b21261814830
Michael Johnson,"5' 10""","73""","Jun 04, 1986",http://ufcstats.com/fighter-details/511e82663651438d
Rafael Rebello,"5' 5""","67""","Oct 16, 1980",http://ufcstats.com/fighter-details/972197a8c61ac413
Esteban Ribovics,"5' 10""","69""","Apr 27, 1996",http://ufcstats.com/fighter-details/323d4ca260dfa0ba
Colton Smith,"6' 0""","71""","Aug 14, 1987",http://ufcstats.com/fighter-details/2e25c1d983c26311
Matt Serra,"5' 6""","68""","Jun 02, 1974",http://ufcstats.com/fighter-details/86dfed7cc24a9fa7
Fabio Gurgel,"6' 0""",--,"Jan 18, 1970",http://ufcstats.com/fighter-details/8377c5572cb356f3
Jennifer Maia,"5' 4""","64""","Oct 06, 1988",http://ufcstats.com/fighter-details/8e1f36476ef02a6a
Natalia Silva,"5' 4""","65""","Feb 03, 1997",http://ufcstats.com/fighter-details/262d32ebda89efc4
Ildemar Alcantara,"6' 2""","78""","Nov 18, 1982",http://ufcstats.com/fighter-details/7c6e87729e824ef4
Abdellah Er-Ramy,"6' 0""","74""","Sep 19, 1996",http://ufcstats.com/fighter-details/b593cd58b0afffb0
Daniel Jolly,"6' 1""","75""","Sep 03, 1984",http://ufcstats.com/fighter-details/eeabcd4dc6619129
Allan Nascimento,"5' 8""","69""","Sep 11, 1991",http://ufcstats.com/fighter-details/253076a23d03dcd0
Jack Duffy,"5' 7""","69""","Oct 02, 1995",http://ufcstats.com/fighter-details/cea51876d8a514a0
Eiji Mitsuoka,"5' 7""",--,"Jan 01, 1976",http://ufcstats.com/fighter-details/2b4faacc16d66898
Ramsey Nijem,"5' 11""","75""","Apr 01, 1988",http://ufcstats.com/fighter-details/22aa91e402d0fe1f
Baru Harn,--,--,"Oct 24, 1977",http://ufcstats.com/fighter-details/848809f3986b4977
Matt Mitrione,"6' 3""","82""","Jul 15, 1978",http://ufcstats.com/fighter-details/ba280572acfba13f
Bobby Moffett,"5' 10""","73""","Jun 01, 1990",http://ufcstats.com/fighter-details/d76ad9a08c4408ff
Keith Jardine,"6' 2""","76""","Oct 31, 1975",http://ufcstats.com/fighter-details/b9d0fd83bb8a147a
Tereza Bleda,"5' 9""","71""","Nov 30, 2001",http://ufcstats.com/fighter-details/59c438c81fbf3ece
Andrea Lee,"5' 6""","69""","Feb 11, 1989",http://ufcstats.com/fighter-details/05fa626cb33d15b8
Maiquel Falcao,"5' 11""",--,"Mar 08, 1981",http://ufcstats.com/fighter-details/d58478ded5534695
AJ Matthews,"5' 11""",--,"Jan 23, 1988",http://ufcstats.com/fighter-details/18e4f61f16f458c6
Blake Bowman,"6' 2""",--,--,http://ufcstats.com/fighter-details/a95a0504fd73bd3e
Claudia Gadelha,"5' 4""","63""","Dec 07, 1988",http://ufcstats.com/fighter-details/ec34349e7dffcde7
Mateus Mendonca,"5' 6""","71""","Jan 17, 1999",http://ufcstats.com/fighter-details/48812daf291a4e23
Lyman Good,"6' 0""","74""","May 26, 1985",http://ufcstats.com/fighter-details/4e0692ad070976e4
Roldan Sangcha'an,"5' 4""",--,"Dec 04, 1990",http://ufcstats.com/fighter-details/57887765f831e228
Shane Young,"5' 8""","72""","Jul 31, 1993",http://ufcstats.com/fighter-details/4cd8b03aee1d0138
Booker DeRousse,"6' 2""",--,"Mar 23, 1981",http://ufcstats.com/fighter-details/f2c91b67f71bbeab
Khalil Rountree Jr.,"6' 1""","76""","Feb 26, 1990",http://ufcstats.com/fighter-details/749f572d1d3161fb
Saeed Hosseini,--,--,--,http://ufcstats.com/fighter-details/21f2974fd08085e3
Flavio Luiz Moura,"5' 11""",--,"Jan 26, 1976",http://ufcstats.com/fighter-details/ab35634d1a8c7a11
Brendan O'Reilly,"5' 7""","69""","Jun 24, 1987",http://ufcstats.com/fighter-details/494b0bfdbac74502
Shane Burgos,"5' 11""","75""","Mar 19, 1991",http://ufcstats.com/fighter-details/98d961097baaf308
Hacran Dias,"5' 8""","69""","Jun 16, 1984",http://ufcstats.com/fighter-details/ed209f6618c82e41
Dean Hancock,--,--,--,http://ufcstats.com/fighter-details/24e9d6b0a24cff9d
Francesco Mazzeo,"6' 3""","75""","Sep 23, 1997",http://ufcstats.com/fighter-details/7b3c13fe33556a21
Greg Stott,"5' 7""",--,--,http://ufcstats.com/fighter-details/91181b29be041f1c
Stephen Thompson,"6' 0""","75""","Feb 11, 1983",http://ufcstats.com/fighter-details/4a28cb716c19157a
Justin Ledet,"6' 4""","80""","Sep 28, 1988",http://ufcstats.com/fighter-details/ba1e6cb3d43f7430
Sulangrangbo,"5' 9""","66""","Jul 17, 2005",http://ufcstats.com/fighter-details/1dd1a3aacde66f72
Mike Wessel,"6' 0""",--,"Dec 02, 1977",http://ufcstats.com/fighter-details/b51841e7c594090d
Klidson Abreu,"6' 0""","74""","Dec 24, 1992",http://ufcstats.com/fighter-details/7279654c7674cd24
Jose Montanha,--,--,"Aug 25, 1996",http://ufcstats.com/fighter-details/4e30f2761b6bd3b5
Rico Altamirano,"5' 10""",--,--,http://ufcstats.com/fighter-details/c61b49cec6abd6b9
Henrique da Silva,"6' 3""","76""","Sep 01, 1989",http://ufcstats.com/fighter-details/b0bd0c5425668b8f
Fabio Mello,"5' 5""",--,"Jun 28, 1975",http://ufcstats.com/fighter-details/8a028648f3f0761d
Ivan Menjivar,"5' 6""","64""","May 30, 1982",http://ufcstats.com/fighter-details/5755960ebd0b16f6
Bret Bergmark,"5' 9""",--,"Nov 24, 1973",http://ufcstats.com/fighter-details/2891c9f7b26b26fc
Jorge Patino,"5' 8""",--,"Aug 05, 1973",http://ufcstats.com/fighter-details/c8cca8f3de5be4b4
Jason McLean,"5' 5""",--,"Jun 03, 1977",http://ufcstats.com/fighter-details/8336d7a85ce45481
Herman Renting,"6' 0""",--,"Dec 31, 1968",http://ufcstats.com/fighter-details/f57cf3d54a641385
Jong Won Kim,"5' 7""",--,"Nov 20, 1976",http://ufcstats.com/fighter-details/9e0f28d1f639ad73
Jeremiah Labiano,"5' 10""",--,--,http://ufcstats.com/fighter-details/4fe1d105af549845
David Baron,"5' 6""",--,"Feb 15, 1973",http://ufcstats.com/fighter-details/80c0bed43da0e27b
Mike Dolce,"5' 11""",--,"Apr 15, 1976",http://ufcstats.com/fighter-details/29b5791e51e7e832
Yana Santos,"5' 6""","68""","Nov 11, 1989",http://ufcstats.com/fighter-details/3143bf892608139a
Todd Duffee,"6' 3""","78""","Dec 06, 1985",http://ufcstats.com/fighter-details/bda04c573563cc2e
Macksom Lee,"6' 1""","75""","Jan 06, 1999",http://ufcstats.com/fighter-details/9fd299c8356cbf0f
John Makdessi,"5' 8""","68""","May 03, 1985",http://ufcstats.com/fighter-details/c21a036b4e012f1c
DeAnna Bennett,"5' 4""","68""","Nov 18, 1984",http://ufcstats.com/fighter-details/404ecb2700844072
Brady Hiestand,"5' 8""","71""","Apr 30, 1999",http://ufcstats.com/fighter-details/7af33fc4435017f1
Kelly Kobold,"5' 6""",--,"Feb 25, 1983",http://ufcstats.com/fighter-details/c398235fcaf8d71d
John Moraga,"5' 6""","66""","Mar 20, 1984",http://ufcstats.com/fighter-details/92437c6775b3f7d1
Jerrel Venetiaan,"6' 1""",--,"Mar 09, 1971",http://ufcstats.com/fighter-details/602bb270f2bdbf02
Ramona Pascual,"5' 7""","66""","Sep 23, 1988",http://ufcstats.com/fighter-details/3eb4dc9a7d4ac906
Polyana Viana,"5' 5""","67""","Jun 14, 1992",http://ufcstats.com/fighter-details/9673a497a9da119a
Alexander Soldatkin,"6' 2""","75""","Jun 10, 1993",http://ufcstats.com/fighter-details/f1451d605bad178e
Denis Stojnic,"6' 0""",--,"Feb 02, 1980",http://ufcstats.com/fighter-details/a421465acbe59c77
Jiri Prochazka,"6' 3""","80""","Oct 14, 1992",http://ufcstats.com/fighter-details/009341ed974bad72
Anthony Do,"5' 4""",--,--,http://ufcstats.com/fighter-details/7c9aeba0c4d4bd78
Phil Cardella,"5' 11""",--,"Jul 09, 1976",http://ufcstats.com/fighter-details/f6a7b02c42e9fc5b
Ian Heinisch,"5' 11""","72""","Aug 05, 1988",http://ufcstats.com/fighter-details/2e585c701f72fe55
Henry Martinez,"5' 7""","69""","Aug 07, 1983",http://ufcstats.com/fighter-details/76729a829623e266
Derrick Noble,"5' 9""",--,"Aug 14, 1978",http://ufcstats.com/fighter-details/21321cdfba797c52
Bojan Velickovic,"6' 0""","76""","Dec 18, 1988",http://ufcstats.com/fighter-details/fcce75a25c14a804
Andrews Nakahara,"6' 1""",--,"Mar 12, 1983",http://ufcstats.com/fighter-details/7a9ca95a92d7b64c
Albert Rios,"5' 8""",--,--,http://ufcstats.com/fighter-details/868a78f2e810a837
Jai Herbert,"6' 1""","77""","May 13, 1988",http://ufcstats.com/fighter-details/4c88a1db5a46c6a4
Steve Jennum,"5' 10""",--,"Sep 23, 1963",http://ufcstats.com/fighter-details/ad047e3073a775f3
Cindy Dandois,"5' 7""",--,"Oct 26, 1984",http://ufcstats.com/fighter-details/9eef6584fab21fbb
Cynthia Calvillo,"5' 4""","64""","Jul 13, 1987",http://ufcstats.com/fighter-details/98215d037be5bcb7
Junie Browning,"5' 9""",--,"May 12, 1984",http://ufcstats.com/fighter-details/d74cba8566291bfa
Kim Couture,"5' 8""",--,"Dec 18, 1975",http://ufcstats.com/fighter-details/84c43f0d25f15b0b
Darrell Montague,"5' 6""","67""","Nov 03, 1987",http://ufcstats.com/fighter-details/bffeb123b21c9aad
Mike Davis,--,--,--,http://ufcstats.com/fighter-details/c8661e204c66f325
Rob Broughton,"6' 2""","74""","Mar 03, 1983",http://ufcstats.com/fighter-details/a7d687e6ecb30981
Albert Morales,"5' 9""","72""","May 25, 1991",http://ufcstats.com/fighter-details/544d7460b3e44393
Maki Pitolo,"5' 10""","75""","Nov 24, 1990",http://ufcstats.com/fighter-details/c549573c0df4d676
Alan Gomez,--,--,--,http://ufcstats.com/fighter-details/0a66de3a797cf73a
Sam Alvey,"6' 2""","75""","May 06, 1986",http://ufcstats.com/fighter-details/d156513a19acf856
Antonio Trocoli,"6' 5""","80""","Dec 06, 1990",http://ufcstats.com/fighter-details/6d48a2df51749d91
Billy Evangelista,"5' 8""","68""","Oct 07, 1980",http://ufcstats.com/fighter-details/9766ed20b68c7c33
Christian Wellisch,"6' 2""","77""","Sep 13, 1975",http://ufcstats.com/fighter-details/f1b2a4365799c48b
Remco Pardoel,"6' 3""",--,"May 23, 1969",http://ufcstats.com/fighter-details/749685d24e2cac50
Mike Rhodes,"6' 1""","74""","Dec 04, 1989",http://ufcstats.com/fighter-details/b7ad576b8ae115e6
Christian Ocon,"5' 8""","69""","Feb 05, 1996",http://ufcstats.com/fighter-details/2d6d6ffe5a446ea2
Buddy Roberts,"6' 2""",--,"Oct 17, 1982",http://ufcstats.com/fighter-details/b2a2da86546ddb19
Mauricio Rua,"6' 1""","76""","Nov 25, 1981",http://ufcstats.com/fighter-details/140745cbbcb023ac
Philip De Fries,"6' 5""","79""","Apr 21, 1986",http://ufcstats.com/fighter-details/6ef65b6a152e49d5
Jerome Rivera,"5' 10""","72""","Apr 22, 1995",http://ufcstats.com/fighter-details/c9587d81e1d33925
Craig Zellner,"6' 2""",--,"Sep 09, 1976",http://ufcstats.com/fighter-details/3794e5e0bb0defb6
Philipe Lins,"6' 2""","78""","Aug 17, 1985",http://ufcstats.com/fighter-details/53c943c873cffe90
Bahatebole Batebolati,"5' 8""","71""","Sep 12, 1997",http://ufcstats.com/fighter-details/8f313e9c3a39c06e
Anton Berzin,"6' 2""",--,"Sep 29, 1989",http://ufcstats.com/fighter-details/8ba8e8d7eafa7267
Matt Kovacs,"6' 0""",--,"May 09, 1981",http://ufcstats.com/fighter-details/8fbcd82bf7f352bf
Zak Cummings,"6' 0""","75""","Aug 02, 1984",http://ufcstats.com/fighter-details/4ba8d454f762005d
Rafael Natal,"6' 0""","77""","Dec 25, 1982",http://ufcstats.com/fighter-details/0dba4df5f34d5ff0
Akira Corassani,"5' 8""","68""","Aug 27, 1982",http://ufcstats.com/fighter-details/3f52ce18fb98008f
Justin Lawrence,"5' 8""","67""","May 15, 1990",http://ufcstats.com/fighter-details/879f6cae48d25baa
Pete Sabala,--,--,--,http://ufcstats.com/fighter-details/7956f026e2672c47
Kevin Jordan,"6' 3""",--,"Dec 31, 1970",http://ufcstats.com/fighter-details/02e52b3a595f0786
Ben Rothwell,"6' 4""","78""","Oct 17, 1981",http://ufcstats.com/fighter-details/bd58d34e39b7b12a
Christian Morecraft,"6' 6""","81""","Sep 08, 1986",http://ufcstats.com/fighter-details/80779d7441af1b52
Zhang Lipeng,"5' 11""","71""","Mar 10, 1990",http://ufcstats.com/fighter-details/7b310409440c9102
Tristan Connelly,"5' 10""","68""","Dec 12, 1985",http://ufcstats.com/fighter-details/2ebfbe72ed703925
Louis Smolka,"5' 9""","68""","Jul 16, 1991",http://ufcstats.com/fighter-details/d2bc285ead803db0
Yuri Vaulin,"6' 4""",--,"Sep 13, 1963",http://ufcstats.com/fighter-details/4679a38cced7c64a
Shane del Rosario,"6' 4""",--,"Sep 23, 1983",http://ufcstats.com/fighter-details/85980f5da429c0a6
Sergei Kharitonov,"6' 0""",--,"Aug 18, 1980",http://ufcstats.com/fighter-details/0693b2eab79198ea
Sam Watford,--,--,--,http://ufcstats.com/fighter-details/1836639ecf9b6e7f
Adrian Luna Martinetti,"5' 8""","71""","Aug 20, 1995",http://ufcstats.com/fighter-details/e3b30b573e7f0d19
Collin Anglin,"5' 9""","71""","Feb 20, 1993",http://ufcstats.com/fighter-details/047a91d3d9c79b05
Dan Christison,"6' 8""",--,"Apr 26, 1972",http://ufcstats.com/fighter-details/b369533a577fa97c
Colin Robinson,"6' 4""",--,"Nov 27, 1968",http://ufcstats.com/fighter-details/1a1a4d7a29041d77
Nicholas Sergiacomi,--,--,--,http://ufcstats.com/fighter-details/efab191f204ffa17
Ryan Diaz,--,--,"Feb 06, 1979",http://ufcstats.com/fighter-details/ceee5dd37253199a
James Toney,"5' 9""",--,"Aug 24, 1968",http://ufcstats.com/fighter-details/d10b35152277cf98
Paul Creighton,"5' 6""",--,"Jun 04, 1970",http://ufcstats.com/fighter-details/ed73c85164a5f5a4
Daniel Lacerda,"5' 6""","70""","Jun 05, 1996",http://ufcstats.com/fighter-details/31bb0772f21cabd8
Bryanna Fissori,"5' 4""",--,--,http://ufcstats.com/fighter-details/5517bd590dbbe1f8
Brianna Fortino,"5' 0""","62""","Aug 04, 1993",http://ufcstats.com/fighter-details/b53c46f613f6f248
Scott Graham,"6' 4""",--,--,http://ufcstats.com/fighter-details/6e4acc2c115215b5
Marlon Vera,"5' 8""","70""","Dec 02, 1992",http://ufcstats.com/fighter-details/7c7332319c14094c
Baergeng Jieleyisi,"5' 9""","71""","Nov 24, 1995",http://ufcstats.com/fighter-details/8677e67a75d65b8e
Diego Lopes,"5' 11""","72""","Dec 30, 1994",http://ufcstats.com/fighter-details/f166e93d04a8c274
Alan Patrick,"5' 11""","74""","Jul 19, 1983",http://ufcstats.com/fighter-details/cd7763bcadb5d4c8
Paulo Filho,"5' 8""",--,"May 24, 1978",http://ufcstats.com/fighter-details/2abdead94ce73552
Takayuki Okada,"6' 1""",--,"May 08, 1973",http://ufcstats.com/fighter-details/32541eb5d12668b4
Willian Colorado,"5' 10""","72""","Jun 21, 1986",http://ufcstats.com/fighter-details/dfc7f0a2d91ad337
Christophe Leninger,"6' 0""",--,--,http://ufcstats.com/fighter-details/7269329bd87eb479
Blake Bilder,"5' 8""","68""","Jul 12, 1990",http://ufcstats.com/fighter-details/5095b0920a3602aa
Mikey Gonzalez,"5' 11""","74""","Aug 13, 1985",http://ufcstats.com/fighter-details/de47c33e48b0ce38
Mirsad Bektic,"5' 8""","70""","Feb 16, 1991",http://ufcstats.com/fighter-details/cbd3e590a85b18c5
Cody Sons,"5' 9""",--,--,http://ufcstats.com/fighter-details/3324129f3745b300
Peter Barrett,"5' 10""","73""","Aug 10, 1986",http://ufcstats.com/fighter-details/d21113c9ff3788ae
Domingo Pilarte,"6' 0""","73""","Jan 05, 1990",http://ufcstats.com/fighter-details/4bf6b225ff6099c4
Mauricio Ruffy,"5' 11""","75""","Jun 17, 1996",http://ufcstats.com/fighter-details/9c393e836a852f30
Mike Breeden,"5' 10""","70""","Apr 21, 1989",http://ufcstats.com/fighter-details/d80ee110748171ac
Tim Means,"6' 2""","75""","Feb 20, 1984",http://ufcstats.com/fighter-details/4b47e71384a9522f
Ben Wall,"5' 10""",--,"Mar 25, 1989",http://ufcstats.com/fighter-details/1ad381c8994c4e5b
Tommy McMillen,"6' 0""","74""","Dec 15, 1997",http://ufcstats.com/fighter-details/6b0a6def604de298
Marcin Held,"5' 9""","71""","Jan 18, 1992",http://ufcstats.com/fighter-details/bf43fed8f29e1671
Tom Erikson,"6' 3""",--,"Jul 06, 1964",http://ufcstats.com/fighter-details/7b9a85e5ff31ef47
Ray Perales,"5' 10""",--,"Jul 02, 1975",http://ufcstats.com/fighter-details/9a70f67ad2187fa3
Travis Fulton,"6' 0""",--,"May 29, 1977",http://ufcstats.com/fighter-details/911fb265462f0d94
Chepe Mariscal,"5' 7""","69""","Oct 27, 1992",http://ufcstats.com/fighter-details/e0c6edcb5b5d0b90
Alexandre Pantoja,"5' 5""","67""","Apr 16, 1990",http://ufcstats.com/fighter-details/a0f0004aadf10b71
Eli Tamez,"5' 7""",--,"Aug 22, 1985",http://ufcstats.com/fighter-details/bfd4d50591033a1f
Phil Harris,"5' 4""","65""","Sep 04, 1983",http://ufcstats.com/fighter-details/ba043b03eb799063
Manny Bermudez,"5' 10""","71""","Jul 16, 1994",http://ufcstats.com/fighter-details/2dc1bc1a02961656
Vinny Magalhaes,"6' 3""","75""","Jul 02, 1984",http://ufcstats.com/fighter-details/88a9bc81271ccd89
Kyle Bradley,"5' 9""","71""","Aug 19, 1982",http://ufcstats.com/fighter-details/a6959da32f0e6b5d
Cody Gibson,"5' 10""","71""","Sep 11, 1987",http://ufcstats.com/fighter-details/700a674c042b7a96
Alex Chambers,"5' 3""","63""","Oct 25, 1978",http://ufcstats.com/fighter-details/26b63bc5c0c1f65d
Cyrille Diabate,"6' 6""","81""","Oct 06, 1973",http://ufcstats.com/fighter-details/43563a32c3f10e95
Dan Lauzon,"5' 10""",--,"Mar 30, 1988",http://ufcstats.com/fighter-details/4c8d6fde2dde07c4
Terrance McKinney,"5' 10""","73""","Sep 15, 1994",http://ufcstats.com/fighter-details/809bd1a871491508
Jon Tuck,"5' 11""","73""","Aug 28, 1984",http://ufcstats.com/fighter-details/53ec9cb470e1a4ea
Martin Buday,"6' 4""","77""","Nov 11, 1991",http://ufcstats.com/fighter-details/8eb046f83e82bf26
Sergei Pavlovich,"6' 3""","84""","May 13, 1992",http://ufcstats.com/fighter-details/f14cf73e51b29254
John Lineker,"5' 3""","67""","Jun 12, 1990",http://ufcstats.com/fighter-details/c268b2cfebccf652
Brandon Gaines,"6' 3""",--,"Feb 24, 1982",http://ufcstats.com/fighter-details/8e6cfbd455f0f9c2
Johnny Walker,"6' 6""","82""","Mar 30, 1992",http://ufcstats.com/fighter-details/c21f26bbde777573
Jason Fairn,"6' 1""",--,--,http://ufcstats.com/fighter-details/adea9f0090aa8e14
Calvin Kattar,"5' 11""","72""","Mar 26, 1988",http://ufcstats.com/fighter-details/751de04455cfaac0
An Tuan Ho,"5' 6""","66""","Sep 27, 2000",http://ufcstats.com/fighter-details/6c9384138c82962f
Paul Rodriguez,"5' 7""",--,"May 18, 1975",http://ufcstats.com/fighter-details/26eddcda9d6b2ffe
Diyar Nurgozhay,"6' 2""","74""","Apr 22, 1997",http://ufcstats.com/fighter-details/709fadb644ee3f51
Tony Kelley,"5' 9""","70""","Jan 21, 1987",http://ufcstats.com/fighter-details/1a08b01fdabb6ae2
Nobuhiko Takada,"6' 0""",--,"Apr 12, 1962",http://ufcstats.com/fighter-details/a25b71fe5e31fa97
JooSang Yoo,"5' 7""","71""","Jan 21, 1994",http://ufcstats.com/fighter-details/a44020ea2e8cd026
Wallen Del Rosario,"5' 4""","67""","Mar 18, 1993",http://ufcstats.com/fighter-details/a62f85f6a6c19a4c
Pat Barry,"5' 11""","74""","Jul 07, 1979",http://ufcstats.com/fighter-details/658c3465581ae46b
Emilio Chavez,"5' 9""",--,--,http://ufcstats.com/fighter-details/84e8920e59ff14a7
Todd Gouwenberg,"6' 1""",--,"Sep 25, 1974",http://ufcstats.com/fighter-details/c44acf87e376c62b
Valentina Shevchenko,"5' 5""","66""","Mar 07, 1988",http://ufcstats.com/fighter-details/132deb59abae64b1
Din Thomas,"5' 9""",--,"Sep 28, 1976",http://ufcstats.com/fighter-details/40a604761ca7d64d
Brendson Ribeiro,"6' 3""","81""","Sep 08, 1996",http://ufcstats.com/fighter-details/49edd0d90f60fb7d
Irene Aldana,"5' 9""","68""","Mar 26, 1988",http://ufcstats.com/fighter-details/578ef12674df1e6a
Corey Hill,"6' 4""","80""","Oct 03, 1978",http://ufcstats.com/fighter-details/abbc737317f66b81
Cory Hendricks,"6' 3""",--,"May 10, 1988",http://ufcstats.com/fighter-details/9ab9912e0f8fa6d6
Aziz Khaydarov,"5' 11""","72""","Sep 25, 1993",http://ufcstats.com/fighter-details/a072b512b6f4fc42
Amber Tackett,--,--,--,http://ufcstats.com/fighter-details/bb01bc3c57f39b04
Willamy Freire,"5' 8""",--,"Jul 28, 1987",http://ufcstats.com/fighter-details/f1f37d667bcd0d27
Errol Zimmerman,"6' 3""",--,"Apr 20, 1986",http://ufcstats.com/fighter-details/0aa74d04c196800c
Gabriel Benitez,"5' 8""","71""","Jun 15, 1988",http://ufcstats.com/fighter-details/436f970c9ea9169c
Paddy McCorry,"6' 3""","73""","Dec 09, 1997",http://ufcstats.com/fighter-details/b43620395f655046
Chan-Mi Jeon,"5' 5""",--,"Aug 28, 1997",http://ufcstats.com/fighter-details/24174a3f44ce8e03
Fernando Padilla,"6' 1""","76""","Dec 15, 1996",http://ufcstats.com/fighter-details/d2f43cfaf8ca3560
Renato Sobral,"6' 1""","75""","Sep 07, 1975",http://ufcstats.com/fighter-details/d468288756ae3982
Khalid Taha,"5' 5""","69""","Feb 15, 1992",http://ufcstats.com/fighter-details/b4537562f88ac582
Marvin Maldonado,"5' 6""",--,--,http://ufcstats.com/fighter-details/e5ce754b01f922be
Jonas Bilharinho,"5' 11""","75""","May 22, 1990",http://ufcstats.com/fighter-details/ebbf571f349e79d9
Paul Redmond,"5' 10""",--,"Oct 20, 1986",http://ufcstats.com/fighter-details/3f56b99447f00607
Mike Bourke,"6' 0""",--,"Nov 25, 1968",http://ufcstats.com/fighter-details/dfdd0c5dd0d4bc23
Timo Feucht,"6' 3""","79""","Jan 18, 1996",http://ufcstats.com/fighter-details/8c21eb9fd7c4c203
Daisuke Sugie,"5' 6""",--,"Oct 12, 1980",http://ufcstats.com/fighter-details/8215e4fe24e8e81b
Huang Feier,"5' 5""","65""","Mar 12, 1994",http://ufcstats.com/fighter-details/e71c75f533a30daa
William Knight,"5' 10""","73""","Apr 03, 1988",http://ufcstats.com/fighter-details/5da33b8fbfa5ee95
Doug Kay,--,--,--,http://ufcstats.com/fighter-details/547c5611bd366988
Charles Rosa,"5' 9""","69""","Aug 24, 1986",http://ufcstats.com/fighter-details/40093d1d2d78394e
Eric Wisely,"5' 8""",--,"Jul 25, 1984",http://ufcstats.com/fighter-details/53f84637dfffab7a
Geronimo dos Santos,"6' 3""",--,"Aug 17, 1980",http://ufcstats.com/fighter-details/b51f6791c794e289
Jeff Monson,"5' 9""","74""","Jan 18, 1971",http://ufcstats.com/fighter-details/cbfd1d34356a004c
Wataru Sakata,"5' 9""",--,"Mar 11, 1973",http://ufcstats.com/fighter-details/d7907a9a968e4d29
Julian Erosa,"6' 1""","74""","Jul 31, 1989",http://ufcstats.com/fighter-details/902ec2cc48c8ae8a
Tim Gorman,"5' 5""",--,"Apr 29, 1983",http://ufcstats.com/fighter-details/c10eb2f12c489f6d
Harold Howard,"6' 2""",--,--,http://ufcstats.com/fighter-details/a2b06ca02bca14c0
Josh Sampo,"5' 4""","64""","Jul 24, 1984",http://ufcstats.com/fighter-details/f65dcb22dada2223
Ryan Gandra,"6' 1""","74""","May 08, 1995",http://ufcstats.com/fighter-details/e463ce0a2ca474f4
Fiona Muxlow,"5' 4""",--,"May 13, 1977",http://ufcstats.com/fighter-details/062e57ca1a3c95a8
Austin Arnett,"6' 0""","72""","Oct 22, 1991",http://ufcstats.com/fighter-details/bf0e700106d00e55
Romie Aram,"5' 10""",--,"Dec 02, 1977",http://ufcstats.com/fighter-details/73ef22f25d0f70e2
Satoshi Ishii,"5' 11""",--,"Dec 19, 1986",http://ufcstats.com/fighter-details/c8a49ff2acb6f3c5
Luis Pajuelo,"5' 10""","69""","Dec 18, 1994",http://ufcstats.com/fighter-details/e530df53922f413e
Chris Inman,--,--,--,http://ufcstats.com/fighter-details/f0a381ba65d2a933
Hong Man Choi,"7' 2""",--,"Oct 30, 1980",http://ufcstats.com/fighter-details/2c104b7e59a72629
Pete Spratt,"5' 9""",--,"Jan 09, 1971",http://ufcstats.com/fighter-details/c3ea8deeba00462b
Todd Brown,"5' 11""",--,"Dec 13, 1976",http://ufcstats.com/fighter-details/9b68bf67c5695185
Victoria Leonardo,"5' 5""","64""","Feb 16, 1990",http://ufcstats.com/fighter-details/9dedfdd91070ddd8
Hiroyuki Abe,"5' 6""",--,"Feb 09, 1970",http://ufcstats.com/fighter-details/c0ed7b208197e8de
Charles McCarthy,"5' 10""","71""","Aug 06, 1980",http://ufcstats.com/fighter-details/da97d6c97d09c030
Joshua Burkman,"5' 10""","72""","Apr 10, 1980",http://ufcstats.com/fighter-details/6da99156486ed6c2
Rudyard Moncayo,"5' 10""",--,"May 17, 1973",http://ufcstats.com/fighter-details/02d276b7d62b3472
Jason Saggo,"5' 11""","71""","Nov 23, 1985",http://ufcstats.com/fighter-details/4ac1ecf8ce59ef23
SeungGuk Choi,"5' 6""","64""","Dec 26, 1996",http://ufcstats.com/fighter-details/adccbc19b22e19af
Tyrone Roberts,"5' 9""",--,"Jul 14, 1972",http://ufcstats.com/fighter-details/d1e6a6536ee62517
Mark Coleman,"6' 1""","75""","Dec 20, 1964",http://ufcstats.com/fighter-details/21b8a0f5c231096f
Georges St-Pierre,"5' 11""","76""","May 19, 1981",http://ufcstats.com/fighter-details/6506c1d34da9c013
Jacob Kilburn,"5' 9""","72""","Jun 28, 1995",http://ufcstats.com/fighter-details/637bd06c32219f0b
Chris Liguori,"5' 9""",--,--,http://ufcstats.com/fighter-details/0e31bfd26cc8c503
Edmen Shahbazyan,"6' 2""","75""","Nov 20, 1997",http://ufcstats.com/fighter-details/4144798612ef96e5
Bobby Escalante,--,--,--,http://ufcstats.com/fighter-details/f7ede18b4ec4ec1f
Lucasz Sudolski,"6' 4""","75""","Jun 15, 1993",http://ufcstats.com/fighter-details/b160e4f251283d70
Kenneth Alexander,"5' 9""",--,"Sep 25, 1977",http://ufcstats.com/fighter-details/8fd76e1b49c00ae2
Shamil Gaziev,"6' 4""","78""","Feb 10, 1990",http://ufcstats.com/fighter-details/6747ccd6d1acd266
Mark Hughes,"5' 9""",--,"Oct 13, 1973",http://ufcstats.com/fighter-details/d62bb4d84a7267ba
Joe Camacho,"5' 9""",--,"Mar 10, 1972",http://ufcstats.com/fighter-details/dfb965c9824425db
Brian Lo-A-Njoe,"5' 7""",--,"Jan 22, 1976",http://ufcstats.com/fighter-details/7abce81b72fbbd9b
Jan Nortje,"6' 1""",--,"Apr 11, 1975",http://ufcstats.com/fighter-details/bd4389b71fdc0ce2
Hugh Pulley,"6' 0""",--,--,http://ufcstats.com/fighter-details/308279bd246c211f
Dong Hyun Ma,"5' 11""","70""","Sep 09, 1988",http://ufcstats.com/fighter-details/98a6b2361045898f
Kaleio Romero,"5' 10""","69""","Apr 19, 1996",http://ufcstats.com/fighter-details/33df417d0017eb0c
Ruslan Magomedov,"6' 3""","78""","Nov 26, 1986",http://ufcstats.com/fighter-details/369e1ce458ef50a6
Qiu Lun,"5' 8""","66""","Jul 08, 1997",http://ufcstats.com/fighter-details/126bdc1710a8cbf4
Casey Ryan,--,--,"Jun 27, 1987",http://ufcstats.com/fighter-details/5b1b383265433f51
Joe Jordan,"5' 6""",--,"Jul 27, 1978",http://ufcstats.com/fighter-details/712c4db78b9373d1
Keiichiro Yamamiya,"5' 11""",--,"Jul 12, 1972",http://ufcstats.com/fighter-details/6014d25e73b669c9
Tommy Hayden,"5' 9""",--,"Mar 11, 1986",http://ufcstats.com/fighter-details/0871254cd790c250
Jason Thacker,"5' 10""",--,"Aug 18, 1975",http://ufcstats.com/fighter-details/f0264252e191da22
Pingyuan Liu,"5' 6""","72""","Feb 13, 1993",http://ufcstats.com/fighter-details/31bbd39c0a075d4e
Dan O'Connor,"5' 4""",--,"Nov 17, 1982",http://ufcstats.com/fighter-details/69ea0119f6f0dfe0
Jeff Joslin,"6' 0""",--,"Apr 30, 1975",http://ufcstats.com/fighter-details/388abbf8832b5adf
Bryan Humes,--,--,--,http://ufcstats.com/fighter-details/b9c75e7fc910f587
Gabriel Miglioli,"5' 8""",--,--,http://ufcstats.com/fighter-details/a6fa5dd90528e9f7
Cody Haddon,"5' 7""","69""","Sep 08, 1998",http://ufcstats.com/fighter-details/8e6654e9f0461b8f
Cristiane Justino,"5' 8""","68""","Jul 09, 1985",http://ufcstats.com/fighter-details/634bb0de2eb043b4
Carmelo Marrero,"6' 0""","73""","Jan 26, 1981",http://ufcstats.com/fighter-details/aa03a3ca00ac6827
Denis Sobolev,"6' 3""",--,"Aug 26, 1975",http://ufcstats.com/fighter-details/03b1e846b09f721d
Michael Bisping,"6' 1""","75""","Feb 28, 1979",http://ufcstats.com/fighter-details/2b93ebd9f5417ad2
Haisam Rida,--,--,"Jul 25, 1993",http://ufcstats.com/fighter-details/d8a58e797518f011
Mike Altman,"5' 10""",--,--,http://ufcstats.com/fighter-details/c11036da9162cb5f
Chris Barnhizer,--,--,"Oct 25, 1987",http://ufcstats.com/fighter-details/91e69a1c3c87325b
Shana Dobson,"5' 6""","69""","Mar 30, 1989",http://ufcstats.com/fighter-details/122ac9b816d8b71c
Nursulton Ruziboev,"6' 5""","76""","Nov 19, 1993",http://ufcstats.com/fighter-details/49d2a08964c5eb11
Matheus Camilo,"5' 10""","69""","Jan 02, 2001",http://ufcstats.com/fighter-details/72f890c5d421e705
Jorge Gonzalez,"6' 2""","76""","Feb 29, 1984",http://ufcstats.com/fighter-details/ff175a137b395e2b
Julie Kedzie,"5' 5""",--,"Mar 18, 1981",http://ufcstats.com/fighter-details/981ab7a0576f76a0
Stefan Klever,--,--,--,http://ufcstats.com/fighter-details/bc3876891e155bb5
Louis Gaudinot,"5' 3""","63""","Aug 28, 1984",http://ufcstats.com/fighter-details/b72a60a0cadff408
Shin Haraguchi,"5' 5""","68""","Nov 27, 1998",http://ufcstats.com/fighter-details/05b17ae24e6bba81
Thomas Ramirez,"6' 1""",--,--,http://ufcstats.com/fighter-details/ea398c802d9998ee
Zubaira Tukhugov,"5' 8""","68""","Jan 15, 1991",http://ufcstats.com/fighter-details/aceffa19749c4dc0
Magomed Gadzhiyasulov,"6' 2""","75""","Nov 04, 1993",http://ufcstats.com/fighter-details/6e344b71421103da
Douglas Lima,"6' 1""",--,"Jan 05, 1988",http://ufcstats.com/fighter-details/264111bf62662fbf
Chase Sherman,"6' 4""","78""","Nov 16, 1989",http://ufcstats.com/fighter-details/01b352b6a9074d5c
Anying Wang,"6' 0""",--,"Apr 04, 1991",http://ufcstats.com/fighter-details/69e8c632135af48b
Anthony Pettis,"5' 10""","72""","Jan 27, 1987",http://ufcstats.com/fighter-details/cbb682f5fcc44bfc
JJ Ambrose,"5' 10""",--,"Feb 06, 1987",http://ufcstats.com/fighter-details/d562b12b8fe88336
Luke Hartwig,--,--,--,http://ufcstats.com/fighter-details/34f3869747bf8fa9
Tyron Woodley,"5' 9""","74""","Apr 07, 1982",http://ufcstats.com/fighter-details/effd9de9937996f8
Hernani Perpetuo,"6' 0""",--,"May 24, 1985",http://ufcstats.com/fighter-details/575360be653ad6a6
Chad Reiner,"5' 11""",--,"Jun 29, 1981",http://ufcstats.com/fighter-details/d8022d5526b1d937
Chris Barnett,"5' 9""","75""","Jun 14, 1986",http://ufcstats.com/fighter-details/7a5e8c94a86f9895
Luiz Cane,"6' 2""","77""","Apr 24, 1981",http://ufcstats.com/fighter-details/24b033b3daf1c9df
Crezio de Souza,--,--,--,http://ufcstats.com/fighter-details/3746e21bb508391a
Darren Elkins,"5' 10""","71""","May 16, 1984",http://ufcstats.com/fighter-details/92a9aa9c93192871
Danny Abbadi,"5' 11""",--,"Jul 03, 1983",http://ufcstats.com/fighter-details/15df64c02b6b0fde
Jon Jones,"6' 4""","84""","Jul 19, 1987",http://ufcstats.com/fighter-details/07f72a2a7591b409
Jessica Rakoczy,"5' 7""",--,"Apr 14, 1977",http://ufcstats.com/fighter-details/ffdeb4fbea09ce75
Artem Vakhitov,"6' 1""","75""","Apr 04, 1991",http://ufcstats.com/fighter-details/43e549b803ec7375
Rafael Pergentino,"6' 1""","76""","Jan 08, 2002",http://ufcstats.com/fighter-details/8d3b4a630b1bf1e6
Nick Roehrick,"6' 2""",--,"Jul 06, 1987",http://ufcstats.com/fighter-details/7195e2a932686f82
Alejandro Flores,"5' 10""","73""","Aug 06, 1991",http://ufcstats.com/fighter-details/d23d5960ac5e117c
Talita Bernardo,"5' 4""","68""","Mar 04, 1987",http://ufcstats.com/fighter-details/5b2325cd70dbe2ea
Alexander Volkov,"6' 7""","80""","Oct 24, 1988",http://ufcstats.com/fighter-details/279566840aa55bf2
Justin Scoggins,"5' 7""","66""","May 02, 1992",http://ufcstats.com/fighter-details/9fa568ad2bf2cb0b
Aleksei Kunchenko,"5' 8""","70""","May 02, 1984",http://ufcstats.com/fighter-details/e2ccd9a9ace60de7
Nariman Abbasov,"5' 8""","66""","Feb 01, 1994",http://ufcstats.com/fighter-details/59a9d6dac61c2540
Ian Freeman,"5' 11""",--,"Nov 10, 1966",http://ufcstats.com/fighter-details/b4bc2e3353a770b5
Gina Carano,"5' 8""",--,"Apr 16, 1982",http://ufcstats.com/fighter-details/899eaba48fa864a6
Gauge Young,"5' 9""","70""","Jul 14, 2000",http://ufcstats.com/fighter-details/b2a78df161bd67f9
Spike Carlyle,"5' 8""","71""","May 06, 1993",http://ufcstats.com/fighter-details/be68b375707dcb85
Tsuyoshi Kurihara,"5' 10""",--,"Jul 13, 1973",http://ufcstats.com/fighter-details/032b65d5fff611b2
Ulysses Gomez,"5' 6""",--,"May 25, 1983",http://ufcstats.com/fighter-details/1e35aa8955794580
John Yoo,--,--,--,http://ufcstats.com/fighter-details/40eb2aef4d5577d4
Besam Yousef,"5' 11""",--,"Mar 25, 1985",http://ufcstats.com/fighter-details/98ec9f385cca47fc
Iliarde Santos,"5' 5""","67""","Sep 25, 1980",http://ufcstats.com/fighter-details/14aa21bc82cac57d
Yao Zhikui,"5' 5""","64""","Feb 07, 1991",http://ufcstats.com/fighter-details/5ea918ea81b7dee2
Ryuki Ueyama,"5' 11""",--,"Apr 17, 1976",http://ufcstats.com/fighter-details/bcd124bcd3d5be46
Kurt Holobaugh,"5' 11""","70""","Sep 08, 1986",http://ufcstats.com/fighter-details/a7151778b3381036
Paddy Pimblett,"5' 10""","73""","Jan 03, 1995",http://ufcstats.com/fighter-details/7826923b47f8d72a
Thomas Diagne,"6' 1""",--,"Sep 03, 1983",http://ufcstats.com/fighter-details/8567466ae167216b
Thomas Denny,"5' 10""",--,"Apr 19, 1971",http://ufcstats.com/fighter-details/a11a6ee8eeb03c18
Rico Farrington,"6' 4""","79""","Jun 19, 1989",http://ufcstats.com/fighter-details/f89e6e66b9b112de
Andre Winner,"5' 11""","73""","Nov 09, 1981",http://ufcstats.com/fighter-details/b45d6b73f4ca4467
Josh Culibao,"5' 10""","73""","May 24, 1994",http://ufcstats.com/fighter-details/6751eacd16bd59bc
Lucas Stark,--,--,--,http://ufcstats.com/fighter-details/93e4754d0984c82f
Dwayne Cason,"5' 10""",--,--,http://ufcstats.com/fighter-details/31c01fbc2586a5eb
Mando Gutierrez,"5' 6""","70""","Feb 24, 1997",http://ufcstats.com/fighter-details/5f33ae0620e050c5
Dennis Reed,--,--,"Sep 11, 1969",http://ufcstats.com/fighter-details/4a35913bd9aa4161
Dustin Kimura,"5' 7""","71""","May 21, 1989",http://ufcstats.com/fighter-details/fe91d254db77a7fc
Isabela de Padua,"5' 3""","64""","Sep 04, 1991",http://ufcstats.com/fighter-details/e0f959f65d0406b4
Tiago dos Santos e Silva,"5' 9""","70""","Apr 12, 1987",http://ufcstats.com/fighter-details/8ce87f7e3a9baed2
Roybert Echeverria,"5' 5""","67""","Aug 21, 1995",http://ufcstats.com/fighter-details/20b13e96668caaa4
Mike Pierce,"5' 8""","71""","Sep 01, 1980",http://ufcstats.com/fighter-details/236a37d96d476164
Marc Cofer,--,--,"Mar 03, 1972",http://ufcstats.com/fighter-details/e90d9d0681270953
Mana Martinez,"5' 10""","70""","Mar 25, 1996",http://ufcstats.com/fighter-details/c0386644627a7ee5
Dustin Moore,"5' 4""",--,--,http://ufcstats.com/fighter-details/831de97afe326478
Marcus Bossett,"6' 1""",--,--,http://ufcstats.com/fighter-details/e8fb8e53bc2e29d6
Cody Law,--,--,"Mar 24, 1995",http://ufcstats.com/fighter-details/e3162dbdbfd78287
Ray Rodriguez,"5' 7""","70""","Dec 10, 1987",http://ufcstats.com/fighter-details/90e0985df05e51bc
Chalid Arrab,"5' 11""",--,"May 28, 1975",http://ufcstats.com/fighter-details/770b9d4813c25902
Merab Dvalishvili,"5' 6""","68""","Jan 10, 1991",http://ufcstats.com/fighter-details/c03520b5c88ed6b4
Olivier Murad,"5' 10""","72""","Dec 21, 1993",http://ufcstats.com/fighter-details/c3dd69333eb8085a
Lance Gibson,"5' 9""",--,"Nov 20, 1970",http://ufcstats.com/fighter-details/63eedfcc73071d41
John Dixson,"6' 0""",--,"Oct 15, 1961",http://ufcstats.com/fighter-details/ad4e9055bf8cd04d
Logan Urban,"6' 0""","72""","Apr 22, 1994",http://ufcstats.com/fighter-details/5e23f30e9c6ed74e
Alex White,"6' 0""","71""","Oct 22, 1988",http://ufcstats.com/fighter-details/c17041f1bb5768d8
Garrett Armfield,"5' 6""","70""","Oct 09, 1996",http://ufcstats.com/fighter-details/1effd880e1f1bb30
Brent Primus,"5' 10""",--,"Apr 12, 1985",http://ufcstats.com/fighter-details/46caf130099206cd
Jared Gooden,"6' 0""","77""","Dec 05, 1993",http://ufcstats.com/fighter-details/c730a0be691dc081
Luiz Dutra,"5' 11""",--,"May 06, 1982",http://ufcstats.com/fighter-details/2153a7f8396a46cc
Shang Zhifa,"5' 7""","63""","Mar 15, 1986",http://ufcstats.com/fighter-details/5a7350645bc9bd6e
Joao Paulo Faria,"5' 9""",--,--,http://ufcstats.com/fighter-details/04e9955f33e0c267
Guram Kutateladze,"5' 11""","72""","Jan 08, 1992",http://ufcstats.com/fighter-details/7772b283d288dbe2
Matt Grice,"5' 8""","70""","Jul 29, 1981",http://ufcstats.com/fighter-details/bfc2fc38a0e20211
Oleg Taktarov,"6' 0""",--,"Aug 26, 1967",http://ufcstats.com/fighter-details/1dc56b59cb28425d
Austin Bashi,"5' 6""","70""","Sep 29, 2001",http://ufcstats.com/fighter-details/d3f89fa685bd8420
Victor Altamirano,"5' 8""","70""","Jan 23, 1991",http://ufcstats.com/fighter-details/dc7927cd622676a7
David Onama,"5' 11""","74""","Jun 07, 1994",http://ufcstats.com/fighter-details/ffe9703408fb5964
Charles Jourdain,"5' 9""","69""","Nov 27, 1995",http://ufcstats.com/fighter-details/f1d64ae34e088832
Jong Man Kim,"5' 7""",--,"Mar 03, 1978",http://ufcstats.com/fighter-details/dba230fe33011201
Alan Hiro,"5' 5""",--,"Apr 04, 1986",http://ufcstats.com/fighter-details/483b3170b3c05cf0
Wagner da Conceicao Martins,"6' 7""",--,"May 19, 1978",http://ufcstats.com/fighter-details/563d051c9e769b24
Niklas Stolze,"6' 1""","74""","Dec 28, 1992",http://ufcstats.com/fighter-details/62f7097c04311193
Brian Warren,"6' 0""",--,"Jun 05, 1974",http://ufcstats.com/fighter-details/c4c4c7dd26c15d91
Akbarh Arreola,"5' 10""","71""","Jan 14, 1983",http://ufcstats.com/fighter-details/c136b2a8852da5bd
Jin Aoi,"5' 6""","68""","Jan 21, 1997",http://ufcstats.com/fighter-details/031da10a00c8ccd4
Everett Sims,"6' 5""","77""","Sep 04, 1988",http://ufcstats.com/fighter-details/59c6d5af765df641
Caio Bittencourt,"6' 0""","75""","May 22, 1991",http://ufcstats.com/fighter-details/a653cb5eb4b39339
Rob Wilkinson,"6' 3""","80""","Feb 22, 1992",http://ufcstats.com/fighter-details/826475cc758e60e6
Clayton MacFarlane,--,--,--,http://ufcstats.com/fighter-details/39831e62d12e7ad1
Billy Quarantillo,"5' 10""","70""","Dec 08, 1988",http://ufcstats.com/fighter-details/aa171d55d4b5208f
Pascal Krauss,"6' 1""",--,"Apr 19, 1987",http://ufcstats.com/fighter-details/a01e84abefd85ec0
Adam Livingston,"6' 2""","71""","Aug 15, 2001",http://ufcstats.com/fighter-details/515890922fe9ce96
Kris McCray,"6' 0""","76""","Sep 24, 1981",http://ufcstats.com/fighter-details/baed16f18348908e
Erik Koch,"5' 10""","71""","Oct 04, 1988",http://ufcstats.com/fighter-details/99bd87a300079ed9
Gokhan Saki,"6' 0""","73""","Oct 19, 1983",http://ufcstats.com/fighter-details/4690d47bf725fd98
Joby Sanchez,"5' 6""","68""","Jun 24, 1991",http://ufcstats.com/fighter-details/b12fc8a41e82d3a2
Andrew Holbrook,"5' 11""","70""","Feb 06, 1986",http://ufcstats.com/fighter-details/66ab58d0b3783607
Wes Combs,"6' 2""",--,"Jun 18, 1973",http://ufcstats.com/fighter-details/a85998eb79650b2c
Justice Torres,"5' 7""","66""","Oct 19, 1997",http://ufcstats.com/fighter-details/01762e1d4ff4dc51
Ion Cherdivara,--,--,--,http://ufcstats.com/fighter-details/c713a845360d604b
Robert Ruchala,"5' 8""","72""","May 15, 1998",http://ufcstats.com/fighter-details/92aed9d16794f42b
Marc Diakiese,"5' 10""","73""","Mar 16, 1993",http://ufcstats.com/fighter-details/32c355b04fc57f3a
Murilo Bustamante,"6' 2""",--,"Jul 30, 1966",http://ufcstats.com/fighter-details/85d905f7c4f5a1af
Alex Gorgees,"6' 2""","74""","Aug 11, 1995",http://ufcstats.com/fighter-details/803bebcfb6d6f506
Dalcha Lungiambula,"5' 8""","76""","Jul 31, 1987",http://ufcstats.com/fighter-details/ce632027bf2a871b
Andy Murad,"5' 9""",--,--,http://ufcstats.com/fighter-details/fd0b4e3eb18eafb7
Anthony Njokuani,"6' 1""","75""","Mar 01, 1980",http://ufcstats.com/fighter-details/6bf5a7d3e081ade2
Elvis Sinosic,"6' 3""","77""","Feb 13, 1971",http://ufcstats.com/fighter-details/817e0bdf08efce2e
Jason Butcher,"6' 3""",--,"Oct 23, 1984",http://ufcstats.com/fighter-details/30e39145fec48d25
Martin Bravo,"5' 8""","71""","Sep 21, 1993",http://ufcstats.com/fighter-details/9c44f290f5726d95
Carlos Candelario,"5' 8""","68""","Jun 04, 1991",http://ufcstats.com/fighter-details/760a55d5b6098cbe
Alex Hunter,"5' 9""",--,--,http://ufcstats.com/fighter-details/baa5358456803df8
Blagoy Ivanov,"5' 11""","73""","Oct 09, 1986",http://ufcstats.com/fighter-details/1788eee370f077b7
Chad Laprise,"5' 10""","71""","Jul 23, 1986",http://ufcstats.com/fighter-details/c03a5022f8439f2a
Jeimeson Saudino,"5' 6""",--,"Mar 05, 1991",http://ufcstats.com/fighter-details/f6f9d41669dd3eaa
Bea Malecki,"5' 9""","74""","Aug 23, 1991",http://ufcstats.com/fighter-details/b60c980f79b87ce8
Yuya Shirai,"5' 8""",--,"Apr 02, 1980",http://ufcstats.com/fighter-details/a79bfbc01b2264d6
Casey Huffman,"6' 3""",--,--,http://ufcstats.com/fighter-details/737d93a42b8c2e94
Denys Bondar,"5' 6""","69""","Jun 27, 1992",http://ufcstats.com/fighter-details/2526be54e6a0e62a
Chris Tuchscherer,"6' 2""","76""","Sep 08, 1975",http://ufcstats.com/fighter-details/df05aa15b2d66f57
Scott Harper,"6' 0""",--,"Apr 14, 1972",http://ufcstats.com/fighter-details/14a433bccba87016
Elias Silverio,"5' 11""","73""","Sep 22, 1986",http://ufcstats.com/fighter-details/52ba464d9068d871
Larry Parker,"5' 11""",--,"Aug 15, 1963",http://ufcstats.com/fighter-details/c0231720fe516994
Akihiro Gono,"5' 7""","68""","Oct 07, 1974",http://ufcstats.com/fighter-details/b2acebbef8da14ea
Henry Corrales,"5' 9""",--,--,http://ufcstats.com/fighter-details/7cb0946d51b8cde7
Movsar Evloev,"5' 7""","72""","Feb 11, 1994",http://ufcstats.com/fighter-details/76e2870ffafbe38f
Eduardo Pamplona,"5' 11""",--,"Feb 20, 1973",http://ufcstats.com/fighter-details/f31c0905045fa100
Charles Bennett,"5' 8""",--,"Nov 23, 1979",http://ufcstats.com/fighter-details/8dc4f34c1f50d00d
Kerry Vera,"5' 7""",--,--,http://ufcstats.com/fighter-details/df0a1c1e11ad199b
Louis Jauregui,"5' 7""",--,--,http://ufcstats.com/fighter-details/0e8744ded08ee5fb
Xavier Foupa-Pokam,"6' 1""",--,"Jul 03, 1982",http://ufcstats.com/fighter-details/ec33146e43e58933
Matt Veach,"5' 11""",--,"May 31, 1981",http://ufcstats.com/fighter-details/5731cc327790b731
Scott Ettling,--,--,--,http://ufcstats.com/fighter-details/74b5736f1df40be3
Luis Saldana,"5' 11""","73""","Jan 27, 1991",http://ufcstats.com/fighter-details/12e0fdc606f7e274
Toshiomi Kazama,"5' 7""","69""","May 15, 1997",http://ufcstats.com/fighter-details/148bb103cfbf123e
Bill Cooper,--,--,"May 05, 1984",http://ufcstats.com/fighter-details/78bd6940d093fd33
Sam Liera,--,--,"Nov 26, 1983",http://ufcstats.com/fighter-details/421ccfc6ddb17958
Andre Gusmao,"6' 0""",--,"May 19, 1977",http://ufcstats.com/fighter-details/cc300e9aa3063431
Thales Leites,"6' 1""","78""","Sep 06, 1981",http://ufcstats.com/fighter-details/cfb65863d5099327
Keith Hackney,"5' 11""",--,"Apr 15, 1958",http://ufcstats.com/fighter-details/bf12aca029bfcc47
Ross Ebanez,"5' 9""",--,"May 18, 1975",http://ufcstats.com/fighter-details/a5b0bd216d8ba84e
Yorgan De Castro,"6' 0""","74""","Dec 19, 1986",http://ufcstats.com/fighter-details/1eff7bc0f815b270
Chungreng Koren,--,--,"Feb 01, 1998",http://ufcstats.com/fighter-details/000774e57404d8c7
Tamdan McCrory,"6' 4""","76""","Nov 05, 1986",http://ufcstats.com/fighter-details/eff47295daf721a6
Damonte Robinson,"6' 0""","77""","Jun 10, 1995",http://ufcstats.com/fighter-details/2782235b078b72a7
Gary Goodridge,"6' 3""",--,"Jan 17, 1966",http://ufcstats.com/fighter-details/fbbde91f7bc2d3c5
Mario Bautista,"5' 9""","69""","Jul 01, 1993",http://ufcstats.com/fighter-details/bc711b6dd95c1af6
Lolohea Mahe,--,--,--,http://ufcstats.com/fighter-details/fb0b6593cec84356
Tony Sims,"5' 11""","70""","Oct 14, 1985",http://ufcstats.com/fighter-details/57bad6a84230f0c9
Yoshiro Maeda,"5' 7""","68""","Oct 31, 1981",http://ufcstats.com/fighter-details/a4bf17bd3ba3423b
Blas Avena,"6' 0""","74""","Jun 30, 1983",http://ufcstats.com/fighter-details/8753e125f4499816
Marco Beltran,"5' 8""","69""","May 18, 1986",http://ufcstats.com/fighter-details/ec71a892fada28c7
Patryk Grabowski,--,--,"Nov 12, 1995",http://ufcstats.com/fighter-details/4e163b53d1de1fbc
Vinicius Magalhaes,--,--,"Jul 30, 1971",http://ufcstats.com/fighter-details/1b583c64c23f0c7f
Oban Elliott,"6' 0""","72""","Dec 19, 1997",http://ufcstats.com/fighter-details/6b56e94a59b7b134
Eddy Ellis,"5' 9""",--,"Jul 07, 1983",http://ufcstats.com/fighter-details/e60d773a0a42048a
Vinc Pichel,"5' 10""","72""","Nov 23, 1982",http://ufcstats.com/fighter-details/c77a953488e5607d
Marcus Aurelio,"5' 10""","74""","Aug 18, 1973",http://ufcstats.com/fighter-details/04643fd03d9159cc
Alberto Uda,"6' 3""",--,"Aug 08, 1984",http://ufcstats.com/fighter-details/8f2deefe8c5dfb5d
Ivan Valenzuela,"6' 2""","77""","Nov 17, 1992",http://ufcstats.com/fighter-details/45b82ebf0b9e0fd2
Mick Parkin,"6' 4""","79""","Oct 02, 1995",http://ufcstats.com/fighter-details/0d5cc0170c1a7e71
Mike Seal,"6' 4""",--,"Jul 30, 1977",http://ufcstats.com/fighter-details/0c01568b1ac77bff
Danni McCormack,"5' 4""","62""","Mar 15, 1990",http://ufcstats.com/fighter-details/2a9f9db24cd032ba
Deiveson Figueiredo,"5' 5""","68""","Dec 18, 1987",http://ufcstats.com/fighter-details/aa72b0f831d0bfe5
Mike Rio,"5' 10""","70""","Jul 06, 1981",http://ufcstats.com/fighter-details/af90b10c785ced3e
Sean Woodson,"6' 2""","78""","Jun 07, 1992",http://ufcstats.com/fighter-details/4682bc59d5f55145
Vince Morales,"5' 7""","70""","Nov 12, 1990",http://ufcstats.com/fighter-details/37098a6e6c27fb66
Wu Yanan,"5' 8""","66""","Apr 18, 1996",http://ufcstats.com/fighter-details/fdbefee0827e1567
Rafael Estevam,"5' 8""","69""","Aug 10, 1996",http://ufcstats.com/fighter-details/83455a9d17f57dae
Randa Markos,"5' 4""","63""","Aug 10, 1985",http://ufcstats.com/fighter-details/4a57ebb14315b251
Wagner Prado,"6' 0""","74""","Dec 30, 1986",http://ufcstats.com/fighter-details/7f6ef4e1227600bc
Masakatsu Funaki,"6' 0""",--,"Mar 13, 1969",http://ufcstats.com/fighter-details/aa3153a9941b4d44
Askar Askar,"5' 7""","69""","Aug 19, 1994",http://ufcstats.com/fighter-details/2abc414136504554
Robert Breslin,"5' 11""",--,--,http://ufcstats.com/fighter-details/e319d6697d41f3cf
Osamu Tachihikari,"6' 5""",--,"Sep 12, 1963",http://ufcstats.com/fighter-details/e7bc606d269896aa
Shawn Jordan,"6' 0""","75""","Oct 21, 1984",http://ufcstats.com/fighter-details/ca2efc9d7d523c43
Uros Medic,"6' 1""","71""","Apr 25, 1993",http://ufcstats.com/fighter-details/681399317dbf4701
Joao Pierini,"6' 1""",--,"Dec 11, 1971",http://ufcstats.com/fighter-details/9a967e8e43dcef63
Shinya Aoki,"5' 11""",--,"May 09, 1983",http://ufcstats.com/fighter-details/79ded75550efc139
Nik Theotikos,--,--,--,http://ufcstats.com/fighter-details/ca936c67687789e9
Kerry Schall,"6' 2""",--,"Aug 09, 1971",http://ufcstats.com/fighter-details/030f08370fd1c2bb
Darrel Gholar,"5' 8""",--,"Nov 07, 1962",http://ufcstats.com/fighter-details/a24e080000fa7a35
Ahmad Hassanzada,"6' 1""","75""","Nov 20, 1996",http://ufcstats.com/fighter-details/bf7a64d9ae343e86
Alberto Mina,"6' 0""","77""","May 02, 1982",http://ufcstats.com/fighter-details/4b1d46a1b5c0fd11
Steve Mann,"6' 1""",--,--,http://ufcstats.com/fighter-details/0eef1bf99afd4ff2
Casey Olson,"5' 7""",--,--,http://ufcstats.com/fighter-details/7613773461b276f4
Tabatha Ricci,"5' 1""","61""","Feb 21, 1995",http://ufcstats.com/fighter-details/d25240135aee03e5
Yusuke Imamura,"5' 8""",--,"Aug 08, 1976",http://ufcstats.com/fighter-details/2ce6541127b0e232
Tyra Parker,"5' 5""",--,"Sep 18, 1989",http://ufcstats.com/fighter-details/64be3dc99eaa42b6
Mark Kerr,"6' 3""",--,"Dec 21, 1968",http://ufcstats.com/fighter-details/a7b48e18ca27795d
Josh Grispi,"5' 11""","74""","Oct 14, 1988",http://ufcstats.com/fighter-details/60ba33c3f555a7a3
Walter Smith-Cotito,"5' 8""",--,--,http://ufcstats.com/fighter-details/625b65b45c1c6888
Gleison Tibau,"5' 10""","71""","Oct 07, 1983",http://ufcstats.com/fighter-details/75e5fec9f72910ef
Fedor Nikolov,--,--,--,http://ufcstats.com/fighter-details/346f789951e85f3f
Rafael Rios,--,--,--,http://ufcstats.com/fighter-details/2f5754b48eab1486
Angelo Trevino,"5' 11""",--,"Jun 10, 1993",http://ufcstats.com/fighter-details/0cf9f5518d6063bb
Mateusz Rebecki,"5' 7""","66""","Oct 03, 1992",http://ufcstats.com/fighter-details/849c5d9979df5357
Bu-Kyung Jung,"5' 7""",--,"May 26, 1978",http://ufcstats.com/fighter-details/b35d1650c78c2948
Hector Aldana,"5' 11""","72""","Aug 17, 1988",http://ufcstats.com/fighter-details/c487223b0289bda9
Calen Born,"5' 8""","72""","May 24, 1988",http://ufcstats.com/fighter-details/3c85e04b08a05751
Billy Miles,"5' 10""",--,"Apr 28, 1978",http://ufcstats.com/fighter-details/3c48019bc387b80c
Tafon Nchukwi,"6' 0""","77""","Oct 14, 1994",http://ufcstats.com/fighter-details/6aae253467e8f9ce
Rafael Dias,"5' 9""",--,"Oct 20, 1979",http://ufcstats.com/fighter-details/b5abaa65f87938eb
Gideon Ray,"5' 10""",--,"May 27, 1973",http://ufcstats.com/fighter-details/ea3ef6206c7907d5
Lina Kvokov,"5' 9""",--,--,http://ufcstats.com/fighter-details/843dd76c50cae0f6
J.T Taylor,"5' 10""",--,--,http://ufcstats.com/fighter-details/17c6e35e4da505b0
Fernando Bruno,"5' 6""",--,"Feb 24, 1982",http://ufcstats.com/fighter-details/b8c0f30ee9a98b69
Manvel Gamburyan,"5' 5""","67""","May 08, 1981",http://ufcstats.com/fighter-details/cc6f9d1e89f3449a
Abdul Rakhman Yakhyaev,"6' 2""","78""","Jan 03, 2001",http://ufcstats.com/fighter-details/95aff2fd8d09a5f0
Cortez Coleman,"6' 1""",--,"Jan 28, 1982",http://ufcstats.com/fighter-details/ffb20ae0db47ebe6
Tom Duquesnoy,"5' 7""","68""","Jun 21, 1993",http://ufcstats.com/fighter-details/e979c76341f19b22
Charlie Ontiveros,"6' 2""","74""","Jul 04, 1991",http://ufcstats.com/fighter-details/318572f6f74b760d
Alex Da Silva,"5' 8""","73""","Feb 04, 1996",http://ufcstats.com/fighter-details/c3ded6f7155f9ea4
Bogdan Guskov,"6' 3""","76""","Sep 12, 1992",http://ufcstats.com/fighter-details/ef5dcb10d2bd4b0f
Samy Schiavo,"5' 8""",--,"Dec 24, 1975",http://ufcstats.com/fighter-details/1208ffc5be6e31ad
Ron Stallings,"6' 2""","75""","Jan 25, 1983",http://ufcstats.com/fighter-details/6dd758d34da8d254
Patricky Freire,"5' 7""","71""","Jun 01, 1986",http://ufcstats.com/fighter-details/90e6dde9113830bd
Ronny Markes,"6' 1""","75""","Apr 21, 1988",http://ufcstats.com/fighter-details/bd21a1e3d41c97ee
Lucas Alexander,"5' 11""","73""","Jul 28, 1995",http://ufcstats.com/fighter-details/11583163f45c7b31
Karl Amoussou,"5' 11""",--,"Nov 21, 1985",http://ufcstats.com/fighter-details/23a8c33869bf5392
Mike Ciesnolevicz,"6' 0""",--,"Oct 28, 1979",http://ufcstats.com/fighter-details/51b0bb73a1da34bc
Raymond Daniels,"6' 2""",--,"Apr 29, 1980",http://ufcstats.com/fighter-details/fccb0fee256b7b4d
Yamato Nishikawa,"5' 7""",--,"Dec 06, 2002",http://ufcstats.com/fighter-details/7beecbe0a08cf002
Ren Ozaki,"5' 7""","68""","Dec 15, 2001",http://ufcstats.com/fighter-details/8997ee20b6a43d76
Chad Johnson,"6' 2""","80""","Jul 22, 1986",http://ufcstats.com/fighter-details/6ce9a012e4c6020c
Jon Madsen,"6' 0""","72""","Feb 12, 1980",http://ufcstats.com/fighter-details/7691a80e6ca3e55b
John Campetella,"5' 9""",--,--,http://ufcstats.com/fighter-details/31bbd46d57dfbcb7
Brian Bowles,"5' 7""","70""","Jun 22, 1980",http://ufcstats.com/fighter-details/b26d3e3746fb4024
Brandon Michaels,"5' 9""",--,"Nov 20, 1982",http://ufcstats.com/fighter-details/f5e4ce11afbdfb61
Noe Hernandez,--,--,--,http://ufcstats.com/fighter-details/df2cf66d8c0123db
Lina Lansberg,"5' 7""","65""","Mar 13, 1982",http://ufcstats.com/fighter-details/2eeaefbfc7f9fcff
Leonardo Mafra,"5' 10""","70""","Apr 25, 1989",http://ufcstats.com/fighter-details/8bbc0cfc01bc1ba1
JaeHyun Park,"5' 8""","73""","Dec 10, 2001",http://ufcstats.com/fighter-details/fe1595732dfb08fc
Sam Hughes,"5' 5""","64""","Jun 28, 1992",http://ufcstats.com/fighter-details/e94085e821bd81de
Masutatsu Yano,"5' 9""",--,"Jul 11, 1975",http://ufcstats.com/fighter-details/d56caaa5e123f518
Matt Dwyer,"6' 4""","76""","Dec 17, 1989",http://ufcstats.com/fighter-details/8f0d576beba1cfcd
Marcus Buchecha,"6' 2""","77""","Jan 08, 1990",http://ufcstats.com/fighter-details/095854a135e6db55
Chris Leben,"5' 11""","73""","Jul 21, 1980",http://ufcstats.com/fighter-details/d43a048a880efdff
Michael Mangan,--,--,--,http://ufcstats.com/fighter-details/9297ce6eee046f7a
Jorge Rivera,"6' 1""","73""","Feb 28, 1972",http://ufcstats.com/fighter-details/cb46dface0e28a2c
Juan Adams,"6' 5""","80""","Jan 16, 1992",http://ufcstats.com/fighter-details/83b00f7597e5ac83
KJ Noons,"5' 10""","70""","Dec 07, 1982",http://ufcstats.com/fighter-details/b7ffa72aa148599a
Luke Caudillo,"5' 7""",--,"Nov 30, 1980",http://ufcstats.com/fighter-details/68d76fd9ecf7431d
Kai Kamaka,"5' 7""","69""","Jan 05, 1995",http://ufcstats.com/fighter-details/eee0ef3e2b14816b
Danny Downes,"6' 0""","72""","Apr 08, 1986",http://ufcstats.com/fighter-details/a66395395b5f1394
Loopy Godinez,"5' 2""","61""","Sep 06, 1993",http://ufcstats.com/fighter-details/8e5d953bdb9ae5e7
Fazlo Mulabitinovic,--,--,--,http://ufcstats.com/fighter-details/2252b2c892397f0d
Daniel Omielanczuk,"6' 0""","74""","Aug 31, 1982",http://ufcstats.com/fighter-details/470fedbc8563ac47
Jordan Griffin,"5' 10""","73""","Feb 28, 1990",http://ufcstats.com/fighter-details/ebef46976554f975
Asu Almabayev,"5' 4""","65""","Jan 25, 1994",http://ufcstats.com/fighter-details/8d3273573b85be09
Viktor Pesta,"6' 3""","77""","Jul 15, 1990",http://ufcstats.com/fighter-details/202b0467521c9d6f
Melissa Croden,"5' 9""","68""","Apr 12, 1991",http://ufcstats.com/fighter-details/51e2f44a8dbf6984
Tommy Cuozzi Jr.,"5' 9""","71""","Aug 31, 1999",http://ufcstats.com/fighter-details/eb49fe2f85ae9526
Stoney Hale,"6' 0""",--,"Oct 18, 1979",http://ufcstats.com/fighter-details/206a7d47eb62170e
Karo Parisyan,"5' 10""","72""","Aug 28, 1982",http://ufcstats.com/fighter-details/349aaa3da11eb587
Gerald Strebendt,"5' 9""",--,"Mar 01, 1979",http://ufcstats.com/fighter-details/04f9fe830cf13482
Luke Rockhold,"6' 3""","77""","Oct 17, 1984",http://ufcstats.com/fighter-details/00e11b5c8b7bfeeb
Yoshiki Takahashi,"5' 11""",--,"Mar 13, 1969",http://ufcstats.com/fighter-details/6420efac0578988b
Roger Zapata,"5' 11""",--,"May 09, 1986",http://ufcstats.com/fighter-details/fe5ca7ef93c3f6a7
Bill Algeo,"6' 0""","73""","Jun 09, 1989",http://ufcstats.com/fighter-details/9abc648e76c4493a
Jamie Mullarkey,"6' 0""","74""","Aug 17, 1994",http://ufcstats.com/fighter-details/af9f42e6894047fc
Bryan Baker,"6' 3""",--,"Oct 13, 1985",http://ufcstats.com/fighter-details/898337ef520fe4d3
TJ Brown,"5' 9""","72""","May 22, 1990",http://ufcstats.com/fighter-details/d31cbcdd7d69536d
Tecia Pennington,"5' 1""","60""","Aug 16, 1989",http://ufcstats.com/fighter-details/31ef8b67e13495b3
Don Frye,"6' 1""",--,"Nov 23, 1965",http://ufcstats.com/fighter-details/271fe91f4ba9d2c5
Eduardo Neves,"6' 2""","78""","Mar 16, 2000",http://ufcstats.com/fighter-details/1d688fa375d9431c
Bill Mahood,"6' 3""",--,"Feb 01, 1967",http://ufcstats.com/fighter-details/ae58685caf8e4a0d
Chris Beal,"5' 7""","69""","Aug 06, 1985",http://ufcstats.com/fighter-details/55f446032177b119
Alvin Hines,"6' 2""","74""","Oct 20, 1991",http://ufcstats.com/fighter-details/ab2a4b5e04dc5fe9
Thibault Gouti,"5' 10""","72""","Feb 27, 1987",http://ufcstats.com/fighter-details/51e86de150ee8be6
Brian Houston,"6' 2""",--,"Apr 26, 1981",http://ufcstats.com/fighter-details/36fbaa49a09ff997
Kevin Jackson,"5' 10""",--,"Nov 25, 1964",http://ufcstats.com/fighter-details/13b2f59210dda9cc
Jerron Peoples,"6' 0""",--,"May 04, 1982",http://ufcstats.com/fighter-details/a2ac473d74eb157c
Damien Trites,"5' 11""",--,"Aug 23, 1979",http://ufcstats.com/fighter-details/cb1c09c8126dbee0
Donavon Hedrick,"5' 11""","76""","Mar 21, 1997",http://ufcstats.com/fighter-details/1004099ab87faa8d
Ryan Stonitsch,"5' 9""",--,"Feb 03, 1977",http://ufcstats.com/fighter-details/8d477c3fbe001f9d
Art Arciniega,"5' 8""",--,"Oct 15, 1981",http://ufcstats.com/fighter-details/d25e39e74efb0a77
Chris Haseman,"5' 11""",--,"Jun 02, 1969",http://ufcstats.com/fighter-details/5bd533d50c8e7b8a
Cameron VanCamp,"6' 2""","74""","Apr 27, 1993",http://ufcstats.com/fighter-details/87e2468b986ebb79
Joao Zeferino,"5' 11""",--,"Jan 15, 1986",http://ufcstats.com/fighter-details/be4076c9e8d791e3
Pat Healy,"6' 0""","72""","Jul 20, 1983",http://ufcstats.com/fighter-details/50d2f0018bcf9eef
Soa Palelei,"6' 4""","81""","Jul 12, 1977",http://ufcstats.com/fighter-details/60029bcf496bd707
Humberto DeLeon,--,--,"Nov 12, 1989",http://ufcstats.com/fighter-details/bfaf4c87936b4fae
Conor McGregor,"5' 9""","74""","Jul 14, 1988",http://ufcstats.com/fighter-details/f4c49976c75c5ab2
Gian Villante,"6' 3""","76""","Aug 18, 1985",http://ufcstats.com/fighter-details/fcd448a2fe1a23cc
Heath Herring,"6' 4""","78""","Mar 02, 1978",http://ufcstats.com/fighter-details/7450525c7ba032a0
Joel Thomas,"5' 10""",--,--,http://ufcstats.com/fighter-details/2b33e57c4d0a4502
Alexander Morgan,"5' 10""","71""","May 14, 1991",http://ufcstats.com/fighter-details/938ea36fe9c269f0
Andreas Michailidis,"6' 0""","76""","Jul 18, 1988",http://ufcstats.com/fighter-details/79325a3c1a5c3bf4
Keita Nakamura,"5' 11""","73""","May 22, 1984",http://ufcstats.com/fighter-details/65ddc8a9ac4e8531
Josh Stansbury,"6' 2""","74""","Nov 19, 1984",http://ufcstats.com/fighter-details/30ea504870f8597b
Renato Moicano,"5' 11""","72""","May 21, 1989",http://ufcstats.com/fighter-details/b6452706b373eea1
Greg Nagy,"6' 1""",--,"Oct 18, 1983",http://ufcstats.com/fighter-details/342422bb6ced1e8d
Zabit Magomedsharipov,"6' 1""","73""","Mar 01, 1991",http://ufcstats.com/fighter-details/87aa9fb63d6b51a1
Yoshihiro Nakao,"6' 0""",--,"Jun 25, 1972",http://ufcstats.com/fighter-details/e18012194473e8b0
Kevin Gray,"5' 4""","67""","May 03, 1985",http://ufcstats.com/fighter-details/bb0d290026d7681d
Jose Aldo,"5' 7""","70""","Sep 09, 1986",http://ufcstats.com/fighter-details/d0f3959b4a9747e6
Tyson Nam,"5' 7""","68""","Oct 06, 1983",http://ufcstats.com/fighter-details/6e00cfffd54653c4
Elizabeth Phillips,"5' 6""","65""","Aug 20, 1986",http://ufcstats.com/fighter-details/dcbf01d605681ad1
Klayton Mai,"5' 9""",--,"Nov 30, 1986",http://ufcstats.com/fighter-details/7a9c1bb08a743d7f
Sanford Alton Meeks,"6' 5""","75""","Apr 05, 1994",http://ufcstats.com/fighter-details/27c59ac201539d10
Andy Ologun,"6' 0""",--,"Jun 12, 1983",http://ufcstats.com/fighter-details/e96d8538d3f9d0ed
Daniel Straus,"5' 7""","71""","Jul 27, 1984",http://ufcstats.com/fighter-details/15347cd4cdf01b03
Ailiya Muratbek,--,--,--,http://ufcstats.com/fighter-details/9b6dcc335ad03696
Jordan Johnson,"6' 2""","79""","Nov 18, 1988",http://ufcstats.com/fighter-details/99bcdf5eac39898f
Tyler Stinson,"6' 3""",--,"Jan 17, 1986",http://ufcstats.com/fighter-details/2cf520143e76cd2e
Roland Delorme,"5' 9""","71""","Dec 18, 1983",http://ufcstats.com/fighter-details/173acb3f920082b8
Clint Coronel,--,--,"Jun 15, 1981",http://ufcstats.com/fighter-details/fe67cd6423f7a8ad
Yoshiyuki Yoshida,"5' 11""","70""","May 10, 1974",http://ufcstats.com/fighter-details/ab8900ae1f1dfd4c
Elias Urbina,"6' 3""","77""","Oct 09, 1993",http://ufcstats.com/fighter-details/47fcdcaccb58ca80
Rose Namajunas,"5' 5""","65""","Jun 29, 1992",http://ufcstats.com/fighter-details/47b63240018d5d86
Mauricio Alonso,"6' 2""",--,"Feb 27, 1980",http://ufcstats.com/fighter-details/c6bf75775b278ed8
Khabib Nurmagomedov,"5' 10""","70""","Sep 20, 1988",http://ufcstats.com/fighter-details/032cc3922d871c7f
Andrew Todhunter,"6' 0""",--,"Nov 30, 1987",http://ufcstats.com/fighter-details/274ca7b799b402cc
Kenneth Bergh,"6' 2""","74""","Jun 26, 1989",http://ufcstats.com/fighter-details/aa8189053b3a8994
Phil Hawes,"6' 0""","77""","Jan 08, 1989",http://ufcstats.com/fighter-details/547afe1017e72dbe
Ibo Aslan,"6' 3""","77""","Apr 23, 1996",http://ufcstats.com/fighter-details/6e8f1bcdda94ff45
Ben Earwood,"5' 8""",--,--,http://ufcstats.com/fighter-details/ee457ef1e1c326c1
Kit Cope,"6' 0""",--,"Mar 17, 1977",http://ufcstats.com/fighter-details/ce47f49e5c386a9c
Djorden Santos,"6' 0""","75""","Aug 01, 1997",http://ufcstats.com/fighter-details/312f7d7b2b2f7de4
Ricky Rainey,"6' 1""","77""","Jun 29, 1983",http://ufcstats.com/fighter-details/9b1e3fb4f8cbd5b7
Matt Hobar,"5' 10""","70""","Jan 07, 1987",http://ufcstats.com/fighter-details/b57edace7b647f07
Emmanuel Sanchez,"5' 9""","71""","Aug 11, 1990",http://ufcstats.com/fighter-details/243a336eaa2d2eb4
Larry Cureton,"6' 2""",--,--,http://ufcstats.com/fighter-details/46f11d15c0134fe3
Rory Singer,"6' 2""","77""","May 28, 1976",http://ufcstats.com/fighter-details/546015aa2ad945fd
Curt Warburton,"6' 0""","73""",--,http://ufcstats.com/fighter-details/2721bb808bb2523c
Seo Hee Ham,"5' 2""","62""","Mar 08, 1987",http://ufcstats.com/fighter-details/165c244bcca3ed26
Satoshi Honma,"6' 1""",--,"May 19, 1968",http://ufcstats.com/fighter-details/d2b1c1317a39f6c6
Brian Stann,"6' 1""","74""","Sep 24, 1980",http://ufcstats.com/fighter-details/579fcdfcabd23a7b
Terrance Saeteurn,"5' 6""","67""","May 30, 1995",http://ufcstats.com/fighter-details/a78f7a9135eb6249
Shuya Kamikubo,"5' 5""","68""","Apr 12, 1993",http://ufcstats.com/fighter-details/a46fa1c7972548d0
Akira Shoji,"5' 8""",--,"Jan 31, 1974",http://ufcstats.com/fighter-details/b0c95dc8e858452c
Cole Williams,"6' 0""","73""","Dec 15, 1983",http://ufcstats.com/fighter-details/f9a20a17d712ef7c
Dominick Cruz,"5' 8""","68""","Mar 09, 1985",http://ufcstats.com/fighter-details/10f3ba6cd2f44a97
Robbie Lawler,"5' 11""","74""","Mar 20, 1982",http://ufcstats.com/fighter-details/f2925e6db404bf1d
Kendall Grove,"6' 6""","79""","Nov 12, 1982",http://ufcstats.com/fighter-details/234f3767ff0e5701
Mike Russow,"6' 1""","73""","Sep 11, 1976",http://ufcstats.com/fighter-details/353de740bb6c7e75
Jonathan Wilson,"6' 2""","75""","Jul 17, 1987",http://ufcstats.com/fighter-details/cd01f0b768a32475
Matt Hughes,"5' 9""","73""","Oct 13, 1973",http://ufcstats.com/fighter-details/621a6c59f88a44fe
Cesar Almeida,"6' 1""","74""","Mar 28, 1988",http://ufcstats.com/fighter-details/64d47ef881a437a4
Salim Touahri,"5' 10""","72""","Sep 28, 1989",http://ufcstats.com/fighter-details/cbf1c7ba5408a66f
Francis Marshall,"5' 9""","72""","Mar 03, 1999",http://ufcstats.com/fighter-details/5d495dec23d7c68e
Trey Waters,"6' 5""","77""","Feb 21, 1995",http://ufcstats.com/fighter-details/31dbfbe4e7a6727c
Eric Wray,"6' 0""",--,--,http://ufcstats.com/fighter-details/eb6edce3028f05c0
Alik Lorenz,"6' 2""","77""","Jan 25, 1997",http://ufcstats.com/fighter-details/92b5f4ee9ff40321
Ashlee Evans-Smith,"5' 8""","67""","Jul 09, 1987",http://ufcstats.com/fighter-details/fc6e681bf6658faf
James McSweeney,"6' 4""","77""","Oct 24, 1980",http://ufcstats.com/fighter-details/cac08b8685387ca5
Clay Guida,"5' 7""","70""","Dec 08, 1981",http://ufcstats.com/fighter-details/c47df9303d318c67
Tito Ortiz,"6' 3""","74""","Jan 23, 1975",http://ufcstats.com/fighter-details/2f732dd9210d301f
Sam Greco,"6' 2""",--,"May 03, 1967",http://ufcstats.com/fighter-details/6d12031661db8ac8
Jordan Dowdy,--,--,--,http://ufcstats.com/fighter-details/0d9312337fdce39a
Dave Phillips,"6' 0""",--,"Jan 12, 1980",http://ufcstats.com/fighter-details/99020eeb8cd5689d
Nate Mohr,"5' 9""","72""","Mar 03, 1983",http://ufcstats.com/fighter-details/04c15b52c3cc1cab
Anthony Christodoulou,"5' 9""",--,"Jul 30, 1987",http://ufcstats.com/fighter-details/4f11e9ce318ffbcb
Clay Collard,"5' 11""","73""","Mar 10, 1993",http://ufcstats.com/fighter-details/cc900c6a71ed23f3
Zhalgas Zhumagulov,"5' 4""","66""","Aug 29, 1988",http://ufcstats.com/fighter-details/55fa6ce3e522c8bb
Montana De La Rosa,"5' 7""","68""","Feb 14, 1995",http://ufcstats.com/fighter-details/80d8aed0ca9b00f3
Nicdali Rivera-Calanoc,"5' 3""",--,"Jun 12, 1985",http://ufcstats.com/fighter-details/60917f79b7271d83
Egidijus Valavicius,"6' 0""",--,"Dec 23, 1978",http://ufcstats.com/fighter-details/fc1868f56d3036eb
Mitch Clarke,"5' 10""","73""","Nov 24, 1985",http://ufcstats.com/fighter-details/c76ec2bc3a57666a
Joselyne Edwards,"5' 8""","70""","Sep 29, 1995",http://ufcstats.com/fighter-details/f9ab66e67240db7b
Dennis Buzukja,"5' 9""","70""","Oct 01, 1997",http://ufcstats.com/fighter-details/c4d039123e62f6a9
Yan Cabral,"5' 11""","73""","May 13, 1983",http://ufcstats.com/fighter-details/7cdd3e5d3aa9cb39
Jason Reinhardt,"5' 6""",--,"Oct 31, 1969",http://ufcstats.com/fighter-details/02500fb9fd79a974
Crosley Gracie,"5' 9""",--,"Jul 18, 1979",http://ufcstats.com/fighter-details/52d92050a046bc17
Papy Abedi,"5' 11""",--,"Jun 30, 1978",http://ufcstats.com/fighter-details/c9f6385af6df66d7
Katsuaki Furuki,"6' 0""",--,"Nov 10, 1980",http://ufcstats.com/fighter-details/c3e2eca94b2320bc
Lionel Lanham,--,--,"Aug 31, 1980",http://ufcstats.com/fighter-details/b8980dd7e8fc5976
Homer Moore,"5' 10""",--,"Nov 27, 1971",http://ufcstats.com/fighter-details/e56df3c1d8b4b1cc
Brian Ebersole,"6' 0""","73""","Nov 27, 1980",http://ufcstats.com/fighter-details/32ba186f4b0e3267
Chris Bostick,--,--,--,http://ufcstats.com/fighter-details/239224bedeb2c7a4
Marnic Mann,"5' 0""","64""","Mar 05, 1993",http://ufcstats.com/fighter-details/b6203e0492a9336c
Marco Polo Reyes,"5' 11""","71""","Nov 07, 1984",http://ufcstats.com/fighter-details/edd02825c29028fe
Cody Canterbury,"5' 8""",--,--,http://ufcstats.com/fighter-details/23100e8f71f25a4a
Matthew Riddle,"6' 1""","76""","Jan 14, 1986",http://ufcstats.com/fighter-details/d023ae89a2a4a41e
Falaniko Vitale,"5' 10""",--,"Jul 14, 1974",http://ufcstats.com/fighter-details/445a98acb8985970
Gregory Rodrigues,"6' 3""","75""","Feb 17, 1992",http://ufcstats.com/fighter-details/d1c65d2cf2925ddd
Daniel Puder,"6' 3""",--,"Oct 09, 1981",http://ufcstats.com/fighter-details/66e0a70352fef46a
Joe Schilling,"6' 3""",--,--,http://ufcstats.com/fighter-details/f41fad444939056b
Juan Diaz,"5' 8""","69""","Jun 03, 1998",http://ufcstats.com/fighter-details/74939a16c7b56f33
Oluwale Bamgbose,"5' 11""","78""","Aug 04, 1987",http://ufcstats.com/fighter-details/04b39f4e8eb59d7c
Donald Cerrone,"6' 1""","73""","Mar 29, 1983",http://ufcstats.com/fighter-details/1d00756835ca67c9
Sarah Moras,"5' 7""","67""","Apr 30, 1988",http://ufcstats.com/fighter-details/539ed332b3078821
Sabah Homasi,"6' 0""","72""","Oct 19, 1988",http://ufcstats.com/fighter-details/71f048adbfed5b49
Marcel Fortuna,"6' 1""","74""","Oct 22, 1985",http://ufcstats.com/fighter-details/d761b3766e38c5db
Rainn Guerrero,"5' 6""","65""","May 13, 1992",http://ufcstats.com/fighter-details/8300a47f6fd6fe4f
Rick Roufus,"6' 0""",--,"Jun 03, 1966",http://ufcstats.com/fighter-details/872b018076f831b0
Amaury Bitetti,"5' 9""",--,"Apr 14, 1969",http://ufcstats.com/fighter-details/7a359ef685a304a7
Fernando Bettega,--,--,"Mar 10, 1980",http://ufcstats.com/fighter-details/a524710c3ef918fa
Will Chope,"6' 4""",--,"Sep 08, 1990",http://ufcstats.com/fighter-details/db5dc7cb80d7d418
Nick Aguirre,"5' 9""","74""","Jan 15, 1996",http://ufcstats.com/fighter-details/0978385b2bd9ef9b
Ryan Bastianelli,"5' 5""",--,"Sep 07, 1979",http://ufcstats.com/fighter-details/29508aff4d93cbbe
Jeremiah Billington,"5' 9""",--,"Nov 14, 1977",http://ufcstats.com/fighter-details/b3b6e80b7d5f8f0d
George Bush,"6' 1""",--,--,http://ufcstats.com/fighter-details/f0c779dc2ca3816c
Keith Wisniewski,"6' 0""",--,"Oct 25, 1981",http://ufcstats.com/fighter-details/cd12227edd3f134b
Gilbert Burns,"5' 10""","71""","Jul 20, 1986",http://ufcstats.com/fighter-details/23024fdfc966410a
Josh Bryant,"5' 10""",--,"Apr 23, 1980",http://ufcstats.com/fighter-details/01f022fa494188e2
Shanna Young,"5' 7""","65""","Feb 20, 1991",http://ufcstats.com/fighter-details/568bbad0eaced57c
Edgar Chairez,"5' 7""","71""","Jan 27, 1996",http://ufcstats.com/fighter-details/5ef94841c4bc3f86
Shogo Sato,"5' 7""","66""","Jun 08, 1993",http://ufcstats.com/fighter-details/c982b98d33825763
Brock Jardine,"5' 11""",--,"Jul 10, 1985",http://ufcstats.com/fighter-details/64959f90b6dd9759
James Barnes,"5' 8""","71""","May 28, 1982",http://ufcstats.com/fighter-details/c06a5c95f1169c0b
AJ Fonseca,"5' 4""",--,--,http://ufcstats.com/fighter-details/0adf1aacda5e26ac
Aalon Cruz,"6' 0""","78""","Sep 20, 1989",http://ufcstats.com/fighter-details/003d82fa384ca1d0
Dylan Salvador,"5' 9""","69""","May 20, 1993",http://ufcstats.com/fighter-details/a7a3fb5f6c67b122
Israel Adesanya,"6' 4""","80""","Jul 22, 1989",http://ufcstats.com/fighter-details/1338e2c7480bdf9e
Zach Reese,"6' 4""","77""","Mar 24, 1994",http://ufcstats.com/fighter-details/23dec7c47cb418f8
Daniel Roberts,"5' 10""","74""","Aug 05, 1980",http://ufcstats.com/fighter-details/22edaf53ad59a967
Takashi Sato,"5' 10""","73""","Jun 09, 1990",http://ufcstats.com/fighter-details/8abac218746e04ca
Masanori Suda,"5' 9""",--,--,http://ufcstats.com/fighter-details/3a7513372f79c8c8
Curtis Millender,"6' 2""","76""","Dec 01, 1987",http://ufcstats.com/fighter-details/f1928a52590c5532
Julia Avila,"5' 7""","68""","May 11, 1988",http://ufcstats.com/fighter-details/86d9dbe1bfcbade7
Ketlen Vieira,"5' 8""","68""","Aug 26, 1991",http://ufcstats.com/fighter-details/b9706f80d005036c
Mario Soto,"6' 0""",--,--,http://ufcstats.com/fighter-details/cac3aaa66c20bee1
Mike Cook,"6' 1""",--,"Oct 07, 1981",http://ufcstats.com/fighter-details/3ab0df1ddd5f1dc2
Liang Na,"5' 5""","67""","Jul 27, 1996",http://ufcstats.com/fighter-details/ec0dcceace7d25a3
Nah-Shon Burrell,"5' 11""",--,"Feb 05, 1990",http://ufcstats.com/fighter-details/2c64c035485906aa
Daniel Spitz,"6' 7""","82""","Jul 31, 1990",http://ufcstats.com/fighter-details/f86cb5f25d545e0e
Sam Adkins,"6' 3""",--,"Apr 26, 1965",http://ufcstats.com/fighter-details/0e9869d712e81f8f
Samuel Sanches,"5' 10""","74""","Jan 28, 2003",http://ufcstats.com/fighter-details/438d497617ecb16e
Russell Doane,"5' 7""","70""","Aug 13, 1986",http://ufcstats.com/fighter-details/f50d95223751e6ca
Juan Andres Luna,"5' 7""","72""","Aug 20, 1995",http://ufcstats.com/fighter-details/1fd9f744105024a8
Theo Rlayang,"5' 7""","65""","Aug 10, 1994",http://ufcstats.com/fighter-details/8aabef76351401d0
Nissen Osterneck,"6' 2""",--,"May 01, 1981",http://ufcstats.com/fighter-details/d632d156c0549e07
Nick Catone,"6' 0""","72""","Sep 01, 1981",http://ufcstats.com/fighter-details/f8fe2053d73d7bcf
AJ Siscoe,"5' 7""",--,--,http://ufcstats.com/fighter-details/fce9b4056a8ef559
Abdul Azeem Badakhshi,--,--,--,http://ufcstats.com/fighter-details/968764372c49eab6
Spencer Fisher,"5' 7""","68""","May 09, 1976",http://ufcstats.com/fighter-details/f34312c2ccfa0e00
Marcin Tybura,"6' 3""","78""","Nov 09, 1985",http://ufcstats.com/fighter-details/c9cf753cfdf77fc2
Tom Blackledge,--,--,--,http://ufcstats.com/fighter-details/2adb11835acd815b
Jeremiah Riggs,"6' 0""",--,"Dec 17, 1982",http://ufcstats.com/fighter-details/f1a9ad7485e5024a
Gloria de Paula,"5' 5""","67""","Jun 10, 1995",http://ufcstats.com/fighter-details/5dd180c8b3196786
Yoji Anjo,"5' 11""",--,"Mar 28, 1967",http://ufcstats.com/fighter-details/e06fd1260ac865a7
Ian Loveland,"5' 8""",--,"Sep 07, 1983",http://ufcstats.com/fighter-details/eea0274e153256a0
Joe Taimanglo,"5' 4""",--,"Jun 27, 1984",http://ufcstats.com/fighter-details/9bf126927843e184
Rob Kimmons,"5' 10""","73""","Jan 30, 1981",http://ufcstats.com/fighter-details/054defd5420a551f
Marcelo Guimaraes,"6' 0""","73""","Jun 25, 1983",http://ufcstats.com/fighter-details/0c9c0a43d3f3f49d
Grigory Popov,"5' 7""","68""","Apr 18, 1984",http://ufcstats.com/fighter-details/d3fa5c5955397532
Matt Horwich,"6' 1""",--,"Oct 02, 1978",http://ufcstats.com/fighter-details/049d698d773eb3e1
Fellipe Andrew,--,--,"Oct 24, 1994",http://ufcstats.com/fighter-details/7977fb0fd9c5955d
Cody Floyd,--,--,"Jul 18, 1988",http://ufcstats.com/fighter-details/8164250600b7c91b
Anthony Romero,"5' 11""","70""","Feb 25, 1997",http://ufcstats.com/fighter-details/6f81399074fcdbba
David Blanco,"5' 7""",--,--,http://ufcstats.com/fighter-details/ebf298f8ac7e232b
Leandro Silva,"5' 9""","72""","Nov 11, 1985",http://ufcstats.com/fighter-details/159da492e000afbf
Luke Zachrich,"6' 2""","74""","Dec 19, 1981",http://ufcstats.com/fighter-details/2284092f8b63273b
Nick Gibbons,"5' 10""",--,--,http://ufcstats.com/fighter-details/96a221341035b701
Thaddeus Luster,"6' 3""",--,--,http://ufcstats.com/fighter-details/505934897b8b4824
Alan Belcher,"6' 2""","75""","Apr 24, 1984",http://ufcstats.com/fighter-details/4130a743d9d22163
Raphael Uchegbu,"5' 9""","73""","Aug 16, 1995",http://ufcstats.com/fighter-details/cb680d85b84cbfd9
Daiju Takase,"6' 0""",--,"Apr 20, 1978",http://ufcstats.com/fighter-details/4f74c8be51db8a37
Art Santore,"6' 2""",--,"Oct 26, 1972",http://ufcstats.com/fighter-details/012fc7cd0779c09a
Fernando Gonzalez,"5' 9""","68""","Sep 15, 1983",http://ufcstats.com/fighter-details/be5aab761c40ef35
Nazim Sadykhov,"5' 10""","69""","May 16, 1994",http://ufcstats.com/fighter-details/ff62013d2fce6d13
David Velasquez,"5' 5""",--,"Oct 19, 1966",http://ufcstats.com/fighter-details/09c44b317c98bf96
Alexis Dufresne,"5' 9""",--,"Aug 31, 1990",http://ufcstats.com/fighter-details/4ae4049426e0161d
Alonzo Menifield,"6' 0""","76""","Oct 18, 1987",http://ufcstats.com/fighter-details/a495f599e787614f
Tra Telligman,"6' 2""",--,"Feb 07, 1965",http://ufcstats.com/fighter-details/1dab0d1d81dd06db
Andre Santos,"6' 0""",--,--,http://ufcstats.com/fighter-details/5b5b78116d1fc3eb
Karine Gevorgyan,"5' 4""","63""","Mar 09, 1989",http://ufcstats.com/fighter-details/2db0c114414d4f06
Darren Till,"6' 0""","74""","Dec 24, 1992",http://ufcstats.com/fighter-details/9ce6d5a03af801b7
Jeremy Wallace,"5' 9""",--,"Feb 13, 1987",http://ufcstats.com/fighter-details/b87c3f460709f74c
Patrick Williams,"5' 8""","73""","Sep 07, 1981",http://ufcstats.com/fighter-details/39330403ad27c2bb
Dan Stittgen,"6' 1""",--,"Nov 17, 1980",http://ufcstats.com/fighter-details/cc3147b49c7d7d92
Gregor Gillespie,"5' 7""","71""","Nov 13, 1986",http://ufcstats.com/fighter-details/84ff027394f7e470
Roberto Traven,"6' 3""",--,"Sep 16, 1968",http://ufcstats.com/fighter-details/20ec0061400178ca
Carlos Zevallos,"6' 0""",--,"Sep 05, 1978",http://ufcstats.com/fighter-details/cbf69fa846c7e3ee
Sung Bin Jo,"6' 0""","72""","Jul 17, 1992",http://ufcstats.com/fighter-details/6e0e977beb909837
Akitoshi Tamura,"5' 9""","70""","May 31, 1980",http://ufcstats.com/fighter-details/c95fbc085e17a532
Rob MacDonald,"6' 3""","78""","Sep 05, 1978",http://ufcstats.com/fighter-details/f3388d2cf7ab3f64
Juliana Miller,"5' 7""","66""","May 07, 1996",http://ufcstats.com/fighter-details/aa0c573da7119292
Paige VanZant,"5' 4""","65""","Mar 26, 1994",http://ufcstats.com/fighter-details/4d5197f331c47290
Xiao Long,"5' 8""","70""","Apr 13, 1998",http://ufcstats.com/fighter-details/86bace9e4ad85542
Dashawn Boatwright,"6' 0""",--,"Feb 29, 1988",http://ufcstats.com/fighter-details/046a85108610c0d2
Roger Huerta,"5' 9""","70""","May 20, 1983",http://ufcstats.com/fighter-details/daf1b84aebd6602b
Harry Hunsucker,"6' 2""","75""","Jan 03, 1989",http://ufcstats.com/fighter-details/f703250471acaf96
Tofiq Musayev,"5' 9""","69""","Dec 15, 1989",http://ufcstats.com/fighter-details/ae81a3ac7b260411
Valeri Ignatov,"5' 9""",--,--,http://ufcstats.com/fighter-details/7b6ce3a9460565b5
Dashon Johnson,"5' 7""",--,"Jan 25, 1988",http://ufcstats.com/fighter-details/36207c58e854cae5
Brian Geraghty,"5' 7""",--,"Nov 04, 1980",http://ufcstats.com/fighter-details/15edcf67ccf5be84
Kris Moutinho,"5' 7""","68""","Aug 09, 1992",http://ufcstats.com/fighter-details/9c27f3217891f3f0
Dinis Paiva Jr.,"5' 9""","71""","May 26, 1988",http://ufcstats.com/fighter-details/ad3a5e465c76e499
Bobby Flynn,--,--,--,http://ufcstats.com/fighter-details/c97fc5fbf7d32b8a
Jamey Simmons,"5' 6""","70""","Sep 11, 1992",http://ufcstats.com/fighter-details/f0fad0e9f3b65752
Scott Junk,"6' 1""",--,"Dec 17, 1978",http://ufcstats.com/fighter-details/ac70a4f1db1b8c40
Jaime Alvarez,"5' 8""","69""","Mar 08, 1988",http://ufcstats.com/fighter-details/4438482bd1d5a029
Jason DeLucia,"5' 11""",--,"Jul 24, 1969",http://ufcstats.com/fighter-details/6ceff86fae4f6b3b
Adam Smith,--,--,--,http://ufcstats.com/fighter-details/754968e325d6f60d
Rodrigo Ruas,"5' 10""",--,"Oct 06, 1977",http://ufcstats.com/fighter-details/94070f6544c4b2a5
Shane Primm,"6' 3""",--,"Jul 30, 1984",http://ufcstats.com/fighter-details/5114f1b5ad4cdf72
Yibugele,"5' 7""","69""","Nov 13, 1989",http://ufcstats.com/fighter-details/cc2fcae2c0dc501d
Carlos Mota,"5' 4""","69""","Apr 15, 1995",http://ufcstats.com/fighter-details/b15862fcd6ded451
Steve Steinbeiss,"6' 3""","75""","May 05, 1981",http://ufcstats.com/fighter-details/0b5b6876c2a4723f
Anton Zafir,"5' 11""",--,"May 10, 1987",http://ufcstats.com/fighter-details/8c822811eedc11ad
Anthony Lapsley,"5' 9""",--,"Feb 13, 1980",http://ufcstats.com/fighter-details/f3a853544e4413c4
Cale Yarbrough,"6' 1""",--,"Dec 27, 1986",http://ufcstats.com/fighter-details/a0b91014e9d16a76
Janaina Silva,"5' 1""","60""","Feb 16, 1992",http://ufcstats.com/fighter-details/4784a5b4a452464a
Aisling Daly,"5' 2""","64""","Dec 24, 1987",http://ufcstats.com/fighter-details/e50cd77732d39967
Rinat Fakhretdinov,"6' 0""","74""","Sep 28, 1991",http://ufcstats.com/fighter-details/8f765fd5775a8873
Billy Elekana,"6' 3""","77""","May 28, 1995",http://ufcstats.com/fighter-details/07a74004d964c7f4
Bruno Oliveira,"6' 4""","80""","May 02, 1984",http://ufcstats.com/fighter-details/1e85912c9bab7e2b
Harry Moskowitz,"6' 5""",--,--,http://ufcstats.com/fighter-details/4dc496aa0cfc0d95
Augusto Montano,"6' 1""","73""","Oct 25, 1984",http://ufcstats.com/fighter-details/94508d80e1f885fc
Andy Enz,"6' 3""","78""","Aug 15, 1991",http://ufcstats.com/fighter-details/993d385f5a475375
Mizuki,"5' 3""","65""","Aug 19, 1994",http://ufcstats.com/fighter-details/43a59ce3bb40449e
Joachim Hansen,"5' 7""",--,"May 26, 1979",http://ufcstats.com/fighter-details/86e388ed20761ad9
JW Wright,--,--,"Jan 12, 1976",http://ufcstats.com/fighter-details/2a0b19a96f848eff
Stefan Leko,"6' 2""",--,"Jun 03, 1974",http://ufcstats.com/fighter-details/d56bb6dff2ae77eb
Alex Oliveira,"5' 11""","76""","Feb 21, 1988",http://ufcstats.com/fighter-details/57b10fca4f9c9a7a
Linton Vassell,"6' 4""",--,"Jun 03, 1983",http://ufcstats.com/fighter-details/a148dfe3485be79d
JunYoung Hong,"5' 9""","69""","Dec 18, 1990",http://ufcstats.com/fighter-details/b24666e26bd750a3
Lucas Caldas,"5' 8""","70""","May 22, 1996",http://ufcstats.com/fighter-details/8661578c8bb80f51
Claudio Silva,"5' 11""","71""","Sep 06, 1982",http://ufcstats.com/fighter-details/6f7c616b98e18c29
Raou Raou,"5' 8""",--,--,http://ufcstats.com/fighter-details/ed069a95aaaf4f56
Manuel Exposito,"5' 7""","68""","May 09, 2000",http://ufcstats.com/fighter-details/a1cb266d7f44f35f
Yizha,"5' 7""","71""","Jan 08, 1997",http://ufcstats.com/fighter-details/3f11fd1751fa83b1
Ricardo Barros,"6' 1""",--,"Mar 22, 1976",http://ufcstats.com/fighter-details/d26394fc0e8e880a
Kevin Burns,"5' 10""","74""","Mar 03, 1980",http://ufcstats.com/fighter-details/a6d8bfe9e0c8153b
Marcus Kowal,--,--,"Mar 29, 1977",http://ufcstats.com/fighter-details/ad0e42800a0d8977
Per Eklund,"5' 10""","72""","Nov 12, 1980",http://ufcstats.com/fighter-details/58bc81376286b3d3
Moise Rimbon,"5' 10""",--,"Apr 20, 1977",http://ufcstats.com/fighter-details/9be3728f3f7badb2
Ion Cutelaba,"6' 1""","75""","Dec 14, 1993",http://ufcstats.com/fighter-details/cd13728ae1151f46
Antoni Hardonk,"6' 4""","78""","Feb 05, 1976",http://ufcstats.com/fighter-details/69b69c0178c4004d
Bobby Stack,"5' 9""",--,--,http://ufcstats.com/fighter-details/6436029b50a9c255
Gustavo Lopez,"5' 5""","67""","Jun 27, 1989",http://ufcstats.com/fighter-details/93b62c5f2ba18e51
Jake Matthews,"5' 11""","73""","Aug 19, 1994",http://ufcstats.com/fighter-details/a845f0735bc67405
Jalin Turner,"6' 3""","77""","May 18, 1995",http://ufcstats.com/fighter-details/4d8fa64202cee4c1
Naoyuki Kotani,"5' 8""","66""","Dec 08, 1981",http://ufcstats.com/fighter-details/bc8f6b42767e28df
Danny Silva,"5' 11""","70""","Jan 30, 1997",http://ufcstats.com/fighter-details/d964a59c48381cb6
Jacobi Jones,"5' 9""","72""","May 24, 1996",http://ufcstats.com/fighter-details/08b01ed84044c6bc
Rogerio Nogueira,"6' 2""","75""","Jun 02, 1976",http://ufcstats.com/fighter-details/73e09f837f3b5ecc
Vaughan Lee,"5' 6""","66""","Oct 15, 1982",http://ufcstats.com/fighter-details/8bb6f4479685bbcc
Marilia Santos,"5' 4""",--,"Dec 12, 1992",http://ufcstats.com/fighter-details/4cb79988b2a9bd07
Mike Campbell,"5' 9""",--,"Nov 15, 1982",http://ufcstats.com/fighter-details/f5585e675af7afd4
Tony Juarez,--,--,--,http://ufcstats.com/fighter-details/97f3692d5444a80a
AJ Dobson,"6' 1""","76""","Jan 18, 1992",http://ufcstats.com/fighter-details/009c4420727149ea
Levi Alford,--,--,--,http://ufcstats.com/fighter-details/41b34b7f11f6d085
Brett Johns,"5' 7""","71""","Feb 21, 1992",http://ufcstats.com/fighter-details/ec52462a1b41f714
Eduardo Bustillos,"5' 8""",--,"Jun 02, 1987",http://ufcstats.com/fighter-details/f273f1b8df04c8a1
Josh Bennett,"6' 4""",--,--,http://ufcstats.com/fighter-details/c3ac8d0da7b05772
Christos Giagos,"5' 10""","71""","Jan 23, 1990",http://ufcstats.com/fighter-details/de45aaae23dfa392
Irina Alekseeva,"5' 8""","67""","Jun 27, 1990",http://ufcstats.com/fighter-details/103e2e33a60683e1
Ashe Bowman,"5' 9""",--,"Nov 17, 1976",http://ufcstats.com/fighter-details/8a0a35e7c74bebcc
Luke Fernandez,"6' 1""","76""","Jun 29, 1995",http://ufcstats.com/fighter-details/d62e280d0f7b6d6f
John Maguire,"5' 9""","69""","May 19, 1983",http://ufcstats.com/fighter-details/1a7745388839e52b
Thiago Santos,"6' 2""","76""","Jan 07, 1984",http://ufcstats.com/fighter-details/dea070ed4a2a8281
Stefan Sekulic,"6' 0""","75""","Feb 12, 1992",http://ufcstats.com/fighter-details/348dff4e03bd18c6
Jack Nilson,--,--,--,http://ufcstats.com/fighter-details/53e533db1b8e9712
Scott Bessac,"6' 4""",--,"Oct 05, 1965",http://ufcstats.com/fighter-details/3f24c96753dbd9f9
Darrell Horcher,"5' 10""","70""","Jul 28, 1987",http://ufcstats.com/fighter-details/18e8b7070228e728
Tagir Ulanbekov,"5' 7""","70""","Aug 07, 1991",http://ufcstats.com/fighter-details/f00ac08ab056af5d
Joanne Wood,"5' 6""","65""","Dec 23, 1985",http://ufcstats.com/fighter-details/12f91bfa8f1f723b
Ramazan Emeev,"5' 10""","76""","May 23, 1987",http://ufcstats.com/fighter-details/abd5fb12437eda21
Daniel Zellhuber,"6' 1""","77""","Jul 07, 1999",http://ufcstats.com/fighter-details/4148802ae4a50768
Darrion Caldwell,"5' 10""",--,"Dec 19, 1987",http://ufcstats.com/fighter-details/b7dc25ee40ee8334
Brad Gumm,"5' 11""",--,--,http://ufcstats.com/fighter-details/4d74641fac830182
Shannon Ross,"5' 6""","66""","May 12, 1989",http://ufcstats.com/fighter-details/51c655162e462ceb
Tom Tuggle,"6' 2""",--,--,http://ufcstats.com/fighter-details/b9aa7d230865b5fe
Leon Edwards,"6' 2""","74""","Aug 25, 1991",http://ufcstats.com/fighter-details/f1fac969a1d70b08
Steve Ramirez,"5' 7""",--,--,http://ufcstats.com/fighter-details/4311e9d23604205c
Ron Faircloth,"5' 9""",--,"Aug 16, 1979",http://ufcstats.com/fighter-details/453ee00c3e1ae9dd
Jack Marshman,"6' 0""","73""","Dec 19, 1989",http://ufcstats.com/fighter-details/045f25b3a4c08e81
Douglas Silva de Andrade,"5' 7""","68""","Jun 22, 1985",http://ufcstats.com/fighter-details/3a314d9fa7c6825d
Takashi Sugiura,"5' 11""",--,"May 31, 1970",http://ufcstats.com/fighter-details/06c60fc2c8dcd7bd
Da Woon Jung,"6' 4""","78""","Dec 07, 1993",http://ufcstats.com/fighter-details/74f9448b97bf8bec
Yuji Nagata,"6' 0""",--,"Apr 24, 1968",http://ufcstats.com/fighter-details/e49c2db95e572dc8
JP Felty,--,--,"Apr 28, 1979",http://ufcstats.com/fighter-details/954e3f4e2b0e6510
Yokthai Sithoar,"5' 7""",--,"Dec 25, 1974",http://ufcstats.com/fighter-details/436cdea7bdfdc016
Jonny Parsons,"5' 9""","69""","Sep 06, 1991",http://ufcstats.com/fighter-details/2975297f505e9447
Andre Walker,"5' 11""",--,"Nov 22, 1972",http://ufcstats.com/fighter-details/18944a1a6ac1becf
Bart Palaszewski,"5' 9""","70""","May 30, 1983",http://ufcstats.com/fighter-details/4304992c2acc187b
Ben Saunders,"6' 2""","77""","Apr 13, 1983",http://ufcstats.com/fighter-details/484acc7b0f856ce9
Young Hwang,"5' 9""",--,"Sep 02, 1988",http://ufcstats.com/fighter-details/8588d14c4952b9fa
Ben Askren,"5' 11""","73""","Jul 18, 1984",http://ufcstats.com/fighter-details/0b31f87be71ebbb1
Matt Wiman,"5' 10""","68""","Sep 19, 1983",http://ufcstats.com/fighter-details/eb29176b03dfa888
Claudio Mattos,--,--,--,http://ufcstats.com/fighter-details/6e2b1d631832921d
Jack Hermansson,"6' 1""","77""","Jun 10, 1988",http://ufcstats.com/fighter-details/0a1942069c9ad6b6
Ricardo Abreu,"5' 11""",--,"Apr 27, 1984",http://ufcstats.com/fighter-details/aa6e591c2a2cdecd
Carlos Eduardo Rocha,"5' 10""","73""","Jul 12, 1981",http://ufcstats.com/fighter-details/4f736494fc733095
Desmond Green,"5' 10""","73""","Oct 11, 1989",http://ufcstats.com/fighter-details/f046d724d2a84ac5
Eliot Marshall,"6' 2""","77""","Jul 07, 1980",http://ufcstats.com/fighter-details/a08d909a5be6f410
Geane Herrera,"5' 5""","66""","May 27, 1990",http://ufcstats.com/fighter-details/c169545ab0825f44
Alvaro Herrera Mendoza,"6' 0""","74""","May 14, 1990",http://ufcstats.com/fighter-details/74d35fbc9c6a61bd
Vernon White,"6' 0""",--,"Dec 03, 1971",http://ufcstats.com/fighter-details/12458872d6afae1b
Luke Barnatt,"6' 6""","77""","Apr 13, 1988",http://ufcstats.com/fighter-details/172c2135e70f87b7
Deron Winn,"5' 6""","70""","Jun 13, 1989",http://ufcstats.com/fighter-details/483a953b18d73bb3
Kyle Kingsbury,"6' 4""","79""","Mar 22, 1982",http://ufcstats.com/fighter-details/b959e8c7fd8390d2
EoJin Park,"6' 0""","71""","Dec 26, 2001",http://ufcstats.com/fighter-details/f79e7f138bf50cc0
Robelis Despaigne,"6' 7""","84""","Sep 09, 1988",http://ufcstats.com/fighter-details/140567899d98978a
Clay Mitchell,"6' 2""",--,--,http://ufcstats.com/fighter-details/3d960455f880bb25
Vik Grujic,"5' 11""","73""","Feb 06, 1977",http://ufcstats.com/fighter-details/1e7483dbff40b84b
Zachary Scroggin,"6' 3""","74""","Mar 09, 1996",http://ufcstats.com/fighter-details/03dee485905dbc9f
Jean-Paul Lebosnoyani,"5' 11""","72""","Jan 27, 1999",http://ufcstats.com/fighter-details/a3dda21be645be93
Jake Ellenberger,"5' 9""","71""","Mar 28, 1985",http://ufcstats.com/fighter-details/d81ac739417d7f53
Jeremy  Freitag,"6' 1""",--,--,http://ufcstats.com/fighter-details/a47e9ec288c91067
Steven Nguyen,"5' 11""","73""","May 19, 1993",http://ufcstats.com/fighter-details/69037fc7730e4225
Kaitlin Young,"5' 9""",--,"Sep 15, 1985",http://ufcstats.com/fighter-details/79ff6545b0abc685
Amilcar Alves,"6' 0""",--,"Aug 08, 1988",http://ufcstats.com/fighter-details/dc5a6b2fdb27e7dc
Liana Jojua,"5' 4""","62""","Mar 22, 1995",http://ufcstats.com/fighter-details/eebc23626e38f5dc
Stephen Banaszak,"6' 0""",--,"Dec 07, 1990",http://ufcstats.com/fighter-details/4c4b44e3cf5815b3
Thomas Longacre,"5' 9""",--,--,http://ufcstats.com/fighter-details/989be26791d0aad4
Mike Polchlopek,"6' 4""",--,"Dec 27, 1965",http://ufcstats.com/fighter-details/3bb030257966b022
Teruto Ishihara,"5' 7""","69""","Jul 23, 1991",http://ufcstats.com/fighter-details/88cd34d836b4ebcd
Aleksa Camur,"6' 1""","74""","Sep 25, 1995",http://ufcstats.com/fighter-details/c2a670b22d2e196f
Matt Dixon,"5' 10""","75""","Oct 09, 1995",http://ufcstats.com/fighter-details/1db445a4468447d0
Lisa Ellis,"5' 4""",--,"Nov 15, 1982",http://ufcstats.com/fighter-details/77350fd0e6d1dba8
Jason Dent,"5' 10""","71""","Jun 12, 1980",http://ufcstats.com/fighter-details/fa8b9e6b0c2269f8
Michael Knaap,"6' 2""",--,"Feb 27, 1984",http://ufcstats.com/fighter-details/02f0e04acf102ea9
Austin Lingo,"5' 10""","70""","Jul 10, 1994",http://ufcstats.com/fighter-details/305d73ede05e31ad
Benito Lopez,"5' 10""","73""","Apr 06, 1994",http://ufcstats.com/fighter-details/773f7feacf96153e
Pauline Macias,"5' 4""","64""","Jun 27, 1988",http://ufcstats.com/fighter-details/e88b83dea18f5d31
Liam McGeary,"6' 6""",--,"Oct 04, 1982",http://ufcstats.com/fighter-details/e4e0993befecdaf8
Yuri Panferov,"6' 1""","72""","Aug 30, 1996",http://ufcstats.com/fighter-details/36d811b015635b67
Yan Qihui,"5' 3""","62""","Oct 21, 1996",http://ufcstats.com/fighter-details/5c9c2e247c836b67
Willie Parks,"5' 10""",--,"Nov 04, 1983",http://ufcstats.com/fighter-details/86ad0ae839331bd7
Eugene Jackson,"5' 8""",--,"Sep 23, 1966",http://ufcstats.com/fighter-details/ce783bf73b5131f9
Marion Reneau,"5' 6""","68""","Jun 20, 1977",http://ufcstats.com/fighter-details/c7d297714d9ab1a4
Modestas Bukauskas,"6' 3""","76""","Feb 10, 1994",http://ufcstats.com/fighter-details/476fe566d2df676e
John Clarke,--,--,"Aug 15, 1977",http://ufcstats.com/fighter-details/a77c71a574132188
Cody Donovan,"6' 3""","74""","Feb 20, 1981",http://ufcstats.com/fighter-details/7bc96507e4b38d3b
Justin Jones,"5' 11""",--,"Sep 06, 1987",http://ufcstats.com/fighter-details/9b75954db8db2a08
Mark Vorgeas,"5' 10""",--,--,http://ufcstats.com/fighter-details/ef0344ed552d8a22
Donald Sanchez,"5' 10""",--,"Aug 18, 1984",http://ufcstats.com/fighter-details/bb140b121283acbb
Steven Koslow,"5' 7""","69""","Jan 22, 1997",http://ufcstats.com/fighter-details/84512339473dd300
Chris Hawk,"6' 1""",--,"Dec 20, 1985",http://ufcstats.com/fighter-details/9460c867aae1987e
Justin Davis,"5' 11""",--,"Apr 01, 1983",http://ufcstats.com/fighter-details/20697b334f6c0a45
Mariusz Ksiazkiewicz,"6' 3""","75""","Oct 04, 1989",http://ufcstats.com/fighter-details/ab16537dd1e5e81d
Erick Silva,"6' 0""","74""","Jun 21, 1984",http://ufcstats.com/fighter-details/5866fc86183a9fb8
Artem Lobov,"5' 9""","65""","Aug 11, 1986",http://ufcstats.com/fighter-details/02f2a9702ba3d167
Francisco Prado,"5' 10""","69""","Jun 16, 2002",http://ufcstats.com/fighter-details/3920d0cc288f9b0d
Jacob Silva,"5' 5""","67""","Feb 23, 1988",http://ufcstats.com/fighter-details/f6f2ea21a67be3a7
Clay French,"5' 7""",--,"Oct 07, 1980",http://ufcstats.com/fighter-details/73321668ff977f1b
JP Buys,"5' 5""","67""","Apr 30, 1996",http://ufcstats.com/fighter-details/0b362247806341e5
Alex Serdyukov,"6' 2""","74""","May 24, 1980",http://ufcstats.com/fighter-details/253d3f9e97ca149a
Jared Cannonier,"5' 11""","77""","Mar 16, 1984",http://ufcstats.com/fighter-details/13a0275fa13c4d26
Josh Ferguson,"5' 5""",--,"May 13, 1988",http://ufcstats.com/fighter-details/b0f316c60f8d3b47
Charlene Gellner,"5' 2""",--,--,http://ufcstats.com/fighter-details/effd0b70e6749ab2
Bubba Pugh,"5' 10""",--,--,http://ufcstats.com/fighter-details/6cf2352cdb3de59d
Justin Bruckmann,"5' 9""",--,"Jul 23, 1974",http://ufcstats.com/fighter-details/5f8e00c27b7e7410
Denis Kang,"5' 11""","77""","Sep 17, 1977",http://ufcstats.com/fighter-details/3c241737a6069b9f
Sean Brady,"5' 10""","72""","Nov 23, 1992",http://ufcstats.com/fighter-details/45f7cb591c3ab00b
Jordan Espinosa,"5' 6""","69""","Nov 08, 1989",http://ufcstats.com/fighter-details/215a70f073a7b726
Jesse Strader,"5' 7""","70""","May 29, 1991",http://ufcstats.com/fighter-details/8c39367b53eadf8a
Priscila Cachoeira,"5' 7""","65""","Aug 19, 1988",http://ufcstats.com/fighter-details/b1e5bcaad32a3cac
Israel Giron,"5' 8""",--,"Jan 16, 1974",http://ufcstats.com/fighter-details/4b4f6abdce986be6
Alatengheili,"5' 5""","66""","Dec 14, 1991",http://ufcstats.com/fighter-details/1897b7b913736a7c
Yasuhito Namekawa,"5' 9""",--,"Oct 27, 1974",http://ufcstats.com/fighter-details/6083f497c22cc075
Maheshate,"6' 0""","71""","Dec 01, 1999",http://ufcstats.com/fighter-details/8c1ca54b5089d199
Luigi Fioravanti,"5' 8""","70""","Jan 22, 1981",http://ufcstats.com/fighter-details/9583662df31d943f
Kevin Borjas,"5' 5""","68""","Dec 06, 1997",http://ufcstats.com/fighter-details/34b96d52db1d26e6
Tyler Hill,"6' 3""",--,"Aug 10, 1991",http://ufcstats.com/fighter-details/006efbb0c1621fd7
Ryo Kawamura,"5' 11""",--,"Jun 29, 1981",http://ufcstats.com/fighter-details/9e91d7fd2720e241
Hiromitsu Kanehara,"5' 10""",--,"Oct 05, 1970",http://ufcstats.com/fighter-details/eda579d906cf0ca2
Charlie Valencia,"5' 3""","64""","Oct 31, 1974",http://ufcstats.com/fighter-details/8a0be41c0380188d
Dennis Olson,"6' 0""",--,--,http://ufcstats.com/fighter-details/8e0709784259402d
Kaline Medeiros,"5' 3""",--,--,http://ufcstats.com/fighter-details/263af068bd986548
Cody Chovancek,"5' 8""","67""","Jul 24, 1998",http://ufcstats.com/fighter-details/3c4320a1b6106611
Matt Skelton,"6' 3""",--,"Jan 23, 1967",http://ufcstats.com/fighter-details/caced97768818230
Ivan Lopez,"5' 6""",--,--,http://ufcstats.com/fighter-details/0db9d2486d564a3c
Michael McBride,"6' 1""",--,"Mar 09, 1986",http://ufcstats.com/fighter-details/443f60bec7c3c3d5
Dricus Du Plessis,"6' 1""","76""","Jan 14, 1994",http://ufcstats.com/fighter-details/0d7b51c9d2649a6e
Forrest Griffin,"6' 3""","77""","Mar 16, 1979",http://ufcstats.com/fighter-details/fcffee71cff5530e
Christian Colombo,"6' 5""",--,"Jul 01, 1980",http://ufcstats.com/fighter-details/9123c54d0a2b72dd
Tom Aaron,--,--,"Jul 13, 1978",http://ufcstats.com/fighter-details/93fe7332d16c6ad9
Melissa Gatto,"5' 5""","69""","May 02, 1996",http://ufcstats.com/fighter-details/a4a80dd7336ffd59
Steve Mensing,"5' 11""",--,"Dec 06, 1977",http://ufcstats.com/fighter-details/3bc27ec15facbcf3
Frankie Saenz,"5' 6""","66""","Aug 12, 1980",http://ufcstats.com/fighter-details/9ba2226646046b63
Tadao Yasuda,"6' 4""",--,"Oct 09, 1963",http://ufcstats.com/fighter-details/49e7e05f902479ca
Alex Zuniga,--,--,--,http://ufcstats.com/fighter-details/02d808afb96669de
Zoila Frausto,"5' 4""",--,"Dec 10, 1983",http://ufcstats.com/fighter-details/040d3b4c735541aa
Melvin Manhoef,"5' 9""",--,"May 11, 1976",http://ufcstats.com/fighter-details/e5767ed355a937c2
David Roberts,"6' 1""",--,"Nov 15, 1975",http://ufcstats.com/fighter-details/775bad6d700d2302
Saul Elizondo,"5' 7""",--,"Jul 17, 1985",http://ufcstats.com/fighter-details/e295b96f135d758a
Quinton Jackson,"6' 1""","73""","Jun 20, 1978",http://ufcstats.com/fighter-details/ffc088e64fab57e9
Callan Potter,"6' 0""","72""","Jun 09, 1984",http://ufcstats.com/fighter-details/8fc9ae9c7527dfcb
Tanner Boser,"6' 2""","75""","Aug 02, 1991",http://ufcstats.com/fighter-details/04c8b08b16a5b99e
Luis Santos,"6' 1""",--,"Jan 02, 1980",http://ufcstats.com/fighter-details/7701377be464d2ef
Ronal Siahaan,"5' 7""","71""","May 05, 1996",http://ufcstats.com/fighter-details/762226efa2b01654
Edson Drago,"6' 4""",--,"Aug 29, 1977",http://ufcstats.com/fighter-details/f9c7fe2682af3802
Gilbert Melendez,"5' 9""","73""","Apr 12, 1982",http://ufcstats.com/fighter-details/aa5b4eff51bdc7d1
Taneisha Tennant,"5' 7""","70""","Jun 15, 1989",http://ufcstats.com/fighter-details/87911d22a79d3203
Ray Wizard,--,--,--,http://ufcstats.com/fighter-details/ea0ad155451ed1f5
Yaotzin Meza,"5' 9""","71""","Feb 04, 1981",http://ufcstats.com/fighter-details/3623bd267a2eef2e
Chris Clements,"5' 10""","70""","Feb 09, 1976",http://ufcstats.com/fighter-details/e5ecaf884b6da2bc
Ren Yawei,"5' 9""","69""","Feb 07, 1998",http://ufcstats.com/fighter-details/b2d9758cdd124143
Jesse Gillespie,--,--,--,http://ufcstats.com/fighter-details/160b931119c1bf91
Aaron Lanfranco,--,--,"Aug 26, 1986",http://ufcstats.com/fighter-details/d73e856f150744b2
Matheus Scheffel,"6' 2""","75""","Nov 04, 1992",http://ufcstats.com/fighter-details/a296ad1d238d97df
Lucas Martins,"6' 0""","72""","Nov 11, 1988",http://ufcstats.com/fighter-details/7413b80dbb0f8f9f
Zach Skinner,"5' 6""",--,--,http://ufcstats.com/fighter-details/c337c3c85b1871e0
Patrick Cote,"5' 11""","75""","Feb 29, 1980",http://ufcstats.com/fighter-details/9fa3bd637edd9aa2
Akiyo Nishiura,"5' 8""",--,"Aug 08, 1983",http://ufcstats.com/fighter-details/6c9383ffab2725a5
Seth Kleinbeck,"6' 2""",--,"Jul 25, 1973",http://ufcstats.com/fighter-details/8ad022dd81224f61
Colby Thicknesse,"5' 7""","69""","Jun 23, 1999",http://ufcstats.com/fighter-details/ed7d329d7c29428d
Anthony Figueroa,"5' 4""",--,--,http://ufcstats.com/fighter-details/daff32bc96d1eabf
Laureano Staropoli,"6' 1""","71""","Feb 27, 1993",http://ufcstats.com/fighter-details/a12a8314adc1c1c9
Greg McIntyre,"5' 10""",--,"Apr 21, 1980",http://ufcstats.com/fighter-details/00a905a4a4a2b071
David Martinez,"5' 5""","67""","Aug 03, 1998",http://ufcstats.com/fighter-details/9a97acbfd5a08bfa
Jacob Volkmann,"5' 9""","71""","Sep 05, 1980",http://ufcstats.com/fighter-details/6f81b6de2557739a
Minoki Ichihara,"5' 7""",--,"Jun 30, 1968",http://ufcstats.com/fighter-details/4565d435005319c0
Renzo Gracie,"5' 10""",--,"Mar 11, 1967",http://ufcstats.com/fighter-details/aae0897825336b1a
Norman Parke,"5' 11""","70""","Dec 22, 1986",http://ufcstats.com/fighter-details/14ff46596ad80609
Alan Omer,"5' 10""",--,"Sep 14, 1988",http://ufcstats.com/fighter-details/f2ad06f1007c481a
Dennis Hallman,"5' 9""","72""","Dec 02, 1975",http://ufcstats.com/fighter-details/8a8a84b743ae7699
Yuji Ephoevi-Ga,"6' 0""","75""","Oct 19, 1999",http://ufcstats.com/fighter-details/919fc4bc3edf4de7
Eric Lawson,"6' 0""",--,"Feb 12, 1981",http://ufcstats.com/fighter-details/38e5d9dcb0fddc42
Mario Mingaj,"6' 3""","78""","Oct 28, 1998",http://ufcstats.com/fighter-details/1ccaeae54725d897
Steve Lopez,"5' 11""",--,"Jul 30, 1984",http://ufcstats.com/fighter-details/6085ceb59087514b
John Yannis,"5' 7""","70""","Jul 07, 1994",http://ufcstats.com/fighter-details/450bcab0968562c4
Tyson Griffin,"5' 6""","68""","Apr 20, 1984",http://ufcstats.com/fighter-details/20205040232ed0f3
Tristan Arenal,--,--,"Mar 06, 1985",http://ufcstats.com/fighter-details/9c9455912d917e4e
Ed Ratcliff,"5' 10""","71""","Mar 05, 1983",http://ufcstats.com/fighter-details/8c90c1563972e44d
Jameel Massouh,"5' 10""","72""","Sep 12, 1984",http://ufcstats.com/fighter-details/883922e5cd6d8473
Todd Medina,"5' 10""",--,"Apr 30, 1970",http://ufcstats.com/fighter-details/b60391da771deefe
Kyle Noke,"6' 1""","76""","Mar 18, 1980",http://ufcstats.com/fighter-details/7339d340aa2889cb
George Pacurariu,"5' 7""",--,"Jul 28, 1984",http://ufcstats.com/fighter-details/c51da79b0346b5b7
Tatsuya Kawajiri,"5' 7""","69""","May 08, 1978",http://ufcstats.com/fighter-details/80d918336163b80c
Bronson Mohika,--,--,--,http://ufcstats.com/fighter-details/65239fccecd03404
YeDam Seo,"5' 3""","63""","Mar 20, 1992",http://ufcstats.com/fighter-details/762572d67204fadb
Austin Tweedy,"5' 9""",--,"Sep 25, 1990",http://ufcstats.com/fighter-details/885adaff8fe15cf7
Nora Cornolle,"5' 7""","67""","Dec 06, 1989",http://ufcstats.com/fighter-details/f2b3f4ef3f780168
Urijah Faber,"5' 6""","67""","May 14, 1979",http://ufcstats.com/fighter-details/78114b7199cef90c
Gabriel Gonzaga,"6' 2""","76""","May 18, 1979",http://ufcstats.com/fighter-details/270b89c00ef0c55c
James Head,"6' 1""","73""","Feb 09, 1984",http://ufcstats.com/fighter-details/19a8cce18a1cef9e
Marcos Rogerio de Lima,"6' 1""","75""","Jun 25, 1985",http://ufcstats.com/fighter-details/ab943cd2c3c17825
Brahyam Zurcher,"5' 10""","70""","Mar 10, 1996",http://ufcstats.com/fighter-details/392878af4680849f
Billy Brand,"5' 6""","65""","Jul 03, 1996",http://ufcstats.com/fighter-details/edae6db2b3453632
Shem Rock,"5' 11""","73""","Nov 05, 1993",http://ufcstats.com/fighter-details/52b6bf4528130e86
Lukasz Sajewski,"5' 8""","71""","Nov 27, 1990",http://ufcstats.com/fighter-details/fb41432b622992a9
Jason Tan,"5' 10""",--,"Dec 17, 1981",http://ufcstats.com/fighter-details/ad3041e61896b975
Marcos da Matta,"5' 4""",--,"Mar 18, 1973",http://ufcstats.com/fighter-details/3b6d84343579fd33
Tsuyoshi Kohsaka,"5' 11""",--,"Mar 06, 1970",http://ufcstats.com/fighter-details/b76ed59283d3559c
Rachael Ostovich,"5' 3""","62""","Feb 25, 1991",http://ufcstats.com/fighter-details/01784fbc27c68b14
Greg Soto,"5' 11""","73""","Jun 03, 1986",http://ufcstats.com/fighter-details/9c669abd35b2522f
Jonathan Meunier,"6' 3""",--,"Aug 04, 1987",http://ufcstats.com/fighter-details/5823ceab56741617
Steve Vigneault,"5' 10""",--,"Feb 14, 1978",http://ufcstats.com/fighter-details/6888e31ce88f5b17
Arnold Allen,"5' 8""","70""","Jan 22, 1994",http://ufcstats.com/fighter-details/040a74bb0a465c54
Marc-Andre Barriault,"6' 1""","74""","Feb 18, 1990",http://ufcstats.com/fighter-details/8e9eb3fc86db0f7d
Zhang Qinghe,"5' 7""","67""","Nov 05, 2001",http://ufcstats.com/fighter-details/45c7979c71751fcf
Kevin Casey,"5' 11""","77""","Jun 15, 1981",http://ufcstats.com/fighter-details/8d9586726252dbf7
Tallison Teixeira,"6' 7""","83""","Dec 07, 1999",http://ufcstats.com/fighter-details/17923f676f100e16
Chris Saunders,"5' 8""",--,"Mar 11, 1986",http://ufcstats.com/fighter-details/b35a159f525764eb
Raphael Assuncao,"5' 5""","66""","Jul 19, 1982",http://ufcstats.com/fighter-details/2f13e4020cea5b38
Ewerton Teixeira,"6' 1""",--,"Feb 13, 1982",http://ufcstats.com/fighter-details/de9e331b3e6bae70
Merritt Warren,"5' 10""",--,--,http://ufcstats.com/fighter-details/1e47dba648ea438c
Daniel Santos,"5' 7""","67""","Mar 12, 1995",http://ufcstats.com/fighter-details/b67d6bacc68d4c92
David Avellan,"5' 9""",--,"Jul 07, 1981",http://ufcstats.com/fighter-details/956dcac65e7b34d6
Michinori Tanaka,"5' 5""","67""","Oct 04, 1990",http://ufcstats.com/fighter-details/64788ee44b062ded
Ian Murphy,"6' 1""",--,"Jun 14, 1985",http://ufcstats.com/fighter-details/de25520d54eab12d
Joe Ellenberger,"5' 9""","72""","Mar 28, 1985",http://ufcstats.com/fighter-details/8e8e4487c621aa1c
Diego Saraiva,"5' 6""",--,"Apr 23, 1982",http://ufcstats.com/fighter-details/4f4dac51adc1af4f
Jason Witt,"5' 10""","70""","Nov 07, 1986",http://ufcstats.com/fighter-details/5f3805dda9661cba
Reyes Cortez Jr.,"5' 7""","68""","Jul 31, 1992",http://ufcstats.com/fighter-details/1a7d44196949577c
Gillian Robertson,"5' 5""","63""","May 17, 1995",http://ufcstats.com/fighter-details/38c7f72747f4f712
Byron Bloodworth,"5' 8""",--,"Aug 16, 1983",http://ufcstats.com/fighter-details/ecdf14f4f8643d39
Reza Madadi,"5' 11""","73""","Jun 20, 1978",http://ufcstats.com/fighter-details/e25bcbcdaf6537a1
George Roop,"6' 1""","72""","Nov 10, 1981",http://ufcstats.com/fighter-details/3c0437fbeda06962
Raul Sandoval,--,--,--,http://ufcstats.com/fighter-details/f9ad10f6a49e5452
Mark Choinski,"5' 8""","69""","Oct 22, 1995",http://ufcstats.com/fighter-details/001eb2ab0f30e7ea
Joseph Sandoval,"5' 7""",--,"May 11, 1986",http://ufcstats.com/fighter-details/696002b59f09d73b
Hayder Hassan,"5' 10""",--,"Oct 20, 1982",http://ufcstats.com/fighter-details/cf615eb4b7862c76
Myles Jury,"5' 10""","73""","Oct 31, 1988",http://ufcstats.com/fighter-details/08e908ed6d18d6a0
Ron Sparks,"6' 5""",--,--,http://ufcstats.com/fighter-details/743fd9080892501d
Charalampos Grigoriou,"5' 7""","67""","Mar 31, 1992",http://ufcstats.com/fighter-details/68b8ebdfce9dbb61
Michael Morales,"6' 0""","79""","Jun 24, 1999",http://ufcstats.com/fighter-details/c32aeb1a59e6272d
Alvin Cacdac,"5' 6""",--,--,http://ufcstats.com/fighter-details/ce7871949b0ed2bf
Tatsuya Iwasaki,"5' 9""",--,"Jun 20, 1969",http://ufcstats.com/fighter-details/243b07fc65ccbb16
Gasan Umalatov,"5' 11""","71""","Sep 11, 1982",http://ufcstats.com/fighter-details/7a39bbac8cc0fa70
Josh Fremd,"6' 4""","76""","Jan 15, 1994",http://ufcstats.com/fighter-details/ca43de99b07b6b40
Yoshihisa Yamamoto,"6' 2""",--,"Jul 04, 1970",http://ufcstats.com/fighter-details/eed2b71d77d95416
Junye Gao,--,--,--,http://ufcstats.com/fighter-details/8b27d25ce0221d60
Mike Kyle,"6' 4""","77""","Mar 31, 1980",http://ufcstats.com/fighter-details/56b8b24f65f9f057
Marcos Brigagao,"6' 3""","76""","Apr 01, 1996",http://ufcstats.com/fighter-details/11547e29f253fb89
Feng Pengchao,--,--,--,http://ufcstats.com/fighter-details/86597694317e5e1b
Eric McConico,"6' 0""","77""","May 09, 1990",http://ufcstats.com/fighter-details/9508cc6184cb2450
Bojan Mihajlovic,"5' 11""","73""","Mar 30, 1980",http://ufcstats.com/fighter-details/d6285cba1d1052e0
Sean Strickland,"6' 1""","76""","Feb 27, 1991",http://ufcstats.com/fighter-details/0d8011111be000b2
Azunna Anyanwu,"6' 1""",--,"Aug 05, 1981",http://ufcstats.com/fighter-details/78d48d3874dacafd
TJ O'Brien,"6' 2""",--,"Jan 01, 1987",http://ufcstats.com/fighter-details/d25b93992f285953
Ben Reiter,"6' 3""",--,"Jun 27, 1987",http://ufcstats.com/fighter-details/ee7b7768a4e6dc45
Isis Verbeek,"5' 4""","64""","Jan 12, 1995",http://ufcstats.com/fighter-details/d6f58b8cd1a6ff52
Anthony Avila,"5' 7""",--,"Dec 29, 1988",http://ufcstats.com/fighter-details/033d19259f589457
RJ Clifford,--,--,--,http://ufcstats.com/fighter-details/8e32bfcff3ec1717
Tim Lajcik,"6' 1""",--,"Jun 21, 1965",http://ufcstats.com/fighter-details/c7e9d15cfce52f1d
Robert McDaniel,"6' 3""","75""","May 03, 1983",http://ufcstats.com/fighter-details/5cafbc97dba2e797
Frankie Perez,"5' 11""","73""","May 11, 1989",http://ufcstats.com/fighter-details/96c336b463e0662c
Shane Roller,"5' 10""","72""","Jul 14, 1979",http://ufcstats.com/fighter-details/75e0d3cc2262b732
Charles Byrd,"5' 10""","73""","Oct 11, 1983",http://ufcstats.com/fighter-details/76ee3d666c648f6b
Jamie Yager,"6' 1""",--,"Nov 29, 1983",http://ufcstats.com/fighter-details/85248da6e9e2f7e7
Shayna Baszler,"5' 7""",--,"Aug 08, 1980",http://ufcstats.com/fighter-details/8ef4a91ac694b7ce
Jason Suttie,"6' 0""",--,"Aug 07, 1973",http://ufcstats.com/fighter-details/cc5834a495d1ea08
Erick Gonzalez,"5' 11""","75""","Jan 20, 1992",http://ufcstats.com/fighter-details/a2ccf35a88346a91
Jerry Bohlander,"5' 11""",--,"Feb 12, 1974",http://ufcstats.com/fighter-details/93892752c5fc23ca
Edwin Figueroa,"5' 7""","69""","Jul 31, 1984",http://ufcstats.com/fighter-details/bbfca6d5c27d9cd8
Mike Swick,"6' 1""","77""","Jun 19, 1979",http://ufcstats.com/fighter-details/9fe85152f351e737
Damien Brown,"5' 10""","68""","Dec 25, 1984",http://ufcstats.com/fighter-details/d024ed963e8bf7ea
Humberto Bandenay,"5' 11""","71""","Sep 04, 1994",http://ufcstats.com/fighter-details/2c2caf2f2bab9df5
Lee Gibson,"5' 7""",--,"Jun 20, 1976",http://ufcstats.com/fighter-details/69db199087a1a792
Eduardo Dantas,"5' 10""",--,"Feb 03, 1989",http://ufcstats.com/fighter-details/676a2e5ec4d7338c
Shinsho Anzai,"5' 7""","70""","Dec 01, 1985",http://ufcstats.com/fighter-details/4665f9f909cd7214
Takenori Sato,"5' 10""",--,"Jun 08, 1985",http://ufcstats.com/fighter-details/276c60b14b571dd4
Ricky Simon,"5' 6""","69""","Aug 31, 1992",http://ufcstats.com/fighter-details/5987b2458f4b5290
Pat Sabatini,"5' 8""","70""","Nov 09, 1990",http://ufcstats.com/fighter-details/b8bbdeff718dbb7d
Wang Cong,"5' 6""","66""","May 15, 1992",http://ufcstats.com/fighter-details/2997e7fe3c9d3d4a
Miesha Tate,"5' 6""","65""","Aug 18, 1986",http://ufcstats.com/fighter-details/b96619b3acd7d9da
Josh Shockley,"6' 1""",--,"Nov 15, 1989",http://ufcstats.com/fighter-details/1d36f1ac66cf689d
Aiemann Zahabi,"5' 8""","68""","Nov 19, 1987",http://ufcstats.com/fighter-details/24656ef4d605c96f
War Machine,"5' 11""",--,"Nov 30, 1981",http://ufcstats.com/fighter-details/cd7bafbeee1f29a0
Evan Tanner,"6' 0""","74""","Feb 11, 1971",http://ufcstats.com/fighter-details/8f2d9ee27f206f1f
James Vick,"6' 3""","76""","Feb 23, 1987",http://ufcstats.com/fighter-details/6256b2b1562cb8e1
Lv Zhenhong,"5' 8""","67""","Jun 25, 1993",http://ufcstats.com/fighter-details/5a4913108a3b9190
Thiago Moises,"5' 9""","70""","Mar 23, 1995",http://ufcstats.com/fighter-details/d945aae53e3e54e6
Rico DiSciullo,"5' 8""",--,"Oct 12, 1986",http://ufcstats.com/fighter-details/ec7f7263bf36579b
Jason Glaza,"6' 0""",--,--,http://ufcstats.com/fighter-details/fda067e842b07466
Felix Lee Mitchell,--,--,--,http://ufcstats.com/fighter-details/6cbb7661c3258617
Ben Alloway,"5' 11""","76""","Feb 19, 1981",http://ufcstats.com/fighter-details/c4fe2e9a06ea5bcb
Kazuo Misaki,"5' 8""",--,"Apr 25, 1976",http://ufcstats.com/fighter-details/5e7a28f20927d64a
Piera Rodriguez,"5' 3""","63""","Nov 11, 1992",http://ufcstats.com/fighter-details/e375cb5caf4717b6
Anthony Leone,"5' 6""",--,"May 27, 1987",http://ufcstats.com/fighter-details/86b9b51a81e9c339
Collin Hart,"6' 1""",--,"Oct 12, 1989",http://ufcstats.com/fighter-details/16bf6a73bdd302cd
Reginaldo Vieira,"5' 7""","65""","Nov 26, 1982",http://ufcstats.com/fighter-details/f9081770e28ea2e1
Carlos Barreto,"6' 4""",--,"Jul 22, 1968",http://ufcstats.com/fighter-details/a220be6d41d6f97d
Matt Van Buren,"6' 5""",--,"Jun 12, 1986",http://ufcstats.com/fighter-details/7b39035fae7268b8
Chasen Blair,"5' 10""","71""","Oct 14, 1998",http://ufcstats.com/fighter-details/0f4a536507f33576
Chad Corvin,"6' 5""",--,--,http://ufcstats.com/fighter-details/1267b631db78665a
Jon Olav Einemo,"6' 6""",--,"Dec 10, 1975",http://ufcstats.com/fighter-details/0577808d22dfe79c
George Allen,"6' 2""",--,"Jan 13, 1967",http://ufcstats.com/fighter-details/1e13936d708bcff7
Tony Sylvester,"6' 1""",--,"Jan 27, 1978",http://ufcstats.com/fighter-details/87b7df65c30008c4
Albert Tadevosyan,--,--,"Apr 12, 1992",http://ufcstats.com/fighter-details/6751b11102b6adfe
Houston Alexander,"6' 0""","72""","Mar 22, 1972",http://ufcstats.com/fighter-details/0541480fbf719d86
Deni Daffa,"6' 0""","74""","Sep 08, 1999",http://ufcstats.com/fighter-details/d28bef63e7d8d536
Ricky Palacios,"5' 6""",--,"Jul 05, 1987",http://ufcstats.com/fighter-details/797ddccda75f169f
Jhonata Silva,"5' 5""","66""","Apr 24, 1997",http://ufcstats.com/fighter-details/4e33534d1e036444
JunYong Park,"5' 10""","73""","Feb 27, 1991",http://ufcstats.com/fighter-details/285ae0b4a68221f4
Don Carlo-Clauss,--,--,--,http://ufcstats.com/fighter-details/f59a6de8a5dfe297
Wataru Yamauchi,"5' 6""","68""","Jun 22, 1999",http://ufcstats.com/fighter-details/d8bf3df51ff3a270
Donovan Beard,"6' 2""","78""","Nov 05, 1989",http://ufcstats.com/fighter-details/3a6ac598320ca7f2
Lee Kwan Bum,"6' 2""",--,"Oct 12, 1986",http://ufcstats.com/fighter-details/c0342805a1948cbb
Jose Maria,"5' 5""",--,"Jan 04, 1982",http://ufcstats.com/fighter-details/b35ba64b6a2bbcb3
Matt Secor,"6' 0""",--,"Sep 26, 1986",http://ufcstats.com/fighter-details/d1ce40aca99a9b70
Ronald Carillo,--,--,--,http://ufcstats.com/fighter-details/cbd022eaf2ac546a
Eiji Ishikawa,"5' 10""",--,"Oct 12, 1979",http://ufcstats.com/fighter-details/eb89dc31949a1427
Noad Lahat,"5' 9""","69""","Jun 08, 1984",http://ufcstats.com/fighter-details/9f755fb04cc21499
SuYoung You,"5' 6""","65""","Dec 11, 1995",http://ufcstats.com/fighter-details/a474aade8eb3a8f0
Jessica-Rose Clark,"5' 5""","64""","Nov 28, 1987",http://ufcstats.com/fighter-details/6c8072b61c276e67
Benjamin Bennett,"6' 0""","73""","May 08, 1994",http://ufcstats.com/fighter-details/7030c27fc9778964
Frank Silva,--,--,"Aug 25, 2004",http://ufcstats.com/fighter-details/79f60d34ad48d7a3
Jess Bouscal,--,--,--,http://ufcstats.com/fighter-details/38b1417ec17072da
Tatsuya Saika,"6' 0""","73""","Sep 18, 1990",http://ufcstats.com/fighter-details/cc4e571964b084d4
Andrew Ramm,"6' 1""",--,--,http://ufcstats.com/fighter-details/3b5f2faaa2f2c1f6
Bobby McAndrews,--,--,--,http://ufcstats.com/fighter-details/ef6f45095119d416
Bob Schrijber,"6' 0""",--,"Mar 03, 1965",http://ufcstats.com/fighter-details/d86e913c548c07c2
Simeon Thoresen,"6' 1""","79""","Mar 14, 1984",http://ufcstats.com/fighter-details/fea8acf9bfcf09ec
Evan Esguerra,--,--,"Jul 13, 1978",http://ufcstats.com/fighter-details/ed220e87bef0cc64
Katsuhiko Nagata,"5' 7""",--,"Oct 31, 1973",http://ufcstats.com/fighter-details/d5ae8074631762fc
Viktoriia Dudakova,"5' 5""","67""","Jan 26, 1999",http://ufcstats.com/fighter-details/6c9b66b43663f2f7
Brandon Royval,"5' 9""","68""","Aug 16, 1992",http://ufcstats.com/fighter-details/6e15f63b6c2e2c15
Neal Ewing,--,--,"Sep 30, 1985",http://ufcstats.com/fighter-details/0798f558681d0eb5
Dave Galera,"5' 11""",--,"Jan 12, 1978",http://ufcstats.com/fighter-details/0876d21328cf4a45
Luciano Azevedo,"6' 3""",--,"Jun 25, 1981",http://ufcstats.com/fighter-details/9bcfb40dbcd50568
Laverne Clark,"5' 11""",--,"Dec 02, 1973",http://ufcstats.com/fighter-details/1c2f2571b18791b6
Joe Hurley,"5' 8""",--,"Jun 24, 1978",http://ufcstats.com/fighter-details/21b54430c8eeb9cc
Don Shainis,"5' 6""","67""","Sep 16, 1990",http://ufcstats.com/fighter-details/da4628f173337902
Kevin Roddy,"5' 11""",--,--,http://ufcstats.com/fighter-details/1abf785143f8d5ec
Roberto Romero,"5' 8""","70""","Jan 30, 2000",http://ufcstats.com/fighter-details/15ea371202eb25e1
Allan Begosso,"5' 5""","66""","Nov 23, 1995",http://ufcstats.com/fighter-details/d6ed764f8b78d32a
Ivan Gnizditskiy,--,--,"May 10, 1996",http://ufcstats.com/fighter-details/057a241e4ba90c4d
Michelle Waterson-Gomez,"5' 3""","62""","Jan 06, 1986",http://ufcstats.com/fighter-details/eb04b9d31e938edb
Ryuta Sakurai,"5' 7""",--,"Sep 18, 1971",http://ufcstats.com/fighter-details/ff9578cdbfabd323
Chris Jones,"5' 9""",--,"Nov 16, 1981",http://ufcstats.com/fighter-details/509319d35664369e
Everett Cummings,--,--,--,http://ufcstats.com/fighter-details/05e4be525cb3578c
Neil Magny,"6' 3""","80""","Aug 03, 1987",http://ufcstats.com/fighter-details/84b3e7d38f2d2ec5
Rocky Lee,"5' 9""",--,"Apr 08, 1987",http://ufcstats.com/fighter-details/0d1c163b206e8c5f
Bryan Pardoe,"6' 1""",--,"Oct 22, 1968",http://ufcstats.com/fighter-details/56116537d71a578c
Aaron Tau,"5' 4""","66""","Aug 21, 1993",http://ufcstats.com/fighter-details/7abf7f8778472b7b
Dhafir Harris,--,--,"Aug 04, 1977",http://ufcstats.com/fighter-details/0e96af5220d27ed4
Rolles Gracie,"6' 4""",--,"Jul 14, 1978",http://ufcstats.com/fighter-details/e4a9dbade7c7e1a7
Dale Hartt,"5' 10""","69""","Apr 04, 1979",http://ufcstats.com/fighter-details/058e4e08a1ad8aba
Patrick Cummins,"6' 2""","76""","Nov 16, 1980",http://ufcstats.com/fighter-details/e51e5cb722bd47a8
Ahejiang Ailinuer,--,--,--,http://ufcstats.com/fighter-details/ff584c17bccbae0b
Mark Madsen,"5' 8""","72""","Sep 23, 1984",http://ufcstats.com/fighter-details/da0995f19b749cfa
Henry Miller,"5' 7""",--,"Jul 16, 1969",http://ufcstats.com/fighter-details/45a2ba3ef82b9700
Jon Murphy,"6' 3""",--,"Aug 09, 1977",http://ufcstats.com/fighter-details/1b5c146ee7b86e34
HyunSung Park,"5' 7""","66""","Nov 04, 1995",http://ufcstats.com/fighter-details/b671bdf981ad527d
Serghei Spivac,"6' 3""","78""","Jan 24, 1995",http://ufcstats.com/fighter-details/e2f6b2769aaedd6c
Frank Lester,"5' 11""",--,"Jun 10, 1984",http://ufcstats.com/fighter-details/edd8d5d8089a35f8
Matt Andersen,"6' 2""",--,"May 29, 1971",http://ufcstats.com/fighter-details/8738eacd62e82a32
Mark Striegl,"5' 8""","70""","Jun 23, 1988",http://ufcstats.com/fighter-details/ef1182eb28c17d4e
Cat Zingano,"5' 6""","68""","Jul 01, 1982",http://ufcstats.com/fighter-details/3ecd936bd8814108
Julius Anglickas,"6' 3""",--,"Jul 23, 1991",http://ufcstats.com/fighter-details/e20ad078a7d63361
Phil Baroni,"5' 9""","72""","Apr 16, 1976",http://ufcstats.com/fighter-details/1652f3213655b935
Jeremy Kimball,"6' 0""","72""","Jan 03, 1991",http://ufcstats.com/fighter-details/917a5cb9821df261
Veronica Hardy,"5' 4""","64""","Oct 30, 1995",http://ufcstats.com/fighter-details/4798e823ada58fe9
Amar Suloev,"5' 9""",--,"Jul 01, 1976",http://ufcstats.com/fighter-details/7aa88401f93ce836
Jose Alday,"5' 7""","68""","Sep 14, 1991",http://ufcstats.com/fighter-details/7460ddef986d3144
Dustin West,"5' 11""",--,--,http://ufcstats.com/fighter-details/5f5763b3a4de8dd4
Mehdi Baghdad,"6' 1""",--,"Apr 13, 1985",http://ufcstats.com/fighter-details/e4d2564ea0e34e2b
Makoto Takimoto,"5' 7""",--,"Dec 08, 1979",http://ufcstats.com/fighter-details/a7724f51e32e763e
Sergey Morozov,"5' 6""","67""","Jun 14, 1989",http://ufcstats.com/fighter-details/2f6a993c7f547c13
James Wallace,"5' 10""","69""","Nov 17, 1992",http://ufcstats.com/fighter-details/4078de7181a19142
Edgar Cardenas,--,--,--,http://ufcstats.com/fighter-details/99a86b134dccc166
Jodie Esquibel,"5' 1""","64""","May 07, 1986",http://ufcstats.com/fighter-details/411539901068522f
Lodune Sincaid,"5' 9""",--,"May 07, 1973",http://ufcstats.com/fighter-details/265589bdd93e7ce5
Andre Soukhamthath,"5' 9""","70""","Oct 23, 1988",http://ufcstats.com/fighter-details/d0e50a3d1b250708
Sangwook Kim,"6' 0""","71""","Oct 17, 1993",http://ufcstats.com/fighter-details/a264d4e9a4d6bfe4
Aliev Makhmud,"5' 6""",--,"Feb 13, 1970",http://ufcstats.com/fighter-details/3d481aa374c954a1
Jim Mullen,"6' 1""",--,--,http://ufcstats.com/fighter-details/1a49e0670dfaca31
Renee Forte,"5' 7""","71""","Mar 27, 1987",http://ufcstats.com/fighter-details/44bc27bfa76dcd9e
Igor Cavalcanti,"5' 11""","79""","Oct 10, 1997",http://ufcstats.com/fighter-details/9c3de7f8966326de
Carla Esparza,"5' 1""","63""","Oct 10, 1987",http://ufcstats.com/fighter-details/d910665038efc639
Lucas Rocha,"5' 3""","64""","Aug 12, 2000",http://ufcstats.com/fighter-details/e0d3d9b564f95635
Guido Cannetti,"5' 6""","68""","Dec 19, 1979",http://ufcstats.com/fighter-details/d05412b513b19621
Iouri Kotchkine,"6' 2""",--,"Dec 21, 1969",http://ufcstats.com/fighter-details/c6becb722706c7d8
Chris Manuel,"5' 9""",--,"Jul 21, 1987",http://ufcstats.com/fighter-details/a23e63184c65f5b8
Ramiz Brahimaj,"5' 10""","72""","Nov 17, 1992",http://ufcstats.com/fighter-details/3d074044a33825e7
Roger Gracie,"6' 4""","79""","Sep 26, 1981",http://ufcstats.com/fighter-details/a6bbd3df469c6bea
Sarah Alpar,"5' 4""","63""","Jun 01, 1991",http://ufcstats.com/fighter-details/49b130de1da2e1bf
Ednaldo Oliveira,"6' 5""",--,"Feb 19, 1984",http://ufcstats.com/fighter-details/acd9513399a8b09b
Louis Lee Scott,"5' 8""","70""","Feb 26, 2000",http://ufcstats.com/fighter-details/4327506eb9ee342f
Clayton Carpenter,"5' 6""","66""","Jun 09, 1996",http://ufcstats.com/fighter-details/b62d5280966b2460
Richard Jacobi,"6' 4""","75""","Sep 28, 1993",http://ufcstats.com/fighter-details/46f557bd44da630e
Timmy Cuamba,"5' 9""","71""","Feb 08, 1999",http://ufcstats.com/fighter-details/0e46690e55a8df75
Emanuel Newton,"6' 1""",--,"Jan 02, 1984",http://ufcstats.com/fighter-details/fbbbc68d368832fa
Alberta Cerra Leon,"5' 8""",--,--,http://ufcstats.com/fighter-details/6e02c318762f52f1
Zane Frazier,"6' 5""",--,--,http://ufcstats.com/fighter-details/d3711d3784b76255
Zarah Fairn,"5' 8""","72""","Dec 10, 1983",http://ufcstats.com/fighter-details/862b0b3375aa4b6e
Tony Gravely,"5' 5""","69""","Sep 28, 1991",http://ufcstats.com/fighter-details/601964f9654f911a
Vitor Belfort,"6' 0""","74""","Apr 01, 1977",http://ufcstats.com/fighter-details/0ee783aa00e468f0
Miguel Linares,--,--,--,http://ufcstats.com/fighter-details/18c49685296c60e6
Kelly Dullanty,"5' 8""",--,"Nov 04, 1977",http://ufcstats.com/fighter-details/1a225f04aa6e0739
Hirotaka Yokoi,"5' 11""",--,"Jun 08, 1978",http://ufcstats.com/fighter-details/35585d970300d45a
Da'Mon Blackshear,"5' 10""","72""","Aug 12, 1994",http://ufcstats.com/fighter-details/da22387a0407a2dc
Alex Stiebling,"6' 2""",--,"Dec 26, 1976",http://ufcstats.com/fighter-details/df5a77121ba84a5d
Igor Zinoviev,"6' 1""",--,"May 23, 1966",http://ufcstats.com/fighter-details/108afe61a26bcbf4
Daniel Pereira,"5' 10""",--,"Dec 13, 1990",http://ufcstats.com/fighter-details/44f46b0592ca0814
Matt Horning,"5' 4""",--,"Aug 18, 1976",http://ufcstats.com/fighter-details/21632ba272c0785a
Aaron Miller,"5' 9""",--,--,http://ufcstats.com/fighter-details/a4d055f1435d6d75
Wuziazibieke Jiahefu,"5' 9""","70""","Apr 09, 1990",http://ufcstats.com/fighter-details/2d077e22886298be
LC Davis,"5' 8""","69""","Oct 28, 1980",http://ufcstats.com/fighter-details/6dab8ce5e4bffe77
Eperaim Ginting,"5' 4""","64""","Nov 30, 1995",http://ufcstats.com/fighter-details/bad8ed7d714f1493
Nazareno Malegarie,"5' 8""",--,"May 16, 1986",http://ufcstats.com/fighter-details/d38e8c6ae2dfc051
Deshaun Johnson,--,--,"Nov 15, 1970",http://ufcstats.com/fighter-details/bf97ad31eae89429
Peter Sobotta,"6' 0""","75""","Jan 11, 1987",http://ufcstats.com/fighter-details/1fcfc3709fe58151
Shawn Teed,"6' 5""",--,"Feb 13, 1992",http://ufcstats.com/fighter-details/5bb70ebd65075c5c
Kamaru Usman,"6' 0""","76""","May 11, 1987",http://ufcstats.com/fighter-details/f1b2aa7853d1ed6e
Yoshiaki Yatsu,"6' 1""",--,"Jul 19, 1956",http://ufcstats.com/fighter-details/620be7e0712d431b
Jacob Rosales,"5' 11""","74""","Jul 28, 1995",http://ufcstats.com/fighter-details/f7faf5b19e0dec2e
Kotetsu Boku,"5' 9""",--,"May 27, 1977",http://ufcstats.com/fighter-details/d227958e8a0c1466
TJ Laramie,"5' 6""","66""","Oct 15, 1997",http://ufcstats.com/fighter-details/cd2e5a390821fb48
Brian Sleeman,"5' 8""",--,--,http://ufcstats.com/fighter-details/9db861c26b63daa8
Brandon Thatch,"6' 2""","74""","Jul 11, 1985",http://ufcstats.com/fighter-details/638cfec7ec559d6e
Tim Stout,"5' 11""",--,"Feb 09, 1979",http://ufcstats.com/fighter-details/e1a4568fec1fc24f
Josh Burns,"6' 1""",--,"May 15, 1978",http://ufcstats.com/fighter-details/1e092415a7eeaf65
Zak Bucia,"5' 10""",--,"Sep 27, 1984",http://ufcstats.com/fighter-details/6bbb8dc6e128779e
Dean Barry,"5' 10""","72""","Jul 03, 1992",http://ufcstats.com/fighter-details/a6f3d15cb84334bb
Nick Meregali,--,--,--,http://ufcstats.com/fighter-details/2f6dc878d653c442
Remo Cardarelli,--,--,--,http://ufcstats.com/fighter-details/e5512a6aed150d8f
Rodolfo Vieira,"6' 0""","73""","Sep 25, 1989",http://ufcstats.com/fighter-details/260e9e0d4954aea6
Brandon Davis,"5' 10""","72""","May 08, 1990",http://ufcstats.com/fighter-details/cc351e408bbb7d43
Lauren Murphy,"5' 5""","67""","Jul 27, 1983",http://ufcstats.com/fighter-details/729d4bd5a6cd0a97
Travis Browne,"6' 6""","79""","Jul 17, 1982",http://ufcstats.com/fighter-details/3236bf606fe9fa5b
Uran Satybaldiev,"6' 4""","79""","Aug 10, 1994",http://ufcstats.com/fighter-details/02f484417a6fa69d
Ray Seraille,"6' 3""",--,"Jun 23, 1979",http://ufcstats.com/fighter-details/2f04c4183523be2e
Greg Velasco,"6' 2""","70""","Sep 23, 1993",http://ufcstats.com/fighter-details/34a81ebbce32b06b
Jenna Castillo,"5' 2""",--,"May 05, 1982",http://ufcstats.com/fighter-details/e680418329c84ec4
Yanal Ashmouz,"5' 9""","69""","Mar 31, 1995",http://ufcstats.com/fighter-details/c739c2995a275314
Hugo Duarte,"6' 0""",--,"Aug 09, 1968",http://ufcstats.com/fighter-details/706404da0775dcbc
Rilley Dutro,"5' 8""",--,"Sep 03, 1987",http://ufcstats.com/fighter-details/43db649da89fac4b
Jair Farias,"6' 1""","76""","Mar 16, 1993",http://ufcstats.com/fighter-details/431262bbc69215dc
Tamires Vidal,"5' 6""","68""","Jul 27, 1998",http://ufcstats.com/fighter-details/4f3064faf17aa711
Ryan Parker,"6' 3""",--,--,http://ufcstats.com/fighter-details/6a0b80a24f22e152
Matt Helm,--,--,--,http://ufcstats.com/fighter-details/cacfd51b8e97ace0
Ignacio Bahamondes,"6' 3""","75""","Aug 27, 1997",http://ufcstats.com/fighter-details/e4a47b07044ddd72
Carina Damm,"5' 4""",--,--,http://ufcstats.com/fighter-details/033343da4c0cff8a
Edson Gomez,"5' 8""","69""","Feb 23, 1991",http://ufcstats.com/fighter-details/e90f4291f93708e6
Cesar Gracie,"5' 10""",--,--,http://ufcstats.com/fighter-details/079488710f012779
Jae Suk Lim,"5' 9""",--,"Nov 09, 1979",http://ufcstats.com/fighter-details/bbb15f301e4a490a
Joilton Lutterbach,"6' 1""","75""","Nov 05, 1992",http://ufcstats.com/fighter-details/12630a4aa0894da8
Liudvik Sholinian,"5' 10""","71""","Jan 20, 1990",http://ufcstats.com/fighter-details/1a54231796e24a3f
Kenny Giddens,"5' 11""",--,"Jan 24, 1985",http://ufcstats.com/fighter-details/db8b800176d26f6e
Said Nurmagomedov,"5' 8""","70""","Apr 05, 1992",http://ufcstats.com/fighter-details/0fd5f4b838e890cc
Angga,"5' 7""","68""","Jan 13, 1989",http://ufcstats.com/fighter-details/d6a3e131ad4ba064
John Donaldson,"5' 8""",--,"Jul 09, 1992",http://ufcstats.com/fighter-details/1c610f900f9884ab
Benardo Sopaj,"5' 6""","66""","Sep 25, 2000",http://ufcstats.com/fighter-details/b6c37948cb226e8c
Tre'ston Vines,"6' 1""","79""","Jun 18, 1996",http://ufcstats.com/fighter-details/563a1d42bb0e3cef
Roosevelt Roberts,"6' 2""","73""","Feb 11, 1994",http://ufcstats.com/fighter-details/37c5366d18ed6c05
Andre Muniz,"6' 1""","78""","Feb 17, 1990",http://ufcstats.com/fighter-details/886264a0c9f4ea5e
King Green,"5' 10""","71""","Sep 09, 1986",http://ufcstats.com/fighter-details/887961364be5ceb3
Waldo Cortes Acosta,"6' 4""","78""","Oct 03, 1991",http://ufcstats.com/fighter-details/fc08099550072fe4
Marcelo Rojo,"5' 8""","71""","Jul 02, 1988",http://ufcstats.com/fighter-details/2804ce8dadab5770
Preston Parsons,"5' 11""","71""","Jul 15, 1995",http://ufcstats.com/fighter-details/9fe7af8b3fbe00a0
Yosuke Nishijima,"5' 9""",--,"May 15, 1973",http://ufcstats.com/fighter-details/5cde96e0a1a1fffe
Lu Zhengyong,--,--,--,http://ufcstats.com/fighter-details/dc1bfd47c3b21ad3
Chad W. Saunders,"5' 10""",--,--,http://ufcstats.com/fighter-details/4fe9492959834bf7
Ross Pearson,"5' 8""","69""","Sep 26, 1984",http://ufcstats.com/fighter-details/4f732e58ed907eff
Eddie Mendez,"5' 10""",--,"Jan 16, 1984",http://ufcstats.com/fighter-details/49e49b54e5901d0d
Matt Lucas,"6' 1""",--,"Dec 27, 1973",http://ufcstats.com/fighter-details/668222c99c5c311d
Marcin Bandel,"5' 10""",--,"Oct 10, 1989",http://ufcstats.com/fighter-details/5c2ce761399dc9c5
Jermaine Andre,"5' 7""",--,"Jul 16, 1973",http://ufcstats.com/fighter-details/9bad58fa651d6196
Jorge Interiano,"6' 1""",--,--,http://ufcstats.com/fighter-details/1e75e6c9de99fa76
Ryan Janes,"6' 3""","76""","Aug 22, 1981",http://ufcstats.com/fighter-details/b59037262c8fe060
Roman Bravo-Young,--,--,--,http://ufcstats.com/fighter-details/37ce890a4670b287
Brandon Melendez,"5' 11""",--,"Mar 24, 1983",http://ufcstats.com/fighter-details/2b06b6ad5db63348
Justin Edwards,"5' 10""","70""","Jan 26, 1983",http://ufcstats.com/fighter-details/e56daf7725a0b5ab
Otari Tanzilovi,"5' 10""","70""","Apr 09, 1998",http://ufcstats.com/fighter-details/b9124c308671e303
Sam Oropeza,"6' 2""",--,"Jun 17, 1985",http://ufcstats.com/fighter-details/6b8db407d49c6e4b
Te Edwards,"5' 8""","72""","Sep 11, 1990",http://ufcstats.com/fighter-details/ef44e4ea9050f2ea
Rodrigo Gripp de Sousa,"5' 11""",--,--,http://ufcstats.com/fighter-details/dde70a112e053a6c
Mitsuhiro Ishida,"5' 6""",--,"Dec 29, 1978",http://ufcstats.com/fighter-details/82f5c81f4e3c3eb5
Andy Anderson,"5' 6""",--,"Jul 16, 1974",http://ufcstats.com/fighter-details/9199e0735b83dd32
Shonte Barnes,"5' 11""","76""","Feb 09, 1987",http://ufcstats.com/fighter-details/e575b6ff678c1aca
Kenji Arai,"5' 10""",--,"Oct 05, 1979",http://ufcstats.com/fighter-details/269d103c96a4c3a5
Brian Ortega,"5' 8""","69""","Feb 21, 1991",http://ufcstats.com/fighter-details/def8166ff24bd237
Aaron Pico,"5' 8""","70""","Sep 23, 1996",http://ufcstats.com/fighter-details/5537efc6e496dd84
Anthony Perosh,"6' 3""","75""","Oct 05, 1972",http://ufcstats.com/fighter-details/4b4753d19489297f
Pete Rodriguez,"5' 9""","71""","Nov 13, 1996",http://ufcstats.com/fighter-details/776d4262c4da38bf
Adilet Nurmatov,--,--,"Aug 02, 1997",http://ufcstats.com/fighter-details/689502703bbfe5f2
Julio Paulino,"6' 0""",--,"Dec 04, 1975",http://ufcstats.com/fighter-details/60c72f7459827881
Victor Henry,"5' 7""","68""","May 04, 1987",http://ufcstats.com/fighter-details/eb8d8c2a95cfccb8
Chad Cook,"6' 2""",--,"Nov 07, 1979",http://ufcstats.com/fighter-details/e6daf9cdbf0da889
Abel Cullum,"5' 7""",--,"Apr 21, 1987",http://ufcstats.com/fighter-details/2f8f3c69522db931
Dan Cramer,"6' 2""",--,"Oct 31, 1985",http://ufcstats.com/fighter-details/480b702debcb5433
Masio Fullen,"5' 10""","70""","Oct 06, 1986",http://ufcstats.com/fighter-details/4638cc6479cc0afe
Tim Sylvia,"6' 8""","80""","Mar 05, 1976",http://ufcstats.com/fighter-details/2a542ee8a8b83559
Steven Ciaccio,"6' 0""",--,--,http://ufcstats.com/fighter-details/eaebaa6801338ea1
Jesse Sanders,"6' 0""",--,--,http://ufcstats.com/fighter-details/59aaf2730b84698a
Fabiano Scherner,"6' 3""",--,"Jun 30, 1972",http://ufcstats.com/fighter-details/0bc7e61d204f2137
Eric Bedard,"6' 2""",--,"Sep 11, 1984",http://ufcstats.com/fighter-details/ce05955c26c3c090
Jeremy Horn,"6' 1""","74""","Aug 25, 1975",http://ufcstats.com/fighter-details/8d26912cd2aeb366
Koya Kanda,"5' 9""","75""","Dec 20, 1995",http://ufcstats.com/fighter-details/b42d3a1469dab722
Jesus Aguilar,"5' 4""","62""","Mar 13, 1996",http://ufcstats.com/fighter-details/c051c2e12d692b8a
Bolaji Oki,"5' 10""","73""","Nov 15, 1995",http://ufcstats.com/fighter-details/4bdedbdeedff7d1d
Dan Miller,"6' 1""","74""","Jun 30, 1981",http://ufcstats.com/fighter-details/d0c29452d3272603
Abram Torres,"5' 10""",--,"Oct 29, 1982",http://ufcstats.com/fighter-details/e175a261a280f7cb
Igor Borisov,"6' 0""",--,"May 18, 1964",http://ufcstats.com/fighter-details/0313bf497de9c470
Blake Watkins,--,--,--,http://ufcstats.com/fighter-details/117580b232409824
Rob Font,"5' 8""","71""","Jun 25, 1987",http://ufcstats.com/fighter-details/05339613bf8e9808
Derek Getzel,"6' 0""",--,--,http://ufcstats.com/fighter-details/42883268854b78be
Forrest Petz,"5' 9""","71""","Sep 22, 1975",http://ufcstats.com/fighter-details/e86bc32f5997a8f7
Bubba Bush,"6' 0""",--,"Jul 24, 1985",http://ufcstats.com/fighter-details/132505067f08c54d
Jennifer Gonzalez,"5' 2""",--,"Mar 22, 1986",http://ufcstats.com/fighter-details/4f1a48f4e6ffb007
Bryan Battle,"6' 1""","77""","Sep 21, 1994",http://ufcstats.com/fighter-details/f626118b6da0e020
Adam Lynn,"5' 10""",--,"Nov 16, 1977",http://ufcstats.com/fighter-details/edfe95e3c33a4bf8
Doug Evans,"5' 9""",--,"Oct 10, 1980",http://ufcstats.com/fighter-details/d3de4a24f7eefac8
Nick Agallar,"5' 8""",--,"Jan 13, 1979",http://ufcstats.com/fighter-details/ebc5af72ad5a28cb
Adin Duenas,"5' 6""",--,"Jul 02, 1988",http://ufcstats.com/fighter-details/cb6c45b26b0a877a
Collin Huckbody,"6' 3""","76""","Sep 29, 1994",http://ufcstats.com/fighter-details/f372a848d250e006
Saad Awad,"5' 11""",--,"Jun 07, 1983",http://ufcstats.com/fighter-details/da603332ad41f165
Martin Buschkamp,"5' 9""",--,"Jan 06, 1991",http://ufcstats.com/fighter-details/8fc30d8cebb17116
Kaynan Kruschewsky,"6' 0""","73""","Apr 04, 1991",http://ufcstats.com/fighter-details/ca36633b80be4a78
Jeremy Larsen,"5' 10""","70""","May 18, 1984",http://ufcstats.com/fighter-details/c3bd649a9194e50c
Denzel Freeman,"6' 1""","77""","Nov 10, 1991",http://ufcstats.com/fighter-details/b5c19c34f12c917e
Dan Evensen,"6' 3""",--,"Jun 01, 1974",http://ufcstats.com/fighter-details/dd8aec6de7035943
Nick Hein,"5' 6""","66""","Apr 24, 1984",http://ufcstats.com/fighter-details/2816ced060a21be3
Johnny Sampaio,"5' 8""",--,"Sep 11, 1975",http://ufcstats.com/fighter-details/b23388ff8ac6637b
Artem Frolov,"5' 10""",--,"Sep 07, 1991",http://ufcstats.com/fighter-details/ee704df0afd74558
Michael Byrnes,"5' 11""",--,"Jul 17, 1990",http://ufcstats.com/fighter-details/87f0b37f153cf497
Carlos Leal,"5' 11""","74""","May 04, 1994",http://ufcstats.com/fighter-details/28d421729451c8ca
Yukio Sakaguchi,"5' 9""",--,"Jul 26, 1973",http://ufcstats.com/fighter-details/94a5aaf573f780ad
Daniel Sarafian,"5' 9""","73""","Aug 21, 1982",http://ufcstats.com/fighter-details/7e47047d0971d566
Gustavo Gabriel,"5' 6""",--,"Apr 01, 1994",http://ufcstats.com/fighter-details/fe98f86284a6eeb3
Mark Schultz,"5' 9""",--,"Oct 26, 1960",http://ufcstats.com/fighter-details/c1684f00c626f4c0
Dmitrii Smoliakov,"6' 2""","74""","Aug 05, 1982",http://ufcstats.com/fighter-details/75afb06215a07341
Allan Zuniga,"5' 7""","70""","Apr 04, 1992",http://ufcstats.com/fighter-details/523af801b3429015
Sam Fulton,--,--,--,http://ufcstats.com/fighter-details/1f5f75658551f2d3
Hidehiko Yoshida,"5' 11""",--,"Sep 03, 1969",http://ufcstats.com/fighter-details/2eae41f61776c60f
Paul Capaldo,"5' 7""",--,"Dec 27, 1996",http://ufcstats.com/fighter-details/83b8fe74224dd642
Josh Emmett,"5' 6""","70""","Mar 04, 1985",http://ufcstats.com/fighter-details/fba03cd6cc28dc41
Batgerel Danaa,"5' 7""","70""","Jul 04, 1989",http://ufcstats.com/fighter-details/3b0a516d2921e0d6
Andrei Semenov,"6' 0""",--,"Jun 17, 1977",http://ufcstats.com/fighter-details/5f2f0da6fd6a84fd
Rafael  Del Real,"5' 11""",--,--,http://ufcstats.com/fighter-details/e82b2adcaeff71ec
Mahamed Aly,"6' 2""","78""","Jan 11, 1994",http://ufcstats.com/fighter-details/86c1441676af2c73
Jeremie Holloway,"6' 0""",--,"Sep 29, 1984",http://ufcstats.com/fighter-details/ee28aa7f1043756c
Darian Weeks,"5' 11""","72""","Nov 23, 1993",http://ufcstats.com/fighter-details/326a001926ffb7ec
Brandon Visher,"5' 6""","68""","May 06, 1984",http://ufcstats.com/fighter-details/7c4ec656d8fcb867
Rodrigo Damm,"5' 7""","71""","Feb 03, 1980",http://ufcstats.com/fighter-details/a20d7dfaba74c067
Dwight Grant,"6' 1""","76""","Sep 14, 1984",http://ufcstats.com/fighter-details/8be158ca1e5ea6a0
Jessin Ayari,"6' 0""","73""","May 31, 1992",http://ufcstats.com/fighter-details/6eaec40f724852f4
Julian Marquez,"6' 2""","72""","May 08, 1990",http://ufcstats.com/fighter-details/d0e1b42d41dab603
Leonardo Damiani,"5' 10""","69""","Aug 30, 1990",http://ufcstats.com/fighter-details/acd870570949d8a2
Derek Brunson,"6' 1""","77""","Jan 04, 1984",http://ufcstats.com/fighter-details/b1a3e0aca758b322
Abdul-Kareem Al-Selwady,"5' 8""","69""","Apr 10, 1995",http://ufcstats.com/fighter-details/597499ac7a5aac62
Michal Figlak,"5' 10""","70""","Aug 15, 1996",http://ufcstats.com/fighter-details/b4c57a8c2b773e82
Ryan Jensen,"6' 1""","76""","Sep 20, 1977",http://ufcstats.com/fighter-details/aae99701b21554e4
Kevin Syler,"5' 9""","71""","Jul 29, 1993",http://ufcstats.com/fighter-details/9094a881a7513de3
Miguel Cosio,"6' 4""",--,"Feb 18, 1981",http://ufcstats.com/fighter-details/d150c6fbdb7687f4
Alexander Munoz,"5' 9""","72""","Feb 27, 1990",http://ufcstats.com/fighter-details/f8f1ec513bcfef43
Andre Petroski,"6' 0""","73""","Jun 12, 1991",http://ufcstats.com/fighter-details/5f61780fe5e9b6d0
Daniel Pineda,"5' 7""","69""","Aug 06, 1985",http://ufcstats.com/fighter-details/361d49960a196976
Roshaun Jones,"5' 8""",--,--,http://ufcstats.com/fighter-details/8a9f54b9056b07f5
Simon Biyong,--,--,"Apr 05, 1991",http://ufcstats.com/fighter-details/27ab7257bf6a3b65
Val Woodburn,"5' 8""","74""","Aug 10, 1993",http://ufcstats.com/fighter-details/7a47e068f8017019
Marcelo Brito,"6' 1""",--,"Nov 27, 1977",http://ufcstats.com/fighter-details/3a97fda0de6f1fa4
Brandon Cash,"6' 5""",--,--,http://ufcstats.com/fighter-details/3993f7dcb7caf42a
Juan Espino,"6' 3""","80""","Oct 09, 1980",http://ufcstats.com/fighter-details/ccf5dc41417e9daf
Sara McMann,"5' 6""","66""","Sep 24, 1980",http://ufcstats.com/fighter-details/7be74a12d7352df2
Barb Honchak,"5' 4""","65""","Aug 30, 1979",http://ufcstats.com/fighter-details/472f6f6e6d962f40
Jake Rosholt,"6' 1""",--,"Feb 09, 1982",http://ufcstats.com/fighter-details/4f2fcbefb668689d
Alonzo Martinez,"5' 10""",--,"Apr 22, 1984",http://ufcstats.com/fighter-details/feffee4fc6da3aa3
Daijiro Matsui,"5' 9""",--,"Dec 05, 1972",http://ufcstats.com/fighter-details/cd42bbe8887bba90
Jeff Hougland,"5' 7""","68""","Aug 02, 1978",http://ufcstats.com/fighter-details/97a8f39186f489db
Eric Irvin,"5' 8""",--,"Jan 10, 1986",http://ufcstats.com/fighter-details/a47c2a6e24757932
Joe Lauzon,"5' 10""","71""","May 22, 1984",http://ufcstats.com/fighter-details/3bad7ef643840f67
Conor Heun,"5' 10""",--,"Feb 11, 1979",http://ufcstats.com/fighter-details/fdb02029556ff4ed
Nate Smith,"5' 6""","69""","Apr 09, 1995",http://ufcstats.com/fighter-details/0bbb69f69c9a2eea
Rafael Carvalho,"6' 3""",--,"Jul 27, 1986",http://ufcstats.com/fighter-details/620d8710e89cfeae
Rodrigo de Lima,"5' 7""",--,"Mar 12, 1991",http://ufcstats.com/fighter-details/a4dc47001f202bcd
Mike Moreno,"6' 0""",--,--,http://ufcstats.com/fighter-details/bb2eee4fb3259c01
Daisuke Nakamura,"5' 7""",--,"Jun 10, 1980",http://ufcstats.com/fighter-details/a196332ee4aa8a82
Kyle Kurtz,--,--,--,http://ufcstats.com/fighter-details/b490def93478ae29
Shohei Nose,"5' 6""","68""","Oct 19, 1997",http://ufcstats.com/fighter-details/6b0e83b094f816ac
Kiru Sahota,"5' 10""","73""","May 28, 1995",http://ufcstats.com/fighter-details/296a120cb880477b
Ryan Jimmo,"6' 1""","73""","Nov 27, 1981",http://ufcstats.com/fighter-details/bc3ec52ef70fc155
Michael Lombardo,"6' 0""","72""","Apr 03, 1990",http://ufcstats.com/fighter-details/6d6b9a6cb063b60d
Karine Silva,"5' 5""","67""","Dec 02, 1993",http://ufcstats.com/fighter-details/9d62c2d8ee151f08
Damir Hadzovic,"5' 9""","70""","Aug 08, 1986",http://ufcstats.com/fighter-details/38c626ca912c7bac
Sean Soriano,"5' 9""","70""","Oct 06, 1989",http://ufcstats.com/fighter-details/bd5403efbaa445c0
Luigi Vendramini,"5' 8""","73""","Jan 16, 1996",http://ufcstats.com/fighter-details/2f1a257d6777096d
Zhang Zhenyang,--,--,--,http://ufcstats.com/fighter-details/286e1d61fb315355
Steve Cantwell,"6' 2""","75""","Dec 08, 1986",http://ufcstats.com/fighter-details/f1f9e48a0d150757
Nick Ring,"6' 0""","74""","Feb 10, 1979",http://ufcstats.com/fighter-details/b13da0b1a3aed3e7
Guilherme Pat,"6' 6""","81""","Apr 20, 1994",http://ufcstats.com/fighter-details/ba15006c804a8de0
Blair Tugman,"6' 0""",--,--,http://ufcstats.com/fighter-details/63f8775391301891
Reynaldo Trujillo,"5' 9""",--,"Jan 01, 1982",http://ufcstats.com/fighter-details/e6b233a007cb06c4
Sultan Aliev,"5' 11""","74""","Sep 17, 1984",http://ufcstats.com/fighter-details/e70de1859b7ee78e
Hideo Tokoro,"5' 7""",--,"Aug 22, 1977",http://ufcstats.com/fighter-details/2d5fbe2103f97053
Todd Moore,"5' 9""","71""","Dec 30, 1983",http://ufcstats.com/fighter-details/e31502e3f79d00c5
Kurt Osiander,--,--,--,http://ufcstats.com/fighter-details/f84dfc5a8d178403
Khusein Askhabov,"5' 8""","69""","Feb 13, 1995",http://ufcstats.com/fighter-details/5c10da56d712ac9c
Fredson Paixao,"5' 6""","66""","May 13, 1979",http://ufcstats.com/fighter-details/320edfb0332b7073
Godofredo Pepey,"5' 7""","73""","Jul 02, 1987",http://ufcstats.com/fighter-details/fa37628269132d1a
Craig Jones,--,--,"Jul 17, 1991",http://ufcstats.com/fighter-details/e947b563eb744a21
Ariel Gandulla,"5' 11""",--,"May 07, 1968",http://ufcstats.com/fighter-details/41904fc4d3f5bffc
Brad Morris,"6' 2""",--,"Nov 01, 1979",http://ufcstats.com/fighter-details/6803d4d6908354ac
Adam Khaliev,"6' 0""",--,"Apr 16, 1984",http://ufcstats.com/fighter-details/1aba18b5f15d4956
Talita Nogueira,"5' 10""",--,"Oct 13, 1985",http://ufcstats.com/fighter-details/a3d1d060f9af97fe
Yves Edwards,"5' 9""","73""","Sep 30, 1976",http://ufcstats.com/fighter-details/5f04e3d58d9ce982
Gabriel Salinas-Jones,"6' 1""",--,"Nov 20, 1984",http://ufcstats.com/fighter-details/74d5f71eeb0c66c7
Kaloyan Kolev,"6' 2""","73""","Oct 17, 1992",http://ufcstats.com/fighter-details/33de378ce1734638
Roman Kopylov,"6' 0""","75""","May 04, 1992",http://ufcstats.com/fighter-details/9d83f6da776ff7d6
Ilya Kotau,--,--,--,http://ufcstats.com/fighter-details/a68d57ae177a5815
Carlston Harris,"6' 0""","76""","Jul 09, 1987",http://ufcstats.com/fighter-details/a53d30163304aa6e
Lorenz Larkin,"5' 11""","72""","Sep 03, 1986",http://ufcstats.com/fighter-details/9450848a71d53776
James Bochnovic,"6' 4""","81""","Feb 13, 1989",http://ufcstats.com/fighter-details/984d15d5dc7bfcf9
Ryan Healy,"6' 1""",--,"Jul 20, 1983",http://ufcstats.com/fighter-details/f3eb664db7fb1df3
James Krause,"6' 2""","73""","Jun 04, 1986",http://ufcstats.com/fighter-details/8f6a18831a120817
Goran Reljic,"6' 3""","81""","Mar 20, 1984",http://ufcstats.com/fighter-details/132f860d02953f4c
Danylo Voievodkin,"6' 4""","78""","Jul 19, 2000",http://ufcstats.com/fighter-details/d73a7c36746fbc5b
Rolando Dy,"5' 8""","69""","Aug 11, 1990",http://ufcstats.com/fighter-details/55ed59d541f8b90c
Jason Medina,"5' 9""",--,--,http://ufcstats.com/fighter-details/f53fb9d9e57cc38e
Luke Flores,"6' 0""","73""","Mar 17, 1988",http://ufcstats.com/fighter-details/b5f44dcb863f595b
Caolan Loughran,"5' 6""","68""","May 18, 1996",http://ufcstats.com/fighter-details/42ac4020cba261ad
Dustin Poirier,"5' 9""","72""","Jan 19, 1989",http://ufcstats.com/fighter-details/029eaff01e6bb8f0
Nasrat Haqparast,"5' 10""","72""","Aug 22, 1995",http://ufcstats.com/fighter-details/b7b84ccd221be298
Adam Antolin,"5' 5""","63""","Feb 28, 1982",http://ufcstats.com/fighter-details/25b31165758402dd
Blood Diamond,"5' 11""","76""","Jul 10, 1988",http://ufcstats.com/fighter-details/9edf2c9082cc2cd8
Anthony Ruiz,"6' 2""",--,"Nov 03, 1977",http://ufcstats.com/fighter-details/657c21cb133f1445
Antonio Carvalho,"5' 9""","70""","May 30, 1979",http://ufcstats.com/fighter-details/fef3d17e27e916e7
Cody Durden,"5' 7""","67""","Mar 29, 1991",http://ufcstats.com/fighter-details/7f6ed67d3ed3c036
Steve Kennedy,"5' 11""",--,"Mar 07, 1983",http://ufcstats.com/fighter-details/185fb0200a4605e6
Jin Oh Kim,"5' 9""",--,"Dec 12, 1979",http://ufcstats.com/fighter-details/8d04923f2db59b7f
Vitor Costa,"6' 2""","75""","Sep 19, 2000",http://ufcstats.com/fighter-details/c41cbb5bf944ca54
AJ Fletcher,"5' 10""","67""","Feb 18, 1997",http://ufcstats.com/fighter-details/725b1abc9a39d873
Allen Crowder,"6' 3""","76""","Nov 08, 1989",http://ufcstats.com/fighter-details/a9d6e047ce48ab63
Eric Galvan,--,--,--,http://ufcstats.com/fighter-details/ad3fdba28a7540cf
Katsuya Inoue,"5' 9""",--,"Aug 10, 1979",http://ufcstats.com/fighter-details/b5882371e2a3900d
JJ Okanovich,"5' 11""","76""","Nov 04, 1990",http://ufcstats.com/fighter-details/aa40fe6038db56cb
Hilarie Rose,"5' 3""","63""","Nov 11, 1992",http://ufcstats.com/fighter-details/b9163ec845c3bfc8
Joe Pearson,"5' 10""",--,"Mar 28, 1978",http://ufcstats.com/fighter-details/122806b56775a53a
Tyler Toner,"5' 8""","70""","Mar 31, 1983",http://ufcstats.com/fighter-details/8e893f269d5696b2
Sokun Koh,"6' 1""",--,--,http://ufcstats.com/fighter-details/6d8ef8706781c49e
Natan Levy,"5' 9""","71""","Sep 30, 1991",http://ufcstats.com/fighter-details/a29db9cd4f9ccea5
Charles Johnson,"5' 9""","70""","Jan 10, 1991",http://ufcstats.com/fighter-details/814e5233e2acf2ee
Trevor Smith,"6' 3""","75""","Jan 05, 1981",http://ufcstats.com/fighter-details/f797f0c57a83353e
Rulon Gardner,"6' 3""",--,"Aug 16, 1971",http://ufcstats.com/fighter-details/4f7e290e71d60f87
Corey Anderson,"6' 3""","79""","Sep 22, 1989",http://ufcstats.com/fighter-details/5e4eec08896c9423
Liliya Shakirova,"5' 4""","65""","Oct 24, 1991",http://ufcstats.com/fighter-details/f300763147320d12
Magomed Mustafaev,"5' 8""","71""","Aug 02, 1988",http://ufcstats.com/fighter-details/31d7446b184e3305
Alexandre Franca Nogueira,"5' 7""",--,"Jan 15, 1978",http://ufcstats.com/fighter-details/4c27ca8c8481f79a
Rashad Evans,"6' 0""","75""","Sep 25, 1979",http://ufcstats.com/fighter-details/ee779c43a8926d52
Antonio Banuelos,"5' 5""","63""","Sep 23, 1979",http://ufcstats.com/fighter-details/9ddfb3369a3b0394
Dion Staring,"6' 1""",--,"Jun 09, 1978",http://ufcstats.com/fighter-details/289a57039d742bfe
Anthony Johnson,"6' 2""","78""","Mar 06, 1984",http://ufcstats.com/fighter-details/365fee2da473b177
Danilo Suzart,"6' 0""",--,"Dec 04, 1991",http://ufcstats.com/fighter-details/3d99e5aa85d7576a
Paul Song,--,--,"Jan 20, 1987",http://ufcstats.com/fighter-details/9775eabcb1be1a00
Mackens Semerzier,"5' 9""","72""","Nov 03, 1980",http://ufcstats.com/fighter-details/51b1e2fd9872005b
Maxim Grishin,"6' 3""","78""","May 02, 1984",http://ufcstats.com/fighter-details/950d0ef5c17157c5
Scott Ventimiglia,"5' 11""",--,"Nov 17, 1972",http://ufcstats.com/fighter-details/6e62bb64f7cc5026
Paul Kelly,"5' 9""","70""","Sep 12, 1984",http://ufcstats.com/fighter-details/aac5ac38148f0528
Chris Camozzi,"6' 2""","75""","Nov 20, 1986",http://ufcstats.com/fighter-details/6c2030e0a143a94b
Chris Drumm,"5' 8""",--,--,http://ufcstats.com/fighter-details/5fd834edd92c9e50
Amador Ramirez,--,--,"Jun 14, 1990",http://ufcstats.com/fighter-details/ac31f869959860bc
Mikheil Sazhiniani,"6' 0""","71""","Oct 05, 1996",http://ufcstats.com/fighter-details/22a1f83edb865aee
Tony Fryklund,"6' 0""",--,"Mar 26, 1971",http://ufcstats.com/fighter-details/253de74457bd6374
Andreas Gustafsson,"6' 1""","73""","Feb 20, 1991",http://ufcstats.com/fighter-details/2caf993f53541fa1
Shelton Graves,"6' 2""","76""","Oct 23, 1985",http://ufcstats.com/fighter-details/642862d6d63605cd
Egan Inoue,"5' 9""",--,"Jul 04, 1965",http://ufcstats.com/fighter-details/37a6c95201592fea
Nikola Joksovic,--,--,"Sep 11, 1994",http://ufcstats.com/fighter-details/a6aa3157e1a1d104
Ricky Camp,"5' 7""",--,--,http://ufcstats.com/fighter-details/4a99978a0366bb29
Dustin Pague,"5' 9""","74""","Aug 05, 1987",http://ufcstats.com/fighter-details/55f80a8aeffcdb33
Nikolas Motta,"5' 9""","70""","Feb 08, 1993",http://ufcstats.com/fighter-details/37f560436d745c18
Kazuma Maruyama,"5' 11""","72""","Jul 19, 1992",http://ufcstats.com/fighter-details/aa1a873d05acc7eb
Chad Mendes,"5' 6""","66""","May 01, 1985",http://ufcstats.com/fighter-details/b5b684eac99ae0a3
Roman Salazar,"5' 7""",--,"Feb 21, 1988",http://ufcstats.com/fighter-details/72c4b253d2f5ebf2
Daniel Spohn,"6' 4""","79""","Oct 12, 1984",http://ufcstats.com/fighter-details/87f3bbf52e6c9dc9
Lucio Linhares,"6' 2""",--,"Dec 08, 1973",http://ufcstats.com/fighter-details/a780d16cf7eed44d
Alvin Robinson,"5' 9""","68""","Jul 16, 1982",http://ufcstats.com/fighter-details/cbe79765d44bd172
Jose Torres,"5' 4""","65""","Aug 02, 1992",http://ufcstats.com/fighter-details/d2036f31c035e0d1
Terrence Mitchell,"5' 10""","74""","Dec 30, 1989",http://ufcstats.com/fighter-details/f3ca6908f78efebe
Rei Tsuruya,"5' 6""","68""","Jun 22, 2002",http://ufcstats.com/fighter-details/2f43a3e82661fa99
Darryl Cobb,"5' 9""",--,"Aug 04, 1980",http://ufcstats.com/fighter-details/dc6d8256ee3dfba5
Alex Reyes,"5' 11""","73""","Oct 02, 1986",http://ufcstats.com/fighter-details/dc07493a87dc0a6e
Rui Imura,"5' 10""","69""","Mar 24, 1999",http://ufcstats.com/fighter-details/bb56173e2275e622
Julija Stoliarenko,"5' 7""","66""","Apr 08, 1993",http://ufcstats.com/fighter-details/a78a87d8c2bbb1cb
Felipe Colares,"5' 8""","69""","Mar 31, 1994",http://ufcstats.com/fighter-details/dbac0a413af64bbe
Jonathan Micallef,"6' 0""","77""","Mar 05, 1999",http://ufcstats.com/fighter-details/f782f953bfe7b5f2
Jeremia Siregar,"5' 2""","63""","Jul 27, 1991",http://ufcstats.com/fighter-details/a7ac3b1b0c4146db
Luana Pinheiro,"5' 2""","62""","Nov 18, 1992",http://ufcstats.com/fighter-details/a3a542074109b347
Isaac Dulgarian,"5' 7""","71""","Jul 04, 1996",http://ufcstats.com/fighter-details/a57cb948c4c70a47
Chris de la Rocha,"6' 3""","80""","May 15, 1979",http://ufcstats.com/fighter-details/e51ee8ded927fc51
Henrique Da Silva Lopes,"6' 3""",--,"Mar 08, 1985",http://ufcstats.com/fighter-details/1f8cd7634e8286ff
Jose Delgado,"5' 11""","74""","Apr 21, 1998",http://ufcstats.com/fighter-details/7d6ceff6747f2de2
Scott Holtzman,"5' 9""","69""","Sep 30, 1983",http://ufcstats.com/fighter-details/df1eb4354d18a906
Jamie Pickett,"6' 2""","80""","Aug 29, 1988",http://ufcstats.com/fighter-details/830f60497fab345a
Yoel Romero,"6' 0""","73""","Apr 30, 1977",http://ufcstats.com/fighter-details/f77c68bb4be8516d
Herdem Alacabek,"6' 2""","75""","Jun 07, 1991",http://ufcstats.com/fighter-details/7578cc6bd750206b
Fabricio Werdum,"6' 4""","77""","Jul 30, 1977",http://ufcstats.com/fighter-details/492b202d2064e7a9
Leandro Issa,"5' 7""","69""","Sep 19, 1983",http://ufcstats.com/fighter-details/d1e1fdcea7c8a90a
John Matua,"6' 2""",--,--,http://ufcstats.com/fighter-details/c933d423ebdbbbdb
Eddie Wineland,"5' 7""","69""","Jun 26, 1984",http://ufcstats.com/fighter-details/fc9a9559a05f2704
Roxanne Modafferi,"5' 7""","69""","Sep 24, 1982",http://ufcstats.com/fighter-details/4498b382c65a7faa
Gabe Lemley,"5' 8""",--,--,http://ufcstats.com/fighter-details/fd4578cac86d75ca
Aljamain Sterling,"5' 7""","71""","Jul 31, 1989",http://ufcstats.com/fighter-details/cb696ebfb6598724
Adrian Serrano,"5' 8""",--,"Dec 23, 1963",http://ufcstats.com/fighter-details/e7ec11096eac0282
Alexandre Dantas,"6' 2""",--,"Mar 01, 1979",http://ufcstats.com/fighter-details/8dc46e9a7895ce1a
Max Mustaki,"6' 0""",--,"Nov 07, 1987",http://ufcstats.com/fighter-details/f4c40f8a64d3151d
Magomed Ankalaev,"6' 3""","75""","Jun 02, 1992",http://ufcstats.com/fighter-details/d802174b0c0c1f4e
Kevin Knabjian,"5' 10""",--,"Jul 05, 1984",http://ufcstats.com/fighter-details/1fac46d466abd5b8
Achmed Labasanov,"6' 3""",--,"Apr 24, 1978",http://ufcstats.com/fighter-details/b3fb8d2293e17a59
TJ Cook,--,--,"Sep 08, 1982",http://ufcstats.com/fighter-details/fa238ecfd048f7d8
Don Madge,"6' 0""","72""","Nov 12, 1990",http://ufcstats.com/fighter-details/68c7ad953455c73f
Justin McCully,"6' 1""","73""","Feb 18, 1976",http://ufcstats.com/fighter-details/75f871836d41f90f
Justine Kish,"5' 5""","64""","Apr 13, 1988",http://ufcstats.com/fighter-details/928ae2e5b5f7a9ec
Guilherme Viana,"6' 4""",--,--,http://ufcstats.com/fighter-details/393b8e03fb410a78
Jeremiah Wells,"5' 9""","74""","Oct 30, 1986",http://ufcstats.com/fighter-details/d66a46de8d705353
Ihor Potieria,"6' 3""","75""","May 29, 1996",http://ufcstats.com/fighter-details/260bd4cef10b033f
Wallid Ismail,"5' 7""",--,"Feb 23, 1968",http://ufcstats.com/fighter-details/da6dfd09cca1d705
Niklas Backstrom,"6' 1""",--,"Aug 22, 1989",http://ufcstats.com/fighter-details/39cc64bf0a269db9
Jose Canseco,"6' 4""",--,"Jul 02, 1964",http://ufcstats.com/fighter-details/03da33a102d9a45f
Kamuela Kirk,"5' 10""","75""","Apr 13, 1994",http://ufcstats.com/fighter-details/c7d7fda69ec410d3
Dave Strasser,"5' 10""",--,"Jul 13, 1969",http://ufcstats.com/fighter-details/980b4e712489098e
Thiago Tavares,"5' 7""","70""","Nov 08, 1984",http://ufcstats.com/fighter-details/8a59d346dc976a10
Rolando Perez,"5' 8""",--,--,http://ufcstats.com/fighter-details/4a9e305633f3ef47
Royce Alger,"5' 10""",--,"Mar 06, 1965",http://ufcstats.com/fighter-details/669a3cb6e394f515
Chad Robichaux,"5' 4""",--,"Aug 18, 1975",http://ufcstats.com/fighter-details/b2aa1e07b5b3306e
Nick Sanzo,"5' 9""",--,"Jan 16, 1963",http://ufcstats.com/fighter-details/1d147d4163a6989b
Hannah Goldy,"5' 4""","61""","May 18, 1992",http://ufcstats.com/fighter-details/26e3f3928b1891d9
Arisa Matsuda,"5' 3""","64""","Dec 15, 1994",http://ufcstats.com/fighter-details/4c33b3d37955aa85
CJ Fernandes,"6' 2""",--,"Nov 13, 1977",http://ufcstats.com/fighter-details/979f7edbb6980b0d
Mike Hayes,"6' 4""",--,"Oct 16, 1980",http://ufcstats.com/fighter-details/0cfbbfa0ba6d9855
Marvin Vettori,"6' 0""","74""","Sep 20, 1993",http://ufcstats.com/fighter-details/7acbb0972e75281a
Mickey Gall,"6' 2""","74""","Jan 22, 1992",http://ufcstats.com/fighter-details/9e50097a89442158
Cam Rowston,"6' 3""","78""","Jan 19, 1995",http://ufcstats.com/fighter-details/8ebc3a8da015d70c
Felipe Arantes,"5' 8""","73""","Feb 09, 1988",http://ufcstats.com/fighter-details/71002dbc1743b9a7
Gerric Hayes,"5' 10""",--,"Oct 29, 1980",http://ufcstats.com/fighter-details/7d6a3546c988cdc0
Timothy Johnson,"6' 3""","77""","Mar 13, 1985",http://ufcstats.com/fighter-details/cc900af167fbedfd
Joey Beltran,"6' 1""","75""","Dec 08, 1981",http://ufcstats.com/fighter-details/46baf0f57edfa4df
John Salgado,"5' 10""",--,--,http://ufcstats.com/fighter-details/3e36811b7bc1f6ad
Marcio Barbosa,"5' 6""","70""","May 22, 1998",http://ufcstats.com/fighter-details/c85bad793cd14e28
Khadis Ibragimov,"6' 3""","78""","May 21, 1995",http://ufcstats.com/fighter-details/c3218c810959d279
Tokitaka Nakanishi,"5' 6""","66""","Jul 28, 1996",http://ufcstats.com/fighter-details/eb9446a4f44e19cf
Joe Duarte,--,--,"Jan 25, 1977",http://ufcstats.com/fighter-details/454c3e9d4cd4a1b3
Chuck Grigsby,"6' 6""",--,"Aug 15, 1972",http://ufcstats.com/fighter-details/7fb4234670271505
KB Bhullar,"6' 4""","78""","Oct 12, 1991",http://ufcstats.com/fighter-details/9cd047a828dd7515
Khadzhi Bestaev,"6' 6""","76""","Jul 16, 1988",http://ufcstats.com/fighter-details/e05f4ce199baca91
Jason Knight,"5' 10""","71""","Jul 14, 1992",http://ufcstats.com/fighter-details/bb1a2cdad6ff34db
Loma Lookboonmee,"5' 1""","61""","Jan 18, 1996",http://ufcstats.com/fighter-details/4e30e4250cb08b61
Andy Ogle,"5' 8""","69""","Feb 16, 1989",http://ufcstats.com/fighter-details/b6c4451cb13c9303
Kazuki Tokudome,"5' 11""","73""","Mar 04, 1987",http://ufcstats.com/fighter-details/c4af2feb4b58bc3b
Ian McCall,"5' 5""","64""","May 07, 1984",http://ufcstats.com/fighter-details/701e057d63c124d9
Wes Schultz,"6' 2""","77""","Aug 09, 1996",http://ufcstats.com/fighter-details/b4443fae47e7eb9d
John Phillips,"5' 11""","75""","Jun 09, 1985",http://ufcstats.com/fighter-details/e9ac7bfb65c25497
Jovan Leka,"6' 4""","75""","Mar 15, 2002",http://ufcstats.com/fighter-details/182a73d5b4e57871
Rolando Bedoya,"5' 11""","74""","Jan 13, 1997",http://ufcstats.com/fighter-details/40a456a25d52ee65
Chel Erwin-Davis,"6' 0""",--,--,http://ufcstats.com/fighter-details/c26ea30823f37316
Hector Ramirez,"6' 0""",--,"Mar 28, 1976",http://ufcstats.com/fighter-details/d1759b2b7be9be56
Mike Minniger,--,--,--,http://ufcstats.com/fighter-details/c8aa3541bec4042e
Ramiro Hernandez,"5' 9""",--,"Jul 22, 1986",http://ufcstats.com/fighter-details/915c8d39d4a0e7d1
Dione Barbosa,"5' 6""","66""","May 08, 1992",http://ufcstats.com/fighter-details/27b388f0aab49780
Takafumi Otsuka,"5' 6""",--,"Aug 22, 1986",http://ufcstats.com/fighter-details/6b8f28da9a483049
Nick Penner,"6' 4""",--,"Mar 26, 1980",http://ufcstats.com/fighter-details/879b8df81523d91b
Chris Horodecki,"5' 9""","69""","Sep 24, 1987",http://ufcstats.com/fighter-details/e29cf523ebd155c5
Keith Berish,"6' 0""",--,"Nov 14, 1985",http://ufcstats.com/fighter-details/e3779ef06e98f185
Raphael Pessoa,"6' 3""","78""","Mar 09, 1989",http://ufcstats.com/fighter-details/41f90012b86a11bf
Tommy Speer,"5' 10""","71""","Aug 20, 1984",http://ufcstats.com/fighter-details/1411c630ba711b64
Jose Augusto,"6' 3""",--,"Mar 28, 1992",http://ufcstats.com/fighter-details/4d3b08ab127c7585
Cole Miller,"6' 1""","73""","Apr 26, 1984",http://ufcstats.com/fighter-details/282fa667ff9c51ed
Josias Musasa,"5' 8""","74""","Oct 10, 1998",http://ufcstats.com/fighter-details/723b64c0e9a8f348
Myktybek Orolbai,"5' 10""","74""","Feb 10, 1998",http://ufcstats.com/fighter-details/bf2c8e01b07d3eb1
Nicco Montano,"5' 5""","65""","Dec 16, 1988",http://ufcstats.com/fighter-details/1de9ad94de18eeaf
Mario Miranda,"6' 3""","74""","Jul 12, 1979",http://ufcstats.com/fighter-details/df2bf09c99594848
Lauren Mueller,"5' 5""","67""","Nov 15, 1991",http://ufcstats.com/fighter-details/f923e012414c883e
Robert Drysdale,"6' 3""",--,"Oct 05, 1981",http://ufcstats.com/fighter-details/d2a9be6bf2de624c
Bobby Hoffman,"6' 2""",--,"Oct 28, 1968",http://ufcstats.com/fighter-details/afaad7d6a581e307
Amanda Nunes,"5' 8""","69""","May 30, 1988",http://ufcstats.com/fighter-details/80fa8218c99f9c58
Ikuhisa Minowa,"5' 9""",--,"Jan 12, 1976",http://ufcstats.com/fighter-details/ce6065baef021cf3
Taylor Roberts,"5' 11""",--,--,http://ufcstats.com/fighter-details/c5ec23983dc2d8f4
Mike Santiago,"5' 10""","69""","Jul 28, 1989",http://ufcstats.com/fighter-details/bc656db347f31e19
Ryan Thomas,"6' 0""",--,"Nov 05, 1984",http://ufcstats.com/fighter-details/b732b326c362fb62
Anthony Birchak,"5' 8""","69""","May 16, 1986",http://ufcstats.com/fighter-details/c5a126ace82a6025
Goiti Yamauchi,"5' 10""",--,"Jan 05, 1993",http://ufcstats.com/fighter-details/9e1a7101fefe9746
Jonathan Pearce,"6' 0""","71""","May 01, 1992",http://ufcstats.com/fighter-details/87c0b1c696ddfb43
Karolina Wojcik,"5' 2""",--,"Dec 09, 1994",http://ufcstats.com/fighter-details/b99b3620839ea911
CJ Hamilton,"5' 7""","68""","Oct 07, 1986",http://ufcstats.com/fighter-details/7da5839b223f3728
Cortney Casey,"5' 7""","67""","May 05, 1987",http://ufcstats.com/fighter-details/5f179af5fffeb9f6
Damir Mirenic,"6' 0""",--,"Aug 02, 1974",http://ufcstats.com/fighter-details/992c82450d96f726
Shunichi Shimizu,"5' 5""",--,"Jan 31, 1985",http://ufcstats.com/fighter-details/10657c60ce349e0f
Viacheslav Borshchev,"5' 11""","69""","Jan 08, 1992",http://ufcstats.com/fighter-details/19c591115a58982c
JeongYeong Lee,"5' 10""","73""","Nov 13, 1995",http://ufcstats.com/fighter-details/d008d785f6347dc2
Alex Gilpin,"5' 7""",--,"Mar 26, 1992",http://ufcstats.com/fighter-details/762c69860eef65d8
Gerry Harris,"6' 8""",--,--,http://ufcstats.com/fighter-details/30cd319d39ee689b
Nam Phan,"5' 6""","70""","Mar 13, 1983",http://ufcstats.com/fighter-details/80dbeb1dd5b53e64
Kleydson Rodrigues,"5' 5""","67""","Oct 22, 1995",http://ufcstats.com/fighter-details/102a8fdf8cbf7467
Bruno Santos,"5' 9""",--,"Jul 17, 1987",http://ufcstats.com/fighter-details/da1d8d76404bb6b5
Cameron Smotherman,"5' 9""","69""","Sep 17, 1997",http://ufcstats.com/fighter-details/5c84f673b7bb7c15
DeMarco Villalona,"5' 9""",--,--,http://ufcstats.com/fighter-details/0275e33febc2818c
Oron Kahlon,"5' 8""","70""","Nov 04, 1984",http://ufcstats.com/fighter-details/00a35c92b03992b0
Josh LaBerge,"5' 10""",--,--,http://ufcstats.com/fighter-details/5108b169b5fe1f86
Marvin Eastman,"5' 9""","73""","Jun 08, 1971",http://ufcstats.com/fighter-details/05866d8c3a321856
Frank Hamaker,--,--,--,http://ufcstats.com/fighter-details/c3c23c99477c041b
Rani Yahya,"5' 6""","67""","Sep 12, 1984",http://ufcstats.com/fighter-details/94527830000ab715
Tim Elliott,"5' 7""","66""","Dec 24, 1986",http://ufcstats.com/fighter-details/c96d9178c9ed9e62
Yazmin Jauregui,"5' 3""","64""","Feb 28, 1999",http://ufcstats.com/fighter-details/40cb680ae1cd331f
Michal Martinek,"6' 2""",--,"Apr 19, 1990",http://ufcstats.com/fighter-details/9acf42aebe9bb895
Ricardo Romero,"6' 0""","76""","Apr 15, 1978",http://ufcstats.com/fighter-details/744e098e065cfdbe
Slim Trabelsi,"6' 3""",--,"May 09, 1993",http://ufcstats.com/fighter-details/ff2ec83f44000f78
Sasha Palatnikov,"6' 1""","72""","Mar 15, 1989",http://ufcstats.com/fighter-details/a6c20202c701e5ca
Ryan McGillivray,"5' 11""",--,"Sep 27, 1986",http://ufcstats.com/fighter-details/1f9c371c93dfd3a9
Antonio Braga Neto,"6' 3""","77""","Oct 29, 1987",http://ufcstats.com/fighter-details/fae67903c4fe636b
Drakkar Klose,"5' 9""","70""","Mar 09, 1988",http://ufcstats.com/fighter-details/7cbf7c78d3b34218
Maximo Blanco,"5' 8""","71""","Oct 16, 1983",http://ufcstats.com/fighter-details/4a1329cc8eb0928a
Melinda Fabian,"5' 6""","66""","Jun 25, 1987",http://ufcstats.com/fighter-details/8c020156779f7888
Frederick Brown,"6' 0""",--,--,http://ufcstats.com/fighter-details/880c6b788266a3ef
Todd Lally,"5' 7""",--,--,http://ufcstats.com/fighter-details/7d06092326c52528
Danny Barlow,"6' 2""","79""","Aug 02, 1995",http://ufcstats.com/fighter-details/b7c5eb7cdbac6a63
Nick Denis,"5' 7""",--,"Oct 11, 1983",http://ufcstats.com/fighter-details/e4aaaa34535e32b6
Lucie Pudilova,"5' 8""","67""","Jun 13, 1994",http://ufcstats.com/fighter-details/3cf66c62d9069f43
Paul Ruiz,"5' 6""",--,"Jun 23, 1987",http://ufcstats.com/fighter-details/babc0b19e89cec6e
Trent Miller,"5' 9""","72""","Oct 31, 1995",http://ufcstats.com/fighter-details/2b6a37a97541a4fd
Russell Patrick,"5' 9""",--,"Sep 30, 1984",http://ufcstats.com/fighter-details/eafedba0617ced81
Guangyou Ning,"5' 4""","64""","Dec 15, 1981",http://ufcstats.com/fighter-details/2c1170b825f58e57
Kali Robbins,"5' 3""","63""","Jul 05, 1984",http://ufcstats.com/fighter-details/610caee730f9b89e
Sean Santella,"5' 5""",--,"Oct 25, 1984",http://ufcstats.com/fighter-details/39792c2f42c9f527
Hermes Franca,"5' 6""","71""","Aug 26, 1974",http://ufcstats.com/fighter-details/e0ec3c3b6b611f7e
Rafael Silva,"5' 7""",--,"Mar 20, 1985",http://ufcstats.com/fighter-details/a31358d90d4bb40a
Islam Dulatov,"6' 3""","75""","Aug 02, 1998",http://ufcstats.com/fighter-details/e803242fb2e41112
Brady Fink,"6' 0""",--,"May 23, 1981",http://ufcstats.com/fighter-details/997b4f52f76a0b53
Aurelijus Kerpe,--,--,--,http://ufcstats.com/fighter-details/c1e4ae143cce7398
Abel Trujillo,"5' 8""","70""","Sep 18, 1983",http://ufcstats.com/fighter-details/e14b5aa06eea9653
Joe Veres,"5' 7""",--,"Nov 09, 1977",http://ufcstats.com/fighter-details/c6d8ae3b016d5ad5
Chad Leonhardt,"6' 0""",--,"Feb 19, 1980",http://ufcstats.com/fighter-details/657d0ed181f04215
Codale Ford,"5' 9""",--,"May 13, 1979",http://ufcstats.com/fighter-details/5340123d826ceadb
Nate Landwehr,"5' 9""","72""","Jun 06, 1988",http://ufcstats.com/fighter-details/583ee11abddfc581
Vinicius Salvador,"5' 7""","70""","Jul 24, 1996",http://ufcstats.com/fighter-details/65cdf4ec31143d86
Maryna Moroz,"5' 7""","67""","Sep 08, 1991",http://ufcstats.com/fighter-details/b4192a975027aab6
Sean O'Connell,"6' 1""","74""","Sep 02, 1983",http://ufcstats.com/fighter-details/cb52f9490c2dc069
Josh Samman,"6' 3""","79""","Mar 14, 1988",http://ufcstats.com/fighter-details/9deff9e3e8d94d47
In Su Hwang,"5' 11""","74""","Jan 18, 1994",http://ufcstats.com/fighter-details/1c01d986283e6acb
Lando Vannata,"5' 9""","71""","Mar 14, 1992",http://ufcstats.com/fighter-details/f9b200db02b488d9
Jeff Curran,"5' 6""","69""","Sep 02, 1977",http://ufcstats.com/fighter-details/a8ea84cbe1655f0a
Kier Gooch,--,--,"Apr 21, 1986",http://ufcstats.com/fighter-details/1bda4867f1baceac
Uriah Hall,"6' 0""","79""","Jul 31, 1984",http://ufcstats.com/fighter-details/65578a75fa7900e3
Jon Hess,"6' 7""",--,--,http://ufcstats.com/fighter-details/32a3025d5db456ae
Nick Piccininni,"5' 6""","66""","Dec 16, 1996",http://ufcstats.com/fighter-details/a5cb1c29461853ca
Vanilto Antunes,"6' 0""","72""","Dec 28, 1994",http://ufcstats.com/fighter-details/cc49ada1ea955b13
Ante Delija,"6' 3""","78""","Aug 07, 1990",http://ufcstats.com/fighter-details/7d8435c56043b0ae
Mark Hunt,"5' 10""","72""","Mar 23, 1974",http://ufcstats.com/fighter-details/eef9b891edbd4604
Joachim Christensen,"6' 3""","76""","Nov 07, 1978",http://ufcstats.com/fighter-details/2d447cc91bdaa545
Kazuhiro Hamanaka,"6' 0""",--,"Oct 24, 1978",http://ufcstats.com/fighter-details/1b4d6971bb18b82c
Jhonata Diniz,"6' 4""","79""","Jun 23, 1991",http://ufcstats.com/fighter-details/25f9a5f3e8a52618
Vernon Ramos Ho,"5' 6""",--,"Jun 03, 1992",http://ufcstats.com/fighter-details/30b577b112bef42d
Kevin Vallejos,"5' 7""","68""","Dec 08, 2001",http://ufcstats.com/fighter-details/239d8e5359022f3b
Tommy Lee,"5' 7""",--,"Jan 20, 1977",http://ufcstats.com/fighter-details/806975e1b4f47b27
Kelly Velasco,"5' 9""",--,"May 21, 1995",http://ufcstats.com/fighter-details/93c9897f0f9f5dab
Justin Burlinson,"6' 1""","74""","May 19, 1997",http://ufcstats.com/fighter-details/dadd80ef954e54ed
Khaos Williams,"6' 0""","77""","Mar 30, 1994",http://ufcstats.com/fighter-details/2558ae2e5671e318
Mike Joy,"5' 6""",--,"Jul 18, 1985",http://ufcstats.com/fighter-details/35080a7f406f9ab3
Herschel Walker,"6' 1""",--,"Mar 03, 1962",http://ufcstats.com/fighter-details/bd92e38aef641673
Abner Lloveras,"5' 11""",--,"Sep 04, 1982",http://ufcstats.com/fighter-details/6448e57a9533b7e4
Patrick Murphy,"6' 0""",--,--,http://ufcstats.com/fighter-details/eca7e064746c161a
Allen Frye Jr.,"6' 5""","80""","Apr 15, 1998",http://ufcstats.com/fighter-details/73a78713bd899f4c
Chris Guillen,"6' 0""",--,"Dec 09, 1972",http://ufcstats.com/fighter-details/da0f33e4255f99eb
Chris Wade,"5' 10""","70""","Sep 30, 1987",http://ufcstats.com/fighter-details/c8097968da5e5f13
Aspen Ladd,"5' 6""","66""","Mar 01, 1995",http://ufcstats.com/fighter-details/d4691518d012b9e7
Sabina Mazo,"5' 7""","70""","Mar 25, 1997",http://ufcstats.com/fighter-details/70d2329a92864fdb
Sam Patterson,"6' 3""","78""","Apr 30, 1996",http://ufcstats.com/fighter-details/8b6e5dc2ba1edbe7
Erick Sanchez,"5' 10""",--,"Oct 04, 1990",http://ufcstats.com/fighter-details/ef3663798164adf0
Brandon Sayles,"6' 5""",--,"Apr 23, 1981",http://ufcstats.com/fighter-details/72b7c071910990b1
Olaf Alfonso,"6' 2""",--,"Aug 06, 1974",http://ufcstats.com/fighter-details/b757c73f443d4fca
Mark Hall,"6' 0""",--,"Jan 26, 1961",http://ufcstats.com/fighter-details/18524b46c570730b
Marcin Prachnio,"6' 3""","73""","Jul 14, 1988",http://ufcstats.com/fighter-details/6370c1c1e12723d5
Dewey Cooper,--,--,"Nov 10, 1974",http://ufcstats.com/fighter-details/5efaaf313b652dd7
John Kolosci,"5' 11""",--,"Nov 26, 1974",http://ufcstats.com/fighter-details/5f6038bcdb95e3e4
John Devine,--,--,"Jan 17, 1978",http://ufcstats.com/fighter-details/2bcc39af95d6f2e8
Ivan Cole,"5' 9""",--,"Nov 30, 1990",http://ufcstats.com/fighter-details/987b80f57190d6d0
Alexandre Ferreira,"5' 7""",--,"Apr 25, 1979",http://ufcstats.com/fighter-details/28ba5f27e473420c
Jeremy Jackson,"5' 10""",--,"Sep 19, 1982",http://ufcstats.com/fighter-details/ad32471f01e7b1a5
Derek Anderson,"6' 0""",--,"Feb 02, 1990",http://ufcstats.com/fighter-details/19ba965651486013
Bernardo Magalhaes,"5' 9""",--,"Apr 08, 1981",http://ufcstats.com/fighter-details/7a613f78dd7ee8f8
Tateki Matsuda,"5' 7""",--,"Feb 27, 1986",http://ufcstats.com/fighter-details/3a524c6700addc24
Jean Matsumoto,"5' 6""","68""","Sep 09, 1999",http://ufcstats.com/fighter-details/ffd3224638c01b57
Gadzhi Omargadzhiev,"6' 1""","71""","Feb 24, 1993",http://ufcstats.com/fighter-details/684d3aee255a3d09
SeungWoo Choi,"6' 0""","74""","Nov 03, 1992",http://ufcstats.com/fighter-details/a68575214ecad140
Jose Delano,"5' 8""","70""","Sep 11, 1996",http://ufcstats.com/fighter-details/d7c4956d61ae76a9
Raul Rosas Jr.,"5' 9""","67""","Oct 08, 2004",http://ufcstats.com/fighter-details/fe2babf95de24fb1
Maiju Kujala,--,--,"Feb 24, 1986",http://ufcstats.com/fighter-details/4e77d070239699e2
Drako Rodriguez,"5' 8""","69""","Jun 16, 1996",http://ufcstats.com/fighter-details/dc3b9cf7641b7ab6
Luana Carolina,"5' 6""","69""","Jun 11, 1993",http://ufcstats.com/fighter-details/528b071cf3da7c56
Ryan Madigan,"6' 0""",--,--,http://ufcstats.com/fighter-details/a8d521d913df4e31
Chris Heatherly,"5' 9""",--,"Nov 24, 1987",http://ufcstats.com/fighter-details/bad8be5827ea1bf1
Randy Couture,"6' 1""","75""","Jun 22, 1963",http://ufcstats.com/fighter-details/0aa92558424ced9e
OJ Dominguez,--,--,--,http://ufcstats.com/fighter-details/1a50e734bb54861a
Paulo Thiago,"5' 11""","74""","Jan 25, 1981",http://ufcstats.com/fighter-details/30a09e43f15f1d75
Taylor Callens,"5' 10""",--,"May 21, 1991",http://ufcstats.com/fighter-details/53d471e9bf5f2fc8
Gabe Green,"5' 10""","73""","May 02, 1993",http://ufcstats.com/fighter-details/5eb50529a8418b77
Shana Olsen,"5' 7""",--,"Dec 17, 1980",http://ufcstats.com/fighter-details/dfbb95ca0c143988
Pete Sell,"5' 11""","75""","Aug 05, 1982",http://ufcstats.com/fighter-details/0359313549d230a1
Buck Meredith,"6' 2""",--,"May 17, 1982",http://ufcstats.com/fighter-details/36120738148f203f
Sean O'Haire,"6' 5""",--,"Feb 25, 1971",http://ufcstats.com/fighter-details/46effbd1135423c5
Leonardo Silva de Oliveira,"6' 2""",--,"Apr 23, 1992",http://ufcstats.com/fighter-details/28e088bbcaaa6366
Aji Susilo,"5' 10""",--,--,http://ufcstats.com/fighter-details/22af3546bd967280
Kolton Englund,"5' 10""","69""","Jul 09, 1993",http://ufcstats.com/fighter-details/4122da4f791b2f4f
Tom Egan,"5' 11""",--,--,http://ufcstats.com/fighter-details/eae4aec1a5a8ff01
Steve Erceg,"5' 8""","68""","Jul 27, 1995",http://ufcstats.com/fighter-details/32ab52e5de93092d
Rodney Faverus,"6' 0""",--,"Jan 03, 1975",http://ufcstats.com/fighter-details/5af26b3201690d29
Richie Smullen,"5' 9""","68""","Aug 17, 1991",http://ufcstats.com/fighter-details/f75c5ca0d91b9115
Jamie Varner,"5' 8""","71""","Oct 12, 1984",http://ufcstats.com/fighter-details/a54fc2d6fc224dc3
Mac Danzig,"5' 8""","70""","Jan 02, 1980",http://ufcstats.com/fighter-details/86f582852a5b240a
Rory MacDonald,"6' 0""","76""","Jul 22, 1989",http://ufcstats.com/fighter-details/cbd5d3cdd862e90e
Caio Borralho,"6' 1""","75""","Jan 16, 1993",http://ufcstats.com/fighter-details/4126a78111c0855a
Josh Neer,"5' 11""","72""","Mar 24, 1983",http://ufcstats.com/fighter-details/d1a1314976c50bef
Nathaniel Wood,"5' 6""","69""","May 08, 1993",http://ufcstats.com/fighter-details/329e403448756217
Matt Lee,"5' 11""",--,"Jul 09, 1971",http://ufcstats.com/fighter-details/d9e3743bae8d703d
Victor Martinez,"5' 8""","70""","Jul 17, 1991",http://ufcstats.com/fighter-details/3e708ce33b6b18e6
Ansar Chalangov,"5' 9""",--,"Oct 30, 1979",http://ufcstats.com/fighter-details/7342fcc41a4817fa
Kyle Prepolec,"5' 10""","70""","Aug 30, 1989",http://ufcstats.com/fighter-details/873626e5547b5235
Shungo Oyama,"5' 11""",--,"Apr 11, 1974",http://ufcstats.com/fighter-details/47b7e4e60813b7b2
Colley  Bradford,"5' 7""",--,--,http://ufcstats.com/fighter-details/1433786ac76cf777
Sarah D'alelio,"5' 7""",--,"Dec 13, 1980",http://ufcstats.com/fighter-details/ac45450f75d14f16
Lee Higgins,--,--,"Jul 14, 1980",http://ufcstats.com/fighter-details/88432fe79d5091d9
Scott Bills,"5' 10""",--,--,http://ufcstats.com/fighter-details/53f02bbc41d99432
Gilbert Jimenez,--,--,--,http://ufcstats.com/fighter-details/59d36ddfcb27b7dc
Jeremy Lang,"5' 11""",--,"May 11, 1975",http://ufcstats.com/fighter-details/09422812370fbdfe
Nate Marquardt,"6' 0""","74""","Apr 20, 1979",http://ufcstats.com/fighter-details/a8e6a69796280f17
Gary Tapusoa,"5' 7""",--,"Sep 02, 1979",http://ufcstats.com/fighter-details/37ac9e0f4fc86171
Jong Wang Kim,"6' 1""",--,--,http://ufcstats.com/fighter-details/380e8b023290d091
Billy Vaughan,"5' 6""",--,"Dec 02, 1983",http://ufcstats.com/fighter-details/61428ed51f5ff465
Claudia Leite,"5' 3""","64""","Nov 04, 1996",http://ufcstats.com/fighter-details/90550a08f0b02b6f
Alexander Sarnavskiy,"5' 11""",--,"Jan 17, 1989",http://ufcstats.com/fighter-details/2097b1a5ff47dfb0
Jared Chaffee,"5' 10""",--,"Dec 15, 1984",http://ufcstats.com/fighter-details/fdf59144e535bc38
Brandon Jenkins,"6' 0""","71""","Sep 30, 1991",http://ufcstats.com/fighter-details/6a8928652fc01bee
Ray Sloan,"6' 1""",--,"Jul 14, 1985",http://ufcstats.com/fighter-details/a2d1d3d144fed708
Joe Duffy,"5' 10""","73""","Feb 18, 1988",http://ufcstats.com/fighter-details/654ae722109a0d31
Rafael Alves,"5' 8""","68""","Nov 14, 1990",http://ufcstats.com/fighter-details/029afd138865d20a
Mairon Santos,"5' 7""","72""","Jun 10, 2000",http://ufcstats.com/fighter-details/480779d7f9a424d3
Lloyd Van Dams,"6' 1""",--,"Mar 05, 1972",http://ufcstats.com/fighter-details/02177caefe7c07d4
Alexander Gustafsson,"6' 5""","79""","Jan 15, 1987",http://ufcstats.com/fighter-details/3c6976f8182d9527
Mario Piazzon,"5' 9""","73""","Apr 06, 1998",http://ufcstats.com/fighter-details/44f234a36324e6c8
SeongChan Hong,"5' 7""","69""","Nov 28, 1989",http://ufcstats.com/fighter-details/10d4575f497face4
Cody Pfister,"5' 10""","73""","Jul 12, 1990",http://ufcstats.com/fighter-details/5904b0b38dc6718d
Clay Harvison,"6' 1""","74""","Sep 25, 1980",http://ufcstats.com/fighter-details/83a477a7dba1ca58
Andy Wang,"5' 6""",--,"May 28, 1977",http://ufcstats.com/fighter-details/476414d2f18cd059
Yurij Kiseliov,"5' 8""",--,"Jul 29, 1976",http://ufcstats.com/fighter-details/51d2aaaca56e5b40
Thomas Petersen,"6' 1""","74""","Mar 30, 1995",http://ufcstats.com/fighter-details/764d39074a352e33
Davi Ramos,"5' 6""","70""","Nov 05, 1986",http://ufcstats.com/fighter-details/0052de90691d4a93
Edson Berto,"5' 6""",--,"Jul 05, 1983",http://ufcstats.com/fighter-details/66766984842c13dc
Jose Quinonez,"5' 8""","69""","Jul 28, 1990",http://ufcstats.com/fighter-details/36549928f90f1d36
Drew Dober,"5' 8""","70""","Oct 19, 1988",http://ufcstats.com/fighter-details/519e4fe37ce9ff75
Abdul-Kerim Edilov,"6' 2""",--,"Nov 25, 1991",http://ufcstats.com/fighter-details/37e03538c960bac6
Ravena Oliveira,"5' 5""","65""","Feb 20, 1997",http://ufcstats.com/fighter-details/4948e412fa6ab67d
Jack Congdon,"6' 2""","75""","May 21, 1997",http://ufcstats.com/fighter-details/c44530d3969134a3
Yohan Banks,--,--,--,http://ufcstats.com/fighter-details/c50ea21fe9ef478d
Wagnney Fabiano,"5' 6""","69""","Jul 14, 1975",http://ufcstats.com/fighter-details/40389d39a92f5bfa
Jin Soo Son,"5' 6""","69""","Apr 01, 1993",http://ufcstats.com/fighter-details/7c9c6a884be167fe
Brogan Walker,"5' 4""","67""","Aug 02, 1988",http://ufcstats.com/fighter-details/4333a8e70a672eb7
Muin Gafurov,"5' 7""","68""","May 17, 1996",http://ufcstats.com/fighter-details/a54660deb6a8489c
Jordan Rinaldi,"5' 10""","72""","Sep 25, 1987",http://ufcstats.com/fighter-details/c07efc18b231f170
Marco Ruas,"6' 1""",--,"Jan 23, 1961",http://ufcstats.com/fighter-details/597db668b01c442c
Chris Brown,--,--,--,http://ufcstats.com/fighter-details/9e2624ac992660c6
